snapshot_date,geography_level,geography_code,feature,feature_label,in_use_records_n,yes,no,unknown,yes_pct_all,unknown_pct_all,known_n,yes_pct_known
2026-10-03,installation_province_prefix,11,FRBLND_KPD,시각장애인용 키패드,772,772,0,0,100.0,0.0,772,100.0
2026-10-03,installation_province_prefix,11,FRBLND_VOICE_GD,시각장애인용 음성안내,772,772,0,0,100.0,0.0,772,100.0
2026-10-03,installation_province_prefix,11,FRDEAF_SCRN_GD,청각장애인용 화면안내,772,772,0,0,100.0,0.0,772,100.0
2026-10-03,installation_province_prefix,11,BRL_LBL_ATCMNT,점자라벨 부착,772,772,0,0,100.0,0.0,772,100.0
2026-10-03,installation_province_prefix,11,EPHN_SCKT,이어폰 소켓,772,772,0,0,100.0,0.0,772,100.0
2026-10-03,installation_province_prefix,11,TCTL_ELCTNC_MONITOR,촉각(전자)모니터,772,261,511,0,33.80829,0.0,772,33.80829
2026-10-03,installation_province_prefix,11,SCRN_EXPSN_FWK,화면 확대 기능,772,772,0,0,100.0,0.0,772,100.0
2026-10-03,installation_province_prefix,11,WHCHR_USER_MNPLT,휠체어 사용자 조작,772,713,59,0,92.357513,0.0,772,92.357513
2026-10-03,installation_province_prefix,12,FRBLND_KPD,시각장애인용 키패드,601,601,0,0,100.0,0.0,601,100.0
2026-10-03,installation_province_prefix,12,FRBLND_VOICE_GD,시각장애인용 음성안내,601,601,0,0,100.0,0.0,601,100.0
2026-10-03,installation_province_prefix,12,FRDEAF_SCRN_GD,청각장애인용 화면안내,601,601,0,0,100.0,0.0,601,100.0
2026-10-03,installation_province_prefix,12,BRL_LBL_ATCMNT,점자라벨 부착,601,601,0,0,100.0,0.0,601,100.0
2026-10-03,installation_province_prefix,12,EPHN_SCKT,이어폰 소켓,601,601,0,0,100.0,0.0,601,100.0
2026-10-03,installation_province_prefix,12,TCTL_ELCTNC_MONITOR,촉각(전자)모니터,601,195,406,0,32.445923,0.0,601,32.445923
2026-10-03,installation_province_prefix,12,SCRN_EXPSN_FWK,화면 확대 기능,601,601,0,0,100.0,0.0,601,100.0
2026-10-03,installation_province_prefix,12,WHCHR_USER_MNPLT,휠체어 사용자 조작,601,579,22,0,96.339434,0.0,601,96.339434
2026-10-03,installation_province_prefix,26,FRBLND_KPD,시각장애인용 키패드,264,264,0,0,100.0,0.0,264,100.0
2026-10-03,installation_province_prefix,26,FRBLND_VOICE_GD,시각장애인용 음성안내,264,264,0,0,100.0,0.0,264,100.0
2026-10-03,installation_province_prefix,26,FRDEAF_SCRN_GD,청각장애인용 화면안내,264,264,0,0,100.0,0.0,264,100.0
2026-10-03,installation_province_prefix,26,BRL_LBL_ATCMNT,점자라벨 부착,264,264,0,0,100.0,0.0,264,100.0
2026-10-03,installation_province_prefix,26,EPHN_SCKT,이어폰 소켓,264,264,0,0,100.0,0.0,264,100.0
2026-10-03,installation_province_prefix,26,TCTL_ELCTNC_MONITOR,촉각(전자)모니터,264,20,244,0,7.575758,0.0,264,7.575758
2026-10-03,installation_province_prefix,26,SCRN_EXPSN_FWK,화면 확대 기능,264,264,0,0,100.0,0.0,264,100.0
2026-10-03,installation_province_prefix,26,WHCHR_USER_MNPLT,휠체어 사용자 조작,264,261,3,0,98.863636,0.0,264,98.863636
2026-10-03,installation_province_prefix,27,FRBLND_KPD,시각장애인용 키패드,148,148,0,0,100.0,0.0,148,100.0
2026-10-03,installation_province_prefix,27,FRBLND_VOICE_GD,시각장애인용 음성안내,148,148,0,0,100.0,0.0,148,100.0
2026-10-03,installation_province_prefix,27,FRDEAF_SCRN_GD,청각장애인용 화면안내,148,148,0,0,100.0,0.0,148,100.0
2026-10-03,installation_province_prefix,27,BRL_LBL_ATCMNT,점자라벨 부착,148,148,0,0,100.0,0.0,148,100.0
2026-10-03,installation_province_prefix,27,EPHN_SCKT,이어폰 소켓,148,148,0,0,100.0,0.0,148,100.0
2026-10-03,installation_province_prefix,27,TCTL_ELCTNC_MONITOR,촉각(전자)모니터,148,23,125,0,15.540541,0.0,148,15.540541
2026-10-03,installation_province_prefix,27,SCRN_EXPSN_FWK,화면 확대 기능,148,148,0,0,100.0,0.0,148,100.0
2026-10-03,installation_province_prefix,27,WHCHR_USER_MNPLT,휠체어 사용자 조작,148,148,0,0,100.0,0.0,148,100.0
2026-10-03,installation_province_prefix,28,FRBLND_KPD,시각장애인용 키패드,225,225,0,0,100.0,0.0,225,100.0
2026-10-03,installation_province_prefix,28,FRBLND_VOICE_GD,시각장애인용 음성안내,225,225,0,0,100.0,0.0,225,100.0
2026-10-03,installation_province_prefix,28,FRDEAF_SCRN_GD,청각장애인용 화면안내,225,225,0,0,100.0,0.0,225,100.0
2026-10-03,installation_province_prefix,28,BRL_LBL_ATCMNT,점자라벨 부착,225,225,0,0,100.0,0.0,225,100.0
2026-10-03,installation_province_prefix,28,EPHN_SCKT,이어폰 소켓,225,224,1,0,99.555556,0.0,225,99.555556
2026-10-03,installation_province_prefix,28,TCTL_ELCTNC_MONITOR,촉각(전자)모니터,225,20,205,0,8.888889,0.0,225,8.888889
2026-10-03,installation_province_prefix,28,SCRN_EXPSN_FWK,화면 확대 기능,225,224,1,0,99.555556,0.0,225,99.555556
2026-10-03,installation_province_prefix,28,WHCHR_USER_MNPLT,휠체어 사용자 조작,225,196,29,0,87.111111,0.0,225,87.111111
2026-10-03,installation_province_prefix,30,FRBLND_KPD,시각장애인용 키패드,120,120,0,0,100.0,0.0,120,100.0
2026-10-03,installation_province_prefix,30,FRBLND_VOICE_GD,시각장애인용 음성안내,120,120,0,0,100.0,0.0,120,100.0
2026-10-03,installation_province_prefix,30,FRDEAF_SCRN_GD,청각장애인용 화면안내,120,120,0,0,100.0,0.0,120,100.0
2026-10-03,installation_province_prefix,30,BRL_LBL_ATCMNT,점자라벨 부착,120,120,0,0,100.0,0.0,120,100.0
2026-10-03,installation_province_prefix,30,EPHN_SCKT,이어폰 소켓,120,120,0,0,100.0,0.0,120,100.0
2026-10-03,installation_province_prefix,30,TCTL_ELCTNC_MONITOR,촉각(전자)모니터,120,37,83,0,30.833333,0.0,120,30.833333
2026-10-03,installation_province_prefix,30,SCRN_EXPSN_FWK,화면 확대 기능,120,120,0,0,100.0,0.0,120,100.0
2026-10-03,installation_province_prefix,30,WHCHR_USER_MNPLT,휠체어 사용자 조작,120,108,12,0,90.0,0.0,120,90.0
2026-10-03,installation_province_prefix,31,FRBLND_KPD,시각장애인용 키패드,145,145,0,0,100.0,0.0,145,100.0
2026-10-03,installation_province_prefix,31,FRBLND_VOICE_GD,시각장애인용 음성안내,145,145,0,0,100.0,0.0,145,100.0
2026-10-03,installation_province_prefix,31,FRDEAF_SCRN_GD,청각장애인용 화면안내,145,145,0,0,100.0,0.0,145,100.0
2026-10-03,installation_province_prefix,31,BRL_LBL_ATCMNT,점자라벨 부착,145,145,0,0,100.0,0.0,145,100.0
2026-10-03,installation_province_prefix,31,EPHN_SCKT,이어폰 소켓,145,145,0,0,100.0,0.0,145,100.0
2026-10-03,installation_province_prefix,31,TCTL_ELCTNC_MONITOR,촉각(전자)모니터,145,71,74,0,48.965517,0.0,145,48.965517
2026-10-03,installation_province_prefix,31,SCRN_EXPSN_FWK,화면 확대 기능,145,145,0,0,100.0,0.0,145,100.0
2026-10-03,installation_province_prefix,31,WHCHR_USER_MNPLT,휠체어 사용자 조작,145,118,27,0,81.37931,0.0,145,81.37931
2026-10-03,installation_province_prefix,36,FRBLND_KPD,시각장애인용 키패드,46,46,0,0,100.0,0.0,46,100.0
2026-10-03,installation_province_prefix,36,FRBLND_VOICE_GD,시각장애인용 음성안내,46,46,0,0,100.0,0.0,46,100.0
2026-10-03,installation_province_prefix,36,FRDEAF_SCRN_GD,청각장애인용 화면안내,46,46,0,0,100.0,0.0,46,100.0
2026-10-03,installation_province_prefix,36,BRL_LBL_ATCMNT,점자라벨 부착,46,46,0,0,100.0,0.0,46,100.0
2026-10-03,installation_province_prefix,36,EPHN_SCKT,이어폰 소켓,46,46,0,0,100.0,0.0,46,100.0
2026-10-03,installation_province_prefix,36,TCTL_ELCTNC_MONITOR,촉각(전자)모니터,46,0,46,0,0.0,0.0,46,0.0
2026-10-03,installation_province_prefix,36,SCRN_EXPSN_FWK,화면 확대 기능,46,46,0,0,100.0,0.0,46,100.0
2026-10-03,installation_province_prefix,36,WHCHR_USER_MNPLT,휠체어 사용자 조작,46,11,35,0,23.913043,0.0,46,23.913043
2026-10-03,installation_province_prefix,41,FRBLND_KPD,시각장애인용 키패드,1146,1146,0,0,100.0,0.0,1146,100.0
2026-10-03,installation_province_prefix,41,FRBLND_VOICE_GD,시각장애인용 음성안내,1146,1146,0,0,100.0,0.0,1146,100.0
2026-10-03,installation_province_prefix,41,FRDEAF_SCRN_GD,청각장애인용 화면안내,1146,1146,0,0,100.0,0.0,1146,100.0
2026-10-03,installation_province_prefix,41,BRL_LBL_ATCMNT,점자라벨 부착,1146,1146,0,0,100.0,0.0,1146,100.0
2026-10-03,installation_province_prefix,41,EPHN_SCKT,이어폰 소켓,1146,1146,0,0,100.0,0.0,1146,100.0
2026-10-03,installation_province_prefix,41,TCTL_ELCTNC_MONITOR,촉각(전자)모니터,1146,368,778,0,32.111693,0.0,1146,32.111693
2026-10-03,installation_province_prefix,41,SCRN_EXPSN_FWK,화면 확대 기능,1146,1146,0,0,100.0,0.0,1146,100.0
2026-10-03,installation_province_prefix,41,WHCHR_USER_MNPLT,휠체어 사용자 조작,1146,1049,97,0,91.535777,0.0,1146,91.535777
2026-10-03,installation_province_prefix,43,FRBLND_KPD,시각장애인용 키패드,277,277,0,0,100.0,0.0,277,100.0
2026-10-03,installation_province_prefix,43,FRBLND_VOICE_GD,시각장애인용 음성안내,277,277,0,0,100.0,0.0,277,100.0
2026-10-03,installation_province_prefix,43,FRDEAF_SCRN_GD,청각장애인용 화면안내,277,277,0,0,100.0,0.0,277,100.0
2026-10-03,installation_province_prefix,43,BRL_LBL_ATCMNT,점자라벨 부착,277,277,0,0,100.0,0.0,277,100.0
2026-10-03,installation_province_prefix,43,EPHN_SCKT,이어폰 소켓,277,277,0,0,100.0,0.0,277,100.0
2026-10-03,installation_province_prefix,43,TCTL_ELCTNC_MONITOR,촉각(전자)모니터,277,90,187,0,32.490975,0.0,277,32.490975
2026-10-03,installation_province_prefix,43,SCRN_EXPSN_FWK,화면 확대 기능,277,277,0,0,100.0,0.0,277,100.0
2026-10-03,installation_province_prefix,43,WHCHR_USER_MNPLT,휠체어 사용자 조작,277,243,34,0,87.725632,0.0,277,87.725632
2026-10-03,installation_province_prefix,44,FRBLND_KPD,시각장애인용 키패드,426,426,0,0,100.0,0.0,426,100.0
2026-10-03,installation_province_prefix,44,FRBLND_VOICE_GD,시각장애인용 음성안내,426,426,0,0,100.0,0.0,426,100.0
2026-10-03,installation_province_prefix,44,FRDEAF_SCRN_GD,청각장애인용 화면안내,426,426,0,0,100.0,0.0,426,100.0
2026-10-03,installation_province_prefix,44,BRL_LBL_ATCMNT,점자라벨 부착,426,426,0,0,100.0,0.0,426,100.0
2026-10-03,installation_province_prefix,44,EPHN_SCKT,이어폰 소켓,426,426,0,0,100.0,0.0,426,100.0
2026-10-03,installation_province_prefix,44,TCTL_ELCTNC_MONITOR,촉각(전자)모니터,426,109,317,0,25.586854,0.0,426,25.586854
2026-10-03,installation_province_prefix,44,SCRN_EXPSN_FWK,화면 확대 기능,426,426,0,0,100.0,0.0,426,100.0
2026-10-03,installation_province_prefix,44,WHCHR_USER_MNPLT,휠체어 사용자 조작,426,400,26,0,93.896714,0.0,426,93.896714
2026-10-03,installation_province_prefix,47,FRBLND_KPD,시각장애인용 키패드,493,493,0,0,100.0,0.0,493,100.0
2026-10-03,installation_province_prefix,47,FRBLND_VOICE_GD,시각장애인용 음성안내,493,493,0,0,100.0,0.0,493,100.0
2026-10-03,installation_province_prefix,47,FRDEAF_SCRN_GD,청각장애인용 화면안내,493,493,0,0,100.0,0.0,493,100.0
2026-10-03,installation_province_prefix,47,BRL_LBL_ATCMNT,점자라벨 부착,493,493,0,0,100.0,0.0,493,100.0
2026-10-03,installation_province_prefix,47,EPHN_SCKT,이어폰 소켓,493,493,0,0,100.0,0.0,493,100.0
2026-10-03,installation_province_prefix,47,TCTL_ELCTNC_MONITOR,촉각(전자)모니터,493,113,380,0,22.920892,0.0,493,22.920892
2026-10-03,installation_province_prefix,47,SCRN_EXPSN_FWK,화면 확대 기능,493,493,0,0,100.0,0.0,493,100.0
2026-10-03,installation_province_prefix,47,WHCHR_USER_MNPLT,휠체어 사용자 조작,493,439,54,0,89.046653,0.0,493,89.046653
2026-10-03,installation_province_prefix,48,FRBLND_KPD,시각장애인용 키패드,490,490,0,0,100.0,0.0,490,100.0
2026-10-03,installation_province_prefix,48,FRBLND_VOICE_GD,시각장애인용 음성안내,490,490,0,0,100.0,0.0,490,100.0
2026-10-03,installation_province_prefix,48,FRDEAF_SCRN_GD,청각장애인용 화면안내,490,490,0,0,100.0,0.0,490,100.0
2026-10-03,installation_province_prefix,48,BRL_LBL_ATCMNT,점자라벨 부착,490,490,0,0,100.0,0.0,490,100.0
2026-10-03,installation_province_prefix,48,EPHN_SCKT,이어폰 소켓,490,490,0,0,100.0,0.0,490,100.0
2026-10-03,installation_province_prefix,48,TCTL_ELCTNC_MONITOR,촉각(전자)모니터,490,88,402,0,17.959184,0.0,490,17.959184
2026-10-03,installation_province_prefix,48,SCRN_EXPSN_FWK,화면 확대 기능,490,490,0,0,100.0,0.0,490,100.0
2026-10-03,installation_province_prefix,48,WHCHR_USER_MNPLT,휠체어 사용자 조작,490,448,42,0,91.428571,0.0,490,91.428571
2026-10-03,installation_province_prefix,50,FRBLND_KPD,시각장애인용 키패드,85,85,0,0,100.0,0.0,85,100.0
2026-10-03,installation_province_prefix,50,FRBLND_VOICE_GD,시각장애인용 음성안내,85,85,0,0,100.0,0.0,85,100.0
2026-10-03,installation_province_prefix,50,FRDEAF_SCRN_GD,청각장애인용 화면안내,85,85,0,0,100.0,0.0,85,100.0
2026-10-03,installation_province_prefix,50,BRL_LBL_ATCMNT,점자라벨 부착,85,85,0,0,100.0,0.0,85,100.0
2026-10-03,installation_province_prefix,50,EPHN_SCKT,이어폰 소켓,85,85,0,0,100.0,0.0,85,100.0
2026-10-03,installation_province_prefix,50,TCTL_ELCTNC_MONITOR,촉각(전자)모니터,85,10,75,0,11.764706,0.0,85,11.764706
2026-10-03,installation_province_prefix,50,SCRN_EXPSN_FWK,화면 확대 기능,85,85,0,0,100.0,0.0,85,100.0
2026-10-03,installation_province_prefix,50,WHCHR_USER_MNPLT,휠체어 사용자 조작,85,48,37,0,56.470588,0.0,85,56.470588
2026-10-03,installation_province_prefix,51,FRBLND_KPD,시각장애인용 키패드,301,301,0,0,100.0,0.0,301,100.0
2026-10-03,installation_province_prefix,51,FRBLND_VOICE_GD,시각장애인용 음성안내,301,301,0,0,100.0,0.0,301,100.0
2026-10-03,installation_province_prefix,51,FRDEAF_SCRN_GD,청각장애인용 화면안내,301,301,0,0,100.0,0.0,301,100.0
2026-10-03,installation_province_prefix,51,BRL_LBL_ATCMNT,점자라벨 부착,301,301,0,0,100.0,0.0,301,100.0
2026-10-03,installation_province_prefix,51,EPHN_SCKT,이어폰 소켓,301,301,0,0,100.0,0.0,301,100.0
2026-10-03,installation_province_prefix,51,TCTL_ELCTNC_MONITOR,촉각(전자)모니터,301,88,213,0,29.23588,0.0,301,29.23588
2026-10-03,installation_province_prefix,51,SCRN_EXPSN_FWK,화면 확대 기능,301,301,0,0,100.0,0.0,301,100.0
2026-10-03,installation_province_prefix,51,WHCHR_USER_MNPLT,휠체어 사용자 조작,301,270,31,0,89.700997,0.0,301,89.700997
2026-10-03,installation_province_prefix,52,FRBLND_KPD,시각장애인용 키패드,261,261,0,0,100.0,0.0,261,100.0
2026-10-03,installation_province_prefix,52,FRBLND_VOICE_GD,시각장애인용 음성안내,261,261,0,0,100.0,0.0,261,100.0
2026-10-03,installation_province_prefix,52,FRDEAF_SCRN_GD,청각장애인용 화면안내,261,261,0,0,100.0,0.0,261,100.0
2026-10-03,installation_province_prefix,52,BRL_LBL_ATCMNT,점자라벨 부착,261,261,0,0,100.0,0.0,261,100.0
2026-10-03,installation_province_prefix,52,EPHN_SCKT,이어폰 소켓,261,261,0,0,100.0,0.0,261,100.0
2026-10-03,installation_province_prefix,52,TCTL_ELCTNC_MONITOR,촉각(전자)모니터,261,57,204,0,21.83908,0.0,261,21.83908
2026-10-03,installation_province_prefix,52,SCRN_EXPSN_FWK,화면 확대 기능,261,261,0,0,100.0,0.0,261,100.0
2026-10-03,installation_province_prefix,52,WHCHR_USER_MNPLT,휠체어 사용자 조작,261,207,54,0,79.310345,0.0,261,79.310345
2026-10-03,installation_sgg_code,11110,FRBLND_KPD,시각장애인용 키패드,28,28,0,0,100.0,0.0,28,100.0
2026-10-03,installation_sgg_code,11110,FRBLND_VOICE_GD,시각장애인용 음성안내,28,28,0,0,100.0,0.0,28,100.0
2026-10-03,installation_sgg_code,11110,FRDEAF_SCRN_GD,청각장애인용 화면안내,28,28,0,0,100.0,0.0,28,100.0
2026-10-03,installation_sgg_code,11110,BRL_LBL_ATCMNT,점자라벨 부착,28,28,0,0,100.0,0.0,28,100.0
2026-10-03,installation_sgg_code,11110,EPHN_SCKT,이어폰 소켓,28,28,0,0,100.0,0.0,28,100.0
2026-10-03,installation_sgg_code,11110,TCTL_ELCTNC_MONITOR,촉각(전자)모니터,28,26,2,0,92.857143,0.0,28,92.857143
2026-10-03,installation_sgg_code,11110,SCRN_EXPSN_FWK,화면 확대 기능,28,28,0,0,100.0,0.0,28,100.0
2026-10-03,installation_sgg_code,11110,WHCHR_USER_MNPLT,휠체어 사용자 조작,28,27,1,0,96.428571,0.0,28,96.428571
2026-10-03,installation_sgg_code,11140,FRBLND_KPD,시각장애인용 키패드,31,31,0,0,100.0,0.0,31,100.0
2026-10-03,installation_sgg_code,11140,FRBLND_VOICE_GD,시각장애인용 음성안내,31,31,0,0,100.0,0.0,31,100.0
2026-10-03,installation_sgg_code,11140,FRDEAF_SCRN_GD,청각장애인용 화면안내,31,31,0,0,100.0,0.0,31,100.0
2026-10-03,installation_sgg_code,11140,BRL_LBL_ATCMNT,점자라벨 부착,31,31,0,0,100.0,0.0,31,100.0
2026-10-03,installation_sgg_code,11140,EPHN_SCKT,이어폰 소켓,31,31,0,0,100.0,0.0,31,100.0
2026-10-03,installation_sgg_code,11140,TCTL_ELCTNC_MONITOR,촉각(전자)모니터,31,15,16,0,48.387097,0.0,31,48.387097
2026-10-03,installation_sgg_code,11140,SCRN_EXPSN_FWK,화면 확대 기능,31,31,0,0,100.0,0.0,31,100.0
2026-10-03,installation_sgg_code,11140,WHCHR_USER_MNPLT,휠체어 사용자 조작,31,30,1,0,96.774194,0.0,31,96.774194
2026-10-03,installation_sgg_code,11170,FRBLND_KPD,시각장애인용 키패드,25,25,0,0,100.0,0.0,25,100.0
2026-10-03,installation_sgg_code,11170,FRBLND_VOICE_GD,시각장애인용 음성안내,25,25,0,0,100.0,0.0,25,100.0
2026-10-03,installation_sgg_code,11170,FRDEAF_SCRN_GD,청각장애인용 화면안내,25,25,0,0,100.0,0.0,25,100.0
2026-10-03,installation_sgg_code,11170,BRL_LBL_ATCMNT,점자라벨 부착,25,25,0,0,100.0,0.0,25,100.0
2026-10-03,installation_sgg_code,11170,EPHN_SCKT,이어폰 소켓,25,25,0,0,100.0,0.0,25,100.0
2026-10-03,installation_sgg_code,11170,TCTL_ELCTNC_MONITOR,촉각(전자)모니터,25,0,25,0,0.0,0.0,25,0.0
2026-10-03,installation_sgg_code,11170,SCRN_EXPSN_FWK,화면 확대 기능,25,25,0,0,100.0,0.0,25,100.0
2026-10-03,installation_sgg_code,11170,WHCHR_USER_MNPLT,휠체어 사용자 조작,25,25,0,0,100.0,0.0,25,100.0
2026-10-03,installation_sgg_code,11200,FRBLND_KPD,시각장애인용 키패드,30,30,0,0,100.0,0.0,30,100.0
2026-10-03,installation_sgg_code,11200,FRBLND_VOICE_GD,시각장애인용 음성안내,30,30,0,0,100.0,0.0,30,100.0
2026-10-03,installation_sgg_code,11200,FRDEAF_SCRN_GD,청각장애인용 화면안내,30,30,0,0,100.0,0.0,30,100.0
2026-10-03,installation_sgg_code,11200,BRL_LBL_ATCMNT,점자라벨 부착,30,30,0,0,100.0,0.0,30,100.0
2026-10-03,installation_sgg_code,11200,EPHN_SCKT,이어폰 소켓,30,30,0,0,100.0,0.0,30,100.0
2026-10-03,installation_sgg_code,11200,TCTL_ELCTNC_MONITOR,촉각(전자)모니터,30,8,22,0,26.666667,0.0,30,26.666667
2026-10-03,installation_sgg_code,11200,SCRN_EXPSN_FWK,화면 확대 기능,30,30,0,0,100.0,0.0,30,100.0
2026-10-03,installation_sgg_code,11200,WHCHR_USER_MNPLT,휠체어 사용자 조작,30,30,0,0,100.0,0.0,30,100.0
2026-10-03,installation_sgg_code,11215,FRBLND_KPD,시각장애인용 키패드,31,31,0,0,100.0,0.0,31,100.0
2026-10-03,installation_sgg_code,11215,FRBLND_VOICE_GD,시각장애인용 음성안내,31,31,0,0,100.0,0.0,31,100.0
2026-10-03,installation_sgg_code,11215,FRDEAF_SCRN_GD,청각장애인용 화면안내,31,31,0,0,100.0,0.0,31,100.0
2026-10-03,installation_sgg_code,11215,BRL_LBL_ATCMNT,점자라벨 부착,31,31,0,0,100.0,0.0,31,100.0
2026-10-03,installation_sgg_code,11215,EPHN_SCKT,이어폰 소켓,31,31,0,0,100.0,0.0,31,100.0
2026-10-03,installation_sgg_code,11215,TCTL_ELCTNC_MONITOR,촉각(전자)모니터,31,0,31,0,0.0,0.0,31,0.0
2026-10-03,installation_sgg_code,11215,SCRN_EXPSN_FWK,화면 확대 기능,31,31,0,0,100.0,0.0,31,100.0
2026-10-03,installation_sgg_code,11215,WHCHR_USER_MNPLT,휠체어 사용자 조작,31,31,0,0,100.0,0.0,31,100.0
2026-10-03,installation_sgg_code,11230,FRBLND_KPD,시각장애인용 키패드,36,36,0,0,100.0,0.0,36,100.0
2026-10-03,installation_sgg_code,11230,FRBLND_VOICE_GD,시각장애인용 음성안내,36,36,0,0,100.0,0.0,36,100.0
2026-10-03,installation_sgg_code,11230,FRDEAF_SCRN_GD,청각장애인용 화면안내,36,36,0,0,100.0,0.0,36,100.0
2026-10-03,installation_sgg_code,11230,BRL_LBL_ATCMNT,점자라벨 부착,36,36,0,0,100.0,0.0,36,100.0
2026-10-03,installation_sgg_code,11230,EPHN_SCKT,이어폰 소켓,36,36,0,0,100.0,0.0,36,100.0
2026-10-03,installation_sgg_code,11230,TCTL_ELCTNC_MONITOR,촉각(전자)모니터,36,20,16,0,55.555556,0.0,36,55.555556
2026-10-03,installation_sgg_code,11230,SCRN_EXPSN_FWK,화면 확대 기능,36,36,0,0,100.0,0.0,36,100.0
2026-10-03,installation_sgg_code,11230,WHCHR_USER_MNPLT,휠체어 사용자 조작,36,36,0,0,100.0,0.0,36,100.0
2026-10-03,installation_sgg_code,11260,FRBLND_KPD,시각장애인용 키패드,21,21,0,0,100.0,0.0,21,100.0
2026-10-03,installation_sgg_code,11260,FRBLND_VOICE_GD,시각장애인용 음성안내,21,21,0,0,100.0,0.0,21,100.0
2026-10-03,installation_sgg_code,11260,FRDEAF_SCRN_GD,청각장애인용 화면안내,21,21,0,0,100.0,0.0,21,100.0
2026-10-03,installation_sgg_code,11260,BRL_LBL_ATCMNT,점자라벨 부착,21,21,0,0,100.0,0.0,21,100.0
2026-10-03,installation_sgg_code,11260,EPHN_SCKT,이어폰 소켓,21,21,0,0,100.0,0.0,21,100.0
2026-10-03,installation_sgg_code,11260,TCTL_ELCTNC_MONITOR,촉각(전자)모니터,21,0,21,0,0.0,0.0,21,0.0
2026-10-03,installation_sgg_code,11260,SCRN_EXPSN_FWK,화면 확대 기능,21,21,0,0,100.0,0.0,21,100.0
2026-10-03,installation_sgg_code,11260,WHCHR_USER_MNPLT,휠체어 사용자 조작,21,21,0,0,100.0,0.0,21,100.0
2026-10-03,installation_sgg_code,11290,FRBLND_KPD,시각장애인용 키패드,31,31,0,0,100.0,0.0,31,100.0
2026-10-03,installation_sgg_code,11290,FRBLND_VOICE_GD,시각장애인용 음성안내,31,31,0,0,100.0,0.0,31,100.0
2026-10-03,installation_sgg_code,11290,FRDEAF_SCRN_GD,청각장애인용 화면안내,31,31,0,0,100.0,0.0,31,100.0
2026-10-03,installation_sgg_code,11290,BRL_LBL_ATCMNT,점자라벨 부착,31,31,0,0,100.0,0.0,31,100.0
2026-10-03,installation_sgg_code,11290,EPHN_SCKT,이어폰 소켓,31,31,0,0,100.0,0.0,31,100.0
2026-10-03,installation_sgg_code,11290,TCTL_ELCTNC_MONITOR,촉각(전자)모니터,31,9,22,0,29.032258,0.0,31,29.032258
2026-10-03,installation_sgg_code,11290,SCRN_EXPSN_FWK,화면 확대 기능,31,31,0,0,100.0,0.0,31,100.0
2026-10-03,installation_sgg_code,11290,WHCHR_USER_MNPLT,휠체어 사용자 조작,31,31,0,0,100.0,0.0,31,100.0
2026-10-03,installation_sgg_code,11305,FRBLND_KPD,시각장애인용 키패드,28,28,0,0,100.0,0.0,28,100.0
2026-10-03,installation_sgg_code,11305,FRBLND_VOICE_GD,시각장애인용 음성안내,28,28,0,0,100.0,0.0,28,100.0
2026-10-03,installation_sgg_code,11305,FRDEAF_SCRN_GD,청각장애인용 화면안내,28,28,0,0,100.0,0.0,28,100.0
2026-10-03,installation_sgg_code,11305,BRL_LBL_ATCMNT,점자라벨 부착,28,28,0,0,100.0,0.0,28,100.0
2026-10-03,installation_sgg_code,11305,EPHN_SCKT,이어폰 소켓,28,28,0,0,100.0,0.0,28,100.0
2026-10-03,installation_sgg_code,11305,TCTL_ELCTNC_MONITOR,촉각(전자)모니터,28,14,14,0,50.0,0.0,28,50.0
2026-10-03,installation_sgg_code,11305,SCRN_EXPSN_FWK,화면 확대 기능,28,28,0,0,100.0,0.0,28,100.0
2026-10-03,installation_sgg_code,11305,WHCHR_USER_MNPLT,휠체어 사용자 조작,28,28,0,0,100.0,0.0,28,100.0
2026-10-03,installation_sgg_code,11320,FRBLND_KPD,시각장애인용 키패드,23,23,0,0,100.0,0.0,23,100.0
2026-10-03,installation_sgg_code,11320,FRBLND_VOICE_GD,시각장애인용 음성안내,23,23,0,0,100.0,0.0,23,100.0
2026-10-03,installation_sgg_code,11320,FRDEAF_SCRN_GD,청각장애인용 화면안내,23,23,0,0,100.0,0.0,23,100.0
2026-10-03,installation_sgg_code,11320,BRL_LBL_ATCMNT,점자라벨 부착,23,23,0,0,100.0,0.0,23,100.0
2026-10-03,installation_sgg_code,11320,EPHN_SCKT,이어폰 소켓,23,23,0,0,100.0,0.0,23,100.0
2026-10-03,installation_sgg_code,11320,TCTL_ELCTNC_MONITOR,촉각(전자)모니터,23,23,0,0,100.0,0.0,23,100.0
2026-10-03,installation_sgg_code,11320,SCRN_EXPSN_FWK,화면 확대 기능,23,23,0,0,100.0,0.0,23,100.0
2026-10-03,installation_sgg_code,11320,WHCHR_USER_MNPLT,휠체어 사용자 조작,23,23,0,0,100.0,0.0,23,100.0
2026-10-03,installation_sgg_code,11350,FRBLND_KPD,시각장애인용 키패드,21,21,0,0,100.0,0.0,21,100.0
2026-10-03,installation_sgg_code,11350,FRBLND_VOICE_GD,시각장애인용 음성안내,21,21,0,0,100.0,0.0,21,100.0
2026-10-03,installation_sgg_code,11350,FRDEAF_SCRN_GD,청각장애인용 화면안내,21,21,0,0,100.0,0.0,21,100.0
2026-10-03,installation_sgg_code,11350,BRL_LBL_ATCMNT,점자라벨 부착,21,21,0,0,100.0,0.0,21,100.0
2026-10-03,installation_sgg_code,11350,EPHN_SCKT,이어폰 소켓,21,21,0,0,100.0,0.0,21,100.0
2026-10-03,installation_sgg_code,11350,TCTL_ELCTNC_MONITOR,촉각(전자)모니터,21,0,21,0,0.0,0.0,21,0.0
2026-10-03,installation_sgg_code,11350,SCRN_EXPSN_FWK,화면 확대 기능,21,21,0,0,100.0,0.0,21,100.0
2026-10-03,installation_sgg_code,11350,WHCHR_USER_MNPLT,휠체어 사용자 조작,21,11,10,0,52.380952,0.0,21,52.380952
2026-10-03,installation_sgg_code,11380,FRBLND_KPD,시각장애인용 키패드,35,35,0,0,100.0,0.0,35,100.0
2026-10-03,installation_sgg_code,11380,FRBLND_VOICE_GD,시각장애인용 음성안내,35,35,0,0,100.0,0.0,35,100.0
2026-10-03,installation_sgg_code,11380,FRDEAF_SCRN_GD,청각장애인용 화면안내,35,35,0,0,100.0,0.0,35,100.0
2026-10-03,installation_sgg_code,11380,BRL_LBL_ATCMNT,점자라벨 부착,35,35,0,0,100.0,0.0,35,100.0
2026-10-03,installation_sgg_code,11380,EPHN_SCKT,이어폰 소켓,35,35,0,0,100.0,0.0,35,100.0
2026-10-03,installation_sgg_code,11380,TCTL_ELCTNC_MONITOR,촉각(전자)모니터,35,0,35,0,0.0,0.0,35,0.0
2026-10-03,installation_sgg_code,11380,SCRN_EXPSN_FWK,화면 확대 기능,35,35,0,0,100.0,0.0,35,100.0
2026-10-03,installation_sgg_code,11380,WHCHR_USER_MNPLT,휠체어 사용자 조작,35,35,0,0,100.0,0.0,35,100.0
2026-10-03,installation_sgg_code,11410,FRBLND_KPD,시각장애인용 키패드,32,32,0,0,100.0,0.0,32,100.0
2026-10-03,installation_sgg_code,11410,FRBLND_VOICE_GD,시각장애인용 음성안내,32,32,0,0,100.0,0.0,32,100.0
2026-10-03,installation_sgg_code,11410,FRDEAF_SCRN_GD,청각장애인용 화면안내,32,32,0,0,100.0,0.0,32,100.0
2026-10-03,installation_sgg_code,11410,BRL_LBL_ATCMNT,점자라벨 부착,32,32,0,0,100.0,0.0,32,100.0
2026-10-03,installation_sgg_code,11410,EPHN_SCKT,이어폰 소켓,32,32,0,0,100.0,0.0,32,100.0
2026-10-03,installation_sgg_code,11410,TCTL_ELCTNC_MONITOR,촉각(전자)모니터,32,0,32,0,0.0,0.0,32,0.0
2026-10-03,installation_sgg_code,11410,SCRN_EXPSN_FWK,화면 확대 기능,32,32,0,0,100.0,0.0,32,100.0
2026-10-03,installation_sgg_code,11410,WHCHR_USER_MNPLT,휠체어 사용자 조작,32,32,0,0,100.0,0.0,32,100.0
2026-10-03,installation_sgg_code,11440,FRBLND_KPD,시각장애인용 키패드,26,26,0,0,100.0,0.0,26,100.0
2026-10-03,installation_sgg_code,11440,FRBLND_VOICE_GD,시각장애인용 음성안내,26,26,0,0,100.0,0.0,26,100.0
2026-10-03,installation_sgg_code,11440,FRDEAF_SCRN_GD,청각장애인용 화면안내,26,26,0,0,100.0,0.0,26,100.0
2026-10-03,installation_sgg_code,11440,BRL_LBL_ATCMNT,점자라벨 부착,26,26,0,0,100.0,0.0,26,100.0
2026-10-03,installation_sgg_code,11440,EPHN_SCKT,이어폰 소켓,26,26,0,0,100.0,0.0,26,100.0
2026-10-03,installation_sgg_code,11440,TCTL_ELCTNC_MONITOR,촉각(전자)모니터,26,0,26,0,0.0,0.0,26,0.0
2026-10-03,installation_sgg_code,11440,SCRN_EXPSN_FWK,화면 확대 기능,26,26,0,0,100.0,0.0,26,100.0
2026-10-03,installation_sgg_code,11440,WHCHR_USER_MNPLT,휠체어 사용자 조작,26,25,1,0,96.153846,0.0,26,96.153846
2026-10-03,installation_sgg_code,11470,FRBLND_KPD,시각장애인용 키패드,38,38,0,0,100.0,0.0,38,100.0
2026-10-03,installation_sgg_code,11470,FRBLND_VOICE_GD,시각장애인용 음성안내,38,38,0,0,100.0,0.0,38,100.0
2026-10-03,installation_sgg_code,11470,FRDEAF_SCRN_GD,청각장애인용 화면안내,38,38,0,0,100.0,0.0,38,100.0
2026-10-03,installation_sgg_code,11470,BRL_LBL_ATCMNT,점자라벨 부착,38,38,0,0,100.0,0.0,38,100.0
2026-10-03,installation_sgg_code,11470,EPHN_SCKT,이어폰 소켓,38,38,0,0,100.0,0.0,38,100.0
2026-10-03,installation_sgg_code,11470,TCTL_ELCTNC_MONITOR,촉각(전자)모니터,38,3,35,0,7.894737,0.0,38,7.894737
2026-10-03,installation_sgg_code,11470,SCRN_EXPSN_FWK,화면 확대 기능,38,38,0,0,100.0,0.0,38,100.0
2026-10-03,installation_sgg_code,11470,WHCHR_USER_MNPLT,휠체어 사용자 조작,38,9,29,0,23.684211,0.0,38,23.684211
2026-10-03,installation_sgg_code,11500,FRBLND_KPD,시각장애인용 키패드,31,31,0,0,100.0,0.0,31,100.0
2026-10-03,installation_sgg_code,11500,FRBLND_VOICE_GD,시각장애인용 음성안내,31,31,0,0,100.0,0.0,31,100.0
2026-10-03,installation_sgg_code,11500,FRDEAF_SCRN_GD,청각장애인용 화면안내,31,31,0,0,100.0,0.0,31,100.0
2026-10-03,installation_sgg_code,11500,BRL_LBL_ATCMNT,점자라벨 부착,31,31,0,0,100.0,0.0,31,100.0
2026-10-03,installation_sgg_code,11500,EPHN_SCKT,이어폰 소켓,31,31,0,0,100.0,0.0,31,100.0
2026-10-03,installation_sgg_code,11500,TCTL_ELCTNC_MONITOR,촉각(전자)모니터,31,0,31,0,0.0,0.0,31,0.0
2026-10-03,installation_sgg_code,11500,SCRN_EXPSN_FWK,화면 확대 기능,31,31,0,0,100.0,0.0,31,100.0
2026-10-03,installation_sgg_code,11500,WHCHR_USER_MNPLT,휠체어 사용자 조작,31,25,6,0,80.645161,0.0,31,80.645161
2026-10-03,installation_sgg_code,11530,FRBLND_KPD,시각장애인용 키패드,30,30,0,0,100.0,0.0,30,100.0
2026-10-03,installation_sgg_code,11530,FRBLND_VOICE_GD,시각장애인용 음성안내,30,30,0,0,100.0,0.0,30,100.0
2026-10-03,installation_sgg_code,11530,FRDEAF_SCRN_GD,청각장애인용 화면안내,30,30,0,0,100.0,0.0,30,100.0
2026-10-03,installation_sgg_code,11530,BRL_LBL_ATCMNT,점자라벨 부착,30,30,0,0,100.0,0.0,30,100.0
2026-10-03,installation_sgg_code,11530,EPHN_SCKT,이어폰 소켓,30,30,0,0,100.0,0.0,30,100.0
2026-10-03,installation_sgg_code,11530,TCTL_ELCTNC_MONITOR,촉각(전자)모니터,30,0,30,0,0.0,0.0,30,0.0
2026-10-03,installation_sgg_code,11530,SCRN_EXPSN_FWK,화면 확대 기능,30,30,0,0,100.0,0.0,30,100.0
2026-10-03,installation_sgg_code,11530,WHCHR_USER_MNPLT,휠체어 사용자 조작,30,24,6,0,80.0,0.0,30,80.0
2026-10-03,installation_sgg_code,11545,FRBLND_KPD,시각장애인용 키패드,22,22,0,0,100.0,0.0,22,100.0
2026-10-03,installation_sgg_code,11545,FRBLND_VOICE_GD,시각장애인용 음성안내,22,22,0,0,100.0,0.0,22,100.0
2026-10-03,installation_sgg_code,11545,FRDEAF_SCRN_GD,청각장애인용 화면안내,22,22,0,0,100.0,0.0,22,100.0
2026-10-03,installation_sgg_code,11545,BRL_LBL_ATCMNT,점자라벨 부착,22,22,0,0,100.0,0.0,22,100.0
2026-10-03,installation_sgg_code,11545,EPHN_SCKT,이어폰 소켓,22,22,0,0,100.0,0.0,22,100.0
2026-10-03,installation_sgg_code,11545,TCTL_ELCTNC_MONITOR,촉각(전자)모니터,22,12,10,0,54.545455,0.0,22,54.545455
2026-10-03,installation_sgg_code,11545,SCRN_EXPSN_FWK,화면 확대 기능,22,22,0,0,100.0,0.0,22,100.0
2026-10-03,installation_sgg_code,11545,WHCHR_USER_MNPLT,휠체어 사용자 조작,22,22,0,0,100.0,0.0,22,100.0
2026-10-03,installation_sgg_code,11560,FRBLND_KPD,시각장애인용 키패드,46,46,0,0,100.0,0.0,46,100.0
2026-10-03,installation_sgg_code,11560,FRBLND_VOICE_GD,시각장애인용 음성안내,46,46,0,0,100.0,0.0,46,100.0
2026-10-03,installation_sgg_code,11560,FRDEAF_SCRN_GD,청각장애인용 화면안내,46,46,0,0,100.0,0.0,46,100.0
2026-10-03,installation_sgg_code,11560,BRL_LBL_ATCMNT,점자라벨 부착,46,46,0,0,100.0,0.0,46,100.0
2026-10-03,installation_sgg_code,11560,EPHN_SCKT,이어폰 소켓,46,46,0,0,100.0,0.0,46,100.0
2026-10-03,installation_sgg_code,11560,TCTL_ELCTNC_MONITOR,촉각(전자)모니터,46,37,9,0,80.434783,0.0,46,80.434783
2026-10-03,installation_sgg_code,11560,SCRN_EXPSN_FWK,화면 확대 기능,46,46,0,0,100.0,0.0,46,100.0
2026-10-03,installation_sgg_code,11560,WHCHR_USER_MNPLT,휠체어 사용자 조작,46,46,0,0,100.0,0.0,46,100.0
2026-10-03,installation_sgg_code,11590,FRBLND_KPD,시각장애인용 키패드,22,22,0,0,100.0,0.0,22,100.0
2026-10-03,installation_sgg_code,11590,FRBLND_VOICE_GD,시각장애인용 음성안내,22,22,0,0,100.0,0.0,22,100.0
2026-10-03,installation_sgg_code,11590,FRDEAF_SCRN_GD,청각장애인용 화면안내,22,22,0,0,100.0,0.0,22,100.0
2026-10-03,installation_sgg_code,11590,BRL_LBL_ATCMNT,점자라벨 부착,22,22,0,0,100.0,0.0,22,100.0
2026-10-03,installation_sgg_code,11590,EPHN_SCKT,이어폰 소켓,22,22,0,0,100.0,0.0,22,100.0
2026-10-03,installation_sgg_code,11590,TCTL_ELCTNC_MONITOR,촉각(전자)모니터,22,7,15,0,31.818182,0.0,22,31.818182
2026-10-03,installation_sgg_code,11590,SCRN_EXPSN_FWK,화면 확대 기능,22,22,0,0,100.0,0.0,22,100.0
2026-10-03,installation_sgg_code,11590,WHCHR_USER_MNPLT,휠체어 사용자 조작,22,22,0,0,100.0,0.0,22,100.0
2026-10-03,installation_sgg_code,11620,FRBLND_KPD,시각장애인용 키패드,31,31,0,0,100.0,0.0,31,100.0
2026-10-03,installation_sgg_code,11620,FRBLND_VOICE_GD,시각장애인용 음성안내,31,31,0,0,100.0,0.0,31,100.0
2026-10-03,installation_sgg_code,11620,FRDEAF_SCRN_GD,청각장애인용 화면안내,31,31,0,0,100.0,0.0,31,100.0
2026-10-03,installation_sgg_code,11620,BRL_LBL_ATCMNT,점자라벨 부착,31,31,0,0,100.0,0.0,31,100.0
2026-10-03,installation_sgg_code,11620,EPHN_SCKT,이어폰 소켓,31,31,0,0,100.0,0.0,31,100.0
2026-10-03,installation_sgg_code,11620,TCTL_ELCTNC_MONITOR,촉각(전자)모니터,31,16,15,0,51.612903,0.0,31,51.612903
2026-10-03,installation_sgg_code,11620,SCRN_EXPSN_FWK,화면 확대 기능,31,31,0,0,100.0,0.0,31,100.0
2026-10-03,installation_sgg_code,11620,WHCHR_USER_MNPLT,휠체어 사용자 조작,31,31,0,0,100.0,0.0,31,100.0
2026-10-03,installation_sgg_code,11650,FRBLND_KPD,시각장애인용 키패드,34,34,0,0,100.0,0.0,34,100.0
2026-10-03,installation_sgg_code,11650,FRBLND_VOICE_GD,시각장애인용 음성안내,34,34,0,0,100.0,0.0,34,100.0
2026-10-03,installation_sgg_code,11650,FRDEAF_SCRN_GD,청각장애인용 화면안내,34,34,0,0,100.0,0.0,34,100.0
2026-10-03,installation_sgg_code,11650,BRL_LBL_ATCMNT,점자라벨 부착,34,34,0,0,100.0,0.0,34,100.0
2026-10-03,installation_sgg_code,11650,EPHN_SCKT,이어폰 소켓,34,34,0,0,100.0,0.0,34,100.0
2026-10-03,installation_sgg_code,11650,TCTL_ELCTNC_MONITOR,촉각(전자)모니터,34,0,34,0,0.0,0.0,34,0.0
2026-10-03,installation_sgg_code,11650,SCRN_EXPSN_FWK,화면 확대 기능,34,34,0,0,100.0,0.0,34,100.0
2026-10-03,installation_sgg_code,11650,WHCHR_USER_MNPLT,휠체어 사용자 조작,34,29,5,0,85.294118,0.0,34,85.294118
2026-10-03,installation_sgg_code,11680,FRBLND_KPD,시각장애인용 키패드,57,57,0,0,100.0,0.0,57,100.0
2026-10-03,installation_sgg_code,11680,FRBLND_VOICE_GD,시각장애인용 음성안내,57,57,0,0,100.0,0.0,57,100.0
2026-10-03,installation_sgg_code,11680,FRDEAF_SCRN_GD,청각장애인용 화면안내,57,57,0,0,100.0,0.0,57,100.0
2026-10-03,installation_sgg_code,11680,BRL_LBL_ATCMNT,점자라벨 부착,57,57,0,0,100.0,0.0,57,100.0
2026-10-03,installation_sgg_code,11680,EPHN_SCKT,이어폰 소켓,57,57,0,0,100.0,0.0,57,100.0
2026-10-03,installation_sgg_code,11680,TCTL_ELCTNC_MONITOR,촉각(전자)모니터,57,54,3,0,94.736842,0.0,57,94.736842
2026-10-03,installation_sgg_code,11680,SCRN_EXPSN_FWK,화면 확대 기능,57,57,0,0,100.0,0.0,57,100.0
2026-10-03,installation_sgg_code,11680,WHCHR_USER_MNPLT,휠체어 사용자 조작,57,57,0,0,100.0,0.0,57,100.0
2026-10-03,installation_sgg_code,11710,FRBLND_KPD,시각장애인용 키패드,28,28,0,0,100.0,0.0,28,100.0
2026-10-03,installation_sgg_code,11710,FRBLND_VOICE_GD,시각장애인용 음성안내,28,28,0,0,100.0,0.0,28,100.0
2026-10-03,installation_sgg_code,11710,FRDEAF_SCRN_GD,청각장애인용 화면안내,28,28,0,0,100.0,0.0,28,100.0
2026-10-03,installation_sgg_code,11710,BRL_LBL_ATCMNT,점자라벨 부착,28,28,0,0,100.0,0.0,28,100.0
2026-10-03,installation_sgg_code,11710,EPHN_SCKT,이어폰 소켓,28,28,0,0,100.0,0.0,28,100.0
2026-10-03,installation_sgg_code,11710,TCTL_ELCTNC_MONITOR,촉각(전자)모니터,28,0,28,0,0.0,0.0,28,0.0
2026-10-03,installation_sgg_code,11710,SCRN_EXPSN_FWK,화면 확대 기능,28,28,0,0,100.0,0.0,28,100.0
2026-10-03,installation_sgg_code,11710,WHCHR_USER_MNPLT,휠체어 사용자 조작,28,28,0,0,100.0,0.0,28,100.0
2026-10-03,installation_sgg_code,11740,FRBLND_KPD,시각장애인용 키패드,35,35,0,0,100.0,0.0,35,100.0
2026-10-03,installation_sgg_code,11740,FRBLND_VOICE_GD,시각장애인용 음성안내,35,35,0,0,100.0,0.0,35,100.0
2026-10-03,installation_sgg_code,11740,FRDEAF_SCRN_GD,청각장애인용 화면안내,35,35,0,0,100.0,0.0,35,100.0
2026-10-03,installation_sgg_code,11740,BRL_LBL_ATCMNT,점자라벨 부착,35,35,0,0,100.0,0.0,35,100.0
2026-10-03,installation_sgg_code,11740,EPHN_SCKT,이어폰 소켓,35,35,0,0,100.0,0.0,35,100.0
2026-10-03,installation_sgg_code,11740,TCTL_ELCTNC_MONITOR,촉각(전자)모니터,35,17,18,0,48.571429,0.0,35,48.571429
2026-10-03,installation_sgg_code,11740,SCRN_EXPSN_FWK,화면 확대 기능,35,35,0,0,100.0,0.0,35,100.0
2026-10-03,installation_sgg_code,11740,WHCHR_USER_MNPLT,휠체어 사용자 조작,35,35,0,0,100.0,0.0,35,100.0
2026-10-03,installation_sgg_code,12110,FRBLND_KPD,시각장애인용 키패드,30,30,0,0,100.0,0.0,30,100.0
2026-10-03,installation_sgg_code,12110,FRBLND_VOICE_GD,시각장애인용 음성안내,30,30,0,0,100.0,0.0,30,100.0
2026-10-03,installation_sgg_code,12110,FRDEAF_SCRN_GD,청각장애인용 화면안내,30,30,0,0,100.0,0.0,30,100.0
2026-10-03,installation_sgg_code,12110,BRL_LBL_ATCMNT,점자라벨 부착,30,30,0,0,100.0,0.0,30,100.0
2026-10-03,installation_sgg_code,12110,EPHN_SCKT,이어폰 소켓,30,30,0,0,100.0,0.0,30,100.0
2026-10-03,installation_sgg_code,12110,TCTL_ELCTNC_MONITOR,촉각(전자)모니터,30,26,4,0,86.666667,0.0,30,86.666667
2026-10-03,installation_sgg_code,12110,SCRN_EXPSN_FWK,화면 확대 기능,30,30,0,0,100.0,0.0,30,100.0
2026-10-03,installation_sgg_code,12110,WHCHR_USER_MNPLT,휠체어 사용자 조작,30,30,0,0,100.0,0.0,30,100.0
2026-10-03,installation_sgg_code,12130,FRBLND_KPD,시각장애인용 키패드,42,42,0,0,100.0,0.0,42,100.0
2026-10-03,installation_sgg_code,12130,FRBLND_VOICE_GD,시각장애인용 음성안내,42,42,0,0,100.0,0.0,42,100.0
2026-10-03,installation_sgg_code,12130,FRDEAF_SCRN_GD,청각장애인용 화면안내,42,42,0,0,100.0,0.0,42,100.0
2026-10-03,installation_sgg_code,12130,BRL_LBL_ATCMNT,점자라벨 부착,42,42,0,0,100.0,0.0,42,100.0
2026-10-03,installation_sgg_code,12130,EPHN_SCKT,이어폰 소켓,42,42,0,0,100.0,0.0,42,100.0
2026-10-03,installation_sgg_code,12130,TCTL_ELCTNC_MONITOR,촉각(전자)모니터,42,0,42,0,0.0,0.0,42,0.0
2026-10-03,installation_sgg_code,12130,SCRN_EXPSN_FWK,화면 확대 기능,42,42,0,0,100.0,0.0,42,100.0
2026-10-03,installation_sgg_code,12130,WHCHR_USER_MNPLT,휠체어 사용자 조작,42,36,6,0,85.714286,0.0,42,85.714286
2026-10-03,installation_sgg_code,12150,FRBLND_KPD,시각장애인용 키패드,47,47,0,0,100.0,0.0,47,100.0
2026-10-03,installation_sgg_code,12150,FRBLND_VOICE_GD,시각장애인용 음성안내,47,47,0,0,100.0,0.0,47,100.0
2026-10-03,installation_sgg_code,12150,FRDEAF_SCRN_GD,청각장애인용 화면안내,47,47,0,0,100.0,0.0,47,100.0
2026-10-03,installation_sgg_code,12150,BRL_LBL_ATCMNT,점자라벨 부착,47,47,0,0,100.0,0.0,47,100.0
2026-10-03,installation_sgg_code,12150,EPHN_SCKT,이어폰 소켓,47,47,0,0,100.0,0.0,47,100.0
2026-10-03,installation_sgg_code,12150,TCTL_ELCTNC_MONITOR,촉각(전자)모니터,47,37,10,0,78.723404,0.0,47,78.723404
2026-10-03,installation_sgg_code,12150,SCRN_EXPSN_FWK,화면 확대 기능,47,47,0,0,100.0,0.0,47,100.0
2026-10-03,installation_sgg_code,12150,WHCHR_USER_MNPLT,휠체어 사용자 조작,47,47,0,0,100.0,0.0,47,100.0
2026-10-03,installation_sgg_code,12170,FRBLND_KPD,시각장애인용 키패드,25,25,0,0,100.0,0.0,25,100.0
2026-10-03,installation_sgg_code,12170,FRBLND_VOICE_GD,시각장애인용 음성안내,25,25,0,0,100.0,0.0,25,100.0
2026-10-03,installation_sgg_code,12170,FRDEAF_SCRN_GD,청각장애인용 화면안내,25,25,0,0,100.0,0.0,25,100.0
2026-10-03,installation_sgg_code,12170,BRL_LBL_ATCMNT,점자라벨 부착,25,25,0,0,100.0,0.0,25,100.0
2026-10-03,installation_sgg_code,12170,EPHN_SCKT,이어폰 소켓,25,25,0,0,100.0,0.0,25,100.0
2026-10-03,installation_sgg_code,12170,TCTL_ELCTNC_MONITOR,촉각(전자)모니터,25,0,25,0,0.0,0.0,25,0.0
2026-10-03,installation_sgg_code,12170,SCRN_EXPSN_FWK,화면 확대 기능,25,25,0,0,100.0,0.0,25,100.0
2026-10-03,installation_sgg_code,12170,WHCHR_USER_MNPLT,휠체어 사용자 조작,25,23,2,0,92.0,0.0,25,92.0
2026-10-03,installation_sgg_code,12190,FRBLND_KPD,시각장애인용 키패드,24,24,0,0,100.0,0.0,24,100.0
2026-10-03,installation_sgg_code,12190,FRBLND_VOICE_GD,시각장애인용 음성안내,24,24,0,0,100.0,0.0,24,100.0
2026-10-03,installation_sgg_code,12190,FRDEAF_SCRN_GD,청각장애인용 화면안내,24,24,0,0,100.0,0.0,24,100.0
2026-10-03,installation_sgg_code,12190,BRL_LBL_ATCMNT,점자라벨 부착,24,24,0,0,100.0,0.0,24,100.0
2026-10-03,installation_sgg_code,12190,EPHN_SCKT,이어폰 소켓,24,24,0,0,100.0,0.0,24,100.0
2026-10-03,installation_sgg_code,12190,TCTL_ELCTNC_MONITOR,촉각(전자)모니터,24,0,24,0,0.0,0.0,24,0.0
2026-10-03,installation_sgg_code,12190,SCRN_EXPSN_FWK,화면 확대 기능,24,24,0,0,100.0,0.0,24,100.0
2026-10-03,installation_sgg_code,12190,WHCHR_USER_MNPLT,휠체어 사용자 조작,24,24,0,0,100.0,0.0,24,100.0
2026-10-03,installation_sgg_code,12210,FRBLND_KPD,시각장애인용 키패드,21,21,0,0,100.0,0.0,21,100.0
2026-10-03,installation_sgg_code,12210,FRBLND_VOICE_GD,시각장애인용 음성안내,21,21,0,0,100.0,0.0,21,100.0
2026-10-03,installation_sgg_code,12210,FRDEAF_SCRN_GD,청각장애인용 화면안내,21,21,0,0,100.0,0.0,21,100.0
2026-10-03,installation_sgg_code,12210,BRL_LBL_ATCMNT,점자라벨 부착,21,21,0,0,100.0,0.0,21,100.0
2026-10-03,installation_sgg_code,12210,EPHN_SCKT,이어폰 소켓,21,21,0,0,100.0,0.0,21,100.0
2026-10-03,installation_sgg_code,12210,TCTL_ELCTNC_MONITOR,촉각(전자)모니터,21,0,21,0,0.0,0.0,21,0.0
2026-10-03,installation_sgg_code,12210,SCRN_EXPSN_FWK,화면 확대 기능,21,21,0,0,100.0,0.0,21,100.0
2026-10-03,installation_sgg_code,12210,WHCHR_USER_MNPLT,휠체어 사용자 조작,21,21,0,0,100.0,0.0,21,100.0
2026-10-03,installation_sgg_code,12240,FRBLND_KPD,시각장애인용 키패드,34,34,0,0,100.0,0.0,34,100.0
2026-10-03,installation_sgg_code,12240,FRBLND_VOICE_GD,시각장애인용 음성안내,34,34,0,0,100.0,0.0,34,100.0
2026-10-03,installation_sgg_code,12240,FRDEAF_SCRN_GD,청각장애인용 화면안내,34,34,0,0,100.0,0.0,34,100.0
2026-10-03,installation_sgg_code,12240,BRL_LBL_ATCMNT,점자라벨 부착,34,34,0,0,100.0,0.0,34,100.0
2026-10-03,installation_sgg_code,12240,EPHN_SCKT,이어폰 소켓,34,34,0,0,100.0,0.0,34,100.0
2026-10-03,installation_sgg_code,12240,TCTL_ELCTNC_MONITOR,촉각(전자)모니터,34,0,34,0,0.0,0.0,34,0.0
2026-10-03,installation_sgg_code,12240,SCRN_EXPSN_FWK,화면 확대 기능,34,34,0,0,100.0,0.0,34,100.0
2026-10-03,installation_sgg_code,12240,WHCHR_USER_MNPLT,휠체어 사용자 조작,34,34,0,0,100.0,0.0,34,100.0
2026-10-03,installation_sgg_code,12270,FRBLND_KPD,시각장애인용 키패드,28,28,0,0,100.0,0.0,28,100.0
2026-10-03,installation_sgg_code,12270,FRBLND_VOICE_GD,시각장애인용 음성안내,28,28,0,0,100.0,0.0,28,100.0
2026-10-03,installation_sgg_code,12270,FRDEAF_SCRN_GD,청각장애인용 화면안내,28,28,0,0,100.0,0.0,28,100.0
2026-10-03,installation_sgg_code,12270,BRL_LBL_ATCMNT,점자라벨 부착,28,28,0,0,100.0,0.0,28,100.0
2026-10-03,installation_sgg_code,12270,EPHN_SCKT,이어폰 소켓,28,28,0,0,100.0,0.0,28,100.0
2026-10-03,installation_sgg_code,12270,TCTL_ELCTNC_MONITOR,촉각(전자)모니터,28,22,6,0,78.571429,0.0,28,78.571429
2026-10-03,installation_sgg_code,12270,SCRN_EXPSN_FWK,화면 확대 기능,28,28,0,0,100.0,0.0,28,100.0
2026-10-03,installation_sgg_code,12270,WHCHR_USER_MNPLT,휠체어 사용자 조작,28,28,0,0,100.0,0.0,28,100.0
2026-10-03,installation_sgg_code,12300,FRBLND_KPD,시각장애인용 키패드,50,50,0,0,100.0,0.0,50,100.0
2026-10-03,installation_sgg_code,12300,FRBLND_VOICE_GD,시각장애인용 음성안내,50,50,0,0,100.0,0.0,50,100.0
2026-10-03,installation_sgg_code,12300,FRDEAF_SCRN_GD,청각장애인용 화면안내,50,50,0,0,100.0,0.0,50,100.0
2026-10-03,installation_sgg_code,12300,BRL_LBL_ATCMNT,점자라벨 부착,50,50,0,0,100.0,0.0,50,100.0
2026-10-03,installation_sgg_code,12300,EPHN_SCKT,이어폰 소켓,50,50,0,0,100.0,0.0,50,100.0
2026-10-03,installation_sgg_code,12300,TCTL_ELCTNC_MONITOR,촉각(전자)모니터,50,0,50,0,0.0,0.0,50,0.0
2026-10-03,installation_sgg_code,12300,SCRN_EXPSN_FWK,화면 확대 기능,50,50,0,0,100.0,0.0,50,100.0
2026-10-03,installation_sgg_code,12300,WHCHR_USER_MNPLT,휠체어 사용자 조작,50,50,0,0,100.0,0.0,50,100.0
2026-10-03,installation_sgg_code,12330,FRBLND_KPD,시각장애인용 키패드,45,45,0,0,100.0,0.0,45,100.0
2026-10-03,installation_sgg_code,12330,FRBLND_VOICE_GD,시각장애인용 음성안내,45,45,0,0,100.0,0.0,45,100.0
2026-10-03,installation_sgg_code,12330,FRDEAF_SCRN_GD,청각장애인용 화면안내,45,45,0,0,100.0,0.0,45,100.0
2026-10-03,installation_sgg_code,12330,BRL_LBL_ATCMNT,점자라벨 부착,45,45,0,0,100.0,0.0,45,100.0
2026-10-03,installation_sgg_code,12330,EPHN_SCKT,이어폰 소켓,45,45,0,0,100.0,0.0,45,100.0
2026-10-03,installation_sgg_code,12330,TCTL_ELCTNC_MONITOR,촉각(전자)모니터,45,0,45,0,0.0,0.0,45,0.0
2026-10-03,installation_sgg_code,12330,SCRN_EXPSN_FWK,화면 확대 기능,45,45,0,0,100.0,0.0,45,100.0
2026-10-03,installation_sgg_code,12330,WHCHR_USER_MNPLT,휠체어 사용자 조작,45,45,0,0,100.0,0.0,45,100.0
2026-10-03,installation_sgg_code,12710,FRBLND_KPD,시각장애인용 키패드,14,14,0,0,100.0,0.0,14,100.0
2026-10-03,installation_sgg_code,12710,FRBLND_VOICE_GD,시각장애인용 음성안내,14,14,0,0,100.0,0.0,14,100.0
2026-10-03,installation_sgg_code,12710,FRDEAF_SCRN_GD,청각장애인용 화면안내,14,14,0,0,100.0,0.0,14,100.0
2026-10-03,installation_sgg_code,12710,BRL_LBL_ATCMNT,점자라벨 부착,14,14,0,0,100.0,0.0,14,100.0
2026-10-03,installation_sgg_code,12710,EPHN_SCKT,이어폰 소켓,14,14,0,0,100.0,0.0,14,100.0
2026-10-03,installation_sgg_code,12710,TCTL_ELCTNC_MONITOR,촉각(전자)모니터,14,14,0,0,100.0,0.0,14,100.0
2026-10-03,installation_sgg_code,12710,SCRN_EXPSN_FWK,화면 확대 기능,14,14,0,0,100.0,0.0,14,100.0
2026-10-03,installation_sgg_code,12710,WHCHR_USER_MNPLT,휠체어 사용자 조작,14,14,0,0,100.0,0.0,14,100.0
2026-10-03,installation_sgg_code,12720,FRBLND_KPD,시각장애인용 키패드,14,14,0,0,100.0,0.0,14,100.0
2026-10-03,installation_sgg_code,12720,FRBLND_VOICE_GD,시각장애인용 음성안내,14,14,0,0,100.0,0.0,14,100.0
2026-10-03,installation_sgg_code,12720,FRDEAF_SCRN_GD,청각장애인용 화면안내,14,14,0,0,100.0,0.0,14,100.0
2026-10-03,installation_sgg_code,12720,BRL_LBL_ATCMNT,점자라벨 부착,14,14,0,0,100.0,0.0,14,100.0
2026-10-03,installation_sgg_code,12720,EPHN_SCKT,이어폰 소켓,14,14,0,0,100.0,0.0,14,100.0
2026-10-03,installation_sgg_code,12720,TCTL_ELCTNC_MONITOR,촉각(전자)모니터,14,0,14,0,0.0,0.0,14,0.0
2026-10-03,installation_sgg_code,12720,SCRN_EXPSN_FWK,화면 확대 기능,14,14,0,0,100.0,0.0,14,100.0
2026-10-03,installation_sgg_code,12720,WHCHR_USER_MNPLT,휠체어 사용자 조작,14,14,0,0,100.0,0.0,14,100.0
2026-10-03,installation_sgg_code,12730,FRBLND_KPD,시각장애인용 키패드,5,5,0,0,100.0,0.0,5,100.0
2026-10-03,installation_sgg_code,12730,FRBLND_VOICE_GD,시각장애인용 음성안내,5,5,0,0,100.0,0.0,5,100.0
2026-10-03,installation_sgg_code,12730,FRDEAF_SCRN_GD,청각장애인용 화면안내,5,5,0,0,100.0,0.0,5,100.0
2026-10-03,installation_sgg_code,12730,BRL_LBL_ATCMNT,점자라벨 부착,5,5,0,0,100.0,0.0,5,100.0
2026-10-03,installation_sgg_code,12730,EPHN_SCKT,이어폰 소켓,5,5,0,0,100.0,0.0,5,100.0
2026-10-03,installation_sgg_code,12730,TCTL_ELCTNC_MONITOR,촉각(전자)모니터,5,0,5,0,0.0,0.0,5,0.0
2026-10-03,installation_sgg_code,12730,SCRN_EXPSN_FWK,화면 확대 기능,5,5,0,0,100.0,0.0,5,100.0
2026-10-03,installation_sgg_code,12730,WHCHR_USER_MNPLT,휠체어 사용자 조작,5,5,0,0,100.0,0.0,5,100.0
2026-10-03,installation_sgg_code,12740,FRBLND_KPD,시각장애인용 키패드,23,23,0,0,100.0,0.0,23,100.0
2026-10-03,installation_sgg_code,12740,FRBLND_VOICE_GD,시각장애인용 음성안내,23,23,0,0,100.0,0.0,23,100.0
2026-10-03,installation_sgg_code,12740,FRDEAF_SCRN_GD,청각장애인용 화면안내,23,23,0,0,100.0,0.0,23,100.0
2026-10-03,installation_sgg_code,12740,BRL_LBL_ATCMNT,점자라벨 부착,23,23,0,0,100.0,0.0,23,100.0
2026-10-03,installation_sgg_code,12740,EPHN_SCKT,이어폰 소켓,23,23,0,0,100.0,0.0,23,100.0
2026-10-03,installation_sgg_code,12740,TCTL_ELCTNC_MONITOR,촉각(전자)모니터,23,9,14,0,39.130435,0.0,23,39.130435
2026-10-03,installation_sgg_code,12740,SCRN_EXPSN_FWK,화면 확대 기능,23,23,0,0,100.0,0.0,23,100.0
2026-10-03,installation_sgg_code,12740,WHCHR_USER_MNPLT,휠체어 사용자 조작,23,9,14,0,39.130435,0.0,23,39.130435
2026-10-03,installation_sgg_code,12750,FRBLND_KPD,시각장애인용 키패드,16,16,0,0,100.0,0.0,16,100.0
2026-10-03,installation_sgg_code,12750,FRBLND_VOICE_GD,시각장애인용 음성안내,16,16,0,0,100.0,0.0,16,100.0
2026-10-03,installation_sgg_code,12750,FRDEAF_SCRN_GD,청각장애인용 화면안내,16,16,0,0,100.0,0.0,16,100.0
2026-10-03,installation_sgg_code,12750,BRL_LBL_ATCMNT,점자라벨 부착,16,16,0,0,100.0,0.0,16,100.0
2026-10-03,installation_sgg_code,12750,EPHN_SCKT,이어폰 소켓,16,16,0,0,100.0,0.0,16,100.0
2026-10-03,installation_sgg_code,12750,TCTL_ELCTNC_MONITOR,촉각(전자)모니터,16,11,5,0,68.75,0.0,16,68.75
2026-10-03,installation_sgg_code,12750,SCRN_EXPSN_FWK,화면 확대 기능,16,16,0,0,100.0,0.0,16,100.0
2026-10-03,installation_sgg_code,12750,WHCHR_USER_MNPLT,휠체어 사용자 조작,16,16,0,0,100.0,0.0,16,100.0
2026-10-03,installation_sgg_code,12760,FRBLND_KPD,시각장애인용 키패드,24,24,0,0,100.0,0.0,24,100.0
2026-10-03,installation_sgg_code,12760,FRBLND_VOICE_GD,시각장애인용 음성안내,24,24,0,0,100.0,0.0,24,100.0
2026-10-03,installation_sgg_code,12760,FRDEAF_SCRN_GD,청각장애인용 화면안내,24,24,0,0,100.0,0.0,24,100.0
2026-10-03,installation_sgg_code,12760,BRL_LBL_ATCMNT,점자라벨 부착,24,24,0,0,100.0,0.0,24,100.0
2026-10-03,installation_sgg_code,12760,EPHN_SCKT,이어폰 소켓,24,24,0,0,100.0,0.0,24,100.0
2026-10-03,installation_sgg_code,12760,TCTL_ELCTNC_MONITOR,촉각(전자)모니터,24,23,1,0,95.833333,0.0,24,95.833333
2026-10-03,installation_sgg_code,12760,SCRN_EXPSN_FWK,화면 확대 기능,24,24,0,0,100.0,0.0,24,100.0
2026-10-03,installation_sgg_code,12760,WHCHR_USER_MNPLT,휠체어 사용자 조작,24,24,0,0,100.0,0.0,24,100.0
2026-10-03,installation_sgg_code,12770,FRBLND_KPD,시각장애인용 키패드,12,12,0,0,100.0,0.0,12,100.0
2026-10-03,installation_sgg_code,12770,FRBLND_VOICE_GD,시각장애인용 음성안내,12,12,0,0,100.0,0.0,12,100.0
2026-10-03,installation_sgg_code,12770,FRDEAF_SCRN_GD,청각장애인용 화면안내,12,12,0,0,100.0,0.0,12,100.0
2026-10-03,installation_sgg_code,12770,BRL_LBL_ATCMNT,점자라벨 부착,12,12,0,0,100.0,0.0,12,100.0
2026-10-03,installation_sgg_code,12770,EPHN_SCKT,이어폰 소켓,12,12,0,0,100.0,0.0,12,100.0
2026-10-03,installation_sgg_code,12770,TCTL_ELCTNC_MONITOR,촉각(전자)모니터,12,4,8,0,33.333333,0.0,12,33.333333
2026-10-03,installation_sgg_code,12770,SCRN_EXPSN_FWK,화면 확대 기능,12,12,0,0,100.0,0.0,12,100.0
2026-10-03,installation_sgg_code,12770,WHCHR_USER_MNPLT,휠체어 사용자 조작,12,12,0,0,100.0,0.0,12,100.0
2026-10-03,installation_sgg_code,12780,FRBLND_KPD,시각장애인용 키패드,6,6,0,0,100.0,0.0,6,100.0
2026-10-03,installation_sgg_code,12780,FRBLND_VOICE_GD,시각장애인용 음성안내,6,6,0,0,100.0,0.0,6,100.0
2026-10-03,installation_sgg_code,12780,FRDEAF_SCRN_GD,청각장애인용 화면안내,6,6,0,0,100.0,0.0,6,100.0
2026-10-03,installation_sgg_code,12780,BRL_LBL_ATCMNT,점자라벨 부착,6,6,0,0,100.0,0.0,6,100.0
2026-10-03,installation_sgg_code,12780,EPHN_SCKT,이어폰 소켓,6,6,0,0,100.0,0.0,6,100.0
2026-10-03,installation_sgg_code,12780,TCTL_ELCTNC_MONITOR,촉각(전자)모니터,6,1,5,0,16.666667,0.0,6,16.666667
2026-10-03,installation_sgg_code,12780,SCRN_EXPSN_FWK,화면 확대 기능,6,6,0,0,100.0,0.0,6,100.0
2026-10-03,installation_sgg_code,12780,WHCHR_USER_MNPLT,휠체어 사용자 조작,6,6,0,0,100.0,0.0,6,100.0
2026-10-03,installation_sgg_code,12790,FRBLND_KPD,시각장애인용 키패드,23,23,0,0,100.0,0.0,23,100.0
2026-10-03,installation_sgg_code,12790,FRBLND_VOICE_GD,시각장애인용 음성안내,23,23,0,0,100.0,0.0,23,100.0
2026-10-03,installation_sgg_code,12790,FRDEAF_SCRN_GD,청각장애인용 화면안내,23,23,0,0,100.0,0.0,23,100.0
2026-10-03,installation_sgg_code,12790,BRL_LBL_ATCMNT,점자라벨 부착,23,23,0,0,100.0,0.0,23,100.0
2026-10-03,installation_sgg_code,12790,EPHN_SCKT,이어폰 소켓,23,23,0,0,100.0,0.0,23,100.0
2026-10-03,installation_sgg_code,12790,TCTL_ELCTNC_MONITOR,촉각(전자)모니터,23,0,23,0,0.0,0.0,23,0.0
2026-10-03,installation_sgg_code,12790,SCRN_EXPSN_FWK,화면 확대 기능,23,23,0,0,100.0,0.0,23,100.0
2026-10-03,installation_sgg_code,12790,WHCHR_USER_MNPLT,휠체어 사용자 조작,23,23,0,0,100.0,0.0,23,100.0
2026-10-03,installation_sgg_code,12800,FRBLND_KPD,시각장애인용 키패드,18,18,0,0,100.0,0.0,18,100.0
2026-10-03,installation_sgg_code,12800,FRBLND_VOICE_GD,시각장애인용 음성안내,18,18,0,0,100.0,0.0,18,100.0
2026-10-03,installation_sgg_code,12800,FRDEAF_SCRN_GD,청각장애인용 화면안내,18,18,0,0,100.0,0.0,18,100.0
2026-10-03,installation_sgg_code,12800,BRL_LBL_ATCMNT,점자라벨 부착,18,18,0,0,100.0,0.0,18,100.0
2026-10-03,installation_sgg_code,12800,EPHN_SCKT,이어폰 소켓,18,18,0,0,100.0,0.0,18,100.0
2026-10-03,installation_sgg_code,12800,TCTL_ELCTNC_MONITOR,촉각(전자)모니터,18,6,12,0,33.333333,0.0,18,33.333333
2026-10-03,installation_sgg_code,12800,SCRN_EXPSN_FWK,화면 확대 기능,18,18,0,0,100.0,0.0,18,100.0
2026-10-03,installation_sgg_code,12800,WHCHR_USER_MNPLT,휠체어 사용자 조작,18,18,0,0,100.0,0.0,18,100.0
2026-10-03,installation_sgg_code,12810,FRBLND_KPD,시각장애인용 키패드,19,19,0,0,100.0,0.0,19,100.0
2026-10-03,installation_sgg_code,12810,FRBLND_VOICE_GD,시각장애인용 음성안내,19,19,0,0,100.0,0.0,19,100.0
2026-10-03,installation_sgg_code,12810,FRDEAF_SCRN_GD,청각장애인용 화면안내,19,19,0,0,100.0,0.0,19,100.0
2026-10-03,installation_sgg_code,12810,BRL_LBL_ATCMNT,점자라벨 부착,19,19,0,0,100.0,0.0,19,100.0
2026-10-03,installation_sgg_code,12810,EPHN_SCKT,이어폰 소켓,19,19,0,0,100.0,0.0,19,100.0
2026-10-03,installation_sgg_code,12810,TCTL_ELCTNC_MONITOR,촉각(전자)모니터,19,0,19,0,0.0,0.0,19,0.0
2026-10-03,installation_sgg_code,12810,SCRN_EXPSN_FWK,화면 확대 기능,19,19,0,0,100.0,0.0,19,100.0
2026-10-03,installation_sgg_code,12810,WHCHR_USER_MNPLT,휠체어 사용자 조작,19,19,0,0,100.0,0.0,19,100.0
2026-10-03,installation_sgg_code,12820,FRBLND_KPD,시각장애인용 키패드,11,11,0,0,100.0,0.0,11,100.0
2026-10-03,installation_sgg_code,12820,FRBLND_VOICE_GD,시각장애인용 음성안내,11,11,0,0,100.0,0.0,11,100.0
2026-10-03,installation_sgg_code,12820,FRDEAF_SCRN_GD,청각장애인용 화면안내,11,11,0,0,100.0,0.0,11,100.0
2026-10-03,installation_sgg_code,12820,BRL_LBL_ATCMNT,점자라벨 부착,11,11,0,0,100.0,0.0,11,100.0
2026-10-03,installation_sgg_code,12820,EPHN_SCKT,이어폰 소켓,11,11,0,0,100.0,0.0,11,100.0
2026-10-03,installation_sgg_code,12820,TCTL_ELCTNC_MONITOR,촉각(전자)모니터,11,3,8,0,27.272727,0.0,11,27.272727
2026-10-03,installation_sgg_code,12820,SCRN_EXPSN_FWK,화면 확대 기능,11,11,0,0,100.0,0.0,11,100.0
2026-10-03,installation_sgg_code,12820,WHCHR_USER_MNPLT,휠체어 사용자 조작,11,11,0,0,100.0,0.0,11,100.0
2026-10-03,installation_sgg_code,12830,FRBLND_KPD,시각장애인용 키패드,18,18,0,0,100.0,0.0,18,100.0
2026-10-03,installation_sgg_code,12830,FRBLND_VOICE_GD,시각장애인용 음성안내,18,18,0,0,100.0,0.0,18,100.0
2026-10-03,installation_sgg_code,12830,FRDEAF_SCRN_GD,청각장애인용 화면안내,18,18,0,0,100.0,0.0,18,100.0
2026-10-03,installation_sgg_code,12830,BRL_LBL_ATCMNT,점자라벨 부착,18,18,0,0,100.0,0.0,18,100.0
2026-10-03,installation_sgg_code,12830,EPHN_SCKT,이어폰 소켓,18,18,0,0,100.0,0.0,18,100.0
2026-10-03,installation_sgg_code,12830,TCTL_ELCTNC_MONITOR,촉각(전자)모니터,18,4,14,0,22.222222,0.0,18,22.222222
2026-10-03,installation_sgg_code,12830,SCRN_EXPSN_FWK,화면 확대 기능,18,18,0,0,100.0,0.0,18,100.0
2026-10-03,installation_sgg_code,12830,WHCHR_USER_MNPLT,휠체어 사용자 조작,18,18,0,0,100.0,0.0,18,100.0
2026-10-03,installation_sgg_code,12840,FRBLND_KPD,시각장애인용 키패드,10,10,0,0,100.0,0.0,10,100.0
2026-10-03,installation_sgg_code,12840,FRBLND_VOICE_GD,시각장애인용 음성안내,10,10,0,0,100.0,0.0,10,100.0
2026-10-03,installation_sgg_code,12840,FRDEAF_SCRN_GD,청각장애인용 화면안내,10,10,0,0,100.0,0.0,10,100.0
2026-10-03,installation_sgg_code,12840,BRL_LBL_ATCMNT,점자라벨 부착,10,10,0,0,100.0,0.0,10,100.0
2026-10-03,installation_sgg_code,12840,EPHN_SCKT,이어폰 소켓,10,10,0,0,100.0,0.0,10,100.0
2026-10-03,installation_sgg_code,12840,TCTL_ELCTNC_MONITOR,촉각(전자)모니터,10,1,9,0,10.0,0.0,10,10.0
2026-10-03,installation_sgg_code,12840,SCRN_EXPSN_FWK,화면 확대 기능,10,10,0,0,100.0,0.0,10,100.0
2026-10-03,installation_sgg_code,12840,WHCHR_USER_MNPLT,휠체어 사용자 조작,10,10,0,0,100.0,0.0,10,100.0
2026-10-03,installation_sgg_code,12850,FRBLND_KPD,시각장애인용 키패드,17,17,0,0,100.0,0.0,17,100.0
2026-10-03,installation_sgg_code,12850,FRBLND_VOICE_GD,시각장애인용 음성안내,17,17,0,0,100.0,0.0,17,100.0
2026-10-03,installation_sgg_code,12850,FRDEAF_SCRN_GD,청각장애인용 화면안내,17,17,0,0,100.0,0.0,17,100.0
2026-10-03,installation_sgg_code,12850,BRL_LBL_ATCMNT,점자라벨 부착,17,17,0,0,100.0,0.0,17,100.0
2026-10-03,installation_sgg_code,12850,EPHN_SCKT,이어폰 소켓,17,17,0,0,100.0,0.0,17,100.0
2026-10-03,installation_sgg_code,12850,TCTL_ELCTNC_MONITOR,촉각(전자)모니터,17,16,1,0,94.117647,0.0,17,94.117647
2026-10-03,installation_sgg_code,12850,SCRN_EXPSN_FWK,화면 확대 기능,17,17,0,0,100.0,0.0,17,100.0
2026-10-03,installation_sgg_code,12850,WHCHR_USER_MNPLT,휠체어 사용자 조작,17,17,0,0,100.0,0.0,17,100.0
2026-10-03,installation_sgg_code,12860,FRBLND_KPD,시각장애인용 키패드,14,14,0,0,100.0,0.0,14,100.0
2026-10-03,installation_sgg_code,12860,FRBLND_VOICE_GD,시각장애인용 음성안내,14,14,0,0,100.0,0.0,14,100.0
2026-10-03,installation_sgg_code,12860,FRDEAF_SCRN_GD,청각장애인용 화면안내,14,14,0,0,100.0,0.0,14,100.0
2026-10-03,installation_sgg_code,12860,BRL_LBL_ATCMNT,점자라벨 부착,14,14,0,0,100.0,0.0,14,100.0
2026-10-03,installation_sgg_code,12860,EPHN_SCKT,이어폰 소켓,14,14,0,0,100.0,0.0,14,100.0
2026-10-03,installation_sgg_code,12860,TCTL_ELCTNC_MONITOR,촉각(전자)모니터,14,7,7,0,50.0,0.0,14,50.0
2026-10-03,installation_sgg_code,12860,SCRN_EXPSN_FWK,화면 확대 기능,14,14,0,0,100.0,0.0,14,100.0
2026-10-03,installation_sgg_code,12860,WHCHR_USER_MNPLT,휠체어 사용자 조작,14,14,0,0,100.0,0.0,14,100.0
2026-10-03,installation_sgg_code,12870,FRBLND_KPD,시각장애인용 키패드,11,11,0,0,100.0,0.0,11,100.0
2026-10-03,installation_sgg_code,12870,FRBLND_VOICE_GD,시각장애인용 음성안내,11,11,0,0,100.0,0.0,11,100.0
2026-10-03,installation_sgg_code,12870,FRDEAF_SCRN_GD,청각장애인용 화면안내,11,11,0,0,100.0,0.0,11,100.0
2026-10-03,installation_sgg_code,12870,BRL_LBL_ATCMNT,점자라벨 부착,11,11,0,0,100.0,0.0,11,100.0
2026-10-03,installation_sgg_code,12870,EPHN_SCKT,이어폰 소켓,11,11,0,0,100.0,0.0,11,100.0
2026-10-03,installation_sgg_code,12870,TCTL_ELCTNC_MONITOR,촉각(전자)모니터,11,11,0,0,100.0,0.0,11,100.0
2026-10-03,installation_sgg_code,12870,SCRN_EXPSN_FWK,화면 확대 기능,11,11,0,0,100.0,0.0,11,100.0
2026-10-03,installation_sgg_code,12870,WHCHR_USER_MNPLT,휠체어 사용자 조작,11,11,0,0,100.0,0.0,11,100.0
2026-10-03,installation_sgg_code,26110,FRBLND_KPD,시각장애인용 키패드,8,8,0,0,100.0,0.0,8,100.0
2026-10-03,installation_sgg_code,26110,FRBLND_VOICE_GD,시각장애인용 음성안내,8,8,0,0,100.0,0.0,8,100.0
2026-10-03,installation_sgg_code,26110,FRDEAF_SCRN_GD,청각장애인용 화면안내,8,8,0,0,100.0,0.0,8,100.0
2026-10-03,installation_sgg_code,26110,BRL_LBL_ATCMNT,점자라벨 부착,8,8,0,0,100.0,0.0,8,100.0
2026-10-03,installation_sgg_code,26110,EPHN_SCKT,이어폰 소켓,8,8,0,0,100.0,0.0,8,100.0
2026-10-03,installation_sgg_code,26110,TCTL_ELCTNC_MONITOR,촉각(전자)모니터,8,0,8,0,0.0,0.0,8,0.0
2026-10-03,installation_sgg_code,26110,SCRN_EXPSN_FWK,화면 확대 기능,8,8,0,0,100.0,0.0,8,100.0
2026-10-03,installation_sgg_code,26110,WHCHR_USER_MNPLT,휠체어 사용자 조작,8,6,2,0,75.0,0.0,8,75.0
2026-10-03,installation_sgg_code,26140,FRBLND_KPD,시각장애인용 키패드,7,7,0,0,100.0,0.0,7,100.0
2026-10-03,installation_sgg_code,26140,FRBLND_VOICE_GD,시각장애인용 음성안내,7,7,0,0,100.0,0.0,7,100.0
2026-10-03,installation_sgg_code,26140,FRDEAF_SCRN_GD,청각장애인용 화면안내,7,7,0,0,100.0,0.0,7,100.0
2026-10-03,installation_sgg_code,26140,BRL_LBL_ATCMNT,점자라벨 부착,7,7,0,0,100.0,0.0,7,100.0
2026-10-03,installation_sgg_code,26140,EPHN_SCKT,이어폰 소켓,7,7,0,0,100.0,0.0,7,100.0
2026-10-03,installation_sgg_code,26140,TCTL_ELCTNC_MONITOR,촉각(전자)모니터,7,0,7,0,0.0,0.0,7,0.0
2026-10-03,installation_sgg_code,26140,SCRN_EXPSN_FWK,화면 확대 기능,7,7,0,0,100.0,0.0,7,100.0
2026-10-03,installation_sgg_code,26140,WHCHR_USER_MNPLT,휠체어 사용자 조작,7,7,0,0,100.0,0.0,7,100.0
2026-10-03,installation_sgg_code,26170,FRBLND_KPD,시각장애인용 키패드,8,8,0,0,100.0,0.0,8,100.0
2026-10-03,installation_sgg_code,26170,FRBLND_VOICE_GD,시각장애인용 음성안내,8,8,0,0,100.0,0.0,8,100.0
2026-10-03,installation_sgg_code,26170,FRDEAF_SCRN_GD,청각장애인용 화면안내,8,8,0,0,100.0,0.0,8,100.0
2026-10-03,installation_sgg_code,26170,BRL_LBL_ATCMNT,점자라벨 부착,8,8,0,0,100.0,0.0,8,100.0
2026-10-03,installation_sgg_code,26170,EPHN_SCKT,이어폰 소켓,8,8,0,0,100.0,0.0,8,100.0
2026-10-03,installation_sgg_code,26170,TCTL_ELCTNC_MONITOR,촉각(전자)모니터,8,0,8,0,0.0,0.0,8,0.0
2026-10-03,installation_sgg_code,26170,SCRN_EXPSN_FWK,화면 확대 기능,8,8,0,0,100.0,0.0,8,100.0
2026-10-03,installation_sgg_code,26170,WHCHR_USER_MNPLT,휠체어 사용자 조작,8,8,0,0,100.0,0.0,8,100.0
2026-10-03,installation_sgg_code,26200,FRBLND_KPD,시각장애인용 키패드,6,6,0,0,100.0,0.0,6,100.0
2026-10-03,installation_sgg_code,26200,FRBLND_VOICE_GD,시각장애인용 음성안내,6,6,0,0,100.0,0.0,6,100.0
2026-10-03,installation_sgg_code,26200,FRDEAF_SCRN_GD,청각장애인용 화면안내,6,6,0,0,100.0,0.0,6,100.0
2026-10-03,installation_sgg_code,26200,BRL_LBL_ATCMNT,점자라벨 부착,6,6,0,0,100.0,0.0,6,100.0
2026-10-03,installation_sgg_code,26200,EPHN_SCKT,이어폰 소켓,6,6,0,0,100.0,0.0,6,100.0
2026-10-03,installation_sgg_code,26200,TCTL_ELCTNC_MONITOR,촉각(전자)모니터,6,0,6,0,0.0,0.0,6,0.0
2026-10-03,installation_sgg_code,26200,SCRN_EXPSN_FWK,화면 확대 기능,6,6,0,0,100.0,0.0,6,100.0
2026-10-03,installation_sgg_code,26200,WHCHR_USER_MNPLT,휠체어 사용자 조작,6,6,0,0,100.0,0.0,6,100.0
2026-10-03,installation_sgg_code,26230,FRBLND_KPD,시각장애인용 키패드,27,27,0,0,100.0,0.0,27,100.0
2026-10-03,installation_sgg_code,26230,FRBLND_VOICE_GD,시각장애인용 음성안내,27,27,0,0,100.0,0.0,27,100.0
2026-10-03,installation_sgg_code,26230,FRDEAF_SCRN_GD,청각장애인용 화면안내,27,27,0,0,100.0,0.0,27,100.0
2026-10-03,installation_sgg_code,26230,BRL_LBL_ATCMNT,점자라벨 부착,27,27,0,0,100.0,0.0,27,100.0
2026-10-03,installation_sgg_code,26230,EPHN_SCKT,이어폰 소켓,27,27,0,0,100.0,0.0,27,100.0
2026-10-03,installation_sgg_code,26230,TCTL_ELCTNC_MONITOR,촉각(전자)모니터,27,3,24,0,11.111111,0.0,27,11.111111
2026-10-03,installation_sgg_code,26230,SCRN_EXPSN_FWK,화면 확대 기능,27,27,0,0,100.0,0.0,27,100.0
2026-10-03,installation_sgg_code,26230,WHCHR_USER_MNPLT,휠체어 사용자 조작,27,27,0,0,100.0,0.0,27,100.0
2026-10-03,installation_sgg_code,26260,FRBLND_KPD,시각장애인용 키패드,10,10,0,0,100.0,0.0,10,100.0
2026-10-03,installation_sgg_code,26260,FRBLND_VOICE_GD,시각장애인용 음성안내,10,10,0,0,100.0,0.0,10,100.0
2026-10-03,installation_sgg_code,26260,FRDEAF_SCRN_GD,청각장애인용 화면안내,10,10,0,0,100.0,0.0,10,100.0
2026-10-03,installation_sgg_code,26260,BRL_LBL_ATCMNT,점자라벨 부착,10,10,0,0,100.0,0.0,10,100.0
2026-10-03,installation_sgg_code,26260,EPHN_SCKT,이어폰 소켓,10,10,0,0,100.0,0.0,10,100.0
2026-10-03,installation_sgg_code,26260,TCTL_ELCTNC_MONITOR,촉각(전자)모니터,10,0,10,0,0.0,0.0,10,0.0
2026-10-03,installation_sgg_code,26260,SCRN_EXPSN_FWK,화면 확대 기능,10,10,0,0,100.0,0.0,10,100.0
2026-10-03,installation_sgg_code,26260,WHCHR_USER_MNPLT,휠체어 사용자 조작,10,10,0,0,100.0,0.0,10,100.0
2026-10-03,installation_sgg_code,26290,FRBLND_KPD,시각장애인용 키패드,22,22,0,0,100.0,0.0,22,100.0
2026-10-03,installation_sgg_code,26290,FRBLND_VOICE_GD,시각장애인용 음성안내,22,22,0,0,100.0,0.0,22,100.0
2026-10-03,installation_sgg_code,26290,FRDEAF_SCRN_GD,청각장애인용 화면안내,22,22,0,0,100.0,0.0,22,100.0
2026-10-03,installation_sgg_code,26290,BRL_LBL_ATCMNT,점자라벨 부착,22,22,0,0,100.0,0.0,22,100.0
2026-10-03,installation_sgg_code,26290,EPHN_SCKT,이어폰 소켓,22,22,0,0,100.0,0.0,22,100.0
2026-10-03,installation_sgg_code,26290,TCTL_ELCTNC_MONITOR,촉각(전자)모니터,22,1,21,0,4.545455,0.0,22,4.545455
2026-10-03,installation_sgg_code,26290,SCRN_EXPSN_FWK,화면 확대 기능,22,22,0,0,100.0,0.0,22,100.0
2026-10-03,installation_sgg_code,26290,WHCHR_USER_MNPLT,휠체어 사용자 조작,22,22,0,0,100.0,0.0,22,100.0
2026-10-03,installation_sgg_code,26320,FRBLND_KPD,시각장애인용 키패드,17,17,0,0,100.0,0.0,17,100.0
2026-10-03,installation_sgg_code,26320,FRBLND_VOICE_GD,시각장애인용 음성안내,17,17,0,0,100.0,0.0,17,100.0
2026-10-03,installation_sgg_code,26320,FRDEAF_SCRN_GD,청각장애인용 화면안내,17,17,0,0,100.0,0.0,17,100.0
2026-10-03,installation_sgg_code,26320,BRL_LBL_ATCMNT,점자라벨 부착,17,17,0,0,100.0,0.0,17,100.0
2026-10-03,installation_sgg_code,26320,EPHN_SCKT,이어폰 소켓,17,17,0,0,100.0,0.0,17,100.0
2026-10-03,installation_sgg_code,26320,TCTL_ELCTNC_MONITOR,촉각(전자)모니터,17,0,17,0,0.0,0.0,17,0.0
2026-10-03,installation_sgg_code,26320,SCRN_EXPSN_FWK,화면 확대 기능,17,17,0,0,100.0,0.0,17,100.0
2026-10-03,installation_sgg_code,26320,WHCHR_USER_MNPLT,휠체어 사용자 조작,17,17,0,0,100.0,0.0,17,100.0
2026-10-03,installation_sgg_code,26350,FRBLND_KPD,시각장애인용 키패드,24,24,0,0,100.0,0.0,24,100.0
2026-10-03,installation_sgg_code,26350,FRBLND_VOICE_GD,시각장애인용 음성안내,24,24,0,0,100.0,0.0,24,100.0
2026-10-03,installation_sgg_code,26350,FRDEAF_SCRN_GD,청각장애인용 화면안내,24,24,0,0,100.0,0.0,24,100.0
2026-10-03,installation_sgg_code,26350,BRL_LBL_ATCMNT,점자라벨 부착,24,24,0,0,100.0,0.0,24,100.0
2026-10-03,installation_sgg_code,26350,EPHN_SCKT,이어폰 소켓,24,24,0,0,100.0,0.0,24,100.0
2026-10-03,installation_sgg_code,26350,TCTL_ELCTNC_MONITOR,촉각(전자)모니터,24,0,24,0,0.0,0.0,24,0.0
2026-10-03,installation_sgg_code,26350,SCRN_EXPSN_FWK,화면 확대 기능,24,24,0,0,100.0,0.0,24,100.0
2026-10-03,installation_sgg_code,26350,WHCHR_USER_MNPLT,휠체어 사용자 조작,24,24,0,0,100.0,0.0,24,100.0
2026-10-03,installation_sgg_code,26380,FRBLND_KPD,시각장애인용 키패드,20,20,0,0,100.0,0.0,20,100.0
2026-10-03,installation_sgg_code,26380,FRBLND_VOICE_GD,시각장애인용 음성안내,20,20,0,0,100.0,0.0,20,100.0
2026-10-03,installation_sgg_code,26380,FRDEAF_SCRN_GD,청각장애인용 화면안내,20,20,0,0,100.0,0.0,20,100.0
2026-10-03,installation_sgg_code,26380,BRL_LBL_ATCMNT,점자라벨 부착,20,20,0,0,100.0,0.0,20,100.0
2026-10-03,installation_sgg_code,26380,EPHN_SCKT,이어폰 소켓,20,20,0,0,100.0,0.0,20,100.0
2026-10-03,installation_sgg_code,26380,TCTL_ELCTNC_MONITOR,촉각(전자)모니터,20,0,20,0,0.0,0.0,20,0.0
2026-10-03,installation_sgg_code,26380,SCRN_EXPSN_FWK,화면 확대 기능,20,20,0,0,100.0,0.0,20,100.0
2026-10-03,installation_sgg_code,26380,WHCHR_USER_MNPLT,휠체어 사용자 조작,20,20,0,0,100.0,0.0,20,100.0
2026-10-03,installation_sgg_code,26410,FRBLND_KPD,시각장애인용 키패드,22,22,0,0,100.0,0.0,22,100.0
2026-10-03,installation_sgg_code,26410,FRBLND_VOICE_GD,시각장애인용 음성안내,22,22,0,0,100.0,0.0,22,100.0
2026-10-03,installation_sgg_code,26410,FRDEAF_SCRN_GD,청각장애인용 화면안내,22,22,0,0,100.0,0.0,22,100.0
2026-10-03,installation_sgg_code,26410,BRL_LBL_ATCMNT,점자라벨 부착,22,22,0,0,100.0,0.0,22,100.0
2026-10-03,installation_sgg_code,26410,EPHN_SCKT,이어폰 소켓,22,22,0,0,100.0,0.0,22,100.0
2026-10-03,installation_sgg_code,26410,TCTL_ELCTNC_MONITOR,촉각(전자)모니터,22,0,22,0,0.0,0.0,22,0.0
2026-10-03,installation_sgg_code,26410,SCRN_EXPSN_FWK,화면 확대 기능,22,22,0,0,100.0,0.0,22,100.0
2026-10-03,installation_sgg_code,26410,WHCHR_USER_MNPLT,휠체어 사용자 조작,22,22,0,0,100.0,0.0,22,100.0
2026-10-03,installation_sgg_code,26440,FRBLND_KPD,시각장애인용 키패드,21,21,0,0,100.0,0.0,21,100.0
2026-10-03,installation_sgg_code,26440,FRBLND_VOICE_GD,시각장애인용 음성안내,21,21,0,0,100.0,0.0,21,100.0
2026-10-03,installation_sgg_code,26440,FRDEAF_SCRN_GD,청각장애인용 화면안내,21,21,0,0,100.0,0.0,21,100.0
2026-10-03,installation_sgg_code,26440,BRL_LBL_ATCMNT,점자라벨 부착,21,21,0,0,100.0,0.0,21,100.0
2026-10-03,installation_sgg_code,26440,EPHN_SCKT,이어폰 소켓,21,21,0,0,100.0,0.0,21,100.0
2026-10-03,installation_sgg_code,26440,TCTL_ELCTNC_MONITOR,촉각(전자)모니터,21,0,21,0,0.0,0.0,21,0.0
2026-10-03,installation_sgg_code,26440,SCRN_EXPSN_FWK,화면 확대 기능,21,21,0,0,100.0,0.0,21,100.0
2026-10-03,installation_sgg_code,26440,WHCHR_USER_MNPLT,휠체어 사용자 조작,21,21,0,0,100.0,0.0,21,100.0
2026-10-03,installation_sgg_code,26470,FRBLND_KPD,시각장애인용 키패드,21,21,0,0,100.0,0.0,21,100.0
2026-10-03,installation_sgg_code,26470,FRBLND_VOICE_GD,시각장애인용 음성안내,21,21,0,0,100.0,0.0,21,100.0
2026-10-03,installation_sgg_code,26470,FRDEAF_SCRN_GD,청각장애인용 화면안내,21,21,0,0,100.0,0.0,21,100.0
2026-10-03,installation_sgg_code,26470,BRL_LBL_ATCMNT,점자라벨 부착,21,21,0,0,100.0,0.0,21,100.0
2026-10-03,installation_sgg_code,26470,EPHN_SCKT,이어폰 소켓,21,21,0,0,100.0,0.0,21,100.0
2026-10-03,installation_sgg_code,26470,TCTL_ELCTNC_MONITOR,촉각(전자)모니터,21,0,21,0,0.0,0.0,21,0.0
2026-10-03,installation_sgg_code,26470,SCRN_EXPSN_FWK,화면 확대 기능,21,21,0,0,100.0,0.0,21,100.0
2026-10-03,installation_sgg_code,26470,WHCHR_USER_MNPLT,휠체어 사용자 조작,21,21,0,0,100.0,0.0,21,100.0
2026-10-03,installation_sgg_code,26500,FRBLND_KPD,시각장애인용 키패드,16,16,0,0,100.0,0.0,16,100.0
2026-10-03,installation_sgg_code,26500,FRBLND_VOICE_GD,시각장애인용 음성안내,16,16,0,0,100.0,0.0,16,100.0
2026-10-03,installation_sgg_code,26500,FRDEAF_SCRN_GD,청각장애인용 화면안내,16,16,0,0,100.0,0.0,16,100.0
2026-10-03,installation_sgg_code,26500,BRL_LBL_ATCMNT,점자라벨 부착,16,16,0,0,100.0,0.0,16,100.0
2026-10-03,installation_sgg_code,26500,EPHN_SCKT,이어폰 소켓,16,16,0,0,100.0,0.0,16,100.0
2026-10-03,installation_sgg_code,26500,TCTL_ELCTNC_MONITOR,촉각(전자)모니터,16,0,16,0,0.0,0.0,16,0.0
2026-10-03,installation_sgg_code,26500,SCRN_EXPSN_FWK,화면 확대 기능,16,16,0,0,100.0,0.0,16,100.0
2026-10-03,installation_sgg_code,26500,WHCHR_USER_MNPLT,휠체어 사용자 조작,16,16,0,0,100.0,0.0,16,100.0
2026-10-03,installation_sgg_code,26530,FRBLND_KPD,시각장애인용 키패드,16,16,0,0,100.0,0.0,16,100.0
2026-10-03,installation_sgg_code,26530,FRBLND_VOICE_GD,시각장애인용 음성안내,16,16,0,0,100.0,0.0,16,100.0
2026-10-03,installation_sgg_code,26530,FRDEAF_SCRN_GD,청각장애인용 화면안내,16,16,0,0,100.0,0.0,16,100.0
2026-10-03,installation_sgg_code,26530,BRL_LBL_ATCMNT,점자라벨 부착,16,16,0,0,100.0,0.0,16,100.0
2026-10-03,installation_sgg_code,26530,EPHN_SCKT,이어폰 소켓,16,16,0,0,100.0,0.0,16,100.0
2026-10-03,installation_sgg_code,26530,TCTL_ELCTNC_MONITOR,촉각(전자)모니터,16,16,0,0,100.0,0.0,16,100.0
2026-10-03,installation_sgg_code,26530,SCRN_EXPSN_FWK,화면 확대 기능,16,16,0,0,100.0,0.0,16,100.0
2026-10-03,installation_sgg_code,26530,WHCHR_USER_MNPLT,휠체어 사용자 조작,16,16,0,0,100.0,0.0,16,100.0
2026-10-03,installation_sgg_code,26710,FRBLND_KPD,시각장애인용 키패드,19,19,0,0,100.0,0.0,19,100.0
2026-10-03,installation_sgg_code,26710,FRBLND_VOICE_GD,시각장애인용 음성안내,19,19,0,0,100.0,0.0,19,100.0
2026-10-03,installation_sgg_code,26710,FRDEAF_SCRN_GD,청각장애인용 화면안내,19,19,0,0,100.0,0.0,19,100.0
2026-10-03,installation_sgg_code,26710,BRL_LBL_ATCMNT,점자라벨 부착,19,19,0,0,100.0,0.0,19,100.0
2026-10-03,installation_sgg_code,26710,EPHN_SCKT,이어폰 소켓,19,19,0,0,100.0,0.0,19,100.0
2026-10-03,installation_sgg_code,26710,TCTL_ELCTNC_MONITOR,촉각(전자)모니터,19,0,19,0,0.0,0.0,19,0.0
2026-10-03,installation_sgg_code,26710,SCRN_EXPSN_FWK,화면 확대 기능,19,19,0,0,100.0,0.0,19,100.0
2026-10-03,installation_sgg_code,26710,WHCHR_USER_MNPLT,휠체어 사용자 조작,19,18,1,0,94.736842,0.0,19,94.736842
2026-10-03,installation_sgg_code,27110,FRBLND_KPD,시각장애인용 키패드,14,14,0,0,100.0,0.0,14,100.0
2026-10-03,installation_sgg_code,27110,FRBLND_VOICE_GD,시각장애인용 음성안내,14,14,0,0,100.0,0.0,14,100.0
2026-10-03,installation_sgg_code,27110,FRDEAF_SCRN_GD,청각장애인용 화면안내,14,14,0,0,100.0,0.0,14,100.0
2026-10-03,installation_sgg_code,27110,BRL_LBL_ATCMNT,점자라벨 부착,14,14,0,0,100.0,0.0,14,100.0
2026-10-03,installation_sgg_code,27110,EPHN_SCKT,이어폰 소켓,14,14,0,0,100.0,0.0,14,100.0
2026-10-03,installation_sgg_code,27110,TCTL_ELCTNC_MONITOR,촉각(전자)모니터,14,0,14,0,0.0,0.0,14,0.0
2026-10-03,installation_sgg_code,27110,SCRN_EXPSN_FWK,화면 확대 기능,14,14,0,0,100.0,0.0,14,100.0
2026-10-03,installation_sgg_code,27110,WHCHR_USER_MNPLT,휠체어 사용자 조작,14,14,0,0,100.0,0.0,14,100.0
2026-10-03,installation_sgg_code,27140,FRBLND_KPD,시각장애인용 키패드,17,17,0,0,100.0,0.0,17,100.0
2026-10-03,installation_sgg_code,27140,FRBLND_VOICE_GD,시각장애인용 음성안내,17,17,0,0,100.0,0.0,17,100.0
2026-10-03,installation_sgg_code,27140,FRDEAF_SCRN_GD,청각장애인용 화면안내,17,17,0,0,100.0,0.0,17,100.0
2026-10-03,installation_sgg_code,27140,BRL_LBL_ATCMNT,점자라벨 부착,17,17,0,0,100.0,0.0,17,100.0
2026-10-03,installation_sgg_code,27140,EPHN_SCKT,이어폰 소켓,17,17,0,0,100.0,0.0,17,100.0
2026-10-03,installation_sgg_code,27140,TCTL_ELCTNC_MONITOR,촉각(전자)모니터,17,5,12,0,29.411765,0.0,17,29.411765
2026-10-03,installation_sgg_code,27140,SCRN_EXPSN_FWK,화면 확대 기능,17,17,0,0,100.0,0.0,17,100.0
2026-10-03,installation_sgg_code,27140,WHCHR_USER_MNPLT,휠체어 사용자 조작,17,17,0,0,100.0,0.0,17,100.0
2026-10-03,installation_sgg_code,27170,FRBLND_KPD,시각장애인용 키패드,10,10,0,0,100.0,0.0,10,100.0
2026-10-03,installation_sgg_code,27170,FRBLND_VOICE_GD,시각장애인용 음성안내,10,10,0,0,100.0,0.0,10,100.0
2026-10-03,installation_sgg_code,27170,FRDEAF_SCRN_GD,청각장애인용 화면안내,10,10,0,0,100.0,0.0,10,100.0
2026-10-03,installation_sgg_code,27170,BRL_LBL_ATCMNT,점자라벨 부착,10,10,0,0,100.0,0.0,10,100.0
2026-10-03,installation_sgg_code,27170,EPHN_SCKT,이어폰 소켓,10,10,0,0,100.0,0.0,10,100.0
2026-10-03,installation_sgg_code,27170,TCTL_ELCTNC_MONITOR,촉각(전자)모니터,10,3,7,0,30.0,0.0,10,30.0
2026-10-03,installation_sgg_code,27170,SCRN_EXPSN_FWK,화면 확대 기능,10,10,0,0,100.0,0.0,10,100.0
2026-10-03,installation_sgg_code,27170,WHCHR_USER_MNPLT,휠체어 사용자 조작,10,10,0,0,100.0,0.0,10,100.0
2026-10-03,installation_sgg_code,27200,FRBLND_KPD,시각장애인용 키패드,8,8,0,0,100.0,0.0,8,100.0
2026-10-03,installation_sgg_code,27200,FRBLND_VOICE_GD,시각장애인용 음성안내,8,8,0,0,100.0,0.0,8,100.0
2026-10-03,installation_sgg_code,27200,FRDEAF_SCRN_GD,청각장애인용 화면안내,8,8,0,0,100.0,0.0,8,100.0
2026-10-03,installation_sgg_code,27200,BRL_LBL_ATCMNT,점자라벨 부착,8,8,0,0,100.0,0.0,8,100.0
2026-10-03,installation_sgg_code,27200,EPHN_SCKT,이어폰 소켓,8,8,0,0,100.0,0.0,8,100.0
2026-10-03,installation_sgg_code,27200,TCTL_ELCTNC_MONITOR,촉각(전자)모니터,8,3,5,0,37.5,0.0,8,37.5
2026-10-03,installation_sgg_code,27200,SCRN_EXPSN_FWK,화면 확대 기능,8,8,0,0,100.0,0.0,8,100.0
2026-10-03,installation_sgg_code,27200,WHCHR_USER_MNPLT,휠체어 사용자 조작,8,8,0,0,100.0,0.0,8,100.0
2026-10-03,installation_sgg_code,27230,FRBLND_KPD,시각장애인용 키패드,19,19,0,0,100.0,0.0,19,100.0
2026-10-03,installation_sgg_code,27230,FRBLND_VOICE_GD,시각장애인용 음성안내,19,19,0,0,100.0,0.0,19,100.0
2026-10-03,installation_sgg_code,27230,FRDEAF_SCRN_GD,청각장애인용 화면안내,19,19,0,0,100.0,0.0,19,100.0
2026-10-03,installation_sgg_code,27230,BRL_LBL_ATCMNT,점자라벨 부착,19,19,0,0,100.0,0.0,19,100.0
2026-10-03,installation_sgg_code,27230,EPHN_SCKT,이어폰 소켓,19,19,0,0,100.0,0.0,19,100.0
2026-10-03,installation_sgg_code,27230,TCTL_ELCTNC_MONITOR,촉각(전자)모니터,19,6,13,0,31.578947,0.0,19,31.578947
2026-10-03,installation_sgg_code,27230,SCRN_EXPSN_FWK,화면 확대 기능,19,19,0,0,100.0,0.0,19,100.0
2026-10-03,installation_sgg_code,27230,WHCHR_USER_MNPLT,휠체어 사용자 조작,19,19,0,0,100.0,0.0,19,100.0
2026-10-03,installation_sgg_code,27260,FRBLND_KPD,시각장애인용 키패드,17,17,0,0,100.0,0.0,17,100.0
2026-10-03,installation_sgg_code,27260,FRBLND_VOICE_GD,시각장애인용 음성안내,17,17,0,0,100.0,0.0,17,100.0
2026-10-03,installation_sgg_code,27260,FRDEAF_SCRN_GD,청각장애인용 화면안내,17,17,0,0,100.0,0.0,17,100.0
2026-10-03,installation_sgg_code,27260,BRL_LBL_ATCMNT,점자라벨 부착,17,17,0,0,100.0,0.0,17,100.0
2026-10-03,installation_sgg_code,27260,EPHN_SCKT,이어폰 소켓,17,17,0,0,100.0,0.0,17,100.0
2026-10-03,installation_sgg_code,27260,TCTL_ELCTNC_MONITOR,촉각(전자)모니터,17,0,17,0,0.0,0.0,17,0.0
2026-10-03,installation_sgg_code,27260,SCRN_EXPSN_FWK,화면 확대 기능,17,17,0,0,100.0,0.0,17,100.0
2026-10-03,installation_sgg_code,27260,WHCHR_USER_MNPLT,휠체어 사용자 조작,17,17,0,0,100.0,0.0,17,100.0
2026-10-03,installation_sgg_code,27290,FRBLND_KPD,시각장애인용 키패드,25,25,0,0,100.0,0.0,25,100.0
2026-10-03,installation_sgg_code,27290,FRBLND_VOICE_GD,시각장애인용 음성안내,25,25,0,0,100.0,0.0,25,100.0
2026-10-03,installation_sgg_code,27290,FRDEAF_SCRN_GD,청각장애인용 화면안내,25,25,0,0,100.0,0.0,25,100.0
2026-10-03,installation_sgg_code,27290,BRL_LBL_ATCMNT,점자라벨 부착,25,25,0,0,100.0,0.0,25,100.0
2026-10-03,installation_sgg_code,27290,EPHN_SCKT,이어폰 소켓,25,25,0,0,100.0,0.0,25,100.0
2026-10-03,installation_sgg_code,27290,TCTL_ELCTNC_MONITOR,촉각(전자)모니터,25,6,19,0,24.0,0.0,25,24.0
2026-10-03,installation_sgg_code,27290,SCRN_EXPSN_FWK,화면 확대 기능,25,25,0,0,100.0,0.0,25,100.0
2026-10-03,installation_sgg_code,27290,WHCHR_USER_MNPLT,휠체어 사용자 조작,25,25,0,0,100.0,0.0,25,100.0
2026-10-03,installation_sgg_code,27710,FRBLND_KPD,시각장애인용 키패드,29,29,0,0,100.0,0.0,29,100.0
2026-10-03,installation_sgg_code,27710,FRBLND_VOICE_GD,시각장애인용 음성안내,29,29,0,0,100.0,0.0,29,100.0
2026-10-03,installation_sgg_code,27710,FRDEAF_SCRN_GD,청각장애인용 화면안내,29,29,0,0,100.0,0.0,29,100.0
2026-10-03,installation_sgg_code,27710,BRL_LBL_ATCMNT,점자라벨 부착,29,29,0,0,100.0,0.0,29,100.0
2026-10-03,installation_sgg_code,27710,EPHN_SCKT,이어폰 소켓,29,29,0,0,100.0,0.0,29,100.0
2026-10-03,installation_sgg_code,27710,TCTL_ELCTNC_MONITOR,촉각(전자)모니터,29,0,29,0,0.0,0.0,29,0.0
2026-10-03,installation_sgg_code,27710,SCRN_EXPSN_FWK,화면 확대 기능,29,29,0,0,100.0,0.0,29,100.0
2026-10-03,installation_sgg_code,27710,WHCHR_USER_MNPLT,휠체어 사용자 조작,29,29,0,0,100.0,0.0,29,100.0
2026-10-03,installation_sgg_code,27720,FRBLND_KPD,시각장애인용 키패드,9,9,0,0,100.0,0.0,9,100.0
2026-10-03,installation_sgg_code,27720,FRBLND_VOICE_GD,시각장애인용 음성안내,9,9,0,0,100.0,0.0,9,100.0
2026-10-03,installation_sgg_code,27720,FRDEAF_SCRN_GD,청각장애인용 화면안내,9,9,0,0,100.0,0.0,9,100.0
2026-10-03,installation_sgg_code,27720,BRL_LBL_ATCMNT,점자라벨 부착,9,9,0,0,100.0,0.0,9,100.0
2026-10-03,installation_sgg_code,27720,EPHN_SCKT,이어폰 소켓,9,9,0,0,100.0,0.0,9,100.0
2026-10-03,installation_sgg_code,27720,TCTL_ELCTNC_MONITOR,촉각(전자)모니터,9,0,9,0,0.0,0.0,9,0.0
2026-10-03,installation_sgg_code,27720,SCRN_EXPSN_FWK,화면 확대 기능,9,9,0,0,100.0,0.0,9,100.0
2026-10-03,installation_sgg_code,27720,WHCHR_USER_MNPLT,휠체어 사용자 조작,9,9,0,0,100.0,0.0,9,100.0
2026-10-03,installation_sgg_code,28110,FRBLND_KPD,시각장애인용 키패드,14,14,0,0,100.0,0.0,14,100.0
2026-10-03,installation_sgg_code,28110,FRBLND_VOICE_GD,시각장애인용 음성안내,14,14,0,0,100.0,0.0,14,100.0
2026-10-03,installation_sgg_code,28110,FRDEAF_SCRN_GD,청각장애인용 화면안내,14,14,0,0,100.0,0.0,14,100.0
2026-10-03,installation_sgg_code,28110,BRL_LBL_ATCMNT,점자라벨 부착,14,14,0,0,100.0,0.0,14,100.0
2026-10-03,installation_sgg_code,28110,EPHN_SCKT,이어폰 소켓,14,14,0,0,100.0,0.0,14,100.0
2026-10-03,installation_sgg_code,28110,TCTL_ELCTNC_MONITOR,촉각(전자)모니터,14,0,14,0,0.0,0.0,14,0.0
2026-10-03,installation_sgg_code,28110,SCRN_EXPSN_FWK,화면 확대 기능,14,14,0,0,100.0,0.0,14,100.0
2026-10-03,installation_sgg_code,28110,WHCHR_USER_MNPLT,휠체어 사용자 조작,14,10,4,0,71.428571,0.0,14,71.428571
2026-10-03,installation_sgg_code,28125,FRBLND_KPD,시각장애인용 키패드,18,18,0,0,100.0,0.0,18,100.0
2026-10-03,installation_sgg_code,28125,FRBLND_VOICE_GD,시각장애인용 음성안내,18,18,0,0,100.0,0.0,18,100.0
2026-10-03,installation_sgg_code,28125,FRDEAF_SCRN_GD,청각장애인용 화면안내,18,18,0,0,100.0,0.0,18,100.0
2026-10-03,installation_sgg_code,28125,BRL_LBL_ATCMNT,점자라벨 부착,18,18,0,0,100.0,0.0,18,100.0
2026-10-03,installation_sgg_code,28125,EPHN_SCKT,이어폰 소켓,18,18,0,0,100.0,0.0,18,100.0
2026-10-03,installation_sgg_code,28125,TCTL_ELCTNC_MONITOR,촉각(전자)모니터,18,0,18,0,0.0,0.0,18,0.0
2026-10-03,installation_sgg_code,28125,SCRN_EXPSN_FWK,화면 확대 기능,18,18,0,0,100.0,0.0,18,100.0
2026-10-03,installation_sgg_code,28125,WHCHR_USER_MNPLT,휠체어 사용자 조작,18,14,4,0,77.777778,0.0,18,77.777778
2026-10-03,installation_sgg_code,28170,FRBLND_KPD,시각장애인용 키패드,1,1,0,0,100.0,0.0,1,100.0
2026-10-03,installation_sgg_code,28170,FRBLND_VOICE_GD,시각장애인용 음성안내,1,1,0,0,100.0,0.0,1,100.0
2026-10-03,installation_sgg_code,28170,FRDEAF_SCRN_GD,청각장애인용 화면안내,1,1,0,0,100.0,0.0,1,100.0
2026-10-03,installation_sgg_code,28170,BRL_LBL_ATCMNT,점자라벨 부착,1,1,0,0,100.0,0.0,1,100.0
2026-10-03,installation_sgg_code,28170,EPHN_SCKT,이어폰 소켓,1,1,0,0,100.0,0.0,1,100.0
2026-10-03,installation_sgg_code,28170,TCTL_ELCTNC_MONITOR,촉각(전자)모니터,1,1,0,0,100.0,0.0,1,100.0
2026-10-03,installation_sgg_code,28170,SCRN_EXPSN_FWK,화면 확대 기능,1,1,0,0,100.0,0.0,1,100.0
2026-10-03,installation_sgg_code,28170,WHCHR_USER_MNPLT,휠체어 사용자 조작,1,1,0,0,100.0,0.0,1,100.0
2026-10-03,installation_sgg_code,28177,FRBLND_KPD,시각장애인용 키패드,27,27,0,0,100.0,0.0,27,100.0
2026-10-03,installation_sgg_code,28177,FRBLND_VOICE_GD,시각장애인용 음성안내,27,27,0,0,100.0,0.0,27,100.0
2026-10-03,installation_sgg_code,28177,FRDEAF_SCRN_GD,청각장애인용 화면안내,27,27,0,0,100.0,0.0,27,100.0
2026-10-03,installation_sgg_code,28177,BRL_LBL_ATCMNT,점자라벨 부착,27,27,0,0,100.0,0.0,27,100.0
2026-10-03,installation_sgg_code,28177,EPHN_SCKT,이어폰 소켓,27,27,0,0,100.0,0.0,27,100.0
2026-10-03,installation_sgg_code,28177,TCTL_ELCTNC_MONITOR,촉각(전자)모니터,27,0,27,0,0.0,0.0,27,0.0
2026-10-03,installation_sgg_code,28177,SCRN_EXPSN_FWK,화면 확대 기능,27,27,0,0,100.0,0.0,27,100.0
2026-10-03,installation_sgg_code,28177,WHCHR_USER_MNPLT,휠체어 사용자 조작,27,27,0,0,100.0,0.0,27,100.0
2026-10-03,installation_sgg_code,28185,FRBLND_KPD,시각장애인용 키패드,21,21,0,0,100.0,0.0,21,100.0
2026-10-03,installation_sgg_code,28185,FRBLND_VOICE_GD,시각장애인용 음성안내,21,21,0,0,100.0,0.0,21,100.0
2026-10-03,installation_sgg_code,28185,FRDEAF_SCRN_GD,청각장애인용 화면안내,21,21,0,0,100.0,0.0,21,100.0
2026-10-03,installation_sgg_code,28185,BRL_LBL_ATCMNT,점자라벨 부착,21,21,0,0,100.0,0.0,21,100.0
2026-10-03,installation_sgg_code,28185,EPHN_SCKT,이어폰 소켓,21,21,0,0,100.0,0.0,21,100.0
2026-10-03,installation_sgg_code,28185,TCTL_ELCTNC_MONITOR,촉각(전자)모니터,21,0,21,0,0.0,0.0,21,0.0
2026-10-03,installation_sgg_code,28185,SCRN_EXPSN_FWK,화면 확대 기능,21,21,0,0,100.0,0.0,21,100.0
2026-10-03,installation_sgg_code,28185,WHCHR_USER_MNPLT,휠체어 사용자 조작,21,21,0,0,100.0,0.0,21,100.0
2026-10-03,installation_sgg_code,28200,FRBLND_KPD,시각장애인용 키패드,33,33,0,0,100.0,0.0,33,100.0
2026-10-03,installation_sgg_code,28200,FRBLND_VOICE_GD,시각장애인용 음성안내,33,33,0,0,100.0,0.0,33,100.0
2026-10-03,installation_sgg_code,28200,FRDEAF_SCRN_GD,청각장애인용 화면안내,33,33,0,0,100.0,0.0,33,100.0
2026-10-03,installation_sgg_code,28200,BRL_LBL_ATCMNT,점자라벨 부착,33,33,0,0,100.0,0.0,33,100.0
2026-10-03,installation_sgg_code,28200,EPHN_SCKT,이어폰 소켓,33,32,1,0,96.969697,0.0,33,96.969697
2026-10-03,installation_sgg_code,28200,TCTL_ELCTNC_MONITOR,촉각(전자)모니터,33,0,33,0,0.0,0.0,33,0.0
2026-10-03,installation_sgg_code,28200,SCRN_EXPSN_FWK,화면 확대 기능,33,32,1,0,96.969697,0.0,33,96.969697
2026-10-03,installation_sgg_code,28200,WHCHR_USER_MNPLT,휠체어 사용자 조작,33,33,0,0,100.0,0.0,33,100.0
2026-10-03,installation_sgg_code,28237,FRBLND_KPD,시각장애인용 키패드,23,23,0,0,100.0,0.0,23,100.0
2026-10-03,installation_sgg_code,28237,FRBLND_VOICE_GD,시각장애인용 음성안내,23,23,0,0,100.0,0.0,23,100.0
2026-10-03,installation_sgg_code,28237,FRDEAF_SCRN_GD,청각장애인용 화면안내,23,23,0,0,100.0,0.0,23,100.0
2026-10-03,installation_sgg_code,28237,BRL_LBL_ATCMNT,점자라벨 부착,23,23,0,0,100.0,0.0,23,100.0
2026-10-03,installation_sgg_code,28237,EPHN_SCKT,이어폰 소켓,23,23,0,0,100.0,0.0,23,100.0
2026-10-03,installation_sgg_code,28237,TCTL_ELCTNC_MONITOR,촉각(전자)모니터,23,3,20,0,13.043478,0.0,23,13.043478
2026-10-03,installation_sgg_code,28237,SCRN_EXPSN_FWK,화면 확대 기능,23,23,0,0,100.0,0.0,23,100.0
2026-10-03,installation_sgg_code,28237,WHCHR_USER_MNPLT,휠체어 사용자 조작,23,23,0,0,100.0,0.0,23,100.0
2026-10-03,installation_sgg_code,28245,FRBLND_KPD,시각장애인용 키패드,23,23,0,0,100.0,0.0,23,100.0
2026-10-03,installation_sgg_code,28245,FRBLND_VOICE_GD,시각장애인용 음성안내,23,23,0,0,100.0,0.0,23,100.0
2026-10-03,installation_sgg_code,28245,FRDEAF_SCRN_GD,청각장애인용 화면안내,23,23,0,0,100.0,0.0,23,100.0
2026-10-03,installation_sgg_code,28245,BRL_LBL_ATCMNT,점자라벨 부착,23,23,0,0,100.0,0.0,23,100.0
2026-10-03,installation_sgg_code,28245,EPHN_SCKT,이어폰 소켓,23,23,0,0,100.0,0.0,23,100.0
2026-10-03,installation_sgg_code,28245,TCTL_ELCTNC_MONITOR,촉각(전자)모니터,23,8,15,0,34.782609,0.0,23,34.782609
2026-10-03,installation_sgg_code,28245,SCRN_EXPSN_FWK,화면 확대 기능,23,23,0,0,100.0,0.0,23,100.0
2026-10-03,installation_sgg_code,28245,WHCHR_USER_MNPLT,휠체어 사용자 조작,23,13,10,0,56.521739,0.0,23,56.521739
2026-10-03,installation_sgg_code,28260,FRBLND_KPD,시각장애인용 키패드,13,13,0,0,100.0,0.0,13,100.0
2026-10-03,installation_sgg_code,28260,FRBLND_VOICE_GD,시각장애인용 음성안내,13,13,0,0,100.0,0.0,13,100.0
2026-10-03,installation_sgg_code,28260,FRDEAF_SCRN_GD,청각장애인용 화면안내,13,13,0,0,100.0,0.0,13,100.0
2026-10-03,installation_sgg_code,28260,BRL_LBL_ATCMNT,점자라벨 부착,13,13,0,0,100.0,0.0,13,100.0
2026-10-03,installation_sgg_code,28260,EPHN_SCKT,이어폰 소켓,13,13,0,0,100.0,0.0,13,100.0
2026-10-03,installation_sgg_code,28260,TCTL_ELCTNC_MONITOR,촉각(전자)모니터,13,2,11,0,15.384615,0.0,13,15.384615
2026-10-03,installation_sgg_code,28260,SCRN_EXPSN_FWK,화면 확대 기능,13,13,0,0,100.0,0.0,13,100.0
2026-10-03,installation_sgg_code,28260,WHCHR_USER_MNPLT,휠체어 사용자 조작,13,6,7,0,46.153846,0.0,13,46.153846
2026-10-03,installation_sgg_code,28275,FRBLND_KPD,시각장애인용 키패드,25,25,0,0,100.0,0.0,25,100.0
2026-10-03,installation_sgg_code,28275,FRBLND_VOICE_GD,시각장애인용 음성안내,25,25,0,0,100.0,0.0,25,100.0
2026-10-03,installation_sgg_code,28275,FRDEAF_SCRN_GD,청각장애인용 화면안내,25,25,0,0,100.0,0.0,25,100.0
2026-10-03,installation_sgg_code,28275,BRL_LBL_ATCMNT,점자라벨 부착,25,25,0,0,100.0,0.0,25,100.0
2026-10-03,installation_sgg_code,28275,EPHN_SCKT,이어폰 소켓,25,25,0,0,100.0,0.0,25,100.0
2026-10-03,installation_sgg_code,28275,TCTL_ELCTNC_MONITOR,촉각(전자)모니터,25,0,25,0,0.0,0.0,25,0.0
2026-10-03,installation_sgg_code,28275,SCRN_EXPSN_FWK,화면 확대 기능,25,25,0,0,100.0,0.0,25,100.0
2026-10-03,installation_sgg_code,28275,WHCHR_USER_MNPLT,휠체어 사용자 조작,25,22,3,0,88.0,0.0,25,88.0
2026-10-03,installation_sgg_code,28290,FRBLND_KPD,시각장애인용 키패드,1,1,0,0,100.0,0.0,1,100.0
2026-10-03,installation_sgg_code,28290,FRBLND_VOICE_GD,시각장애인용 음성안내,1,1,0,0,100.0,0.0,1,100.0
2026-10-03,installation_sgg_code,28290,FRDEAF_SCRN_GD,청각장애인용 화면안내,1,1,0,0,100.0,0.0,1,100.0
2026-10-03,installation_sgg_code,28290,BRL_LBL_ATCMNT,점자라벨 부착,1,1,0,0,100.0,0.0,1,100.0
2026-10-03,installation_sgg_code,28290,EPHN_SCKT,이어폰 소켓,1,1,0,0,100.0,0.0,1,100.0
2026-10-03,installation_sgg_code,28290,TCTL_ELCTNC_MONITOR,촉각(전자)모니터,1,0,1,0,0.0,0.0,1,0.0
2026-10-03,installation_sgg_code,28290,SCRN_EXPSN_FWK,화면 확대 기능,1,1,0,0,100.0,0.0,1,100.0
2026-10-03,installation_sgg_code,28290,WHCHR_USER_MNPLT,휠체어 사용자 조작,1,1,0,0,100.0,0.0,1,100.0
2026-10-03,installation_sgg_code,28710,FRBLND_KPD,시각장애인용 키패드,17,17,0,0,100.0,0.0,17,100.0
2026-10-03,installation_sgg_code,28710,FRBLND_VOICE_GD,시각장애인용 음성안내,17,17,0,0,100.0,0.0,17,100.0
2026-10-03,installation_sgg_code,28710,FRDEAF_SCRN_GD,청각장애인용 화면안내,17,17,0,0,100.0,0.0,17,100.0
2026-10-03,installation_sgg_code,28710,BRL_LBL_ATCMNT,점자라벨 부착,17,17,0,0,100.0,0.0,17,100.0
2026-10-03,installation_sgg_code,28710,EPHN_SCKT,이어폰 소켓,17,17,0,0,100.0,0.0,17,100.0
2026-10-03,installation_sgg_code,28710,TCTL_ELCTNC_MONITOR,촉각(전자)모니터,17,5,12,0,29.411765,0.0,17,29.411765
2026-10-03,installation_sgg_code,28710,SCRN_EXPSN_FWK,화면 확대 기능,17,17,0,0,100.0,0.0,17,100.0
2026-10-03,installation_sgg_code,28710,WHCHR_USER_MNPLT,휠체어 사용자 조작,17,17,0,0,100.0,0.0,17,100.0
2026-10-03,installation_sgg_code,28720,FRBLND_KPD,시각장애인용 키패드,9,9,0,0,100.0,0.0,9,100.0
2026-10-03,installation_sgg_code,28720,FRBLND_VOICE_GD,시각장애인용 음성안내,9,9,0,0,100.0,0.0,9,100.0
2026-10-03,installation_sgg_code,28720,FRDEAF_SCRN_GD,청각장애인용 화면안내,9,9,0,0,100.0,0.0,9,100.0
2026-10-03,installation_sgg_code,28720,BRL_LBL_ATCMNT,점자라벨 부착,9,9,0,0,100.0,0.0,9,100.0
2026-10-03,installation_sgg_code,28720,EPHN_SCKT,이어폰 소켓,9,9,0,0,100.0,0.0,9,100.0
2026-10-03,installation_sgg_code,28720,TCTL_ELCTNC_MONITOR,촉각(전자)모니터,9,1,8,0,11.111111,0.0,9,11.111111
2026-10-03,installation_sgg_code,28720,SCRN_EXPSN_FWK,화면 확대 기능,9,9,0,0,100.0,0.0,9,100.0
2026-10-03,installation_sgg_code,28720,WHCHR_USER_MNPLT,휠체어 사용자 조작,9,8,1,0,88.888889,0.0,9,88.888889
2026-10-03,installation_sgg_code,30110,FRBLND_KPD,시각장애인용 키패드,21,21,0,0,100.0,0.0,21,100.0
2026-10-03,installation_sgg_code,30110,FRBLND_VOICE_GD,시각장애인용 음성안내,21,21,0,0,100.0,0.0,21,100.0
2026-10-03,installation_sgg_code,30110,FRDEAF_SCRN_GD,청각장애인용 화면안내,21,21,0,0,100.0,0.0,21,100.0
2026-10-03,installation_sgg_code,30110,BRL_LBL_ATCMNT,점자라벨 부착,21,21,0,0,100.0,0.0,21,100.0
2026-10-03,installation_sgg_code,30110,EPHN_SCKT,이어폰 소켓,21,21,0,0,100.0,0.0,21,100.0
2026-10-03,installation_sgg_code,30110,TCTL_ELCTNC_MONITOR,촉각(전자)모니터,21,14,7,0,66.666667,0.0,21,66.666667
2026-10-03,installation_sgg_code,30110,SCRN_EXPSN_FWK,화면 확대 기능,21,21,0,0,100.0,0.0,21,100.0
2026-10-03,installation_sgg_code,30110,WHCHR_USER_MNPLT,휠체어 사용자 조작,21,21,0,0,100.0,0.0,21,100.0
2026-10-03,installation_sgg_code,30140,FRBLND_KPD,시각장애인용 키패드,13,13,0,0,100.0,0.0,13,100.0
2026-10-03,installation_sgg_code,30140,FRBLND_VOICE_GD,시각장애인용 음성안내,13,13,0,0,100.0,0.0,13,100.0
2026-10-03,installation_sgg_code,30140,FRDEAF_SCRN_GD,청각장애인용 화면안내,13,13,0,0,100.0,0.0,13,100.0
2026-10-03,installation_sgg_code,30140,BRL_LBL_ATCMNT,점자라벨 부착,13,13,0,0,100.0,0.0,13,100.0
2026-10-03,installation_sgg_code,30140,EPHN_SCKT,이어폰 소켓,13,13,0,0,100.0,0.0,13,100.0
2026-10-03,installation_sgg_code,30140,TCTL_ELCTNC_MONITOR,촉각(전자)모니터,13,0,13,0,0.0,0.0,13,0.0
2026-10-03,installation_sgg_code,30140,SCRN_EXPSN_FWK,화면 확대 기능,13,13,0,0,100.0,0.0,13,100.0
2026-10-03,installation_sgg_code,30140,WHCHR_USER_MNPLT,휠체어 사용자 조작,13,1,12,0,7.692308,0.0,13,7.692308
2026-10-03,installation_sgg_code,30170,FRBLND_KPD,시각장애인용 키패드,43,43,0,0,100.0,0.0,43,100.0
2026-10-03,installation_sgg_code,30170,FRBLND_VOICE_GD,시각장애인용 음성안내,43,43,0,0,100.0,0.0,43,100.0
2026-10-03,installation_sgg_code,30170,FRDEAF_SCRN_GD,청각장애인용 화면안내,43,43,0,0,100.0,0.0,43,100.0
2026-10-03,installation_sgg_code,30170,BRL_LBL_ATCMNT,점자라벨 부착,43,43,0,0,100.0,0.0,43,100.0
2026-10-03,installation_sgg_code,30170,EPHN_SCKT,이어폰 소켓,43,43,0,0,100.0,0.0,43,100.0
2026-10-03,installation_sgg_code,30170,TCTL_ELCTNC_MONITOR,촉각(전자)모니터,43,4,39,0,9.302326,0.0,43,9.302326
2026-10-03,installation_sgg_code,30170,SCRN_EXPSN_FWK,화면 확대 기능,43,43,0,0,100.0,0.0,43,100.0
2026-10-03,installation_sgg_code,30170,WHCHR_USER_MNPLT,휠체어 사용자 조작,43,43,0,0,100.0,0.0,43,100.0
2026-10-03,installation_sgg_code,30200,FRBLND_KPD,시각장애인용 키패드,26,26,0,0,100.0,0.0,26,100.0
2026-10-03,installation_sgg_code,30200,FRBLND_VOICE_GD,시각장애인용 음성안내,26,26,0,0,100.0,0.0,26,100.0
2026-10-03,installation_sgg_code,30200,FRDEAF_SCRN_GD,청각장애인용 화면안내,26,26,0,0,100.0,0.0,26,100.0
2026-10-03,installation_sgg_code,30200,BRL_LBL_ATCMNT,점자라벨 부착,26,26,0,0,100.0,0.0,26,100.0
2026-10-03,installation_sgg_code,30200,EPHN_SCKT,이어폰 소켓,26,26,0,0,100.0,0.0,26,100.0
2026-10-03,installation_sgg_code,30200,TCTL_ELCTNC_MONITOR,촉각(전자)모니터,26,18,8,0,69.230769,0.0,26,69.230769
2026-10-03,installation_sgg_code,30200,SCRN_EXPSN_FWK,화면 확대 기능,26,26,0,0,100.0,0.0,26,100.0
2026-10-03,installation_sgg_code,30200,WHCHR_USER_MNPLT,휠체어 사용자 조작,26,26,0,0,100.0,0.0,26,100.0
2026-10-03,installation_sgg_code,30230,FRBLND_KPD,시각장애인용 키패드,17,17,0,0,100.0,0.0,17,100.0
2026-10-03,installation_sgg_code,30230,FRBLND_VOICE_GD,시각장애인용 음성안내,17,17,0,0,100.0,0.0,17,100.0
2026-10-03,installation_sgg_code,30230,FRDEAF_SCRN_GD,청각장애인용 화면안내,17,17,0,0,100.0,0.0,17,100.0
2026-10-03,installation_sgg_code,30230,BRL_LBL_ATCMNT,점자라벨 부착,17,17,0,0,100.0,0.0,17,100.0
2026-10-03,installation_sgg_code,30230,EPHN_SCKT,이어폰 소켓,17,17,0,0,100.0,0.0,17,100.0
2026-10-03,installation_sgg_code,30230,TCTL_ELCTNC_MONITOR,촉각(전자)모니터,17,1,16,0,5.882353,0.0,17,5.882353
2026-10-03,installation_sgg_code,30230,SCRN_EXPSN_FWK,화면 확대 기능,17,17,0,0,100.0,0.0,17,100.0
2026-10-03,installation_sgg_code,30230,WHCHR_USER_MNPLT,휠체어 사용자 조작,17,17,0,0,100.0,0.0,17,100.0
2026-10-03,installation_sgg_code,31110,FRBLND_KPD,시각장애인용 키패드,19,19,0,0,100.0,0.0,19,100.0
2026-10-03,installation_sgg_code,31110,FRBLND_VOICE_GD,시각장애인용 음성안내,19,19,0,0,100.0,0.0,19,100.0
2026-10-03,installation_sgg_code,31110,FRDEAF_SCRN_GD,청각장애인용 화면안내,19,19,0,0,100.0,0.0,19,100.0
2026-10-03,installation_sgg_code,31110,BRL_LBL_ATCMNT,점자라벨 부착,19,19,0,0,100.0,0.0,19,100.0
2026-10-03,installation_sgg_code,31110,EPHN_SCKT,이어폰 소켓,19,19,0,0,100.0,0.0,19,100.0
2026-10-03,installation_sgg_code,31110,TCTL_ELCTNC_MONITOR,촉각(전자)모니터,19,7,12,0,36.842105,0.0,19,36.842105
2026-10-03,installation_sgg_code,31110,SCRN_EXPSN_FWK,화면 확대 기능,19,19,0,0,100.0,0.0,19,100.0
2026-10-03,installation_sgg_code,31110,WHCHR_USER_MNPLT,휠체어 사용자 조작,19,19,0,0,100.0,0.0,19,100.0
2026-10-03,installation_sgg_code,31140,FRBLND_KPD,시각장애인용 키패드,35,35,0,0,100.0,0.0,35,100.0
2026-10-03,installation_sgg_code,31140,FRBLND_VOICE_GD,시각장애인용 음성안내,35,35,0,0,100.0,0.0,35,100.0
2026-10-03,installation_sgg_code,31140,FRDEAF_SCRN_GD,청각장애인용 화면안내,35,35,0,0,100.0,0.0,35,100.0
2026-10-03,installation_sgg_code,31140,BRL_LBL_ATCMNT,점자라벨 부착,35,35,0,0,100.0,0.0,35,100.0
2026-10-03,installation_sgg_code,31140,EPHN_SCKT,이어폰 소켓,35,35,0,0,100.0,0.0,35,100.0
2026-10-03,installation_sgg_code,31140,TCTL_ELCTNC_MONITOR,촉각(전자)모니터,35,0,35,0,0.0,0.0,35,0.0
2026-10-03,installation_sgg_code,31140,SCRN_EXPSN_FWK,화면 확대 기능,35,35,0,0,100.0,0.0,35,100.0
2026-10-03,installation_sgg_code,31140,WHCHR_USER_MNPLT,휠체어 사용자 조작,35,29,6,0,82.857143,0.0,35,82.857143
2026-10-03,installation_sgg_code,31170,FRBLND_KPD,시각장애인용 키패드,23,23,0,0,100.0,0.0,23,100.0
2026-10-03,installation_sgg_code,31170,FRBLND_VOICE_GD,시각장애인용 음성안내,23,23,0,0,100.0,0.0,23,100.0
2026-10-03,installation_sgg_code,31170,FRDEAF_SCRN_GD,청각장애인용 화면안내,23,23,0,0,100.0,0.0,23,100.0
2026-10-03,installation_sgg_code,31170,BRL_LBL_ATCMNT,점자라벨 부착,23,23,0,0,100.0,0.0,23,100.0
2026-10-03,installation_sgg_code,31170,EPHN_SCKT,이어폰 소켓,23,23,0,0,100.0,0.0,23,100.0
2026-10-03,installation_sgg_code,31170,TCTL_ELCTNC_MONITOR,촉각(전자)모니터,23,0,23,0,0.0,0.0,23,0.0
2026-10-03,installation_sgg_code,31170,SCRN_EXPSN_FWK,화면 확대 기능,23,23,0,0,100.0,0.0,23,100.0
2026-10-03,installation_sgg_code,31170,WHCHR_USER_MNPLT,휠체어 사용자 조작,23,6,17,0,26.086957,0.0,23,26.086957
2026-10-03,installation_sgg_code,31200,FRBLND_KPD,시각장애인용 키패드,28,28,0,0,100.0,0.0,28,100.0
2026-10-03,installation_sgg_code,31200,FRBLND_VOICE_GD,시각장애인용 음성안내,28,28,0,0,100.0,0.0,28,100.0
2026-10-03,installation_sgg_code,31200,FRDEAF_SCRN_GD,청각장애인용 화면안내,28,28,0,0,100.0,0.0,28,100.0
2026-10-03,installation_sgg_code,31200,BRL_LBL_ATCMNT,점자라벨 부착,28,28,0,0,100.0,0.0,28,100.0
2026-10-03,installation_sgg_code,31200,EPHN_SCKT,이어폰 소켓,28,28,0,0,100.0,0.0,28,100.0
2026-10-03,installation_sgg_code,31200,TCTL_ELCTNC_MONITOR,촉각(전자)모니터,28,24,4,0,85.714286,0.0,28,85.714286
2026-10-03,installation_sgg_code,31200,SCRN_EXPSN_FWK,화면 확대 기능,28,28,0,0,100.0,0.0,28,100.0
2026-10-03,installation_sgg_code,31200,WHCHR_USER_MNPLT,휠체어 사용자 조작,28,24,4,0,85.714286,0.0,28,85.714286
2026-10-03,installation_sgg_code,31710,FRBLND_KPD,시각장애인용 키패드,40,40,0,0,100.0,0.0,40,100.0
2026-10-03,installation_sgg_code,31710,FRBLND_VOICE_GD,시각장애인용 음성안내,40,40,0,0,100.0,0.0,40,100.0
2026-10-03,installation_sgg_code,31710,FRDEAF_SCRN_GD,청각장애인용 화면안내,40,40,0,0,100.0,0.0,40,100.0
2026-10-03,installation_sgg_code,31710,BRL_LBL_ATCMNT,점자라벨 부착,40,40,0,0,100.0,0.0,40,100.0
2026-10-03,installation_sgg_code,31710,EPHN_SCKT,이어폰 소켓,40,40,0,0,100.0,0.0,40,100.0
2026-10-03,installation_sgg_code,31710,TCTL_ELCTNC_MONITOR,촉각(전자)모니터,40,40,0,0,100.0,0.0,40,100.0
2026-10-03,installation_sgg_code,31710,SCRN_EXPSN_FWK,화면 확대 기능,40,40,0,0,100.0,0.0,40,100.0
2026-10-03,installation_sgg_code,31710,WHCHR_USER_MNPLT,휠체어 사용자 조작,40,40,0,0,100.0,0.0,40,100.0
2026-10-03,installation_sgg_code,36110,FRBLND_KPD,시각장애인용 키패드,46,46,0,0,100.0,0.0,46,100.0
2026-10-03,installation_sgg_code,36110,FRBLND_VOICE_GD,시각장애인용 음성안내,46,46,0,0,100.0,0.0,46,100.0
2026-10-03,installation_sgg_code,36110,FRDEAF_SCRN_GD,청각장애인용 화면안내,46,46,0,0,100.0,0.0,46,100.0
2026-10-03,installation_sgg_code,36110,BRL_LBL_ATCMNT,점자라벨 부착,46,46,0,0,100.0,0.0,46,100.0
2026-10-03,installation_sgg_code,36110,EPHN_SCKT,이어폰 소켓,46,46,0,0,100.0,0.0,46,100.0
2026-10-03,installation_sgg_code,36110,TCTL_ELCTNC_MONITOR,촉각(전자)모니터,46,0,46,0,0.0,0.0,46,0.0
2026-10-03,installation_sgg_code,36110,SCRN_EXPSN_FWK,화면 확대 기능,46,46,0,0,100.0,0.0,46,100.0
2026-10-03,installation_sgg_code,36110,WHCHR_USER_MNPLT,휠체어 사용자 조작,46,11,35,0,23.913043,0.0,46,23.913043
2026-10-03,installation_sgg_code,41111,FRBLND_KPD,시각장애인용 키패드,14,14,0,0,100.0,0.0,14,100.0
2026-10-03,installation_sgg_code,41111,FRBLND_VOICE_GD,시각장애인용 음성안내,14,14,0,0,100.0,0.0,14,100.0
2026-10-03,installation_sgg_code,41111,FRDEAF_SCRN_GD,청각장애인용 화면안내,14,14,0,0,100.0,0.0,14,100.0
2026-10-03,installation_sgg_code,41111,BRL_LBL_ATCMNT,점자라벨 부착,14,14,0,0,100.0,0.0,14,100.0
2026-10-03,installation_sgg_code,41111,EPHN_SCKT,이어폰 소켓,14,14,0,0,100.0,0.0,14,100.0
2026-10-03,installation_sgg_code,41111,TCTL_ELCTNC_MONITOR,촉각(전자)모니터,14,13,1,0,92.857143,0.0,14,92.857143
2026-10-03,installation_sgg_code,41111,SCRN_EXPSN_FWK,화면 확대 기능,14,14,0,0,100.0,0.0,14,100.0
2026-10-03,installation_sgg_code,41111,WHCHR_USER_MNPLT,휠체어 사용자 조작,14,14,0,0,100.0,0.0,14,100.0
2026-10-03,installation_sgg_code,41113,FRBLND_KPD,시각장애인용 키패드,23,23,0,0,100.0,0.0,23,100.0
2026-10-03,installation_sgg_code,41113,FRBLND_VOICE_GD,시각장애인용 음성안내,23,23,0,0,100.0,0.0,23,100.0
2026-10-03,installation_sgg_code,41113,FRDEAF_SCRN_GD,청각장애인용 화면안내,23,23,0,0,100.0,0.0,23,100.0
2026-10-03,installation_sgg_code,41113,BRL_LBL_ATCMNT,점자라벨 부착,23,23,0,0,100.0,0.0,23,100.0
2026-10-03,installation_sgg_code,41113,EPHN_SCKT,이어폰 소켓,23,23,0,0,100.0,0.0,23,100.0
2026-10-03,installation_sgg_code,41113,TCTL_ELCTNC_MONITOR,촉각(전자)모니터,23,22,1,0,95.652174,0.0,23,95.652174
2026-10-03,installation_sgg_code,41113,SCRN_EXPSN_FWK,화면 확대 기능,23,23,0,0,100.0,0.0,23,100.0
2026-10-03,installation_sgg_code,41113,WHCHR_USER_MNPLT,휠체어 사용자 조작,23,23,0,0,100.0,0.0,23,100.0
2026-10-03,installation_sgg_code,41115,FRBLND_KPD,시각장애인용 키패드,20,20,0,0,100.0,0.0,20,100.0
2026-10-03,installation_sgg_code,41115,FRBLND_VOICE_GD,시각장애인용 음성안내,20,20,0,0,100.0,0.0,20,100.0
2026-10-03,installation_sgg_code,41115,FRDEAF_SCRN_GD,청각장애인용 화면안내,20,20,0,0,100.0,0.0,20,100.0
2026-10-03,installation_sgg_code,41115,BRL_LBL_ATCMNT,점자라벨 부착,20,20,0,0,100.0,0.0,20,100.0
2026-10-03,installation_sgg_code,41115,EPHN_SCKT,이어폰 소켓,20,20,0,0,100.0,0.0,20,100.0
2026-10-03,installation_sgg_code,41115,TCTL_ELCTNC_MONITOR,촉각(전자)모니터,20,20,0,0,100.0,0.0,20,100.0
2026-10-03,installation_sgg_code,41115,SCRN_EXPSN_FWK,화면 확대 기능,20,20,0,0,100.0,0.0,20,100.0
2026-10-03,installation_sgg_code,41115,WHCHR_USER_MNPLT,휠체어 사용자 조작,20,20,0,0,100.0,0.0,20,100.0
2026-10-03,installation_sgg_code,41117,FRBLND_KPD,시각장애인용 키패드,28,28,0,0,100.0,0.0,28,100.0
2026-10-03,installation_sgg_code,41117,FRBLND_VOICE_GD,시각장애인용 음성안내,28,28,0,0,100.0,0.0,28,100.0
2026-10-03,installation_sgg_code,41117,FRDEAF_SCRN_GD,청각장애인용 화면안내,28,28,0,0,100.0,0.0,28,100.0
2026-10-03,installation_sgg_code,41117,BRL_LBL_ATCMNT,점자라벨 부착,28,28,0,0,100.0,0.0,28,100.0
2026-10-03,installation_sgg_code,41117,EPHN_SCKT,이어폰 소켓,28,28,0,0,100.0,0.0,28,100.0
2026-10-03,installation_sgg_code,41117,TCTL_ELCTNC_MONITOR,촉각(전자)모니터,28,28,0,0,100.0,0.0,28,100.0
2026-10-03,installation_sgg_code,41117,SCRN_EXPSN_FWK,화면 확대 기능,28,28,0,0,100.0,0.0,28,100.0
2026-10-03,installation_sgg_code,41117,WHCHR_USER_MNPLT,휠체어 사용자 조작,28,28,0,0,100.0,0.0,28,100.0
2026-10-03,installation_sgg_code,41131,FRBLND_KPD,시각장애인용 키패드,19,19,0,0,100.0,0.0,19,100.0
2026-10-03,installation_sgg_code,41131,FRBLND_VOICE_GD,시각장애인용 음성안내,19,19,0,0,100.0,0.0,19,100.0
2026-10-03,installation_sgg_code,41131,FRDEAF_SCRN_GD,청각장애인용 화면안내,19,19,0,0,100.0,0.0,19,100.0
2026-10-03,installation_sgg_code,41131,BRL_LBL_ATCMNT,점자라벨 부착,19,19,0,0,100.0,0.0,19,100.0
2026-10-03,installation_sgg_code,41131,EPHN_SCKT,이어폰 소켓,19,19,0,0,100.0,0.0,19,100.0
2026-10-03,installation_sgg_code,41131,TCTL_ELCTNC_MONITOR,촉각(전자)모니터,19,16,3,0,84.210526,0.0,19,84.210526
2026-10-03,installation_sgg_code,41131,SCRN_EXPSN_FWK,화면 확대 기능,19,19,0,0,100.0,0.0,19,100.0
2026-10-03,installation_sgg_code,41131,WHCHR_USER_MNPLT,휠체어 사용자 조작,19,19,0,0,100.0,0.0,19,100.0
2026-10-03,installation_sgg_code,41133,FRBLND_KPD,시각장애인용 키패드,13,13,0,0,100.0,0.0,13,100.0
2026-10-03,installation_sgg_code,41133,FRBLND_VOICE_GD,시각장애인용 음성안내,13,13,0,0,100.0,0.0,13,100.0
2026-10-03,installation_sgg_code,41133,FRDEAF_SCRN_GD,청각장애인용 화면안내,13,13,0,0,100.0,0.0,13,100.0
2026-10-03,installation_sgg_code,41133,BRL_LBL_ATCMNT,점자라벨 부착,13,13,0,0,100.0,0.0,13,100.0
2026-10-03,installation_sgg_code,41133,EPHN_SCKT,이어폰 소켓,13,13,0,0,100.0,0.0,13,100.0
2026-10-03,installation_sgg_code,41133,TCTL_ELCTNC_MONITOR,촉각(전자)모니터,13,0,13,0,0.0,0.0,13,0.0
2026-10-03,installation_sgg_code,41133,SCRN_EXPSN_FWK,화면 확대 기능,13,13,0,0,100.0,0.0,13,100.0
2026-10-03,installation_sgg_code,41133,WHCHR_USER_MNPLT,휠체어 사용자 조작,13,13,0,0,100.0,0.0,13,100.0
2026-10-03,installation_sgg_code,41135,FRBLND_KPD,시각장애인용 키패드,32,32,0,0,100.0,0.0,32,100.0
2026-10-03,installation_sgg_code,41135,FRBLND_VOICE_GD,시각장애인용 음성안내,32,32,0,0,100.0,0.0,32,100.0
2026-10-03,installation_sgg_code,41135,FRDEAF_SCRN_GD,청각장애인용 화면안내,32,32,0,0,100.0,0.0,32,100.0
2026-10-03,installation_sgg_code,41135,BRL_LBL_ATCMNT,점자라벨 부착,32,32,0,0,100.0,0.0,32,100.0
2026-10-03,installation_sgg_code,41135,EPHN_SCKT,이어폰 소켓,32,32,0,0,100.0,0.0,32,100.0
2026-10-03,installation_sgg_code,41135,TCTL_ELCTNC_MONITOR,촉각(전자)모니터,32,27,5,0,84.375,0.0,32,84.375
2026-10-03,installation_sgg_code,41135,SCRN_EXPSN_FWK,화면 확대 기능,32,32,0,0,100.0,0.0,32,100.0
2026-10-03,installation_sgg_code,41135,WHCHR_USER_MNPLT,휠체어 사용자 조작,32,31,1,0,96.875,0.0,32,96.875
2026-10-03,installation_sgg_code,41150,FRBLND_KPD,시각장애인용 키패드,36,36,0,0,100.0,0.0,36,100.0
2026-10-03,installation_sgg_code,41150,FRBLND_VOICE_GD,시각장애인용 음성안내,36,36,0,0,100.0,0.0,36,100.0
2026-10-03,installation_sgg_code,41150,FRDEAF_SCRN_GD,청각장애인용 화면안내,36,36,0,0,100.0,0.0,36,100.0
2026-10-03,installation_sgg_code,41150,BRL_LBL_ATCMNT,점자라벨 부착,36,36,0,0,100.0,0.0,36,100.0
2026-10-03,installation_sgg_code,41150,EPHN_SCKT,이어폰 소켓,36,36,0,0,100.0,0.0,36,100.0
2026-10-03,installation_sgg_code,41150,TCTL_ELCTNC_MONITOR,촉각(전자)모니터,36,0,36,0,0.0,0.0,36,0.0
2026-10-03,installation_sgg_code,41150,SCRN_EXPSN_FWK,화면 확대 기능,36,36,0,0,100.0,0.0,36,100.0
2026-10-03,installation_sgg_code,41150,WHCHR_USER_MNPLT,휠체어 사용자 조작,36,36,0,0,100.0,0.0,36,100.0
2026-10-03,installation_sgg_code,41171,FRBLND_KPD,시각장애인용 키패드,15,15,0,0,100.0,0.0,15,100.0
2026-10-03,installation_sgg_code,41171,FRBLND_VOICE_GD,시각장애인용 음성안내,15,15,0,0,100.0,0.0,15,100.0
2026-10-03,installation_sgg_code,41171,FRDEAF_SCRN_GD,청각장애인용 화면안내,15,15,0,0,100.0,0.0,15,100.0
2026-10-03,installation_sgg_code,41171,BRL_LBL_ATCMNT,점자라벨 부착,15,15,0,0,100.0,0.0,15,100.0
2026-10-03,installation_sgg_code,41171,EPHN_SCKT,이어폰 소켓,15,15,0,0,100.0,0.0,15,100.0
2026-10-03,installation_sgg_code,41171,TCTL_ELCTNC_MONITOR,촉각(전자)모니터,15,0,15,0,0.0,0.0,15,0.0
2026-10-03,installation_sgg_code,41171,SCRN_EXPSN_FWK,화면 확대 기능,15,15,0,0,100.0,0.0,15,100.0
2026-10-03,installation_sgg_code,41171,WHCHR_USER_MNPLT,휠체어 사용자 조작,15,15,0,0,100.0,0.0,15,100.0
2026-10-03,installation_sgg_code,41173,FRBLND_KPD,시각장애인용 키패드,21,21,0,0,100.0,0.0,21,100.0
2026-10-03,installation_sgg_code,41173,FRBLND_VOICE_GD,시각장애인용 음성안내,21,21,0,0,100.0,0.0,21,100.0
2026-10-03,installation_sgg_code,41173,FRDEAF_SCRN_GD,청각장애인용 화면안내,21,21,0,0,100.0,0.0,21,100.0
2026-10-03,installation_sgg_code,41173,BRL_LBL_ATCMNT,점자라벨 부착,21,21,0,0,100.0,0.0,21,100.0
2026-10-03,installation_sgg_code,41173,EPHN_SCKT,이어폰 소켓,21,21,0,0,100.0,0.0,21,100.0
2026-10-03,installation_sgg_code,41173,TCTL_ELCTNC_MONITOR,촉각(전자)모니터,21,0,21,0,0.0,0.0,21,0.0
2026-10-03,installation_sgg_code,41173,SCRN_EXPSN_FWK,화면 확대 기능,21,21,0,0,100.0,0.0,21,100.0
2026-10-03,installation_sgg_code,41173,WHCHR_USER_MNPLT,휠체어 사용자 조작,21,21,0,0,100.0,0.0,21,100.0
2026-10-03,installation_sgg_code,41192,FRBLND_KPD,시각장애인용 키패드,27,27,0,0,100.0,0.0,27,100.0
2026-10-03,installation_sgg_code,41192,FRBLND_VOICE_GD,시각장애인용 음성안내,27,27,0,0,100.0,0.0,27,100.0
2026-10-03,installation_sgg_code,41192,FRDEAF_SCRN_GD,청각장애인용 화면안내,27,27,0,0,100.0,0.0,27,100.0
2026-10-03,installation_sgg_code,41192,BRL_LBL_ATCMNT,점자라벨 부착,27,27,0,0,100.0,0.0,27,100.0
2026-10-03,installation_sgg_code,41192,EPHN_SCKT,이어폰 소켓,27,27,0,0,100.0,0.0,27,100.0
2026-10-03,installation_sgg_code,41192,TCTL_ELCTNC_MONITOR,촉각(전자)모니터,27,18,9,0,66.666667,0.0,27,66.666667
2026-10-03,installation_sgg_code,41192,SCRN_EXPSN_FWK,화면 확대 기능,27,27,0,0,100.0,0.0,27,100.0
2026-10-03,installation_sgg_code,41192,WHCHR_USER_MNPLT,휠체어 사용자 조작,27,27,0,0,100.0,0.0,27,100.0
2026-10-03,installation_sgg_code,41194,FRBLND_KPD,시각장애인용 키패드,13,13,0,0,100.0,0.0,13,100.0
2026-10-03,installation_sgg_code,41194,FRBLND_VOICE_GD,시각장애인용 음성안내,13,13,0,0,100.0,0.0,13,100.0
2026-10-03,installation_sgg_code,41194,FRDEAF_SCRN_GD,청각장애인용 화면안내,13,13,0,0,100.0,0.0,13,100.0
2026-10-03,installation_sgg_code,41194,BRL_LBL_ATCMNT,점자라벨 부착,13,13,0,0,100.0,0.0,13,100.0
2026-10-03,installation_sgg_code,41194,EPHN_SCKT,이어폰 소켓,13,13,0,0,100.0,0.0,13,100.0
2026-10-03,installation_sgg_code,41194,TCTL_ELCTNC_MONITOR,촉각(전자)모니터,13,7,6,0,53.846154,0.0,13,53.846154
2026-10-03,installation_sgg_code,41194,SCRN_EXPSN_FWK,화면 확대 기능,13,13,0,0,100.0,0.0,13,100.0
2026-10-03,installation_sgg_code,41194,WHCHR_USER_MNPLT,휠체어 사용자 조작,13,13,0,0,100.0,0.0,13,100.0
2026-10-03,installation_sgg_code,41196,FRBLND_KPD,시각장애인용 키패드,8,8,0,0,100.0,0.0,8,100.0
2026-10-03,installation_sgg_code,41196,FRBLND_VOICE_GD,시각장애인용 음성안내,8,8,0,0,100.0,0.0,8,100.0
2026-10-03,installation_sgg_code,41196,FRDEAF_SCRN_GD,청각장애인용 화면안내,8,8,0,0,100.0,0.0,8,100.0
2026-10-03,installation_sgg_code,41196,BRL_LBL_ATCMNT,점자라벨 부착,8,8,0,0,100.0,0.0,8,100.0
2026-10-03,installation_sgg_code,41196,EPHN_SCKT,이어폰 소켓,8,8,0,0,100.0,0.0,8,100.0
2026-10-03,installation_sgg_code,41196,TCTL_ELCTNC_MONITOR,촉각(전자)모니터,8,6,2,0,75.0,0.0,8,75.0
2026-10-03,installation_sgg_code,41196,SCRN_EXPSN_FWK,화면 확대 기능,8,8,0,0,100.0,0.0,8,100.0
2026-10-03,installation_sgg_code,41196,WHCHR_USER_MNPLT,휠체어 사용자 조작,8,8,0,0,100.0,0.0,8,100.0
2026-10-03,installation_sgg_code,41210,FRBLND_KPD,시각장애인용 키패드,40,40,0,0,100.0,0.0,40,100.0
2026-10-03,installation_sgg_code,41210,FRBLND_VOICE_GD,시각장애인용 음성안내,40,40,0,0,100.0,0.0,40,100.0
2026-10-03,installation_sgg_code,41210,FRDEAF_SCRN_GD,청각장애인용 화면안내,40,40,0,0,100.0,0.0,40,100.0
2026-10-03,installation_sgg_code,41210,BRL_LBL_ATCMNT,점자라벨 부착,40,40,0,0,100.0,0.0,40,100.0
2026-10-03,installation_sgg_code,41210,EPHN_SCKT,이어폰 소켓,40,40,0,0,100.0,0.0,40,100.0
2026-10-03,installation_sgg_code,41210,TCTL_ELCTNC_MONITOR,촉각(전자)모니터,40,6,34,0,15.0,0.0,40,15.0
2026-10-03,installation_sgg_code,41210,SCRN_EXPSN_FWK,화면 확대 기능,40,40,0,0,100.0,0.0,40,100.0
2026-10-03,installation_sgg_code,41210,WHCHR_USER_MNPLT,휠체어 사용자 조작,40,20,20,0,50.0,0.0,40,50.0
2026-10-03,installation_sgg_code,41220,FRBLND_KPD,시각장애인용 키패드,48,48,0,0,100.0,0.0,48,100.0
2026-10-03,installation_sgg_code,41220,FRBLND_VOICE_GD,시각장애인용 음성안내,48,48,0,0,100.0,0.0,48,100.0
2026-10-03,installation_sgg_code,41220,FRDEAF_SCRN_GD,청각장애인용 화면안내,48,48,0,0,100.0,0.0,48,100.0
2026-10-03,installation_sgg_code,41220,BRL_LBL_ATCMNT,점자라벨 부착,48,48,0,0,100.0,0.0,48,100.0
2026-10-03,installation_sgg_code,41220,EPHN_SCKT,이어폰 소켓,48,48,0,0,100.0,0.0,48,100.0
2026-10-03,installation_sgg_code,41220,TCTL_ELCTNC_MONITOR,촉각(전자)모니터,48,1,47,0,2.083333,0.0,48,2.083333
2026-10-03,installation_sgg_code,41220,SCRN_EXPSN_FWK,화면 확대 기능,48,48,0,0,100.0,0.0,48,100.0
2026-10-03,installation_sgg_code,41220,WHCHR_USER_MNPLT,휠체어 사용자 조작,48,48,0,0,100.0,0.0,48,100.0
2026-10-03,installation_sgg_code,41250,FRBLND_KPD,시각장애인용 키패드,9,9,0,0,100.0,0.0,9,100.0
2026-10-03,installation_sgg_code,41250,FRBLND_VOICE_GD,시각장애인용 음성안내,9,9,0,0,100.0,0.0,9,100.0
2026-10-03,installation_sgg_code,41250,FRDEAF_SCRN_GD,청각장애인용 화면안내,9,9,0,0,100.0,0.0,9,100.0
2026-10-03,installation_sgg_code,41250,BRL_LBL_ATCMNT,점자라벨 부착,9,9,0,0,100.0,0.0,9,100.0
2026-10-03,installation_sgg_code,41250,EPHN_SCKT,이어폰 소켓,9,9,0,0,100.0,0.0,9,100.0
2026-10-03,installation_sgg_code,41250,TCTL_ELCTNC_MONITOR,촉각(전자)모니터,9,9,0,0,100.0,0.0,9,100.0
2026-10-03,installation_sgg_code,41250,SCRN_EXPSN_FWK,화면 확대 기능,9,9,0,0,100.0,0.0,9,100.0
2026-10-03,installation_sgg_code,41250,WHCHR_USER_MNPLT,휠체어 사용자 조작,9,9,0,0,100.0,0.0,9,100.0
2026-10-03,installation_sgg_code,41271,FRBLND_KPD,시각장애인용 키패드,28,28,0,0,100.0,0.0,28,100.0
2026-10-03,installation_sgg_code,41271,FRBLND_VOICE_GD,시각장애인용 음성안내,28,28,0,0,100.0,0.0,28,100.0
2026-10-03,installation_sgg_code,41271,FRDEAF_SCRN_GD,청각장애인용 화면안내,28,28,0,0,100.0,0.0,28,100.0
2026-10-03,installation_sgg_code,41271,BRL_LBL_ATCMNT,점자라벨 부착,28,28,0,0,100.0,0.0,28,100.0
2026-10-03,installation_sgg_code,41271,EPHN_SCKT,이어폰 소켓,28,28,0,0,100.0,0.0,28,100.0
2026-10-03,installation_sgg_code,41271,TCTL_ELCTNC_MONITOR,촉각(전자)모니터,28,0,28,0,0.0,0.0,28,0.0
2026-10-03,installation_sgg_code,41271,SCRN_EXPSN_FWK,화면 확대 기능,28,28,0,0,100.0,0.0,28,100.0
2026-10-03,installation_sgg_code,41271,WHCHR_USER_MNPLT,휠체어 사용자 조작,28,28,0,0,100.0,0.0,28,100.0
2026-10-03,installation_sgg_code,41273,FRBLND_KPD,시각장애인용 키패드,23,23,0,0,100.0,0.0,23,100.0
2026-10-03,installation_sgg_code,41273,FRBLND_VOICE_GD,시각장애인용 음성안내,23,23,0,0,100.0,0.0,23,100.0
2026-10-03,installation_sgg_code,41273,FRDEAF_SCRN_GD,청각장애인용 화면안내,23,23,0,0,100.0,0.0,23,100.0
2026-10-03,installation_sgg_code,41273,BRL_LBL_ATCMNT,점자라벨 부착,23,23,0,0,100.0,0.0,23,100.0
2026-10-03,installation_sgg_code,41273,EPHN_SCKT,이어폰 소켓,23,23,0,0,100.0,0.0,23,100.0
2026-10-03,installation_sgg_code,41273,TCTL_ELCTNC_MONITOR,촉각(전자)모니터,23,0,23,0,0.0,0.0,23,0.0
2026-10-03,installation_sgg_code,41273,SCRN_EXPSN_FWK,화면 확대 기능,23,23,0,0,100.0,0.0,23,100.0
2026-10-03,installation_sgg_code,41273,WHCHR_USER_MNPLT,휠체어 사용자 조작,23,23,0,0,100.0,0.0,23,100.0
2026-10-03,installation_sgg_code,41281,FRBLND_KPD,시각장애인용 키패드,27,27,0,0,100.0,0.0,27,100.0
2026-10-03,installation_sgg_code,41281,FRBLND_VOICE_GD,시각장애인용 음성안내,27,27,0,0,100.0,0.0,27,100.0
2026-10-03,installation_sgg_code,41281,FRDEAF_SCRN_GD,청각장애인용 화면안내,27,27,0,0,100.0,0.0,27,100.0
2026-10-03,installation_sgg_code,41281,BRL_LBL_ATCMNT,점자라벨 부착,27,27,0,0,100.0,0.0,27,100.0
2026-10-03,installation_sgg_code,41281,EPHN_SCKT,이어폰 소켓,27,27,0,0,100.0,0.0,27,100.0
2026-10-03,installation_sgg_code,41281,TCTL_ELCTNC_MONITOR,촉각(전자)모니터,27,14,13,0,51.851852,0.0,27,51.851852
2026-10-03,installation_sgg_code,41281,SCRN_EXPSN_FWK,화면 확대 기능,27,27,0,0,100.0,0.0,27,100.0
2026-10-03,installation_sgg_code,41281,WHCHR_USER_MNPLT,휠체어 사용자 조작,27,26,1,0,96.296296,0.0,27,96.296296
2026-10-03,installation_sgg_code,41285,FRBLND_KPD,시각장애인용 키패드,15,15,0,0,100.0,0.0,15,100.0
2026-10-03,installation_sgg_code,41285,FRBLND_VOICE_GD,시각장애인용 음성안내,15,15,0,0,100.0,0.0,15,100.0
2026-10-03,installation_sgg_code,41285,FRDEAF_SCRN_GD,청각장애인용 화면안내,15,15,0,0,100.0,0.0,15,100.0
2026-10-03,installation_sgg_code,41285,BRL_LBL_ATCMNT,점자라벨 부착,15,15,0,0,100.0,0.0,15,100.0
2026-10-03,installation_sgg_code,41285,EPHN_SCKT,이어폰 소켓,15,15,0,0,100.0,0.0,15,100.0
2026-10-03,installation_sgg_code,41285,TCTL_ELCTNC_MONITOR,촉각(전자)모니터,15,8,7,0,53.333333,0.0,15,53.333333
2026-10-03,installation_sgg_code,41285,SCRN_EXPSN_FWK,화면 확대 기능,15,15,0,0,100.0,0.0,15,100.0
2026-10-03,installation_sgg_code,41285,WHCHR_USER_MNPLT,휠체어 사용자 조작,15,9,6,0,60.0,0.0,15,60.0
2026-10-03,installation_sgg_code,41287,FRBLND_KPD,시각장애인용 키패드,12,12,0,0,100.0,0.0,12,100.0
2026-10-03,installation_sgg_code,41287,FRBLND_VOICE_GD,시각장애인용 음성안내,12,12,0,0,100.0,0.0,12,100.0
2026-10-03,installation_sgg_code,41287,FRDEAF_SCRN_GD,청각장애인용 화면안내,12,12,0,0,100.0,0.0,12,100.0
2026-10-03,installation_sgg_code,41287,BRL_LBL_ATCMNT,점자라벨 부착,12,12,0,0,100.0,0.0,12,100.0
2026-10-03,installation_sgg_code,41287,EPHN_SCKT,이어폰 소켓,12,12,0,0,100.0,0.0,12,100.0
2026-10-03,installation_sgg_code,41287,TCTL_ELCTNC_MONITOR,촉각(전자)모니터,12,3,9,0,25.0,0.0,12,25.0
2026-10-03,installation_sgg_code,41287,SCRN_EXPSN_FWK,화면 확대 기능,12,12,0,0,100.0,0.0,12,100.0
2026-10-03,installation_sgg_code,41287,WHCHR_USER_MNPLT,휠체어 사용자 조작,12,12,0,0,100.0,0.0,12,100.0
2026-10-03,installation_sgg_code,41290,FRBLND_KPD,시각장애인용 키패드,16,16,0,0,100.0,0.0,16,100.0
2026-10-03,installation_sgg_code,41290,FRBLND_VOICE_GD,시각장애인용 음성안내,16,16,0,0,100.0,0.0,16,100.0
2026-10-03,installation_sgg_code,41290,FRDEAF_SCRN_GD,청각장애인용 화면안내,16,16,0,0,100.0,0.0,16,100.0
2026-10-03,installation_sgg_code,41290,BRL_LBL_ATCMNT,점자라벨 부착,16,16,0,0,100.0,0.0,16,100.0
2026-10-03,installation_sgg_code,41290,EPHN_SCKT,이어폰 소켓,16,16,0,0,100.0,0.0,16,100.0
2026-10-03,installation_sgg_code,41290,TCTL_ELCTNC_MONITOR,촉각(전자)모니터,16,4,12,0,25.0,0.0,16,25.0
2026-10-03,installation_sgg_code,41290,SCRN_EXPSN_FWK,화면 확대 기능,16,16,0,0,100.0,0.0,16,100.0
2026-10-03,installation_sgg_code,41290,WHCHR_USER_MNPLT,휠체어 사용자 조작,16,16,0,0,100.0,0.0,16,100.0
2026-10-03,installation_sgg_code,41310,FRBLND_KPD,시각장애인용 키패드,18,18,0,0,100.0,0.0,18,100.0
2026-10-03,installation_sgg_code,41310,FRBLND_VOICE_GD,시각장애인용 음성안내,18,18,0,0,100.0,0.0,18,100.0
2026-10-03,installation_sgg_code,41310,FRDEAF_SCRN_GD,청각장애인용 화면안내,18,18,0,0,100.0,0.0,18,100.0
2026-10-03,installation_sgg_code,41310,BRL_LBL_ATCMNT,점자라벨 부착,18,18,0,0,100.0,0.0,18,100.0
2026-10-03,installation_sgg_code,41310,EPHN_SCKT,이어폰 소켓,18,18,0,0,100.0,0.0,18,100.0
2026-10-03,installation_sgg_code,41310,TCTL_ELCTNC_MONITOR,촉각(전자)모니터,18,0,18,0,0.0,0.0,18,0.0
2026-10-03,installation_sgg_code,41310,SCRN_EXPSN_FWK,화면 확대 기능,18,18,0,0,100.0,0.0,18,100.0
2026-10-03,installation_sgg_code,41310,WHCHR_USER_MNPLT,휠체어 사용자 조작,18,18,0,0,100.0,0.0,18,100.0
2026-10-03,installation_sgg_code,41360,FRBLND_KPD,시각장애인용 키패드,55,55,0,0,100.0,0.0,55,100.0
2026-10-03,installation_sgg_code,41360,FRBLND_VOICE_GD,시각장애인용 음성안내,55,55,0,0,100.0,0.0,55,100.0
2026-10-03,installation_sgg_code,41360,FRDEAF_SCRN_GD,청각장애인용 화면안내,55,55,0,0,100.0,0.0,55,100.0
2026-10-03,installation_sgg_code,41360,BRL_LBL_ATCMNT,점자라벨 부착,55,55,0,0,100.0,0.0,55,100.0
2026-10-03,installation_sgg_code,41360,EPHN_SCKT,이어폰 소켓,55,55,0,0,100.0,0.0,55,100.0
2026-10-03,installation_sgg_code,41360,TCTL_ELCTNC_MONITOR,촉각(전자)모니터,55,3,52,0,5.454545,0.0,55,5.454545
2026-10-03,installation_sgg_code,41360,SCRN_EXPSN_FWK,화면 확대 기능,55,55,0,0,100.0,0.0,55,100.0
2026-10-03,installation_sgg_code,41360,WHCHR_USER_MNPLT,휠체어 사용자 조작,55,48,7,0,87.272727,0.0,55,87.272727
2026-10-03,installation_sgg_code,41370,FRBLND_KPD,시각장애인용 키패드,22,22,0,0,100.0,0.0,22,100.0
2026-10-03,installation_sgg_code,41370,FRBLND_VOICE_GD,시각장애인용 음성안내,22,22,0,0,100.0,0.0,22,100.0
2026-10-03,installation_sgg_code,41370,FRDEAF_SCRN_GD,청각장애인용 화면안내,22,22,0,0,100.0,0.0,22,100.0
2026-10-03,installation_sgg_code,41370,BRL_LBL_ATCMNT,점자라벨 부착,22,22,0,0,100.0,0.0,22,100.0
2026-10-03,installation_sgg_code,41370,EPHN_SCKT,이어폰 소켓,22,22,0,0,100.0,0.0,22,100.0
2026-10-03,installation_sgg_code,41370,TCTL_ELCTNC_MONITOR,촉각(전자)모니터,22,0,22,0,0.0,0.0,22,0.0
2026-10-03,installation_sgg_code,41370,SCRN_EXPSN_FWK,화면 확대 기능,22,22,0,0,100.0,0.0,22,100.0
2026-10-03,installation_sgg_code,41370,WHCHR_USER_MNPLT,휠체어 사용자 조작,22,22,0,0,100.0,0.0,22,100.0
2026-10-03,installation_sgg_code,41390,FRBLND_KPD,시각장애인용 키패드,40,40,0,0,100.0,0.0,40,100.0
2026-10-03,installation_sgg_code,41390,FRBLND_VOICE_GD,시각장애인용 음성안내,40,40,0,0,100.0,0.0,40,100.0
2026-10-03,installation_sgg_code,41390,FRDEAF_SCRN_GD,청각장애인용 화면안내,40,40,0,0,100.0,0.0,40,100.0
2026-10-03,installation_sgg_code,41390,BRL_LBL_ATCMNT,점자라벨 부착,40,40,0,0,100.0,0.0,40,100.0
2026-10-03,installation_sgg_code,41390,EPHN_SCKT,이어폰 소켓,40,40,0,0,100.0,0.0,40,100.0
2026-10-03,installation_sgg_code,41390,TCTL_ELCTNC_MONITOR,촉각(전자)모니터,40,7,33,0,17.5,0.0,40,17.5
2026-10-03,installation_sgg_code,41390,SCRN_EXPSN_FWK,화면 확대 기능,40,40,0,0,100.0,0.0,40,100.0
2026-10-03,installation_sgg_code,41390,WHCHR_USER_MNPLT,휠체어 사용자 조작,40,38,2,0,95.0,0.0,40,95.0
2026-10-03,installation_sgg_code,41410,FRBLND_KPD,시각장애인용 키패드,17,17,0,0,100.0,0.0,17,100.0
2026-10-03,installation_sgg_code,41410,FRBLND_VOICE_GD,시각장애인용 음성안내,17,17,0,0,100.0,0.0,17,100.0
2026-10-03,installation_sgg_code,41410,FRDEAF_SCRN_GD,청각장애인용 화면안내,17,17,0,0,100.0,0.0,17,100.0
2026-10-03,installation_sgg_code,41410,BRL_LBL_ATCMNT,점자라벨 부착,17,17,0,0,100.0,0.0,17,100.0
2026-10-03,installation_sgg_code,41410,EPHN_SCKT,이어폰 소켓,17,17,0,0,100.0,0.0,17,100.0
2026-10-03,installation_sgg_code,41410,TCTL_ELCTNC_MONITOR,촉각(전자)모니터,17,17,0,0,100.0,0.0,17,100.0
2026-10-03,installation_sgg_code,41410,SCRN_EXPSN_FWK,화면 확대 기능,17,17,0,0,100.0,0.0,17,100.0
2026-10-03,installation_sgg_code,41410,WHCHR_USER_MNPLT,휠체어 사용자 조작,17,17,0,0,100.0,0.0,17,100.0
2026-10-03,installation_sgg_code,41430,FRBLND_KPD,시각장애인용 키패드,18,18,0,0,100.0,0.0,18,100.0
2026-10-03,installation_sgg_code,41430,FRBLND_VOICE_GD,시각장애인용 음성안내,18,18,0,0,100.0,0.0,18,100.0
2026-10-03,installation_sgg_code,41430,FRDEAF_SCRN_GD,청각장애인용 화면안내,18,18,0,0,100.0,0.0,18,100.0
2026-10-03,installation_sgg_code,41430,BRL_LBL_ATCMNT,점자라벨 부착,18,18,0,0,100.0,0.0,18,100.0
2026-10-03,installation_sgg_code,41430,EPHN_SCKT,이어폰 소켓,18,18,0,0,100.0,0.0,18,100.0
2026-10-03,installation_sgg_code,41430,TCTL_ELCTNC_MONITOR,촉각(전자)모니터,18,2,16,0,11.111111,0.0,18,11.111111
2026-10-03,installation_sgg_code,41430,SCRN_EXPSN_FWK,화면 확대 기능,18,18,0,0,100.0,0.0,18,100.0
2026-10-03,installation_sgg_code,41430,WHCHR_USER_MNPLT,휠체어 사용자 조작,18,18,0,0,100.0,0.0,18,100.0
2026-10-03,installation_sgg_code,41450,FRBLND_KPD,시각장애인용 키패드,35,35,0,0,100.0,0.0,35,100.0
2026-10-03,installation_sgg_code,41450,FRBLND_VOICE_GD,시각장애인용 음성안내,35,35,0,0,100.0,0.0,35,100.0
2026-10-03,installation_sgg_code,41450,FRDEAF_SCRN_GD,청각장애인용 화면안내,35,35,0,0,100.0,0.0,35,100.0
2026-10-03,installation_sgg_code,41450,BRL_LBL_ATCMNT,점자라벨 부착,35,35,0,0,100.0,0.0,35,100.0
2026-10-03,installation_sgg_code,41450,EPHN_SCKT,이어폰 소켓,35,35,0,0,100.0,0.0,35,100.0
2026-10-03,installation_sgg_code,41450,TCTL_ELCTNC_MONITOR,촉각(전자)모니터,35,0,35,0,0.0,0.0,35,0.0
2026-10-03,installation_sgg_code,41450,SCRN_EXPSN_FWK,화면 확대 기능,35,35,0,0,100.0,0.0,35,100.0
2026-10-03,installation_sgg_code,41450,WHCHR_USER_MNPLT,휠체어 사용자 조작,35,35,0,0,100.0,0.0,35,100.0
2026-10-03,installation_sgg_code,41461,FRBLND_KPD,시각장애인용 키패드,22,22,0,0,100.0,0.0,22,100.0
2026-10-03,installation_sgg_code,41461,FRBLND_VOICE_GD,시각장애인용 음성안내,22,22,0,0,100.0,0.0,22,100.0
2026-10-03,installation_sgg_code,41461,FRDEAF_SCRN_GD,청각장애인용 화면안내,22,22,0,0,100.0,0.0,22,100.0
2026-10-03,installation_sgg_code,41461,BRL_LBL_ATCMNT,점자라벨 부착,22,22,0,0,100.0,0.0,22,100.0
2026-10-03,installation_sgg_code,41461,EPHN_SCKT,이어폰 소켓,22,22,0,0,100.0,0.0,22,100.0
2026-10-03,installation_sgg_code,41461,TCTL_ELCTNC_MONITOR,촉각(전자)모니터,22,3,19,0,13.636364,0.0,22,13.636364
2026-10-03,installation_sgg_code,41461,SCRN_EXPSN_FWK,화면 확대 기능,22,22,0,0,100.0,0.0,22,100.0
2026-10-03,installation_sgg_code,41461,WHCHR_USER_MNPLT,휠체어 사용자 조작,22,22,0,0,100.0,0.0,22,100.0
2026-10-03,installation_sgg_code,41463,FRBLND_KPD,시각장애인용 키패드,21,21,0,0,100.0,0.0,21,100.0
2026-10-03,installation_sgg_code,41463,FRBLND_VOICE_GD,시각장애인용 음성안내,21,21,0,0,100.0,0.0,21,100.0
2026-10-03,installation_sgg_code,41463,FRDEAF_SCRN_GD,청각장애인용 화면안내,21,21,0,0,100.0,0.0,21,100.0
2026-10-03,installation_sgg_code,41463,BRL_LBL_ATCMNT,점자라벨 부착,21,21,0,0,100.0,0.0,21,100.0
2026-10-03,installation_sgg_code,41463,EPHN_SCKT,이어폰 소켓,21,21,0,0,100.0,0.0,21,100.0
2026-10-03,installation_sgg_code,41463,TCTL_ELCTNC_MONITOR,촉각(전자)모니터,21,1,20,0,4.761905,0.0,21,4.761905
2026-10-03,installation_sgg_code,41463,SCRN_EXPSN_FWK,화면 확대 기능,21,21,0,0,100.0,0.0,21,100.0
2026-10-03,installation_sgg_code,41463,WHCHR_USER_MNPLT,휠체어 사용자 조작,21,21,0,0,100.0,0.0,21,100.0
2026-10-03,installation_sgg_code,41465,FRBLND_KPD,시각장애인용 키패드,14,14,0,0,100.0,0.0,14,100.0
2026-10-03,installation_sgg_code,41465,FRBLND_VOICE_GD,시각장애인용 음성안내,14,14,0,0,100.0,0.0,14,100.0
2026-10-03,installation_sgg_code,41465,FRDEAF_SCRN_GD,청각장애인용 화면안내,14,14,0,0,100.0,0.0,14,100.0
2026-10-03,installation_sgg_code,41465,BRL_LBL_ATCMNT,점자라벨 부착,14,14,0,0,100.0,0.0,14,100.0
2026-10-03,installation_sgg_code,41465,EPHN_SCKT,이어폰 소켓,14,14,0,0,100.0,0.0,14,100.0
2026-10-03,installation_sgg_code,41465,TCTL_ELCTNC_MONITOR,촉각(전자)모니터,14,2,12,0,14.285714,0.0,14,14.285714
2026-10-03,installation_sgg_code,41465,SCRN_EXPSN_FWK,화면 확대 기능,14,14,0,0,100.0,0.0,14,100.0
2026-10-03,installation_sgg_code,41465,WHCHR_USER_MNPLT,휠체어 사용자 조작,14,14,0,0,100.0,0.0,14,100.0
2026-10-03,installation_sgg_code,41480,FRBLND_KPD,시각장애인용 키패드,45,45,0,0,100.0,0.0,45,100.0
2026-10-03,installation_sgg_code,41480,FRBLND_VOICE_GD,시각장애인용 음성안내,45,45,0,0,100.0,0.0,45,100.0
2026-10-03,installation_sgg_code,41480,FRDEAF_SCRN_GD,청각장애인용 화면안내,45,45,0,0,100.0,0.0,45,100.0
2026-10-03,installation_sgg_code,41480,BRL_LBL_ATCMNT,점자라벨 부착,45,45,0,0,100.0,0.0,45,100.0
2026-10-03,installation_sgg_code,41480,EPHN_SCKT,이어폰 소켓,45,45,0,0,100.0,0.0,45,100.0
2026-10-03,installation_sgg_code,41480,TCTL_ELCTNC_MONITOR,촉각(전자)모니터,45,45,0,0,100.0,0.0,45,100.0
2026-10-03,installation_sgg_code,41480,SCRN_EXPSN_FWK,화면 확대 기능,45,45,0,0,100.0,0.0,45,100.0
2026-10-03,installation_sgg_code,41480,WHCHR_USER_MNPLT,휠체어 사용자 조작,45,45,0,0,100.0,0.0,45,100.0
2026-10-03,installation_sgg_code,41500,FRBLND_KPD,시각장애인용 키패드,36,36,0,0,100.0,0.0,36,100.0
2026-10-03,installation_sgg_code,41500,FRBLND_VOICE_GD,시각장애인용 음성안내,36,36,0,0,100.0,0.0,36,100.0
2026-10-03,installation_sgg_code,41500,FRDEAF_SCRN_GD,청각장애인용 화면안내,36,36,0,0,100.0,0.0,36,100.0
2026-10-03,installation_sgg_code,41500,BRL_LBL_ATCMNT,점자라벨 부착,36,36,0,0,100.0,0.0,36,100.0
2026-10-03,installation_sgg_code,41500,EPHN_SCKT,이어폰 소켓,36,36,0,0,100.0,0.0,36,100.0
2026-10-03,installation_sgg_code,41500,TCTL_ELCTNC_MONITOR,촉각(전자)모니터,36,6,30,0,16.666667,0.0,36,16.666667
2026-10-03,installation_sgg_code,41500,SCRN_EXPSN_FWK,화면 확대 기능,36,36,0,0,100.0,0.0,36,100.0
2026-10-03,installation_sgg_code,41500,WHCHR_USER_MNPLT,휠체어 사용자 조작,36,36,0,0,100.0,0.0,36,100.0
2026-10-03,installation_sgg_code,41550,FRBLND_KPD,시각장애인용 키패드,29,29,0,0,100.0,0.0,29,100.0
2026-10-03,installation_sgg_code,41550,FRBLND_VOICE_GD,시각장애인용 음성안내,29,29,0,0,100.0,0.0,29,100.0
2026-10-03,installation_sgg_code,41550,FRDEAF_SCRN_GD,청각장애인용 화면안내,29,29,0,0,100.0,0.0,29,100.0
2026-10-03,installation_sgg_code,41550,BRL_LBL_ATCMNT,점자라벨 부착,29,29,0,0,100.0,0.0,29,100.0
2026-10-03,installation_sgg_code,41550,EPHN_SCKT,이어폰 소켓,29,29,0,0,100.0,0.0,29,100.0
2026-10-03,installation_sgg_code,41550,TCTL_ELCTNC_MONITOR,촉각(전자)모니터,29,0,29,0,0.0,0.0,29,0.0
2026-10-03,installation_sgg_code,41550,SCRN_EXPSN_FWK,화면 확대 기능,29,29,0,0,100.0,0.0,29,100.0
2026-10-03,installation_sgg_code,41550,WHCHR_USER_MNPLT,휠체어 사용자 조작,29,28,1,0,96.551724,0.0,29,96.551724
2026-10-03,installation_sgg_code,41570,FRBLND_KPD,시각장애인용 키패드,23,23,0,0,100.0,0.0,23,100.0
2026-10-03,installation_sgg_code,41570,FRBLND_VOICE_GD,시각장애인용 음성안내,23,23,0,0,100.0,0.0,23,100.0
2026-10-03,installation_sgg_code,41570,FRDEAF_SCRN_GD,청각장애인용 화면안내,23,23,0,0,100.0,0.0,23,100.0
2026-10-03,installation_sgg_code,41570,BRL_LBL_ATCMNT,점자라벨 부착,23,23,0,0,100.0,0.0,23,100.0
2026-10-03,installation_sgg_code,41570,EPHN_SCKT,이어폰 소켓,23,23,0,0,100.0,0.0,23,100.0
2026-10-03,installation_sgg_code,41570,TCTL_ELCTNC_MONITOR,촉각(전자)모니터,23,17,6,0,73.913043,0.0,23,73.913043
2026-10-03,installation_sgg_code,41570,SCRN_EXPSN_FWK,화면 확대 기능,23,23,0,0,100.0,0.0,23,100.0
2026-10-03,installation_sgg_code,41570,WHCHR_USER_MNPLT,휠체어 사용자 조작,23,23,0,0,100.0,0.0,23,100.0
2026-10-03,installation_sgg_code,41590,FRBLND_KPD,시각장애인용 키패드,20,20,0,0,100.0,0.0,20,100.0
2026-10-03,installation_sgg_code,41590,FRBLND_VOICE_GD,시각장애인용 음성안내,20,20,0,0,100.0,0.0,20,100.0
2026-10-03,installation_sgg_code,41590,FRDEAF_SCRN_GD,청각장애인용 화면안내,20,20,0,0,100.0,0.0,20,100.0
2026-10-03,installation_sgg_code,41590,BRL_LBL_ATCMNT,점자라벨 부착,20,20,0,0,100.0,0.0,20,100.0
2026-10-03,installation_sgg_code,41590,EPHN_SCKT,이어폰 소켓,20,20,0,0,100.0,0.0,20,100.0
2026-10-03,installation_sgg_code,41590,TCTL_ELCTNC_MONITOR,촉각(전자)모니터,20,7,13,0,35.0,0.0,20,35.0
2026-10-03,installation_sgg_code,41590,SCRN_EXPSN_FWK,화면 확대 기능,20,20,0,0,100.0,0.0,20,100.0
2026-10-03,installation_sgg_code,41590,WHCHR_USER_MNPLT,휠체어 사용자 조작,20,8,12,0,40.0,0.0,20,40.0
2026-10-03,installation_sgg_code,41591,FRBLND_KPD,시각장애인용 키패드,22,22,0,0,100.0,0.0,22,100.0
2026-10-03,installation_sgg_code,41591,FRBLND_VOICE_GD,시각장애인용 음성안내,22,22,0,0,100.0,0.0,22,100.0
2026-10-03,installation_sgg_code,41591,FRDEAF_SCRN_GD,청각장애인용 화면안내,22,22,0,0,100.0,0.0,22,100.0
2026-10-03,installation_sgg_code,41591,BRL_LBL_ATCMNT,점자라벨 부착,22,22,0,0,100.0,0.0,22,100.0
2026-10-03,installation_sgg_code,41591,EPHN_SCKT,이어폰 소켓,22,22,0,0,100.0,0.0,22,100.0
2026-10-03,installation_sgg_code,41591,TCTL_ELCTNC_MONITOR,촉각(전자)모니터,22,10,12,0,45.454545,0.0,22,45.454545
2026-10-03,installation_sgg_code,41591,SCRN_EXPSN_FWK,화면 확대 기능,22,22,0,0,100.0,0.0,22,100.0
2026-10-03,installation_sgg_code,41591,WHCHR_USER_MNPLT,휠체어 사용자 조작,22,12,10,0,54.545455,0.0,22,54.545455
2026-10-03,installation_sgg_code,41593,FRBLND_KPD,시각장애인용 키패드,14,14,0,0,100.0,0.0,14,100.0
2026-10-03,installation_sgg_code,41593,FRBLND_VOICE_GD,시각장애인용 음성안내,14,14,0,0,100.0,0.0,14,100.0
2026-10-03,installation_sgg_code,41593,FRDEAF_SCRN_GD,청각장애인용 화면안내,14,14,0,0,100.0,0.0,14,100.0
2026-10-03,installation_sgg_code,41593,BRL_LBL_ATCMNT,점자라벨 부착,14,14,0,0,100.0,0.0,14,100.0
2026-10-03,installation_sgg_code,41593,EPHN_SCKT,이어폰 소켓,14,14,0,0,100.0,0.0,14,100.0
2026-10-03,installation_sgg_code,41593,TCTL_ELCTNC_MONITOR,촉각(전자)모니터,14,6,8,0,42.857143,0.0,14,42.857143
2026-10-03,installation_sgg_code,41593,SCRN_EXPSN_FWK,화면 확대 기능,14,14,0,0,100.0,0.0,14,100.0
2026-10-03,installation_sgg_code,41593,WHCHR_USER_MNPLT,휠체어 사용자 조작,14,6,8,0,42.857143,0.0,14,42.857143
2026-10-03,installation_sgg_code,41595,FRBLND_KPD,시각장애인용 키패드,10,10,0,0,100.0,0.0,10,100.0
2026-10-03,installation_sgg_code,41595,FRBLND_VOICE_GD,시각장애인용 음성안내,10,10,0,0,100.0,0.0,10,100.0
2026-10-03,installation_sgg_code,41595,FRDEAF_SCRN_GD,청각장애인용 화면안내,10,10,0,0,100.0,0.0,10,100.0
2026-10-03,installation_sgg_code,41595,BRL_LBL_ATCMNT,점자라벨 부착,10,10,0,0,100.0,0.0,10,100.0
2026-10-03,installation_sgg_code,41595,EPHN_SCKT,이어폰 소켓,10,10,0,0,100.0,0.0,10,100.0
2026-10-03,installation_sgg_code,41595,TCTL_ELCTNC_MONITOR,촉각(전자)모니터,10,1,9,0,10.0,0.0,10,10.0
2026-10-03,installation_sgg_code,41595,SCRN_EXPSN_FWK,화면 확대 기능,10,10,0,0,100.0,0.0,10,100.0
2026-10-03,installation_sgg_code,41595,WHCHR_USER_MNPLT,휠체어 사용자 조작,10,1,9,0,10.0,0.0,10,10.0
2026-10-03,installation_sgg_code,41597,FRBLND_KPD,시각장애인용 키패드,25,25,0,0,100.0,0.0,25,100.0
2026-10-03,installation_sgg_code,41597,FRBLND_VOICE_GD,시각장애인용 음성안내,25,25,0,0,100.0,0.0,25,100.0
2026-10-03,installation_sgg_code,41597,FRDEAF_SCRN_GD,청각장애인용 화면안내,25,25,0,0,100.0,0.0,25,100.0
2026-10-03,installation_sgg_code,41597,BRL_LBL_ATCMNT,점자라벨 부착,25,25,0,0,100.0,0.0,25,100.0
2026-10-03,installation_sgg_code,41597,EPHN_SCKT,이어폰 소켓,25,25,0,0,100.0,0.0,25,100.0
2026-10-03,installation_sgg_code,41597,TCTL_ELCTNC_MONITOR,촉각(전자)모니터,25,5,20,0,20.0,0.0,25,20.0
2026-10-03,installation_sgg_code,41597,SCRN_EXPSN_FWK,화면 확대 기능,25,25,0,0,100.0,0.0,25,100.0
2026-10-03,installation_sgg_code,41597,WHCHR_USER_MNPLT,휠체어 사용자 조작,25,6,19,0,24.0,0.0,25,24.0
2026-10-03,installation_sgg_code,41610,FRBLND_KPD,시각장애인용 키패드,38,38,0,0,100.0,0.0,38,100.0
2026-10-03,installation_sgg_code,41610,FRBLND_VOICE_GD,시각장애인용 음성안내,38,38,0,0,100.0,0.0,38,100.0
2026-10-03,installation_sgg_code,41610,FRDEAF_SCRN_GD,청각장애인용 화면안내,38,38,0,0,100.0,0.0,38,100.0
2026-10-03,installation_sgg_code,41610,BRL_LBL_ATCMNT,점자라벨 부착,38,38,0,0,100.0,0.0,38,100.0
2026-10-03,installation_sgg_code,41610,EPHN_SCKT,이어폰 소켓,38,38,0,0,100.0,0.0,38,100.0
2026-10-03,installation_sgg_code,41610,TCTL_ELCTNC_MONITOR,촉각(전자)모니터,38,1,37,0,2.631579,0.0,38,2.631579
2026-10-03,installation_sgg_code,41610,SCRN_EXPSN_FWK,화면 확대 기능,38,38,0,0,100.0,0.0,38,100.0
2026-10-03,installation_sgg_code,41610,WHCHR_USER_MNPLT,휠체어 사용자 조작,38,38,0,0,100.0,0.0,38,100.0
2026-10-03,installation_sgg_code,41630,FRBLND_KPD,시각장애인용 키패드,31,31,0,0,100.0,0.0,31,100.0
2026-10-03,installation_sgg_code,41630,FRBLND_VOICE_GD,시각장애인용 음성안내,31,31,0,0,100.0,0.0,31,100.0
2026-10-03,installation_sgg_code,41630,FRDEAF_SCRN_GD,청각장애인용 화면안내,31,31,0,0,100.0,0.0,31,100.0
2026-10-03,installation_sgg_code,41630,BRL_LBL_ATCMNT,점자라벨 부착,31,31,0,0,100.0,0.0,31,100.0
2026-10-03,installation_sgg_code,41630,EPHN_SCKT,이어폰 소켓,31,31,0,0,100.0,0.0,31,100.0
2026-10-03,installation_sgg_code,41630,TCTL_ELCTNC_MONITOR,촉각(전자)모니터,31,1,30,0,3.225806,0.0,31,3.225806
2026-10-03,installation_sgg_code,41630,SCRN_EXPSN_FWK,화면 확대 기능,31,31,0,0,100.0,0.0,31,100.0
2026-10-03,installation_sgg_code,41630,WHCHR_USER_MNPLT,휠체어 사용자 조작,31,31,0,0,100.0,0.0,31,100.0
2026-10-03,installation_sgg_code,41650,FRBLND_KPD,시각장애인용 키패드,31,31,0,0,100.0,0.0,31,100.0
2026-10-03,installation_sgg_code,41650,FRBLND_VOICE_GD,시각장애인용 음성안내,31,31,0,0,100.0,0.0,31,100.0
2026-10-03,installation_sgg_code,41650,FRDEAF_SCRN_GD,청각장애인용 화면안내,31,31,0,0,100.0,0.0,31,100.0
2026-10-03,installation_sgg_code,41650,BRL_LBL_ATCMNT,점자라벨 부착,31,31,0,0,100.0,0.0,31,100.0
2026-10-03,installation_sgg_code,41650,EPHN_SCKT,이어폰 소켓,31,31,0,0,100.0,0.0,31,100.0
2026-10-03,installation_sgg_code,41650,TCTL_ELCTNC_MONITOR,촉각(전자)모니터,31,10,21,0,32.258065,0.0,31,32.258065
2026-10-03,installation_sgg_code,41650,SCRN_EXPSN_FWK,화면 확대 기능,31,31,0,0,100.0,0.0,31,100.0
2026-10-03,installation_sgg_code,41650,WHCHR_USER_MNPLT,휠체어 사용자 조작,31,31,0,0,100.0,0.0,31,100.0
2026-10-03,installation_sgg_code,41670,FRBLND_KPD,시각장애인용 키패드,19,19,0,0,100.0,0.0,19,100.0
2026-10-03,installation_sgg_code,41670,FRBLND_VOICE_GD,시각장애인용 음성안내,19,19,0,0,100.0,0.0,19,100.0
2026-10-03,installation_sgg_code,41670,FRDEAF_SCRN_GD,청각장애인용 화면안내,19,19,0,0,100.0,0.0,19,100.0
2026-10-03,installation_sgg_code,41670,BRL_LBL_ATCMNT,점자라벨 부착,19,19,0,0,100.0,0.0,19,100.0
2026-10-03,installation_sgg_code,41670,EPHN_SCKT,이어폰 소켓,19,19,0,0,100.0,0.0,19,100.0
2026-10-03,installation_sgg_code,41670,TCTL_ELCTNC_MONITOR,촉각(전자)모니터,19,0,19,0,0.0,0.0,19,0.0
2026-10-03,installation_sgg_code,41670,SCRN_EXPSN_FWK,화면 확대 기능,19,19,0,0,100.0,0.0,19,100.0
2026-10-03,installation_sgg_code,41670,WHCHR_USER_MNPLT,휠체어 사용자 조작,19,19,0,0,100.0,0.0,19,100.0
2026-10-03,installation_sgg_code,41800,FRBLND_KPD,시각장애인용 키패드,16,16,0,0,100.0,0.0,16,100.0
2026-10-03,installation_sgg_code,41800,FRBLND_VOICE_GD,시각장애인용 음성안내,16,16,0,0,100.0,0.0,16,100.0
2026-10-03,installation_sgg_code,41800,FRDEAF_SCRN_GD,청각장애인용 화면안내,16,16,0,0,100.0,0.0,16,100.0
2026-10-03,installation_sgg_code,41800,BRL_LBL_ATCMNT,점자라벨 부착,16,16,0,0,100.0,0.0,16,100.0
2026-10-03,installation_sgg_code,41800,EPHN_SCKT,이어폰 소켓,16,16,0,0,100.0,0.0,16,100.0
2026-10-03,installation_sgg_code,41800,TCTL_ELCTNC_MONITOR,촉각(전자)모니터,16,16,0,0,100.0,0.0,16,100.0
2026-10-03,installation_sgg_code,41800,SCRN_EXPSN_FWK,화면 확대 기능,16,16,0,0,100.0,0.0,16,100.0
2026-10-03,installation_sgg_code,41800,WHCHR_USER_MNPLT,휠체어 사용자 조작,16,15,1,0,93.75,0.0,16,93.75
2026-10-03,installation_sgg_code,41820,FRBLND_KPD,시각장애인용 키패드,12,12,0,0,100.0,0.0,12,100.0
2026-10-03,installation_sgg_code,41820,FRBLND_VOICE_GD,시각장애인용 음성안내,12,12,0,0,100.0,0.0,12,100.0
2026-10-03,installation_sgg_code,41820,FRDEAF_SCRN_GD,청각장애인용 화면안내,12,12,0,0,100.0,0.0,12,100.0
2026-10-03,installation_sgg_code,41820,BRL_LBL_ATCMNT,점자라벨 부착,12,12,0,0,100.0,0.0,12,100.0
2026-10-03,installation_sgg_code,41820,EPHN_SCKT,이어폰 소켓,12,12,0,0,100.0,0.0,12,100.0
2026-10-03,installation_sgg_code,41820,TCTL_ELCTNC_MONITOR,촉각(전자)모니터,12,3,9,0,25.0,0.0,12,25.0
2026-10-03,installation_sgg_code,41820,SCRN_EXPSN_FWK,화면 확대 기능,12,12,0,0,100.0,0.0,12,100.0
2026-10-03,installation_sgg_code,41820,WHCHR_USER_MNPLT,휠체어 사용자 조작,12,12,0,0,100.0,0.0,12,100.0
2026-10-03,installation_sgg_code,41830,FRBLND_KPD,시각장애인용 키패드,26,26,0,0,100.0,0.0,26,100.0
2026-10-03,installation_sgg_code,41830,FRBLND_VOICE_GD,시각장애인용 음성안내,26,26,0,0,100.0,0.0,26,100.0
2026-10-03,installation_sgg_code,41830,FRDEAF_SCRN_GD,청각장애인용 화면안내,26,26,0,0,100.0,0.0,26,100.0
2026-10-03,installation_sgg_code,41830,BRL_LBL_ATCMNT,점자라벨 부착,26,26,0,0,100.0,0.0,26,100.0
2026-10-03,installation_sgg_code,41830,EPHN_SCKT,이어폰 소켓,26,26,0,0,100.0,0.0,26,100.0
2026-10-03,installation_sgg_code,41830,TCTL_ELCTNC_MONITOR,촉각(전자)모니터,26,3,23,0,11.538462,0.0,26,11.538462
2026-10-03,installation_sgg_code,41830,SCRN_EXPSN_FWK,화면 확대 기능,26,26,0,0,100.0,0.0,26,100.0
2026-10-03,installation_sgg_code,41830,WHCHR_USER_MNPLT,휠체어 사용자 조작,26,26,0,0,100.0,0.0,26,100.0
2026-10-03,installation_sgg_code,43111,FRBLND_KPD,시각장애인용 키패드,26,26,0,0,100.0,0.0,26,100.0
2026-10-03,installation_sgg_code,43111,FRBLND_VOICE_GD,시각장애인용 음성안내,26,26,0,0,100.0,0.0,26,100.0
2026-10-03,installation_sgg_code,43111,FRDEAF_SCRN_GD,청각장애인용 화면안내,26,26,0,0,100.0,0.0,26,100.0
2026-10-03,installation_sgg_code,43111,BRL_LBL_ATCMNT,점자라벨 부착,26,26,0,0,100.0,0.0,26,100.0
2026-10-03,installation_sgg_code,43111,EPHN_SCKT,이어폰 소켓,26,26,0,0,100.0,0.0,26,100.0
2026-10-03,installation_sgg_code,43111,TCTL_ELCTNC_MONITOR,촉각(전자)모니터,26,7,19,0,26.923077,0.0,26,26.923077
2026-10-03,installation_sgg_code,43111,SCRN_EXPSN_FWK,화면 확대 기능,26,26,0,0,100.0,0.0,26,100.0
2026-10-03,installation_sgg_code,43111,WHCHR_USER_MNPLT,휠체어 사용자 조작,26,20,6,0,76.923077,0.0,26,76.923077
2026-10-03,installation_sgg_code,43112,FRBLND_KPD,시각장애인용 키패드,21,21,0,0,100.0,0.0,21,100.0
2026-10-03,installation_sgg_code,43112,FRBLND_VOICE_GD,시각장애인용 음성안내,21,21,0,0,100.0,0.0,21,100.0
2026-10-03,installation_sgg_code,43112,FRDEAF_SCRN_GD,청각장애인용 화면안내,21,21,0,0,100.0,0.0,21,100.0
2026-10-03,installation_sgg_code,43112,BRL_LBL_ATCMNT,점자라벨 부착,21,21,0,0,100.0,0.0,21,100.0
2026-10-03,installation_sgg_code,43112,EPHN_SCKT,이어폰 소켓,21,21,0,0,100.0,0.0,21,100.0
2026-10-03,installation_sgg_code,43112,TCTL_ELCTNC_MONITOR,촉각(전자)모니터,21,10,11,0,47.619048,0.0,21,47.619048
2026-10-03,installation_sgg_code,43112,SCRN_EXPSN_FWK,화면 확대 기능,21,21,0,0,100.0,0.0,21,100.0
2026-10-03,installation_sgg_code,43112,WHCHR_USER_MNPLT,휠체어 사용자 조작,21,16,5,0,76.190476,0.0,21,76.190476
2026-10-03,installation_sgg_code,43113,FRBLND_KPD,시각장애인용 키패드,30,30,0,0,100.0,0.0,30,100.0
2026-10-03,installation_sgg_code,43113,FRBLND_VOICE_GD,시각장애인용 음성안내,30,30,0,0,100.0,0.0,30,100.0
2026-10-03,installation_sgg_code,43113,FRDEAF_SCRN_GD,청각장애인용 화면안내,30,30,0,0,100.0,0.0,30,100.0
2026-10-03,installation_sgg_code,43113,BRL_LBL_ATCMNT,점자라벨 부착,30,30,0,0,100.0,0.0,30,100.0
2026-10-03,installation_sgg_code,43113,EPHN_SCKT,이어폰 소켓,30,30,0,0,100.0,0.0,30,100.0
2026-10-03,installation_sgg_code,43113,TCTL_ELCTNC_MONITOR,촉각(전자)모니터,30,6,24,0,20.0,0.0,30,20.0
2026-10-03,installation_sgg_code,43113,SCRN_EXPSN_FWK,화면 확대 기능,30,30,0,0,100.0,0.0,30,100.0
2026-10-03,installation_sgg_code,43113,WHCHR_USER_MNPLT,휠체어 사용자 조작,30,25,5,0,83.333333,0.0,30,83.333333
2026-10-03,installation_sgg_code,43114,FRBLND_KPD,시각장애인용 키패드,22,22,0,0,100.0,0.0,22,100.0
2026-10-03,installation_sgg_code,43114,FRBLND_VOICE_GD,시각장애인용 음성안내,22,22,0,0,100.0,0.0,22,100.0
2026-10-03,installation_sgg_code,43114,FRDEAF_SCRN_GD,청각장애인용 화면안내,22,22,0,0,100.0,0.0,22,100.0
2026-10-03,installation_sgg_code,43114,BRL_LBL_ATCMNT,점자라벨 부착,22,22,0,0,100.0,0.0,22,100.0
2026-10-03,installation_sgg_code,43114,EPHN_SCKT,이어폰 소켓,22,22,0,0,100.0,0.0,22,100.0
2026-10-03,installation_sgg_code,43114,TCTL_ELCTNC_MONITOR,촉각(전자)모니터,22,5,17,0,22.727273,0.0,22,22.727273
2026-10-03,installation_sgg_code,43114,SCRN_EXPSN_FWK,화면 확대 기능,22,22,0,0,100.0,0.0,22,100.0
2026-10-03,installation_sgg_code,43114,WHCHR_USER_MNPLT,휠체어 사용자 조작,22,16,6,0,72.727273,0.0,22,72.727273
2026-10-03,installation_sgg_code,43130,FRBLND_KPD,시각장애인용 키패드,29,29,0,0,100.0,0.0,29,100.0
2026-10-03,installation_sgg_code,43130,FRBLND_VOICE_GD,시각장애인용 음성안내,29,29,0,0,100.0,0.0,29,100.0
2026-10-03,installation_sgg_code,43130,FRDEAF_SCRN_GD,청각장애인용 화면안내,29,29,0,0,100.0,0.0,29,100.0
2026-10-03,installation_sgg_code,43130,BRL_LBL_ATCMNT,점자라벨 부착,29,29,0,0,100.0,0.0,29,100.0
2026-10-03,installation_sgg_code,43130,EPHN_SCKT,이어폰 소켓,29,29,0,0,100.0,0.0,29,100.0
2026-10-03,installation_sgg_code,43130,TCTL_ELCTNC_MONITOR,촉각(전자)모니터,29,29,0,0,100.0,0.0,29,100.0
2026-10-03,installation_sgg_code,43130,SCRN_EXPSN_FWK,화면 확대 기능,29,29,0,0,100.0,0.0,29,100.0
2026-10-03,installation_sgg_code,43130,WHCHR_USER_MNPLT,휠체어 사용자 조작,29,29,0,0,100.0,0.0,29,100.0
2026-10-03,installation_sgg_code,43150,FRBLND_KPD,시각장애인용 키패드,32,32,0,0,100.0,0.0,32,100.0
2026-10-03,installation_sgg_code,43150,FRBLND_VOICE_GD,시각장애인용 음성안내,32,32,0,0,100.0,0.0,32,100.0
2026-10-03,installation_sgg_code,43150,FRDEAF_SCRN_GD,청각장애인용 화면안내,32,32,0,0,100.0,0.0,32,100.0
2026-10-03,installation_sgg_code,43150,BRL_LBL_ATCMNT,점자라벨 부착,32,32,0,0,100.0,0.0,32,100.0
2026-10-03,installation_sgg_code,43150,EPHN_SCKT,이어폰 소켓,32,32,0,0,100.0,0.0,32,100.0
2026-10-03,installation_sgg_code,43150,TCTL_ELCTNC_MONITOR,촉각(전자)모니터,32,0,32,0,0.0,0.0,32,0.0
2026-10-03,installation_sgg_code,43150,SCRN_EXPSN_FWK,화면 확대 기능,32,32,0,0,100.0,0.0,32,100.0
2026-10-03,installation_sgg_code,43150,WHCHR_USER_MNPLT,휠체어 사용자 조작,32,32,0,0,100.0,0.0,32,100.0
2026-10-03,installation_sgg_code,43720,FRBLND_KPD,시각장애인용 키패드,16,16,0,0,100.0,0.0,16,100.0
2026-10-03,installation_sgg_code,43720,FRBLND_VOICE_GD,시각장애인용 음성안내,16,16,0,0,100.0,0.0,16,100.0
2026-10-03,installation_sgg_code,43720,FRDEAF_SCRN_GD,청각장애인용 화면안내,16,16,0,0,100.0,0.0,16,100.0
2026-10-03,installation_sgg_code,43720,BRL_LBL_ATCMNT,점자라벨 부착,16,16,0,0,100.0,0.0,16,100.0
2026-10-03,installation_sgg_code,43720,EPHN_SCKT,이어폰 소켓,16,16,0,0,100.0,0.0,16,100.0
2026-10-03,installation_sgg_code,43720,TCTL_ELCTNC_MONITOR,촉각(전자)모니터,16,0,16,0,0.0,0.0,16,0.0
2026-10-03,installation_sgg_code,43720,SCRN_EXPSN_FWK,화면 확대 기능,16,16,0,0,100.0,0.0,16,100.0
2026-10-03,installation_sgg_code,43720,WHCHR_USER_MNPLT,휠체어 사용자 조작,16,12,4,0,75.0,0.0,16,75.0
2026-10-03,installation_sgg_code,43730,FRBLND_KPD,시각장애인용 키패드,15,15,0,0,100.0,0.0,15,100.0
2026-10-03,installation_sgg_code,43730,FRBLND_VOICE_GD,시각장애인용 음성안내,15,15,0,0,100.0,0.0,15,100.0
2026-10-03,installation_sgg_code,43730,FRDEAF_SCRN_GD,청각장애인용 화면안내,15,15,0,0,100.0,0.0,15,100.0
2026-10-03,installation_sgg_code,43730,BRL_LBL_ATCMNT,점자라벨 부착,15,15,0,0,100.0,0.0,15,100.0
2026-10-03,installation_sgg_code,43730,EPHN_SCKT,이어폰 소켓,15,15,0,0,100.0,0.0,15,100.0
2026-10-03,installation_sgg_code,43730,TCTL_ELCTNC_MONITOR,촉각(전자)모니터,15,4,11,0,26.666667,0.0,15,26.666667
2026-10-03,installation_sgg_code,43730,SCRN_EXPSN_FWK,화면 확대 기능,15,15,0,0,100.0,0.0,15,100.0
2026-10-03,installation_sgg_code,43730,WHCHR_USER_MNPLT,휠체어 사용자 조작,15,15,0,0,100.0,0.0,15,100.0
2026-10-03,installation_sgg_code,43740,FRBLND_KPD,시각장애인용 키패드,16,16,0,0,100.0,0.0,16,100.0
2026-10-03,installation_sgg_code,43740,FRBLND_VOICE_GD,시각장애인용 음성안내,16,16,0,0,100.0,0.0,16,100.0
2026-10-03,installation_sgg_code,43740,FRDEAF_SCRN_GD,청각장애인용 화면안내,16,16,0,0,100.0,0.0,16,100.0
2026-10-03,installation_sgg_code,43740,BRL_LBL_ATCMNT,점자라벨 부착,16,16,0,0,100.0,0.0,16,100.0
2026-10-03,installation_sgg_code,43740,EPHN_SCKT,이어폰 소켓,16,16,0,0,100.0,0.0,16,100.0
2026-10-03,installation_sgg_code,43740,TCTL_ELCTNC_MONITOR,촉각(전자)모니터,16,0,16,0,0.0,0.0,16,0.0
2026-10-03,installation_sgg_code,43740,SCRN_EXPSN_FWK,화면 확대 기능,16,16,0,0,100.0,0.0,16,100.0
2026-10-03,installation_sgg_code,43740,WHCHR_USER_MNPLT,휠체어 사용자 조작,16,16,0,0,100.0,0.0,16,100.0
2026-10-03,installation_sgg_code,43745,FRBLND_KPD,시각장애인용 키패드,5,5,0,0,100.0,0.0,5,100.0
2026-10-03,installation_sgg_code,43745,FRBLND_VOICE_GD,시각장애인용 음성안내,5,5,0,0,100.0,0.0,5,100.0
2026-10-03,installation_sgg_code,43745,FRDEAF_SCRN_GD,청각장애인용 화면안내,5,5,0,0,100.0,0.0,5,100.0
2026-10-03,installation_sgg_code,43745,BRL_LBL_ATCMNT,점자라벨 부착,5,5,0,0,100.0,0.0,5,100.0
2026-10-03,installation_sgg_code,43745,EPHN_SCKT,이어폰 소켓,5,5,0,0,100.0,0.0,5,100.0
2026-10-03,installation_sgg_code,43745,TCTL_ELCTNC_MONITOR,촉각(전자)모니터,5,0,5,0,0.0,0.0,5,0.0
2026-10-03,installation_sgg_code,43745,SCRN_EXPSN_FWK,화면 확대 기능,5,5,0,0,100.0,0.0,5,100.0
2026-10-03,installation_sgg_code,43745,WHCHR_USER_MNPLT,휠체어 사용자 조작,5,5,0,0,100.0,0.0,5,100.0
2026-10-03,installation_sgg_code,43750,FRBLND_KPD,시각장애인용 키패드,16,16,0,0,100.0,0.0,16,100.0
2026-10-03,installation_sgg_code,43750,FRBLND_VOICE_GD,시각장애인용 음성안내,16,16,0,0,100.0,0.0,16,100.0
2026-10-03,installation_sgg_code,43750,FRDEAF_SCRN_GD,청각장애인용 화면안내,16,16,0,0,100.0,0.0,16,100.0
2026-10-03,installation_sgg_code,43750,BRL_LBL_ATCMNT,점자라벨 부착,16,16,0,0,100.0,0.0,16,100.0
2026-10-03,installation_sgg_code,43750,EPHN_SCKT,이어폰 소켓,16,16,0,0,100.0,0.0,16,100.0
2026-10-03,installation_sgg_code,43750,TCTL_ELCTNC_MONITOR,촉각(전자)모니터,16,1,15,0,6.25,0.0,16,6.25
2026-10-03,installation_sgg_code,43750,SCRN_EXPSN_FWK,화면 확대 기능,16,16,0,0,100.0,0.0,16,100.0
2026-10-03,installation_sgg_code,43750,WHCHR_USER_MNPLT,휠체어 사용자 조작,16,15,1,0,93.75,0.0,16,93.75
2026-10-03,installation_sgg_code,43760,FRBLND_KPD,시각장애인용 키패드,17,17,0,0,100.0,0.0,17,100.0
2026-10-03,installation_sgg_code,43760,FRBLND_VOICE_GD,시각장애인용 음성안내,17,17,0,0,100.0,0.0,17,100.0
2026-10-03,installation_sgg_code,43760,FRDEAF_SCRN_GD,청각장애인용 화면안내,17,17,0,0,100.0,0.0,17,100.0
2026-10-03,installation_sgg_code,43760,BRL_LBL_ATCMNT,점자라벨 부착,17,17,0,0,100.0,0.0,17,100.0
2026-10-03,installation_sgg_code,43760,EPHN_SCKT,이어폰 소켓,17,17,0,0,100.0,0.0,17,100.0
2026-10-03,installation_sgg_code,43760,TCTL_ELCTNC_MONITOR,촉각(전자)모니터,17,6,11,0,35.294118,0.0,17,35.294118
2026-10-03,installation_sgg_code,43760,SCRN_EXPSN_FWK,화면 확대 기능,17,17,0,0,100.0,0.0,17,100.0
2026-10-03,installation_sgg_code,43760,WHCHR_USER_MNPLT,휠체어 사용자 조작,17,10,7,0,58.823529,0.0,17,58.823529
2026-10-03,installation_sgg_code,43770,FRBLND_KPD,시각장애인용 키패드,22,22,0,0,100.0,0.0,22,100.0
2026-10-03,installation_sgg_code,43770,FRBLND_VOICE_GD,시각장애인용 음성안내,22,22,0,0,100.0,0.0,22,100.0
2026-10-03,installation_sgg_code,43770,FRDEAF_SCRN_GD,청각장애인용 화면안내,22,22,0,0,100.0,0.0,22,100.0
2026-10-03,installation_sgg_code,43770,BRL_LBL_ATCMNT,점자라벨 부착,22,22,0,0,100.0,0.0,22,100.0
2026-10-03,installation_sgg_code,43770,EPHN_SCKT,이어폰 소켓,22,22,0,0,100.0,0.0,22,100.0
2026-10-03,installation_sgg_code,43770,TCTL_ELCTNC_MONITOR,촉각(전자)모니터,22,22,0,0,100.0,0.0,22,100.0
2026-10-03,installation_sgg_code,43770,SCRN_EXPSN_FWK,화면 확대 기능,22,22,0,0,100.0,0.0,22,100.0
2026-10-03,installation_sgg_code,43770,WHCHR_USER_MNPLT,휠체어 사용자 조작,22,22,0,0,100.0,0.0,22,100.0
2026-10-03,installation_sgg_code,43800,FRBLND_KPD,시각장애인용 키패드,10,10,0,0,100.0,0.0,10,100.0
2026-10-03,installation_sgg_code,43800,FRBLND_VOICE_GD,시각장애인용 음성안내,10,10,0,0,100.0,0.0,10,100.0
2026-10-03,installation_sgg_code,43800,FRDEAF_SCRN_GD,청각장애인용 화면안내,10,10,0,0,100.0,0.0,10,100.0
2026-10-03,installation_sgg_code,43800,BRL_LBL_ATCMNT,점자라벨 부착,10,10,0,0,100.0,0.0,10,100.0
2026-10-03,installation_sgg_code,43800,EPHN_SCKT,이어폰 소켓,10,10,0,0,100.0,0.0,10,100.0
2026-10-03,installation_sgg_code,43800,TCTL_ELCTNC_MONITOR,촉각(전자)모니터,10,0,10,0,0.0,0.0,10,0.0
2026-10-03,installation_sgg_code,43800,SCRN_EXPSN_FWK,화면 확대 기능,10,10,0,0,100.0,0.0,10,100.0
2026-10-03,installation_sgg_code,43800,WHCHR_USER_MNPLT,휠체어 사용자 조작,10,10,0,0,100.0,0.0,10,100.0
2026-10-03,installation_sgg_code,44131,FRBLND_KPD,시각장애인용 키패드,35,35,0,0,100.0,0.0,35,100.0
2026-10-03,installation_sgg_code,44131,FRBLND_VOICE_GD,시각장애인용 음성안내,35,35,0,0,100.0,0.0,35,100.0
2026-10-03,installation_sgg_code,44131,FRDEAF_SCRN_GD,청각장애인용 화면안내,35,35,0,0,100.0,0.0,35,100.0
2026-10-03,installation_sgg_code,44131,BRL_LBL_ATCMNT,점자라벨 부착,35,35,0,0,100.0,0.0,35,100.0
2026-10-03,installation_sgg_code,44131,EPHN_SCKT,이어폰 소켓,35,35,0,0,100.0,0.0,35,100.0
2026-10-03,installation_sgg_code,44131,TCTL_ELCTNC_MONITOR,촉각(전자)모니터,35,35,0,0,100.0,0.0,35,100.0
2026-10-03,installation_sgg_code,44131,SCRN_EXPSN_FWK,화면 확대 기능,35,35,0,0,100.0,0.0,35,100.0
2026-10-03,installation_sgg_code,44131,WHCHR_USER_MNPLT,휠체어 사용자 조작,35,35,0,0,100.0,0.0,35,100.0
2026-10-03,installation_sgg_code,44133,FRBLND_KPD,시각장애인용 키패드,33,33,0,0,100.0,0.0,33,100.0
2026-10-03,installation_sgg_code,44133,FRBLND_VOICE_GD,시각장애인용 음성안내,33,33,0,0,100.0,0.0,33,100.0
2026-10-03,installation_sgg_code,44133,FRDEAF_SCRN_GD,청각장애인용 화면안내,33,33,0,0,100.0,0.0,33,100.0
2026-10-03,installation_sgg_code,44133,BRL_LBL_ATCMNT,점자라벨 부착,33,33,0,0,100.0,0.0,33,100.0
2026-10-03,installation_sgg_code,44133,EPHN_SCKT,이어폰 소켓,33,33,0,0,100.0,0.0,33,100.0
2026-10-03,installation_sgg_code,44133,TCTL_ELCTNC_MONITOR,촉각(전자)모니터,33,31,2,0,93.939394,0.0,33,93.939394
2026-10-03,installation_sgg_code,44133,SCRN_EXPSN_FWK,화면 확대 기능,33,33,0,0,100.0,0.0,33,100.0
2026-10-03,installation_sgg_code,44133,WHCHR_USER_MNPLT,휠체어 사용자 조작,33,33,0,0,100.0,0.0,33,100.0
2026-10-03,installation_sgg_code,44150,FRBLND_KPD,시각장애인용 키패드,28,28,0,0,100.0,0.0,28,100.0
2026-10-03,installation_sgg_code,44150,FRBLND_VOICE_GD,시각장애인용 음성안내,28,28,0,0,100.0,0.0,28,100.0
2026-10-03,installation_sgg_code,44150,FRDEAF_SCRN_GD,청각장애인용 화면안내,28,28,0,0,100.0,0.0,28,100.0
2026-10-03,installation_sgg_code,44150,BRL_LBL_ATCMNT,점자라벨 부착,28,28,0,0,100.0,0.0,28,100.0
2026-10-03,installation_sgg_code,44150,EPHN_SCKT,이어폰 소켓,28,28,0,0,100.0,0.0,28,100.0
2026-10-03,installation_sgg_code,44150,TCTL_ELCTNC_MONITOR,촉각(전자)모니터,28,6,22,0,21.428571,0.0,28,21.428571
2026-10-03,installation_sgg_code,44150,SCRN_EXPSN_FWK,화면 확대 기능,28,28,0,0,100.0,0.0,28,100.0
2026-10-03,installation_sgg_code,44150,WHCHR_USER_MNPLT,휠체어 사용자 조작,28,27,1,0,96.428571,0.0,28,96.428571
2026-10-03,installation_sgg_code,44180,FRBLND_KPD,시각장애인용 키패드,32,32,0,0,100.0,0.0,32,100.0
2026-10-03,installation_sgg_code,44180,FRBLND_VOICE_GD,시각장애인용 음성안내,32,32,0,0,100.0,0.0,32,100.0
2026-10-03,installation_sgg_code,44180,FRDEAF_SCRN_GD,청각장애인용 화면안내,32,32,0,0,100.0,0.0,32,100.0
2026-10-03,installation_sgg_code,44180,BRL_LBL_ATCMNT,점자라벨 부착,32,32,0,0,100.0,0.0,32,100.0
2026-10-03,installation_sgg_code,44180,EPHN_SCKT,이어폰 소켓,32,32,0,0,100.0,0.0,32,100.0
2026-10-03,installation_sgg_code,44180,TCTL_ELCTNC_MONITOR,촉각(전자)모니터,32,0,32,0,0.0,0.0,32,0.0
2026-10-03,installation_sgg_code,44180,SCRN_EXPSN_FWK,화면 확대 기능,32,32,0,0,100.0,0.0,32,100.0
2026-10-03,installation_sgg_code,44180,WHCHR_USER_MNPLT,휠체어 사용자 조작,32,32,0,0,100.0,0.0,32,100.0
2026-10-03,installation_sgg_code,44200,FRBLND_KPD,시각장애인용 키패드,69,69,0,0,100.0,0.0,69,100.0
2026-10-03,installation_sgg_code,44200,FRBLND_VOICE_GD,시각장애인용 음성안내,69,69,0,0,100.0,0.0,69,100.0
2026-10-03,installation_sgg_code,44200,FRDEAF_SCRN_GD,청각장애인용 화면안내,69,69,0,0,100.0,0.0,69,100.0
2026-10-03,installation_sgg_code,44200,BRL_LBL_ATCMNT,점자라벨 부착,69,69,0,0,100.0,0.0,69,100.0
2026-10-03,installation_sgg_code,44200,EPHN_SCKT,이어폰 소켓,69,69,0,0,100.0,0.0,69,100.0
2026-10-03,installation_sgg_code,44200,TCTL_ELCTNC_MONITOR,촉각(전자)모니터,69,2,67,0,2.898551,0.0,69,2.898551
2026-10-03,installation_sgg_code,44200,SCRN_EXPSN_FWK,화면 확대 기능,69,69,0,0,100.0,0.0,69,100.0
2026-10-03,installation_sgg_code,44200,WHCHR_USER_MNPLT,휠체어 사용자 조작,69,56,13,0,81.15942,0.0,69,81.15942
2026-10-03,installation_sgg_code,44210,FRBLND_KPD,시각장애인용 키패드,27,27,0,0,100.0,0.0,27,100.0
2026-10-03,installation_sgg_code,44210,FRBLND_VOICE_GD,시각장애인용 음성안내,27,27,0,0,100.0,0.0,27,100.0
2026-10-03,installation_sgg_code,44210,FRDEAF_SCRN_GD,청각장애인용 화면안내,27,27,0,0,100.0,0.0,27,100.0
2026-10-03,installation_sgg_code,44210,BRL_LBL_ATCMNT,점자라벨 부착,27,27,0,0,100.0,0.0,27,100.0
2026-10-03,installation_sgg_code,44210,EPHN_SCKT,이어폰 소켓,27,27,0,0,100.0,0.0,27,100.0
2026-10-03,installation_sgg_code,44210,TCTL_ELCTNC_MONITOR,촉각(전자)모니터,27,0,27,0,0.0,0.0,27,0.0
2026-10-03,installation_sgg_code,44210,SCRN_EXPSN_FWK,화면 확대 기능,27,27,0,0,100.0,0.0,27,100.0
2026-10-03,installation_sgg_code,44210,WHCHR_USER_MNPLT,휠체어 사용자 조작,27,27,0,0,100.0,0.0,27,100.0
2026-10-03,installation_sgg_code,44230,FRBLND_KPD,시각장애인용 키패드,28,28,0,0,100.0,0.0,28,100.0
2026-10-03,installation_sgg_code,44230,FRBLND_VOICE_GD,시각장애인용 음성안내,28,28,0,0,100.0,0.0,28,100.0
2026-10-03,installation_sgg_code,44230,FRDEAF_SCRN_GD,청각장애인용 화면안내,28,28,0,0,100.0,0.0,28,100.0
2026-10-03,installation_sgg_code,44230,BRL_LBL_ATCMNT,점자라벨 부착,28,28,0,0,100.0,0.0,28,100.0
2026-10-03,installation_sgg_code,44230,EPHN_SCKT,이어폰 소켓,28,28,0,0,100.0,0.0,28,100.0
2026-10-03,installation_sgg_code,44230,TCTL_ELCTNC_MONITOR,촉각(전자)모니터,28,0,28,0,0.0,0.0,28,0.0
2026-10-03,installation_sgg_code,44230,SCRN_EXPSN_FWK,화면 확대 기능,28,28,0,0,100.0,0.0,28,100.0
2026-10-03,installation_sgg_code,44230,WHCHR_USER_MNPLT,휠체어 사용자 조작,28,28,0,0,100.0,0.0,28,100.0
2026-10-03,installation_sgg_code,44250,FRBLND_KPD,시각장애인용 키패드,7,7,0,0,100.0,0.0,7,100.0
2026-10-03,installation_sgg_code,44250,FRBLND_VOICE_GD,시각장애인용 음성안내,7,7,0,0,100.0,0.0,7,100.0
2026-10-03,installation_sgg_code,44250,FRDEAF_SCRN_GD,청각장애인용 화면안내,7,7,0,0,100.0,0.0,7,100.0
2026-10-03,installation_sgg_code,44250,BRL_LBL_ATCMNT,점자라벨 부착,7,7,0,0,100.0,0.0,7,100.0
2026-10-03,installation_sgg_code,44250,EPHN_SCKT,이어폰 소켓,7,7,0,0,100.0,0.0,7,100.0
2026-10-03,installation_sgg_code,44250,TCTL_ELCTNC_MONITOR,촉각(전자)모니터,7,6,1,0,85.714286,0.0,7,85.714286
2026-10-03,installation_sgg_code,44250,SCRN_EXPSN_FWK,화면 확대 기능,7,7,0,0,100.0,0.0,7,100.0
2026-10-03,installation_sgg_code,44250,WHCHR_USER_MNPLT,휠체어 사용자 조작,7,7,0,0,100.0,0.0,7,100.0
2026-10-03,installation_sgg_code,44270,FRBLND_KPD,시각장애인용 키패드,39,39,0,0,100.0,0.0,39,100.0
2026-10-03,installation_sgg_code,44270,FRBLND_VOICE_GD,시각장애인용 음성안내,39,39,0,0,100.0,0.0,39,100.0
2026-10-03,installation_sgg_code,44270,FRDEAF_SCRN_GD,청각장애인용 화면안내,39,39,0,0,100.0,0.0,39,100.0
2026-10-03,installation_sgg_code,44270,BRL_LBL_ATCMNT,점자라벨 부착,39,39,0,0,100.0,0.0,39,100.0
2026-10-03,installation_sgg_code,44270,EPHN_SCKT,이어폰 소켓,39,39,0,0,100.0,0.0,39,100.0
2026-10-03,installation_sgg_code,44270,TCTL_ELCTNC_MONITOR,촉각(전자)모니터,39,0,39,0,0.0,0.0,39,0.0
2026-10-03,installation_sgg_code,44270,SCRN_EXPSN_FWK,화면 확대 기능,39,39,0,0,100.0,0.0,39,100.0
2026-10-03,installation_sgg_code,44270,WHCHR_USER_MNPLT,휠체어 사용자 조작,39,39,0,0,100.0,0.0,39,100.0
2026-10-03,installation_sgg_code,44710,FRBLND_KPD,시각장애인용 키패드,13,13,0,0,100.0,0.0,13,100.0
2026-10-03,installation_sgg_code,44710,FRBLND_VOICE_GD,시각장애인용 음성안내,13,13,0,0,100.0,0.0,13,100.0
2026-10-03,installation_sgg_code,44710,FRDEAF_SCRN_GD,청각장애인용 화면안내,13,13,0,0,100.0,0.0,13,100.0
2026-10-03,installation_sgg_code,44710,BRL_LBL_ATCMNT,점자라벨 부착,13,13,0,0,100.0,0.0,13,100.0
2026-10-03,installation_sgg_code,44710,EPHN_SCKT,이어폰 소켓,13,13,0,0,100.0,0.0,13,100.0
2026-10-03,installation_sgg_code,44710,TCTL_ELCTNC_MONITOR,촉각(전자)모니터,13,8,5,0,61.538462,0.0,13,61.538462
2026-10-03,installation_sgg_code,44710,SCRN_EXPSN_FWK,화면 확대 기능,13,13,0,0,100.0,0.0,13,100.0
2026-10-03,installation_sgg_code,44710,WHCHR_USER_MNPLT,휠체어 사용자 조작,13,11,2,0,84.615385,0.0,13,84.615385
2026-10-03,installation_sgg_code,44760,FRBLND_KPD,시각장애인용 키패드,25,25,0,0,100.0,0.0,25,100.0
2026-10-03,installation_sgg_code,44760,FRBLND_VOICE_GD,시각장애인용 음성안내,25,25,0,0,100.0,0.0,25,100.0
2026-10-03,installation_sgg_code,44760,FRDEAF_SCRN_GD,청각장애인용 화면안내,25,25,0,0,100.0,0.0,25,100.0
2026-10-03,installation_sgg_code,44760,BRL_LBL_ATCMNT,점자라벨 부착,25,25,0,0,100.0,0.0,25,100.0
2026-10-03,installation_sgg_code,44760,EPHN_SCKT,이어폰 소켓,25,25,0,0,100.0,0.0,25,100.0
2026-10-03,installation_sgg_code,44760,TCTL_ELCTNC_MONITOR,촉각(전자)모니터,25,0,25,0,0.0,0.0,25,0.0
2026-10-03,installation_sgg_code,44760,SCRN_EXPSN_FWK,화면 확대 기능,25,25,0,0,100.0,0.0,25,100.0
2026-10-03,installation_sgg_code,44760,WHCHR_USER_MNPLT,휠체어 사용자 조작,25,24,1,0,96.0,0.0,25,96.0
2026-10-03,installation_sgg_code,44770,FRBLND_KPD,시각장애인용 키패드,11,11,0,0,100.0,0.0,11,100.0
2026-10-03,installation_sgg_code,44770,FRBLND_VOICE_GD,시각장애인용 음성안내,11,11,0,0,100.0,0.0,11,100.0
2026-10-03,installation_sgg_code,44770,FRDEAF_SCRN_GD,청각장애인용 화면안내,11,11,0,0,100.0,0.0,11,100.0
2026-10-03,installation_sgg_code,44770,BRL_LBL_ATCMNT,점자라벨 부착,11,11,0,0,100.0,0.0,11,100.0
2026-10-03,installation_sgg_code,44770,EPHN_SCKT,이어폰 소켓,11,11,0,0,100.0,0.0,11,100.0
2026-10-03,installation_sgg_code,44770,TCTL_ELCTNC_MONITOR,촉각(전자)모니터,11,1,10,0,9.090909,0.0,11,9.090909
2026-10-03,installation_sgg_code,44770,SCRN_EXPSN_FWK,화면 확대 기능,11,11,0,0,100.0,0.0,11,100.0
2026-10-03,installation_sgg_code,44770,WHCHR_USER_MNPLT,휠체어 사용자 조작,11,2,9,0,18.181818,0.0,11,18.181818
2026-10-03,installation_sgg_code,44790,FRBLND_KPD,시각장애인용 키패드,16,16,0,0,100.0,0.0,16,100.0
2026-10-03,installation_sgg_code,44790,FRBLND_VOICE_GD,시각장애인용 음성안내,16,16,0,0,100.0,0.0,16,100.0
2026-10-03,installation_sgg_code,44790,FRDEAF_SCRN_GD,청각장애인용 화면안내,16,16,0,0,100.0,0.0,16,100.0
2026-10-03,installation_sgg_code,44790,BRL_LBL_ATCMNT,점자라벨 부착,16,16,0,0,100.0,0.0,16,100.0
2026-10-03,installation_sgg_code,44790,EPHN_SCKT,이어폰 소켓,16,16,0,0,100.0,0.0,16,100.0
2026-10-03,installation_sgg_code,44790,TCTL_ELCTNC_MONITOR,촉각(전자)모니터,16,0,16,0,0.0,0.0,16,0.0
2026-10-03,installation_sgg_code,44790,SCRN_EXPSN_FWK,화면 확대 기능,16,16,0,0,100.0,0.0,16,100.0
2026-10-03,installation_sgg_code,44790,WHCHR_USER_MNPLT,휠체어 사용자 조작,16,16,0,0,100.0,0.0,16,100.0
2026-10-03,installation_sgg_code,44800,FRBLND_KPD,시각장애인용 키패드,21,21,0,0,100.0,0.0,21,100.0
2026-10-03,installation_sgg_code,44800,FRBLND_VOICE_GD,시각장애인용 음성안내,21,21,0,0,100.0,0.0,21,100.0
2026-10-03,installation_sgg_code,44800,FRDEAF_SCRN_GD,청각장애인용 화면안내,21,21,0,0,100.0,0.0,21,100.0
2026-10-03,installation_sgg_code,44800,BRL_LBL_ATCMNT,점자라벨 부착,21,21,0,0,100.0,0.0,21,100.0
2026-10-03,installation_sgg_code,44800,EPHN_SCKT,이어폰 소켓,21,21,0,0,100.0,0.0,21,100.0
2026-10-03,installation_sgg_code,44800,TCTL_ELCTNC_MONITOR,촉각(전자)모니터,21,3,18,0,14.285714,0.0,21,14.285714
2026-10-03,installation_sgg_code,44800,SCRN_EXPSN_FWK,화면 확대 기능,21,21,0,0,100.0,0.0,21,100.0
2026-10-03,installation_sgg_code,44800,WHCHR_USER_MNPLT,휠체어 사용자 조작,21,21,0,0,100.0,0.0,21,100.0
2026-10-03,installation_sgg_code,44810,FRBLND_KPD,시각장애인용 키패드,26,26,0,0,100.0,0.0,26,100.0
2026-10-03,installation_sgg_code,44810,FRBLND_VOICE_GD,시각장애인용 음성안내,26,26,0,0,100.0,0.0,26,100.0
2026-10-03,installation_sgg_code,44810,FRDEAF_SCRN_GD,청각장애인용 화면안내,26,26,0,0,100.0,0.0,26,100.0
2026-10-03,installation_sgg_code,44810,BRL_LBL_ATCMNT,점자라벨 부착,26,26,0,0,100.0,0.0,26,100.0
2026-10-03,installation_sgg_code,44810,EPHN_SCKT,이어폰 소켓,26,26,0,0,100.0,0.0,26,100.0
2026-10-03,installation_sgg_code,44810,TCTL_ELCTNC_MONITOR,촉각(전자)모니터,26,1,25,0,3.846154,0.0,26,3.846154
2026-10-03,installation_sgg_code,44810,SCRN_EXPSN_FWK,화면 확대 기능,26,26,0,0,100.0,0.0,26,100.0
2026-10-03,installation_sgg_code,44810,WHCHR_USER_MNPLT,휠체어 사용자 조작,26,26,0,0,100.0,0.0,26,100.0
2026-10-03,installation_sgg_code,44825,FRBLND_KPD,시각장애인용 키패드,16,16,0,0,100.0,0.0,16,100.0
2026-10-03,installation_sgg_code,44825,FRBLND_VOICE_GD,시각장애인용 음성안내,16,16,0,0,100.0,0.0,16,100.0
2026-10-03,installation_sgg_code,44825,FRDEAF_SCRN_GD,청각장애인용 화면안내,16,16,0,0,100.0,0.0,16,100.0
2026-10-03,installation_sgg_code,44825,BRL_LBL_ATCMNT,점자라벨 부착,16,16,0,0,100.0,0.0,16,100.0
2026-10-03,installation_sgg_code,44825,EPHN_SCKT,이어폰 소켓,16,16,0,0,100.0,0.0,16,100.0
2026-10-03,installation_sgg_code,44825,TCTL_ELCTNC_MONITOR,촉각(전자)모니터,16,16,0,0,100.0,0.0,16,100.0
2026-10-03,installation_sgg_code,44825,SCRN_EXPSN_FWK,화면 확대 기능,16,16,0,0,100.0,0.0,16,100.0
2026-10-03,installation_sgg_code,44825,WHCHR_USER_MNPLT,휠체어 사용자 조작,16,16,0,0,100.0,0.0,16,100.0
2026-10-03,installation_sgg_code,47111,FRBLND_KPD,시각장애인용 키패드,28,28,0,0,100.0,0.0,28,100.0
2026-10-03,installation_sgg_code,47111,FRBLND_VOICE_GD,시각장애인용 음성안내,28,28,0,0,100.0,0.0,28,100.0
2026-10-03,installation_sgg_code,47111,FRDEAF_SCRN_GD,청각장애인용 화면안내,28,28,0,0,100.0,0.0,28,100.0
2026-10-03,installation_sgg_code,47111,BRL_LBL_ATCMNT,점자라벨 부착,28,28,0,0,100.0,0.0,28,100.0
2026-10-03,installation_sgg_code,47111,EPHN_SCKT,이어폰 소켓,28,28,0,0,100.0,0.0,28,100.0
2026-10-03,installation_sgg_code,47111,TCTL_ELCTNC_MONITOR,촉각(전자)모니터,28,1,27,0,3.571429,0.0,28,3.571429
2026-10-03,installation_sgg_code,47111,SCRN_EXPSN_FWK,화면 확대 기능,28,28,0,0,100.0,0.0,28,100.0
2026-10-03,installation_sgg_code,47111,WHCHR_USER_MNPLT,휠체어 사용자 조작,28,25,3,0,89.285714,0.0,28,89.285714
2026-10-03,installation_sgg_code,47113,FRBLND_KPD,시각장애인용 키패드,29,29,0,0,100.0,0.0,29,100.0
2026-10-03,installation_sgg_code,47113,FRBLND_VOICE_GD,시각장애인용 음성안내,29,29,0,0,100.0,0.0,29,100.0
2026-10-03,installation_sgg_code,47113,FRDEAF_SCRN_GD,청각장애인용 화면안내,29,29,0,0,100.0,0.0,29,100.0
2026-10-03,installation_sgg_code,47113,BRL_LBL_ATCMNT,점자라벨 부착,29,29,0,0,100.0,0.0,29,100.0
2026-10-03,installation_sgg_code,47113,EPHN_SCKT,이어폰 소켓,29,29,0,0,100.0,0.0,29,100.0
2026-10-03,installation_sgg_code,47113,TCTL_ELCTNC_MONITOR,촉각(전자)모니터,29,0,29,0,0.0,0.0,29,0.0
2026-10-03,installation_sgg_code,47113,SCRN_EXPSN_FWK,화면 확대 기능,29,29,0,0,100.0,0.0,29,100.0
2026-10-03,installation_sgg_code,47113,WHCHR_USER_MNPLT,휠체어 사용자 조작,29,25,4,0,86.206897,0.0,29,86.206897
2026-10-03,installation_sgg_code,47130,FRBLND_KPD,시각장애인용 키패드,39,39,0,0,100.0,0.0,39,100.0
2026-10-03,installation_sgg_code,47130,FRBLND_VOICE_GD,시각장애인용 음성안내,39,39,0,0,100.0,0.0,39,100.0
2026-10-03,installation_sgg_code,47130,FRDEAF_SCRN_GD,청각장애인용 화면안내,39,39,0,0,100.0,0.0,39,100.0
2026-10-03,installation_sgg_code,47130,BRL_LBL_ATCMNT,점자라벨 부착,39,39,0,0,100.0,0.0,39,100.0
2026-10-03,installation_sgg_code,47130,EPHN_SCKT,이어폰 소켓,39,39,0,0,100.0,0.0,39,100.0
2026-10-03,installation_sgg_code,47130,TCTL_ELCTNC_MONITOR,촉각(전자)모니터,39,0,39,0,0.0,0.0,39,0.0
2026-10-03,installation_sgg_code,47130,SCRN_EXPSN_FWK,화면 확대 기능,39,39,0,0,100.0,0.0,39,100.0
2026-10-03,installation_sgg_code,47130,WHCHR_USER_MNPLT,휠체어 사용자 조작,39,39,0,0,100.0,0.0,39,100.0
2026-10-03,installation_sgg_code,47150,FRBLND_KPD,시각장애인용 키패드,28,28,0,0,100.0,0.0,28,100.0
2026-10-03,installation_sgg_code,47150,FRBLND_VOICE_GD,시각장애인용 음성안내,28,28,0,0,100.0,0.0,28,100.0
2026-10-03,installation_sgg_code,47150,FRDEAF_SCRN_GD,청각장애인용 화면안내,28,28,0,0,100.0,0.0,28,100.0
2026-10-03,installation_sgg_code,47150,BRL_LBL_ATCMNT,점자라벨 부착,28,28,0,0,100.0,0.0,28,100.0
2026-10-03,installation_sgg_code,47150,EPHN_SCKT,이어폰 소켓,28,28,0,0,100.0,0.0,28,100.0
2026-10-03,installation_sgg_code,47150,TCTL_ELCTNC_MONITOR,촉각(전자)모니터,28,9,19,0,32.142857,0.0,28,32.142857
2026-10-03,installation_sgg_code,47150,SCRN_EXPSN_FWK,화면 확대 기능,28,28,0,0,100.0,0.0,28,100.0
2026-10-03,installation_sgg_code,47150,WHCHR_USER_MNPLT,휠체어 사용자 조작,28,28,0,0,100.0,0.0,28,100.0
2026-10-03,installation_sgg_code,47170,FRBLND_KPD,시각장애인용 키패드,35,35,0,0,100.0,0.0,35,100.0
2026-10-03,installation_sgg_code,47170,FRBLND_VOICE_GD,시각장애인용 음성안내,35,35,0,0,100.0,0.0,35,100.0
2026-10-03,installation_sgg_code,47170,FRDEAF_SCRN_GD,청각장애인용 화면안내,35,35,0,0,100.0,0.0,35,100.0
2026-10-03,installation_sgg_code,47170,BRL_LBL_ATCMNT,점자라벨 부착,35,35,0,0,100.0,0.0,35,100.0
2026-10-03,installation_sgg_code,47170,EPHN_SCKT,이어폰 소켓,35,35,0,0,100.0,0.0,35,100.0
2026-10-03,installation_sgg_code,47170,TCTL_ELCTNC_MONITOR,촉각(전자)모니터,35,11,24,0,31.428571,0.0,35,31.428571
2026-10-03,installation_sgg_code,47170,SCRN_EXPSN_FWK,화면 확대 기능,35,35,0,0,100.0,0.0,35,100.0
2026-10-03,installation_sgg_code,47170,WHCHR_USER_MNPLT,휠체어 사용자 조작,35,34,1,0,97.142857,0.0,35,97.142857
2026-10-03,installation_sgg_code,47190,FRBLND_KPD,시각장애인용 키패드,40,40,0,0,100.0,0.0,40,100.0
2026-10-03,installation_sgg_code,47190,FRBLND_VOICE_GD,시각장애인용 음성안내,40,40,0,0,100.0,0.0,40,100.0
2026-10-03,installation_sgg_code,47190,FRDEAF_SCRN_GD,청각장애인용 화면안내,40,40,0,0,100.0,0.0,40,100.0
2026-10-03,installation_sgg_code,47190,BRL_LBL_ATCMNT,점자라벨 부착,40,40,0,0,100.0,0.0,40,100.0
2026-10-03,installation_sgg_code,47190,EPHN_SCKT,이어폰 소켓,40,40,0,0,100.0,0.0,40,100.0
2026-10-03,installation_sgg_code,47190,TCTL_ELCTNC_MONITOR,촉각(전자)모니터,40,31,9,0,77.5,0.0,40,77.5
2026-10-03,installation_sgg_code,47190,SCRN_EXPSN_FWK,화면 확대 기능,40,40,0,0,100.0,0.0,40,100.0
2026-10-03,installation_sgg_code,47190,WHCHR_USER_MNPLT,휠체어 사용자 조작,40,35,5,0,87.5,0.0,40,87.5
2026-10-03,installation_sgg_code,47210,FRBLND_KPD,시각장애인용 키패드,27,27,0,0,100.0,0.0,27,100.0
2026-10-03,installation_sgg_code,47210,FRBLND_VOICE_GD,시각장애인용 음성안내,27,27,0,0,100.0,0.0,27,100.0
2026-10-03,installation_sgg_code,47210,FRDEAF_SCRN_GD,청각장애인용 화면안내,27,27,0,0,100.0,0.0,27,100.0
2026-10-03,installation_sgg_code,47210,BRL_LBL_ATCMNT,점자라벨 부착,27,27,0,0,100.0,0.0,27,100.0
2026-10-03,installation_sgg_code,47210,EPHN_SCKT,이어폰 소켓,27,27,0,0,100.0,0.0,27,100.0
2026-10-03,installation_sgg_code,47210,TCTL_ELCTNC_MONITOR,촉각(전자)모니터,27,0,27,0,0.0,0.0,27,0.0
2026-10-03,installation_sgg_code,47210,SCRN_EXPSN_FWK,화면 확대 기능,27,27,0,0,100.0,0.0,27,100.0
2026-10-03,installation_sgg_code,47210,WHCHR_USER_MNPLT,휠체어 사용자 조작,27,26,1,0,96.296296,0.0,27,96.296296
2026-10-03,installation_sgg_code,47230,FRBLND_KPD,시각장애인용 키패드,25,25,0,0,100.0,0.0,25,100.0
2026-10-03,installation_sgg_code,47230,FRBLND_VOICE_GD,시각장애인용 음성안내,25,25,0,0,100.0,0.0,25,100.0
2026-10-03,installation_sgg_code,47230,FRDEAF_SCRN_GD,청각장애인용 화면안내,25,25,0,0,100.0,0.0,25,100.0
2026-10-03,installation_sgg_code,47230,BRL_LBL_ATCMNT,점자라벨 부착,25,25,0,0,100.0,0.0,25,100.0
2026-10-03,installation_sgg_code,47230,EPHN_SCKT,이어폰 소켓,25,25,0,0,100.0,0.0,25,100.0
2026-10-03,installation_sgg_code,47230,TCTL_ELCTNC_MONITOR,촉각(전자)모니터,25,3,22,0,12.0,0.0,25,12.0
2026-10-03,installation_sgg_code,47230,SCRN_EXPSN_FWK,화면 확대 기능,25,25,0,0,100.0,0.0,25,100.0
2026-10-03,installation_sgg_code,47230,WHCHR_USER_MNPLT,휠체어 사용자 조작,25,3,22,0,12.0,0.0,25,12.0
2026-10-03,installation_sgg_code,47250,FRBLND_KPD,시각장애인용 키패드,30,30,0,0,100.0,0.0,30,100.0
2026-10-03,installation_sgg_code,47250,FRBLND_VOICE_GD,시각장애인용 음성안내,30,30,0,0,100.0,0.0,30,100.0
2026-10-03,installation_sgg_code,47250,FRDEAF_SCRN_GD,청각장애인용 화면안내,30,30,0,0,100.0,0.0,30,100.0
2026-10-03,installation_sgg_code,47250,BRL_LBL_ATCMNT,점자라벨 부착,30,30,0,0,100.0,0.0,30,100.0
2026-10-03,installation_sgg_code,47250,EPHN_SCKT,이어폰 소켓,30,30,0,0,100.0,0.0,30,100.0
2026-10-03,installation_sgg_code,47250,TCTL_ELCTNC_MONITOR,촉각(전자)모니터,30,0,30,0,0.0,0.0,30,0.0
2026-10-03,installation_sgg_code,47250,SCRN_EXPSN_FWK,화면 확대 기능,30,30,0,0,100.0,0.0,30,100.0
2026-10-03,installation_sgg_code,47250,WHCHR_USER_MNPLT,휠체어 사용자 조작,30,30,0,0,100.0,0.0,30,100.0
2026-10-03,installation_sgg_code,47280,FRBLND_KPD,시각장애인용 키패드,26,26,0,0,100.0,0.0,26,100.0
2026-10-03,installation_sgg_code,47280,FRBLND_VOICE_GD,시각장애인용 음성안내,26,26,0,0,100.0,0.0,26,100.0
2026-10-03,installation_sgg_code,47280,FRDEAF_SCRN_GD,청각장애인용 화면안내,26,26,0,0,100.0,0.0,26,100.0
2026-10-03,installation_sgg_code,47280,BRL_LBL_ATCMNT,점자라벨 부착,26,26,0,0,100.0,0.0,26,100.0
2026-10-03,installation_sgg_code,47280,EPHN_SCKT,이어폰 소켓,26,26,0,0,100.0,0.0,26,100.0
2026-10-03,installation_sgg_code,47280,TCTL_ELCTNC_MONITOR,촉각(전자)모니터,26,25,1,0,96.153846,0.0,26,96.153846
2026-10-03,installation_sgg_code,47280,SCRN_EXPSN_FWK,화면 확대 기능,26,26,0,0,100.0,0.0,26,100.0
2026-10-03,installation_sgg_code,47280,WHCHR_USER_MNPLT,휠체어 사용자 조작,26,26,0,0,100.0,0.0,26,100.0
2026-10-03,installation_sgg_code,47290,FRBLND_KPD,시각장애인용 키패드,27,27,0,0,100.0,0.0,27,100.0
2026-10-03,installation_sgg_code,47290,FRBLND_VOICE_GD,시각장애인용 음성안내,27,27,0,0,100.0,0.0,27,100.0
2026-10-03,installation_sgg_code,47290,FRDEAF_SCRN_GD,청각장애인용 화면안내,27,27,0,0,100.0,0.0,27,100.0
2026-10-03,installation_sgg_code,47290,BRL_LBL_ATCMNT,점자라벨 부착,27,27,0,0,100.0,0.0,27,100.0
2026-10-03,installation_sgg_code,47290,EPHN_SCKT,이어폰 소켓,27,27,0,0,100.0,0.0,27,100.0
2026-10-03,installation_sgg_code,47290,TCTL_ELCTNC_MONITOR,촉각(전자)모니터,27,2,25,0,7.407407,0.0,27,7.407407
2026-10-03,installation_sgg_code,47290,SCRN_EXPSN_FWK,화면 확대 기능,27,27,0,0,100.0,0.0,27,100.0
2026-10-03,installation_sgg_code,47290,WHCHR_USER_MNPLT,휠체어 사용자 조작,27,27,0,0,100.0,0.0,27,100.0
2026-10-03,installation_sgg_code,47730,FRBLND_KPD,시각장애인용 키패드,23,23,0,0,100.0,0.0,23,100.0
2026-10-03,installation_sgg_code,47730,FRBLND_VOICE_GD,시각장애인용 음성안내,23,23,0,0,100.0,0.0,23,100.0
2026-10-03,installation_sgg_code,47730,FRDEAF_SCRN_GD,청각장애인용 화면안내,23,23,0,0,100.0,0.0,23,100.0
2026-10-03,installation_sgg_code,47730,BRL_LBL_ATCMNT,점자라벨 부착,23,23,0,0,100.0,0.0,23,100.0
2026-10-03,installation_sgg_code,47730,EPHN_SCKT,이어폰 소켓,23,23,0,0,100.0,0.0,23,100.0
2026-10-03,installation_sgg_code,47730,TCTL_ELCTNC_MONITOR,촉각(전자)모니터,23,0,23,0,0.0,0.0,23,0.0
2026-10-03,installation_sgg_code,47730,SCRN_EXPSN_FWK,화면 확대 기능,23,23,0,0,100.0,0.0,23,100.0
2026-10-03,installation_sgg_code,47730,WHCHR_USER_MNPLT,휠체어 사용자 조작,23,23,0,0,100.0,0.0,23,100.0
2026-10-03,installation_sgg_code,47750,FRBLND_KPD,시각장애인용 키패드,10,10,0,0,100.0,0.0,10,100.0
2026-10-03,installation_sgg_code,47750,FRBLND_VOICE_GD,시각장애인용 음성안내,10,10,0,0,100.0,0.0,10,100.0
2026-10-03,installation_sgg_code,47750,FRDEAF_SCRN_GD,청각장애인용 화면안내,10,10,0,0,100.0,0.0,10,100.0
2026-10-03,installation_sgg_code,47750,BRL_LBL_ATCMNT,점자라벨 부착,10,10,0,0,100.0,0.0,10,100.0
2026-10-03,installation_sgg_code,47750,EPHN_SCKT,이어폰 소켓,10,10,0,0,100.0,0.0,10,100.0
2026-10-03,installation_sgg_code,47750,TCTL_ELCTNC_MONITOR,촉각(전자)모니터,10,0,10,0,0.0,0.0,10,0.0
2026-10-03,installation_sgg_code,47750,SCRN_EXPSN_FWK,화면 확대 기능,10,10,0,0,100.0,0.0,10,100.0
2026-10-03,installation_sgg_code,47750,WHCHR_USER_MNPLT,휠체어 사용자 조작,10,10,0,0,100.0,0.0,10,100.0
2026-10-03,installation_sgg_code,47760,FRBLND_KPD,시각장애인용 키패드,7,7,0,0,100.0,0.0,7,100.0
2026-10-03,installation_sgg_code,47760,FRBLND_VOICE_GD,시각장애인용 음성안내,7,7,0,0,100.0,0.0,7,100.0
2026-10-03,installation_sgg_code,47760,FRDEAF_SCRN_GD,청각장애인용 화면안내,7,7,0,0,100.0,0.0,7,100.0
2026-10-03,installation_sgg_code,47760,BRL_LBL_ATCMNT,점자라벨 부착,7,7,0,0,100.0,0.0,7,100.0
2026-10-03,installation_sgg_code,47760,EPHN_SCKT,이어폰 소켓,7,7,0,0,100.0,0.0,7,100.0
2026-10-03,installation_sgg_code,47760,TCTL_ELCTNC_MONITOR,촉각(전자)모니터,7,0,7,0,0.0,0.0,7,0.0
2026-10-03,installation_sgg_code,47760,SCRN_EXPSN_FWK,화면 확대 기능,7,7,0,0,100.0,0.0,7,100.0
2026-10-03,installation_sgg_code,47760,WHCHR_USER_MNPLT,휠체어 사용자 조작,7,2,5,0,28.571429,0.0,7,28.571429
2026-10-03,installation_sgg_code,47770,FRBLND_KPD,시각장애인용 키패드,16,16,0,0,100.0,0.0,16,100.0
2026-10-03,installation_sgg_code,47770,FRBLND_VOICE_GD,시각장애인용 음성안내,16,16,0,0,100.0,0.0,16,100.0
2026-10-03,installation_sgg_code,47770,FRDEAF_SCRN_GD,청각장애인용 화면안내,16,16,0,0,100.0,0.0,16,100.0
2026-10-03,installation_sgg_code,47770,BRL_LBL_ATCMNT,점자라벨 부착,16,16,0,0,100.0,0.0,16,100.0
2026-10-03,installation_sgg_code,47770,EPHN_SCKT,이어폰 소켓,16,16,0,0,100.0,0.0,16,100.0
2026-10-03,installation_sgg_code,47770,TCTL_ELCTNC_MONITOR,촉각(전자)모니터,16,15,1,0,93.75,0.0,16,93.75
2026-10-03,installation_sgg_code,47770,SCRN_EXPSN_FWK,화면 확대 기능,16,16,0,0,100.0,0.0,16,100.0
2026-10-03,installation_sgg_code,47770,WHCHR_USER_MNPLT,휠체어 사용자 조작,16,16,0,0,100.0,0.0,16,100.0
2026-10-03,installation_sgg_code,47820,FRBLND_KPD,시각장애인용 키패드,12,12,0,0,100.0,0.0,12,100.0
2026-10-03,installation_sgg_code,47820,FRBLND_VOICE_GD,시각장애인용 음성안내,12,12,0,0,100.0,0.0,12,100.0
2026-10-03,installation_sgg_code,47820,FRDEAF_SCRN_GD,청각장애인용 화면안내,12,12,0,0,100.0,0.0,12,100.0
2026-10-03,installation_sgg_code,47820,BRL_LBL_ATCMNT,점자라벨 부착,12,12,0,0,100.0,0.0,12,100.0
2026-10-03,installation_sgg_code,47820,EPHN_SCKT,이어폰 소켓,12,12,0,0,100.0,0.0,12,100.0
2026-10-03,installation_sgg_code,47820,TCTL_ELCTNC_MONITOR,촉각(전자)모니터,12,0,12,0,0.0,0.0,12,0.0
2026-10-03,installation_sgg_code,47820,SCRN_EXPSN_FWK,화면 확대 기능,12,12,0,0,100.0,0.0,12,100.0
2026-10-03,installation_sgg_code,47820,WHCHR_USER_MNPLT,휠체어 사용자 조작,12,12,0,0,100.0,0.0,12,100.0
2026-10-03,installation_sgg_code,47830,FRBLND_KPD,시각장애인용 키패드,9,9,0,0,100.0,0.0,9,100.0
2026-10-03,installation_sgg_code,47830,FRBLND_VOICE_GD,시각장애인용 음성안내,9,9,0,0,100.0,0.0,9,100.0
2026-10-03,installation_sgg_code,47830,FRDEAF_SCRN_GD,청각장애인용 화면안내,9,9,0,0,100.0,0.0,9,100.0
2026-10-03,installation_sgg_code,47830,BRL_LBL_ATCMNT,점자라벨 부착,9,9,0,0,100.0,0.0,9,100.0
2026-10-03,installation_sgg_code,47830,EPHN_SCKT,이어폰 소켓,9,9,0,0,100.0,0.0,9,100.0
2026-10-03,installation_sgg_code,47830,TCTL_ELCTNC_MONITOR,촉각(전자)모니터,9,9,0,0,100.0,0.0,9,100.0
2026-10-03,installation_sgg_code,47830,SCRN_EXPSN_FWK,화면 확대 기능,9,9,0,0,100.0,0.0,9,100.0
2026-10-03,installation_sgg_code,47830,WHCHR_USER_MNPLT,휠체어 사용자 조작,9,9,0,0,100.0,0.0,9,100.0
2026-10-03,installation_sgg_code,47840,FRBLND_KPD,시각장애인용 키패드,15,15,0,0,100.0,0.0,15,100.0
2026-10-03,installation_sgg_code,47840,FRBLND_VOICE_GD,시각장애인용 음성안내,15,15,0,0,100.0,0.0,15,100.0
2026-10-03,installation_sgg_code,47840,FRDEAF_SCRN_GD,청각장애인용 화면안내,15,15,0,0,100.0,0.0,15,100.0
2026-10-03,installation_sgg_code,47840,BRL_LBL_ATCMNT,점자라벨 부착,15,15,0,0,100.0,0.0,15,100.0
2026-10-03,installation_sgg_code,47840,EPHN_SCKT,이어폰 소켓,15,15,0,0,100.0,0.0,15,100.0
2026-10-03,installation_sgg_code,47840,TCTL_ELCTNC_MONITOR,촉각(전자)모니터,15,2,13,0,13.333333,0.0,15,13.333333
2026-10-03,installation_sgg_code,47840,SCRN_EXPSN_FWK,화면 확대 기능,15,15,0,0,100.0,0.0,15,100.0
2026-10-03,installation_sgg_code,47840,WHCHR_USER_MNPLT,휠체어 사용자 조작,15,15,0,0,100.0,0.0,15,100.0
2026-10-03,installation_sgg_code,47850,FRBLND_KPD,시각장애인용 키패드,17,17,0,0,100.0,0.0,17,100.0
2026-10-03,installation_sgg_code,47850,FRBLND_VOICE_GD,시각장애인용 음성안내,17,17,0,0,100.0,0.0,17,100.0
2026-10-03,installation_sgg_code,47850,FRDEAF_SCRN_GD,청각장애인용 화면안내,17,17,0,0,100.0,0.0,17,100.0
2026-10-03,installation_sgg_code,47850,BRL_LBL_ATCMNT,점자라벨 부착,17,17,0,0,100.0,0.0,17,100.0
2026-10-03,installation_sgg_code,47850,EPHN_SCKT,이어폰 소켓,17,17,0,0,100.0,0.0,17,100.0
2026-10-03,installation_sgg_code,47850,TCTL_ELCTNC_MONITOR,촉각(전자)모니터,17,0,17,0,0.0,0.0,17,0.0
2026-10-03,installation_sgg_code,47850,SCRN_EXPSN_FWK,화면 확대 기능,17,17,0,0,100.0,0.0,17,100.0
2026-10-03,installation_sgg_code,47850,WHCHR_USER_MNPLT,휠체어 사용자 조작,17,17,0,0,100.0,0.0,17,100.0
2026-10-03,installation_sgg_code,47900,FRBLND_KPD,시각장애인용 키패드,16,16,0,0,100.0,0.0,16,100.0
2026-10-03,installation_sgg_code,47900,FRBLND_VOICE_GD,시각장애인용 음성안내,16,16,0,0,100.0,0.0,16,100.0
2026-10-03,installation_sgg_code,47900,FRDEAF_SCRN_GD,청각장애인용 화면안내,16,16,0,0,100.0,0.0,16,100.0
2026-10-03,installation_sgg_code,47900,BRL_LBL_ATCMNT,점자라벨 부착,16,16,0,0,100.0,0.0,16,100.0
2026-10-03,installation_sgg_code,47900,EPHN_SCKT,이어폰 소켓,16,16,0,0,100.0,0.0,16,100.0
2026-10-03,installation_sgg_code,47900,TCTL_ELCTNC_MONITOR,촉각(전자)모니터,16,0,16,0,0.0,0.0,16,0.0
2026-10-03,installation_sgg_code,47900,SCRN_EXPSN_FWK,화면 확대 기능,16,16,0,0,100.0,0.0,16,100.0
2026-10-03,installation_sgg_code,47900,WHCHR_USER_MNPLT,휠체어 사용자 조작,16,16,0,0,100.0,0.0,16,100.0
2026-10-03,installation_sgg_code,47920,FRBLND_KPD,시각장애인용 키패드,12,12,0,0,100.0,0.0,12,100.0
2026-10-03,installation_sgg_code,47920,FRBLND_VOICE_GD,시각장애인용 음성안내,12,12,0,0,100.0,0.0,12,100.0
2026-10-03,installation_sgg_code,47920,FRDEAF_SCRN_GD,청각장애인용 화면안내,12,12,0,0,100.0,0.0,12,100.0
2026-10-03,installation_sgg_code,47920,BRL_LBL_ATCMNT,점자라벨 부착,12,12,0,0,100.0,0.0,12,100.0
2026-10-03,installation_sgg_code,47920,EPHN_SCKT,이어폰 소켓,12,12,0,0,100.0,0.0,12,100.0
2026-10-03,installation_sgg_code,47920,TCTL_ELCTNC_MONITOR,촉각(전자)모니터,12,5,7,0,41.666667,0.0,12,41.666667
2026-10-03,installation_sgg_code,47920,SCRN_EXPSN_FWK,화면 확대 기능,12,12,0,0,100.0,0.0,12,100.0
2026-10-03,installation_sgg_code,47920,WHCHR_USER_MNPLT,휠체어 사용자 조작,12,12,0,0,100.0,0.0,12,100.0
2026-10-03,installation_sgg_code,47930,FRBLND_KPD,시각장애인용 키패드,18,18,0,0,100.0,0.0,18,100.0
2026-10-03,installation_sgg_code,47930,FRBLND_VOICE_GD,시각장애인용 음성안내,18,18,0,0,100.0,0.0,18,100.0
2026-10-03,installation_sgg_code,47930,FRDEAF_SCRN_GD,청각장애인용 화면안내,18,18,0,0,100.0,0.0,18,100.0
2026-10-03,installation_sgg_code,47930,BRL_LBL_ATCMNT,점자라벨 부착,18,18,0,0,100.0,0.0,18,100.0
2026-10-03,installation_sgg_code,47930,EPHN_SCKT,이어폰 소켓,18,18,0,0,100.0,0.0,18,100.0
2026-10-03,installation_sgg_code,47930,TCTL_ELCTNC_MONITOR,촉각(전자)모니터,18,0,18,0,0.0,0.0,18,0.0
2026-10-03,installation_sgg_code,47930,SCRN_EXPSN_FWK,화면 확대 기능,18,18,0,0,100.0,0.0,18,100.0
2026-10-03,installation_sgg_code,47930,WHCHR_USER_MNPLT,휠체어 사용자 조작,18,5,13,0,27.777778,0.0,18,27.777778
2026-10-03,installation_sgg_code,47940,FRBLND_KPD,시각장애인용 키패드,4,4,0,0,100.0,0.0,4,100.0
2026-10-03,installation_sgg_code,47940,FRBLND_VOICE_GD,시각장애인용 음성안내,4,4,0,0,100.0,0.0,4,100.0
2026-10-03,installation_sgg_code,47940,FRDEAF_SCRN_GD,청각장애인용 화면안내,4,4,0,0,100.0,0.0,4,100.0
2026-10-03,installation_sgg_code,47940,BRL_LBL_ATCMNT,점자라벨 부착,4,4,0,0,100.0,0.0,4,100.0
2026-10-03,installation_sgg_code,47940,EPHN_SCKT,이어폰 소켓,4,4,0,0,100.0,0.0,4,100.0
2026-10-03,installation_sgg_code,47940,TCTL_ELCTNC_MONITOR,촉각(전자)모니터,4,0,4,0,0.0,0.0,4,0.0
2026-10-03,installation_sgg_code,47940,SCRN_EXPSN_FWK,화면 확대 기능,4,4,0,0,100.0,0.0,4,100.0
2026-10-03,installation_sgg_code,47940,WHCHR_USER_MNPLT,휠체어 사용자 조작,4,4,0,0,100.0,0.0,4,100.0
2026-10-03,installation_sgg_code,48121,FRBLND_KPD,시각장애인용 키패드,29,29,0,0,100.0,0.0,29,100.0
2026-10-03,installation_sgg_code,48121,FRBLND_VOICE_GD,시각장애인용 음성안내,29,29,0,0,100.0,0.0,29,100.0
2026-10-03,installation_sgg_code,48121,FRDEAF_SCRN_GD,청각장애인용 화면안내,29,29,0,0,100.0,0.0,29,100.0
2026-10-03,installation_sgg_code,48121,BRL_LBL_ATCMNT,점자라벨 부착,29,29,0,0,100.0,0.0,29,100.0
2026-10-03,installation_sgg_code,48121,EPHN_SCKT,이어폰 소켓,29,29,0,0,100.0,0.0,29,100.0
2026-10-03,installation_sgg_code,48121,TCTL_ELCTNC_MONITOR,촉각(전자)모니터,29,0,29,0,0.0,0.0,29,0.0
2026-10-03,installation_sgg_code,48121,SCRN_EXPSN_FWK,화면 확대 기능,29,29,0,0,100.0,0.0,29,100.0
2026-10-03,installation_sgg_code,48121,WHCHR_USER_MNPLT,휠체어 사용자 조작,29,29,0,0,100.0,0.0,29,100.0
2026-10-03,installation_sgg_code,48123,FRBLND_KPD,시각장애인용 키패드,34,34,0,0,100.0,0.0,34,100.0
2026-10-03,installation_sgg_code,48123,FRBLND_VOICE_GD,시각장애인용 음성안내,34,34,0,0,100.0,0.0,34,100.0
2026-10-03,installation_sgg_code,48123,FRDEAF_SCRN_GD,청각장애인용 화면안내,34,34,0,0,100.0,0.0,34,100.0
2026-10-03,installation_sgg_code,48123,BRL_LBL_ATCMNT,점자라벨 부착,34,34,0,0,100.0,0.0,34,100.0
2026-10-03,installation_sgg_code,48123,EPHN_SCKT,이어폰 소켓,34,34,0,0,100.0,0.0,34,100.0
2026-10-03,installation_sgg_code,48123,TCTL_ELCTNC_MONITOR,촉각(전자)모니터,34,0,34,0,0.0,0.0,34,0.0
2026-10-03,installation_sgg_code,48123,SCRN_EXPSN_FWK,화면 확대 기능,34,34,0,0,100.0,0.0,34,100.0
2026-10-03,installation_sgg_code,48123,WHCHR_USER_MNPLT,휠체어 사용자 조작,34,34,0,0,100.0,0.0,34,100.0
2026-10-03,installation_sgg_code,48125,FRBLND_KPD,시각장애인용 키패드,24,24,0,0,100.0,0.0,24,100.0
2026-10-03,installation_sgg_code,48125,FRBLND_VOICE_GD,시각장애인용 음성안내,24,24,0,0,100.0,0.0,24,100.0
2026-10-03,installation_sgg_code,48125,FRDEAF_SCRN_GD,청각장애인용 화면안내,24,24,0,0,100.0,0.0,24,100.0
2026-10-03,installation_sgg_code,48125,BRL_LBL_ATCMNT,점자라벨 부착,24,24,0,0,100.0,0.0,24,100.0
2026-10-03,installation_sgg_code,48125,EPHN_SCKT,이어폰 소켓,24,24,0,0,100.0,0.0,24,100.0
2026-10-03,installation_sgg_code,48125,TCTL_ELCTNC_MONITOR,촉각(전자)모니터,24,0,24,0,0.0,0.0,24,0.0
2026-10-03,installation_sgg_code,48125,SCRN_EXPSN_FWK,화면 확대 기능,24,24,0,0,100.0,0.0,24,100.0
2026-10-03,installation_sgg_code,48125,WHCHR_USER_MNPLT,휠체어 사용자 조작,24,24,0,0,100.0,0.0,24,100.0
2026-10-03,installation_sgg_code,48127,FRBLND_KPD,시각장애인용 키패드,27,27,0,0,100.0,0.0,27,100.0
2026-10-03,installation_sgg_code,48127,FRBLND_VOICE_GD,시각장애인용 음성안내,27,27,0,0,100.0,0.0,27,100.0
2026-10-03,installation_sgg_code,48127,FRDEAF_SCRN_GD,청각장애인용 화면안내,27,27,0,0,100.0,0.0,27,100.0
2026-10-03,installation_sgg_code,48127,BRL_LBL_ATCMNT,점자라벨 부착,27,27,0,0,100.0,0.0,27,100.0
2026-10-03,installation_sgg_code,48127,EPHN_SCKT,이어폰 소켓,27,27,0,0,100.0,0.0,27,100.0
2026-10-03,installation_sgg_code,48127,TCTL_ELCTNC_MONITOR,촉각(전자)모니터,27,0,27,0,0.0,0.0,27,0.0
2026-10-03,installation_sgg_code,48127,SCRN_EXPSN_FWK,화면 확대 기능,27,27,0,0,100.0,0.0,27,100.0
2026-10-03,installation_sgg_code,48127,WHCHR_USER_MNPLT,휠체어 사용자 조작,27,27,0,0,100.0,0.0,27,100.0
2026-10-03,installation_sgg_code,48129,FRBLND_KPD,시각장애인용 키패드,23,23,0,0,100.0,0.0,23,100.0
2026-10-03,installation_sgg_code,48129,FRBLND_VOICE_GD,시각장애인용 음성안내,23,23,0,0,100.0,0.0,23,100.0
2026-10-03,installation_sgg_code,48129,FRDEAF_SCRN_GD,청각장애인용 화면안내,23,23,0,0,100.0,0.0,23,100.0
2026-10-03,installation_sgg_code,48129,BRL_LBL_ATCMNT,점자라벨 부착,23,23,0,0,100.0,0.0,23,100.0
2026-10-03,installation_sgg_code,48129,EPHN_SCKT,이어폰 소켓,23,23,0,0,100.0,0.0,23,100.0
2026-10-03,installation_sgg_code,48129,TCTL_ELCTNC_MONITOR,촉각(전자)모니터,23,23,0,0,100.0,0.0,23,100.0
2026-10-03,installation_sgg_code,48129,SCRN_EXPSN_FWK,화면 확대 기능,23,23,0,0,100.0,0.0,23,100.0
2026-10-03,installation_sgg_code,48129,WHCHR_USER_MNPLT,휠체어 사용자 조작,23,23,0,0,100.0,0.0,23,100.0
2026-10-03,installation_sgg_code,48170,FRBLND_KPD,시각장애인용 키패드,31,31,0,0,100.0,0.0,31,100.0
2026-10-03,installation_sgg_code,48170,FRBLND_VOICE_GD,시각장애인용 음성안내,31,31,0,0,100.0,0.0,31,100.0
2026-10-03,installation_sgg_code,48170,FRDEAF_SCRN_GD,청각장애인용 화면안내,31,31,0,0,100.0,0.0,31,100.0
2026-10-03,installation_sgg_code,48170,BRL_LBL_ATCMNT,점자라벨 부착,31,31,0,0,100.0,0.0,31,100.0
2026-10-03,installation_sgg_code,48170,EPHN_SCKT,이어폰 소켓,31,31,0,0,100.0,0.0,31,100.0
2026-10-03,installation_sgg_code,48170,TCTL_ELCTNC_MONITOR,촉각(전자)모니터,31,3,28,0,9.677419,0.0,31,9.677419
2026-10-03,installation_sgg_code,48170,SCRN_EXPSN_FWK,화면 확대 기능,31,31,0,0,100.0,0.0,31,100.0
2026-10-03,installation_sgg_code,48170,WHCHR_USER_MNPLT,휠체어 사용자 조작,31,31,0,0,100.0,0.0,31,100.0
2026-10-03,installation_sgg_code,48220,FRBLND_KPD,시각장애인용 키패드,22,22,0,0,100.0,0.0,22,100.0
2026-10-03,installation_sgg_code,48220,FRBLND_VOICE_GD,시각장애인용 음성안내,22,22,0,0,100.0,0.0,22,100.0
2026-10-03,installation_sgg_code,48220,FRDEAF_SCRN_GD,청각장애인용 화면안내,22,22,0,0,100.0,0.0,22,100.0
2026-10-03,installation_sgg_code,48220,BRL_LBL_ATCMNT,점자라벨 부착,22,22,0,0,100.0,0.0,22,100.0
2026-10-03,installation_sgg_code,48220,EPHN_SCKT,이어폰 소켓,22,22,0,0,100.0,0.0,22,100.0
2026-10-03,installation_sgg_code,48220,TCTL_ELCTNC_MONITOR,촉각(전자)모니터,22,0,22,0,0.0,0.0,22,0.0
2026-10-03,installation_sgg_code,48220,SCRN_EXPSN_FWK,화면 확대 기능,22,22,0,0,100.0,0.0,22,100.0
2026-10-03,installation_sgg_code,48220,WHCHR_USER_MNPLT,휠체어 사용자 조작,22,22,0,0,100.0,0.0,22,100.0
2026-10-03,installation_sgg_code,48240,FRBLND_KPD,시각장애인용 키패드,19,19,0,0,100.0,0.0,19,100.0
2026-10-03,installation_sgg_code,48240,FRBLND_VOICE_GD,시각장애인용 음성안내,19,19,0,0,100.0,0.0,19,100.0
2026-10-03,installation_sgg_code,48240,FRDEAF_SCRN_GD,청각장애인용 화면안내,19,19,0,0,100.0,0.0,19,100.0
2026-10-03,installation_sgg_code,48240,BRL_LBL_ATCMNT,점자라벨 부착,19,19,0,0,100.0,0.0,19,100.0
2026-10-03,installation_sgg_code,48240,EPHN_SCKT,이어폰 소켓,19,19,0,0,100.0,0.0,19,100.0
2026-10-03,installation_sgg_code,48240,TCTL_ELCTNC_MONITOR,촉각(전자)모니터,19,15,4,0,78.947368,0.0,19,78.947368
2026-10-03,installation_sgg_code,48240,SCRN_EXPSN_FWK,화면 확대 기능,19,19,0,0,100.0,0.0,19,100.0
2026-10-03,installation_sgg_code,48240,WHCHR_USER_MNPLT,휠체어 사용자 조작,19,19,0,0,100.0,0.0,19,100.0
2026-10-03,installation_sgg_code,48250,FRBLND_KPD,시각장애인용 키패드,33,33,0,0,100.0,0.0,33,100.0
2026-10-03,installation_sgg_code,48250,FRBLND_VOICE_GD,시각장애인용 음성안내,33,33,0,0,100.0,0.0,33,100.0
2026-10-03,installation_sgg_code,48250,FRDEAF_SCRN_GD,청각장애인용 화면안내,33,33,0,0,100.0,0.0,33,100.0
2026-10-03,installation_sgg_code,48250,BRL_LBL_ATCMNT,점자라벨 부착,33,33,0,0,100.0,0.0,33,100.0
2026-10-03,installation_sgg_code,48250,EPHN_SCKT,이어폰 소켓,33,33,0,0,100.0,0.0,33,100.0
2026-10-03,installation_sgg_code,48250,TCTL_ELCTNC_MONITOR,촉각(전자)모니터,33,20,13,0,60.606061,0.0,33,60.606061
2026-10-03,installation_sgg_code,48250,SCRN_EXPSN_FWK,화면 확대 기능,33,33,0,0,100.0,0.0,33,100.0
2026-10-03,installation_sgg_code,48250,WHCHR_USER_MNPLT,휠체어 사용자 조작,33,33,0,0,100.0,0.0,33,100.0
2026-10-03,installation_sgg_code,48270,FRBLND_KPD,시각장애인용 키패드,25,25,0,0,100.0,0.0,25,100.0
2026-10-03,installation_sgg_code,48270,FRBLND_VOICE_GD,시각장애인용 음성안내,25,25,0,0,100.0,0.0,25,100.0
2026-10-03,installation_sgg_code,48270,FRDEAF_SCRN_GD,청각장애인용 화면안내,25,25,0,0,100.0,0.0,25,100.0
2026-10-03,installation_sgg_code,48270,BRL_LBL_ATCMNT,점자라벨 부착,25,25,0,0,100.0,0.0,25,100.0
2026-10-03,installation_sgg_code,48270,EPHN_SCKT,이어폰 소켓,25,25,0,0,100.0,0.0,25,100.0
2026-10-03,installation_sgg_code,48270,TCTL_ELCTNC_MONITOR,촉각(전자)모니터,25,0,25,0,0.0,0.0,25,0.0
2026-10-03,installation_sgg_code,48270,SCRN_EXPSN_FWK,화면 확대 기능,25,25,0,0,100.0,0.0,25,100.0
2026-10-03,installation_sgg_code,48270,WHCHR_USER_MNPLT,휠체어 사용자 조작,25,25,0,0,100.0,0.0,25,100.0
2026-10-03,installation_sgg_code,48310,FRBLND_KPD,시각장애인용 키패드,49,49,0,0,100.0,0.0,49,100.0
2026-10-03,installation_sgg_code,48310,FRBLND_VOICE_GD,시각장애인용 음성안내,49,49,0,0,100.0,0.0,49,100.0
2026-10-03,installation_sgg_code,48310,FRDEAF_SCRN_GD,청각장애인용 화면안내,49,49,0,0,100.0,0.0,49,100.0
2026-10-03,installation_sgg_code,48310,BRL_LBL_ATCMNT,점자라벨 부착,49,49,0,0,100.0,0.0,49,100.0
2026-10-03,installation_sgg_code,48310,EPHN_SCKT,이어폰 소켓,49,49,0,0,100.0,0.0,49,100.0
2026-10-03,installation_sgg_code,48310,TCTL_ELCTNC_MONITOR,촉각(전자)모니터,49,0,49,0,0.0,0.0,49,0.0
2026-10-03,installation_sgg_code,48310,SCRN_EXPSN_FWK,화면 확대 기능,49,49,0,0,100.0,0.0,49,100.0
2026-10-03,installation_sgg_code,48310,WHCHR_USER_MNPLT,휠체어 사용자 조작,49,37,12,0,75.510204,0.0,49,75.510204
2026-10-03,installation_sgg_code,48330,FRBLND_KPD,시각장애인용 키패드,31,31,0,0,100.0,0.0,31,100.0
2026-10-03,installation_sgg_code,48330,FRBLND_VOICE_GD,시각장애인용 음성안내,31,31,0,0,100.0,0.0,31,100.0
2026-10-03,installation_sgg_code,48330,FRDEAF_SCRN_GD,청각장애인용 화면안내,31,31,0,0,100.0,0.0,31,100.0
2026-10-03,installation_sgg_code,48330,BRL_LBL_ATCMNT,점자라벨 부착,31,31,0,0,100.0,0.0,31,100.0
2026-10-03,installation_sgg_code,48330,EPHN_SCKT,이어폰 소켓,31,31,0,0,100.0,0.0,31,100.0
2026-10-03,installation_sgg_code,48330,TCTL_ELCTNC_MONITOR,촉각(전자)모니터,31,0,31,0,0.0,0.0,31,0.0
2026-10-03,installation_sgg_code,48330,SCRN_EXPSN_FWK,화면 확대 기능,31,31,0,0,100.0,0.0,31,100.0
2026-10-03,installation_sgg_code,48330,WHCHR_USER_MNPLT,휠체어 사용자 조작,31,31,0,0,100.0,0.0,31,100.0
2026-10-03,installation_sgg_code,48720,FRBLND_KPD,시각장애인용 키패드,14,14,0,0,100.0,0.0,14,100.0
2026-10-03,installation_sgg_code,48720,FRBLND_VOICE_GD,시각장애인용 음성안내,14,14,0,0,100.0,0.0,14,100.0
2026-10-03,installation_sgg_code,48720,FRDEAF_SCRN_GD,청각장애인용 화면안내,14,14,0,0,100.0,0.0,14,100.0
2026-10-03,installation_sgg_code,48720,BRL_LBL_ATCMNT,점자라벨 부착,14,14,0,0,100.0,0.0,14,100.0
2026-10-03,installation_sgg_code,48720,EPHN_SCKT,이어폰 소켓,14,14,0,0,100.0,0.0,14,100.0
2026-10-03,installation_sgg_code,48720,TCTL_ELCTNC_MONITOR,촉각(전자)모니터,14,0,14,0,0.0,0.0,14,0.0
2026-10-03,installation_sgg_code,48720,SCRN_EXPSN_FWK,화면 확대 기능,14,14,0,0,100.0,0.0,14,100.0
2026-10-03,installation_sgg_code,48720,WHCHR_USER_MNPLT,휠체어 사용자 조작,14,14,0,0,100.0,0.0,14,100.0
2026-10-03,installation_sgg_code,48730,FRBLND_KPD,시각장애인용 키패드,12,12,0,0,100.0,0.0,12,100.0
2026-10-03,installation_sgg_code,48730,FRBLND_VOICE_GD,시각장애인용 음성안내,12,12,0,0,100.0,0.0,12,100.0
2026-10-03,installation_sgg_code,48730,FRDEAF_SCRN_GD,청각장애인용 화면안내,12,12,0,0,100.0,0.0,12,100.0
2026-10-03,installation_sgg_code,48730,BRL_LBL_ATCMNT,점자라벨 부착,12,12,0,0,100.0,0.0,12,100.0
2026-10-03,installation_sgg_code,48730,EPHN_SCKT,이어폰 소켓,12,12,0,0,100.0,0.0,12,100.0
2026-10-03,installation_sgg_code,48730,TCTL_ELCTNC_MONITOR,촉각(전자)모니터,12,0,12,0,0.0,0.0,12,0.0
2026-10-03,installation_sgg_code,48730,SCRN_EXPSN_FWK,화면 확대 기능,12,12,0,0,100.0,0.0,12,100.0
2026-10-03,installation_sgg_code,48730,WHCHR_USER_MNPLT,휠체어 사용자 조작,12,12,0,0,100.0,0.0,12,100.0
2026-10-03,installation_sgg_code,48740,FRBLND_KPD,시각장애인용 키패드,18,18,0,0,100.0,0.0,18,100.0
2026-10-03,installation_sgg_code,48740,FRBLND_VOICE_GD,시각장애인용 음성안내,18,18,0,0,100.0,0.0,18,100.0
2026-10-03,installation_sgg_code,48740,FRDEAF_SCRN_GD,청각장애인용 화면안내,18,18,0,0,100.0,0.0,18,100.0
2026-10-03,installation_sgg_code,48740,BRL_LBL_ATCMNT,점자라벨 부착,18,18,0,0,100.0,0.0,18,100.0
2026-10-03,installation_sgg_code,48740,EPHN_SCKT,이어폰 소켓,18,18,0,0,100.0,0.0,18,100.0
2026-10-03,installation_sgg_code,48740,TCTL_ELCTNC_MONITOR,촉각(전자)모니터,18,0,18,0,0.0,0.0,18,0.0
2026-10-03,installation_sgg_code,48740,SCRN_EXPSN_FWK,화면 확대 기능,18,18,0,0,100.0,0.0,18,100.0
2026-10-03,installation_sgg_code,48740,WHCHR_USER_MNPLT,휠체어 사용자 조작,18,18,0,0,100.0,0.0,18,100.0
2026-10-03,installation_sgg_code,48820,FRBLND_KPD,시각장애인용 키패드,10,10,0,0,100.0,0.0,10,100.0
2026-10-03,installation_sgg_code,48820,FRBLND_VOICE_GD,시각장애인용 음성안내,10,10,0,0,100.0,0.0,10,100.0
2026-10-03,installation_sgg_code,48820,FRDEAF_SCRN_GD,청각장애인용 화면안내,10,10,0,0,100.0,0.0,10,100.0
2026-10-03,installation_sgg_code,48820,BRL_LBL_ATCMNT,점자라벨 부착,10,10,0,0,100.0,0.0,10,100.0
2026-10-03,installation_sgg_code,48820,EPHN_SCKT,이어폰 소켓,10,10,0,0,100.0,0.0,10,100.0
2026-10-03,installation_sgg_code,48820,TCTL_ELCTNC_MONITOR,촉각(전자)모니터,10,1,9,0,10.0,0.0,10,10.0
2026-10-03,installation_sgg_code,48820,SCRN_EXPSN_FWK,화면 확대 기능,10,10,0,0,100.0,0.0,10,100.0
2026-10-03,installation_sgg_code,48820,WHCHR_USER_MNPLT,휠체어 사용자 조작,10,10,0,0,100.0,0.0,10,100.0
2026-10-03,installation_sgg_code,48840,FRBLND_KPD,시각장애인용 키패드,13,13,0,0,100.0,0.0,13,100.0
2026-10-03,installation_sgg_code,48840,FRBLND_VOICE_GD,시각장애인용 음성안내,13,13,0,0,100.0,0.0,13,100.0
2026-10-03,installation_sgg_code,48840,FRDEAF_SCRN_GD,청각장애인용 화면안내,13,13,0,0,100.0,0.0,13,100.0
2026-10-03,installation_sgg_code,48840,BRL_LBL_ATCMNT,점자라벨 부착,13,13,0,0,100.0,0.0,13,100.0
2026-10-03,installation_sgg_code,48840,EPHN_SCKT,이어폰 소켓,13,13,0,0,100.0,0.0,13,100.0
2026-10-03,installation_sgg_code,48840,TCTL_ELCTNC_MONITOR,촉각(전자)모니터,13,4,9,0,30.769231,0.0,13,30.769231
2026-10-03,installation_sgg_code,48840,SCRN_EXPSN_FWK,화면 확대 기능,13,13,0,0,100.0,0.0,13,100.0
2026-10-03,installation_sgg_code,48840,WHCHR_USER_MNPLT,휠체어 사용자 조작,13,12,1,0,92.307692,0.0,13,92.307692
2026-10-03,installation_sgg_code,48850,FRBLND_KPD,시각장애인용 키패드,17,17,0,0,100.0,0.0,17,100.0
2026-10-03,installation_sgg_code,48850,FRBLND_VOICE_GD,시각장애인용 음성안내,17,17,0,0,100.0,0.0,17,100.0
2026-10-03,installation_sgg_code,48850,FRDEAF_SCRN_GD,청각장애인용 화면안내,17,17,0,0,100.0,0.0,17,100.0
2026-10-03,installation_sgg_code,48850,BRL_LBL_ATCMNT,점자라벨 부착,17,17,0,0,100.0,0.0,17,100.0
2026-10-03,installation_sgg_code,48850,EPHN_SCKT,이어폰 소켓,17,17,0,0,100.0,0.0,17,100.0
2026-10-03,installation_sgg_code,48850,TCTL_ELCTNC_MONITOR,촉각(전자)모니터,17,17,0,0,100.0,0.0,17,100.0
2026-10-03,installation_sgg_code,48850,SCRN_EXPSN_FWK,화면 확대 기능,17,17,0,0,100.0,0.0,17,100.0
2026-10-03,installation_sgg_code,48850,WHCHR_USER_MNPLT,휠체어 사용자 조작,17,17,0,0,100.0,0.0,17,100.0
2026-10-03,installation_sgg_code,48860,FRBLND_KPD,시각장애인용 키패드,14,14,0,0,100.0,0.0,14,100.0
2026-10-03,installation_sgg_code,48860,FRBLND_VOICE_GD,시각장애인용 음성안내,14,14,0,0,100.0,0.0,14,100.0
2026-10-03,installation_sgg_code,48860,FRDEAF_SCRN_GD,청각장애인용 화면안내,14,14,0,0,100.0,0.0,14,100.0
2026-10-03,installation_sgg_code,48860,BRL_LBL_ATCMNT,점자라벨 부착,14,14,0,0,100.0,0.0,14,100.0
2026-10-03,installation_sgg_code,48860,EPHN_SCKT,이어폰 소켓,14,14,0,0,100.0,0.0,14,100.0
2026-10-03,installation_sgg_code,48860,TCTL_ELCTNC_MONITOR,촉각(전자)모니터,14,0,14,0,0.0,0.0,14,0.0
2026-10-03,installation_sgg_code,48860,SCRN_EXPSN_FWK,화면 확대 기능,14,14,0,0,100.0,0.0,14,100.0
2026-10-03,installation_sgg_code,48860,WHCHR_USER_MNPLT,휠체어 사용자 조작,14,14,0,0,100.0,0.0,14,100.0
2026-10-03,installation_sgg_code,48870,FRBLND_KPD,시각장애인용 키패드,7,7,0,0,100.0,0.0,7,100.0
2026-10-03,installation_sgg_code,48870,FRBLND_VOICE_GD,시각장애인용 음성안내,7,7,0,0,100.0,0.0,7,100.0
2026-10-03,installation_sgg_code,48870,FRDEAF_SCRN_GD,청각장애인용 화면안내,7,7,0,0,100.0,0.0,7,100.0
2026-10-03,installation_sgg_code,48870,BRL_LBL_ATCMNT,점자라벨 부착,7,7,0,0,100.0,0.0,7,100.0
2026-10-03,installation_sgg_code,48870,EPHN_SCKT,이어폰 소켓,7,7,0,0,100.0,0.0,7,100.0
2026-10-03,installation_sgg_code,48870,TCTL_ELCTNC_MONITOR,촉각(전자)모니터,7,4,3,0,57.142857,0.0,7,57.142857
2026-10-03,installation_sgg_code,48870,SCRN_EXPSN_FWK,화면 확대 기능,7,7,0,0,100.0,0.0,7,100.0
2026-10-03,installation_sgg_code,48870,WHCHR_USER_MNPLT,휠체어 사용자 조작,7,7,0,0,100.0,0.0,7,100.0
2026-10-03,installation_sgg_code,48880,FRBLND_KPD,시각장애인용 키패드,16,16,0,0,100.0,0.0,16,100.0
2026-10-03,installation_sgg_code,48880,FRBLND_VOICE_GD,시각장애인용 음성안내,16,16,0,0,100.0,0.0,16,100.0
2026-10-03,installation_sgg_code,48880,FRDEAF_SCRN_GD,청각장애인용 화면안내,16,16,0,0,100.0,0.0,16,100.0
2026-10-03,installation_sgg_code,48880,BRL_LBL_ATCMNT,점자라벨 부착,16,16,0,0,100.0,0.0,16,100.0
2026-10-03,installation_sgg_code,48880,EPHN_SCKT,이어폰 소켓,16,16,0,0,100.0,0.0,16,100.0
2026-10-03,installation_sgg_code,48880,TCTL_ELCTNC_MONITOR,촉각(전자)모니터,16,0,16,0,0.0,0.0,16,0.0
2026-10-03,installation_sgg_code,48880,SCRN_EXPSN_FWK,화면 확대 기능,16,16,0,0,100.0,0.0,16,100.0
2026-10-03,installation_sgg_code,48880,WHCHR_USER_MNPLT,휠체어 사용자 조작,16,8,8,0,50.0,0.0,16,50.0
2026-10-03,installation_sgg_code,48890,FRBLND_KPD,시각장애인용 키패드,22,22,0,0,100.0,0.0,22,100.0
2026-10-03,installation_sgg_code,48890,FRBLND_VOICE_GD,시각장애인용 음성안내,22,22,0,0,100.0,0.0,22,100.0
2026-10-03,installation_sgg_code,48890,FRDEAF_SCRN_GD,청각장애인용 화면안내,22,22,0,0,100.0,0.0,22,100.0
2026-10-03,installation_sgg_code,48890,BRL_LBL_ATCMNT,점자라벨 부착,22,22,0,0,100.0,0.0,22,100.0
2026-10-03,installation_sgg_code,48890,EPHN_SCKT,이어폰 소켓,22,22,0,0,100.0,0.0,22,100.0
2026-10-03,installation_sgg_code,48890,TCTL_ELCTNC_MONITOR,촉각(전자)모니터,22,1,21,0,4.545455,0.0,22,4.545455
2026-10-03,installation_sgg_code,48890,SCRN_EXPSN_FWK,화면 확대 기능,22,22,0,0,100.0,0.0,22,100.0
2026-10-03,installation_sgg_code,48890,WHCHR_USER_MNPLT,휠체어 사용자 조작,22,1,21,0,4.545455,0.0,22,4.545455
2026-10-03,installation_sgg_code,50110,FRBLND_KPD,시각장애인용 키패드,53,53,0,0,100.0,0.0,53,100.0
2026-10-03,installation_sgg_code,50110,FRBLND_VOICE_GD,시각장애인용 음성안내,53,53,0,0,100.0,0.0,53,100.0
2026-10-03,installation_sgg_code,50110,FRDEAF_SCRN_GD,청각장애인용 화면안내,53,53,0,0,100.0,0.0,53,100.0
2026-10-03,installation_sgg_code,50110,BRL_LBL_ATCMNT,점자라벨 부착,53,53,0,0,100.0,0.0,53,100.0
2026-10-03,installation_sgg_code,50110,EPHN_SCKT,이어폰 소켓,53,53,0,0,100.0,0.0,53,100.0
2026-10-03,installation_sgg_code,50110,TCTL_ELCTNC_MONITOR,촉각(전자)모니터,53,10,43,0,18.867925,0.0,53,18.867925
2026-10-03,installation_sgg_code,50110,SCRN_EXPSN_FWK,화면 확대 기능,53,53,0,0,100.0,0.0,53,100.0
2026-10-03,installation_sgg_code,50110,WHCHR_USER_MNPLT,휠체어 사용자 조작,53,44,9,0,83.018868,0.0,53,83.018868
2026-10-03,installation_sgg_code,50130,FRBLND_KPD,시각장애인용 키패드,32,32,0,0,100.0,0.0,32,100.0
2026-10-03,installation_sgg_code,50130,FRBLND_VOICE_GD,시각장애인용 음성안내,32,32,0,0,100.0,0.0,32,100.0
2026-10-03,installation_sgg_code,50130,FRDEAF_SCRN_GD,청각장애인용 화면안내,32,32,0,0,100.0,0.0,32,100.0
2026-10-03,installation_sgg_code,50130,BRL_LBL_ATCMNT,점자라벨 부착,32,32,0,0,100.0,0.0,32,100.0
2026-10-03,installation_sgg_code,50130,EPHN_SCKT,이어폰 소켓,32,32,0,0,100.0,0.0,32,100.0
2026-10-03,installation_sgg_code,50130,TCTL_ELCTNC_MONITOR,촉각(전자)모니터,32,0,32,0,0.0,0.0,32,0.0
2026-10-03,installation_sgg_code,50130,SCRN_EXPSN_FWK,화면 확대 기능,32,32,0,0,100.0,0.0,32,100.0
2026-10-03,installation_sgg_code,50130,WHCHR_USER_MNPLT,휠체어 사용자 조작,32,4,28,0,12.5,0.0,32,12.5
2026-10-03,installation_sgg_code,51110,FRBLND_KPD,시각장애인용 키패드,34,34,0,0,100.0,0.0,34,100.0
2026-10-03,installation_sgg_code,51110,FRBLND_VOICE_GD,시각장애인용 음성안내,34,34,0,0,100.0,0.0,34,100.0
2026-10-03,installation_sgg_code,51110,FRDEAF_SCRN_GD,청각장애인용 화면안내,34,34,0,0,100.0,0.0,34,100.0
2026-10-03,installation_sgg_code,51110,BRL_LBL_ATCMNT,점자라벨 부착,34,34,0,0,100.0,0.0,34,100.0
2026-10-03,installation_sgg_code,51110,EPHN_SCKT,이어폰 소켓,34,34,0,0,100.0,0.0,34,100.0
2026-10-03,installation_sgg_code,51110,TCTL_ELCTNC_MONITOR,촉각(전자)모니터,34,1,33,0,2.941176,0.0,34,2.941176
2026-10-03,installation_sgg_code,51110,SCRN_EXPSN_FWK,화면 확대 기능,34,34,0,0,100.0,0.0,34,100.0
2026-10-03,installation_sgg_code,51110,WHCHR_USER_MNPLT,휠체어 사용자 조작,34,34,0,0,100.0,0.0,34,100.0
2026-10-03,installation_sgg_code,51130,FRBLND_KPD,시각장애인용 키패드,29,29,0,0,100.0,0.0,29,100.0
2026-10-03,installation_sgg_code,51130,FRBLND_VOICE_GD,시각장애인용 음성안내,29,29,0,0,100.0,0.0,29,100.0
2026-10-03,installation_sgg_code,51130,FRDEAF_SCRN_GD,청각장애인용 화면안내,29,29,0,0,100.0,0.0,29,100.0
2026-10-03,installation_sgg_code,51130,BRL_LBL_ATCMNT,점자라벨 부착,29,29,0,0,100.0,0.0,29,100.0
2026-10-03,installation_sgg_code,51130,EPHN_SCKT,이어폰 소켓,29,29,0,0,100.0,0.0,29,100.0
2026-10-03,installation_sgg_code,51130,TCTL_ELCTNC_MONITOR,촉각(전자)모니터,29,2,27,0,6.896552,0.0,29,6.896552
2026-10-03,installation_sgg_code,51130,SCRN_EXPSN_FWK,화면 확대 기능,29,29,0,0,100.0,0.0,29,100.0
2026-10-03,installation_sgg_code,51130,WHCHR_USER_MNPLT,휠체어 사용자 조작,29,10,19,0,34.482759,0.0,29,34.482759
2026-10-03,installation_sgg_code,51150,FRBLND_KPD,시각장애인용 키패드,32,32,0,0,100.0,0.0,32,100.0
2026-10-03,installation_sgg_code,51150,FRBLND_VOICE_GD,시각장애인용 음성안내,32,32,0,0,100.0,0.0,32,100.0
2026-10-03,installation_sgg_code,51150,FRDEAF_SCRN_GD,청각장애인용 화면안내,32,32,0,0,100.0,0.0,32,100.0
2026-10-03,installation_sgg_code,51150,BRL_LBL_ATCMNT,점자라벨 부착,32,32,0,0,100.0,0.0,32,100.0
2026-10-03,installation_sgg_code,51150,EPHN_SCKT,이어폰 소켓,32,32,0,0,100.0,0.0,32,100.0
2026-10-03,installation_sgg_code,51150,TCTL_ELCTNC_MONITOR,촉각(전자)모니터,32,0,32,0,0.0,0.0,32,0.0
2026-10-03,installation_sgg_code,51150,SCRN_EXPSN_FWK,화면 확대 기능,32,32,0,0,100.0,0.0,32,100.0
2026-10-03,installation_sgg_code,51150,WHCHR_USER_MNPLT,휠체어 사용자 조작,32,32,0,0,100.0,0.0,32,100.0
2026-10-03,installation_sgg_code,51170,FRBLND_KPD,시각장애인용 키패드,10,10,0,0,100.0,0.0,10,100.0
2026-10-03,installation_sgg_code,51170,FRBLND_VOICE_GD,시각장애인용 음성안내,10,10,0,0,100.0,0.0,10,100.0
2026-10-03,installation_sgg_code,51170,FRDEAF_SCRN_GD,청각장애인용 화면안내,10,10,0,0,100.0,0.0,10,100.0
2026-10-03,installation_sgg_code,51170,BRL_LBL_ATCMNT,점자라벨 부착,10,10,0,0,100.0,0.0,10,100.0
2026-10-03,installation_sgg_code,51170,EPHN_SCKT,이어폰 소켓,10,10,0,0,100.0,0.0,10,100.0
2026-10-03,installation_sgg_code,51170,TCTL_ELCTNC_MONITOR,촉각(전자)모니터,10,0,10,0,0.0,0.0,10,0.0
2026-10-03,installation_sgg_code,51170,SCRN_EXPSN_FWK,화면 확대 기능,10,10,0,0,100.0,0.0,10,100.0
2026-10-03,installation_sgg_code,51170,WHCHR_USER_MNPLT,휠체어 사용자 조작,10,10,0,0,100.0,0.0,10,100.0
2026-10-03,installation_sgg_code,51190,FRBLND_KPD,시각장애인용 키패드,8,8,0,0,100.0,0.0,8,100.0
2026-10-03,installation_sgg_code,51190,FRBLND_VOICE_GD,시각장애인용 음성안내,8,8,0,0,100.0,0.0,8,100.0
2026-10-03,installation_sgg_code,51190,FRDEAF_SCRN_GD,청각장애인용 화면안내,8,8,0,0,100.0,0.0,8,100.0
2026-10-03,installation_sgg_code,51190,BRL_LBL_ATCMNT,점자라벨 부착,8,8,0,0,100.0,0.0,8,100.0
2026-10-03,installation_sgg_code,51190,EPHN_SCKT,이어폰 소켓,8,8,0,0,100.0,0.0,8,100.0
2026-10-03,installation_sgg_code,51190,TCTL_ELCTNC_MONITOR,촉각(전자)모니터,8,1,7,0,12.5,0.0,8,12.5
2026-10-03,installation_sgg_code,51190,SCRN_EXPSN_FWK,화면 확대 기능,8,8,0,0,100.0,0.0,8,100.0
2026-10-03,installation_sgg_code,51190,WHCHR_USER_MNPLT,휠체어 사용자 조작,8,8,0,0,100.0,0.0,8,100.0
2026-10-03,installation_sgg_code,51210,FRBLND_KPD,시각장애인용 키패드,19,19,0,0,100.0,0.0,19,100.0
2026-10-03,installation_sgg_code,51210,FRBLND_VOICE_GD,시각장애인용 음성안내,19,19,0,0,100.0,0.0,19,100.0
2026-10-03,installation_sgg_code,51210,FRDEAF_SCRN_GD,청각장애인용 화면안내,19,19,0,0,100.0,0.0,19,100.0
2026-10-03,installation_sgg_code,51210,BRL_LBL_ATCMNT,점자라벨 부착,19,19,0,0,100.0,0.0,19,100.0
2026-10-03,installation_sgg_code,51210,EPHN_SCKT,이어폰 소켓,19,19,0,0,100.0,0.0,19,100.0
2026-10-03,installation_sgg_code,51210,TCTL_ELCTNC_MONITOR,촉각(전자)모니터,19,0,19,0,0.0,0.0,19,0.0
2026-10-03,installation_sgg_code,51210,SCRN_EXPSN_FWK,화면 확대 기능,19,19,0,0,100.0,0.0,19,100.0
2026-10-03,installation_sgg_code,51210,WHCHR_USER_MNPLT,휠체어 사용자 조작,19,18,1,0,94.736842,0.0,19,94.736842
2026-10-03,installation_sgg_code,51230,FRBLND_KPD,시각장애인용 키패드,13,13,0,0,100.0,0.0,13,100.0
2026-10-03,installation_sgg_code,51230,FRBLND_VOICE_GD,시각장애인용 음성안내,13,13,0,0,100.0,0.0,13,100.0
2026-10-03,installation_sgg_code,51230,FRDEAF_SCRN_GD,청각장애인용 화면안내,13,13,0,0,100.0,0.0,13,100.0
2026-10-03,installation_sgg_code,51230,BRL_LBL_ATCMNT,점자라벨 부착,13,13,0,0,100.0,0.0,13,100.0
2026-10-03,installation_sgg_code,51230,EPHN_SCKT,이어폰 소켓,13,13,0,0,100.0,0.0,13,100.0
2026-10-03,installation_sgg_code,51230,TCTL_ELCTNC_MONITOR,촉각(전자)모니터,13,11,2,0,84.615385,0.0,13,84.615385
2026-10-03,installation_sgg_code,51230,SCRN_EXPSN_FWK,화면 확대 기능,13,13,0,0,100.0,0.0,13,100.0
2026-10-03,installation_sgg_code,51230,WHCHR_USER_MNPLT,휠체어 사용자 조작,13,13,0,0,100.0,0.0,13,100.0
2026-10-03,installation_sgg_code,51720,FRBLND_KPD,시각장애인용 키패드,24,24,0,0,100.0,0.0,24,100.0
2026-10-03,installation_sgg_code,51720,FRBLND_VOICE_GD,시각장애인용 음성안내,24,24,0,0,100.0,0.0,24,100.0
2026-10-03,installation_sgg_code,51720,FRDEAF_SCRN_GD,청각장애인용 화면안내,24,24,0,0,100.0,0.0,24,100.0
2026-10-03,installation_sgg_code,51720,BRL_LBL_ATCMNT,점자라벨 부착,24,24,0,0,100.0,0.0,24,100.0
2026-10-03,installation_sgg_code,51720,EPHN_SCKT,이어폰 소켓,24,24,0,0,100.0,0.0,24,100.0
2026-10-03,installation_sgg_code,51720,TCTL_ELCTNC_MONITOR,촉각(전자)모니터,24,21,3,0,87.5,0.0,24,87.5
2026-10-03,installation_sgg_code,51720,SCRN_EXPSN_FWK,화면 확대 기능,24,24,0,0,100.0,0.0,24,100.0
2026-10-03,installation_sgg_code,51720,WHCHR_USER_MNPLT,휠체어 사용자 조작,24,24,0,0,100.0,0.0,24,100.0
2026-10-03,installation_sgg_code,51730,FRBLND_KPD,시각장애인용 키패드,26,26,0,0,100.0,0.0,26,100.0
2026-10-03,installation_sgg_code,51730,FRBLND_VOICE_GD,시각장애인용 음성안내,26,26,0,0,100.0,0.0,26,100.0
2026-10-03,installation_sgg_code,51730,FRDEAF_SCRN_GD,청각장애인용 화면안내,26,26,0,0,100.0,0.0,26,100.0
2026-10-03,installation_sgg_code,51730,BRL_LBL_ATCMNT,점자라벨 부착,26,26,0,0,100.0,0.0,26,100.0
2026-10-03,installation_sgg_code,51730,EPHN_SCKT,이어폰 소켓,26,26,0,0,100.0,0.0,26,100.0
2026-10-03,installation_sgg_code,51730,TCTL_ELCTNC_MONITOR,촉각(전자)모니터,26,25,1,0,96.153846,0.0,26,96.153846
2026-10-03,installation_sgg_code,51730,SCRN_EXPSN_FWK,화면 확대 기능,26,26,0,0,100.0,0.0,26,100.0
2026-10-03,installation_sgg_code,51730,WHCHR_USER_MNPLT,휠체어 사용자 조작,26,26,0,0,100.0,0.0,26,100.0
2026-10-03,installation_sgg_code,51750,FRBLND_KPD,시각장애인용 키패드,18,18,0,0,100.0,0.0,18,100.0
2026-10-03,installation_sgg_code,51750,FRBLND_VOICE_GD,시각장애인용 음성안내,18,18,0,0,100.0,0.0,18,100.0
2026-10-03,installation_sgg_code,51750,FRDEAF_SCRN_GD,청각장애인용 화면안내,18,18,0,0,100.0,0.0,18,100.0
2026-10-03,installation_sgg_code,51750,BRL_LBL_ATCMNT,점자라벨 부착,18,18,0,0,100.0,0.0,18,100.0
2026-10-03,installation_sgg_code,51750,EPHN_SCKT,이어폰 소켓,18,18,0,0,100.0,0.0,18,100.0
2026-10-03,installation_sgg_code,51750,TCTL_ELCTNC_MONITOR,촉각(전자)모니터,18,0,18,0,0.0,0.0,18,0.0
2026-10-03,installation_sgg_code,51750,SCRN_EXPSN_FWK,화면 확대 기능,18,18,0,0,100.0,0.0,18,100.0
2026-10-03,installation_sgg_code,51750,WHCHR_USER_MNPLT,휠체어 사용자 조작,18,18,0,0,100.0,0.0,18,100.0
2026-10-03,installation_sgg_code,51760,FRBLND_KPD,시각장애인용 키패드,12,12,0,0,100.0,0.0,12,100.0
2026-10-03,installation_sgg_code,51760,FRBLND_VOICE_GD,시각장애인용 음성안내,12,12,0,0,100.0,0.0,12,100.0
2026-10-03,installation_sgg_code,51760,FRDEAF_SCRN_GD,청각장애인용 화면안내,12,12,0,0,100.0,0.0,12,100.0
2026-10-03,installation_sgg_code,51760,BRL_LBL_ATCMNT,점자라벨 부착,12,12,0,0,100.0,0.0,12,100.0
2026-10-03,installation_sgg_code,51760,EPHN_SCKT,이어폰 소켓,12,12,0,0,100.0,0.0,12,100.0
2026-10-03,installation_sgg_code,51760,TCTL_ELCTNC_MONITOR,촉각(전자)모니터,12,5,7,0,41.666667,0.0,12,41.666667
2026-10-03,installation_sgg_code,51760,SCRN_EXPSN_FWK,화면 확대 기능,12,12,0,0,100.0,0.0,12,100.0
2026-10-03,installation_sgg_code,51760,WHCHR_USER_MNPLT,휠체어 사용자 조작,12,12,0,0,100.0,0.0,12,100.0
2026-10-03,installation_sgg_code,51770,FRBLND_KPD,시각장애인용 키패드,15,15,0,0,100.0,0.0,15,100.0
2026-10-03,installation_sgg_code,51770,FRBLND_VOICE_GD,시각장애인용 음성안내,15,15,0,0,100.0,0.0,15,100.0
2026-10-03,installation_sgg_code,51770,FRDEAF_SCRN_GD,청각장애인용 화면안내,15,15,0,0,100.0,0.0,15,100.0
2026-10-03,installation_sgg_code,51770,BRL_LBL_ATCMNT,점자라벨 부착,15,15,0,0,100.0,0.0,15,100.0
2026-10-03,installation_sgg_code,51770,EPHN_SCKT,이어폰 소켓,15,15,0,0,100.0,0.0,15,100.0
2026-10-03,installation_sgg_code,51770,TCTL_ELCTNC_MONITOR,촉각(전자)모니터,15,15,0,0,100.0,0.0,15,100.0
2026-10-03,installation_sgg_code,51770,SCRN_EXPSN_FWK,화면 확대 기능,15,15,0,0,100.0,0.0,15,100.0
2026-10-03,installation_sgg_code,51770,WHCHR_USER_MNPLT,휠체어 사용자 조작,15,15,0,0,100.0,0.0,15,100.0
2026-10-03,installation_sgg_code,51780,FRBLND_KPD,시각장애인용 키패드,17,17,0,0,100.0,0.0,17,100.0
2026-10-03,installation_sgg_code,51780,FRBLND_VOICE_GD,시각장애인용 음성안내,17,17,0,0,100.0,0.0,17,100.0
2026-10-03,installation_sgg_code,51780,FRDEAF_SCRN_GD,청각장애인용 화면안내,17,17,0,0,100.0,0.0,17,100.0
2026-10-03,installation_sgg_code,51780,BRL_LBL_ATCMNT,점자라벨 부착,17,17,0,0,100.0,0.0,17,100.0
2026-10-03,installation_sgg_code,51780,EPHN_SCKT,이어폰 소켓,17,17,0,0,100.0,0.0,17,100.0
2026-10-03,installation_sgg_code,51780,TCTL_ELCTNC_MONITOR,촉각(전자)모니터,17,0,17,0,0.0,0.0,17,0.0
2026-10-03,installation_sgg_code,51780,SCRN_EXPSN_FWK,화면 확대 기능,17,17,0,0,100.0,0.0,17,100.0
2026-10-03,installation_sgg_code,51780,WHCHR_USER_MNPLT,휠체어 사용자 조작,17,17,0,0,100.0,0.0,17,100.0
2026-10-03,installation_sgg_code,51790,FRBLND_KPD,시각장애인용 키패드,7,7,0,0,100.0,0.0,7,100.0
2026-10-03,installation_sgg_code,51790,FRBLND_VOICE_GD,시각장애인용 음성안내,7,7,0,0,100.0,0.0,7,100.0
2026-10-03,installation_sgg_code,51790,FRDEAF_SCRN_GD,청각장애인용 화면안내,7,7,0,0,100.0,0.0,7,100.0
2026-10-03,installation_sgg_code,51790,BRL_LBL_ATCMNT,점자라벨 부착,7,7,0,0,100.0,0.0,7,100.0
2026-10-03,installation_sgg_code,51790,EPHN_SCKT,이어폰 소켓,7,7,0,0,100.0,0.0,7,100.0
2026-10-03,installation_sgg_code,51790,TCTL_ELCTNC_MONITOR,촉각(전자)모니터,7,6,1,0,85.714286,0.0,7,85.714286
2026-10-03,installation_sgg_code,51790,SCRN_EXPSN_FWK,화면 확대 기능,7,7,0,0,100.0,0.0,7,100.0
2026-10-03,installation_sgg_code,51790,WHCHR_USER_MNPLT,휠체어 사용자 조작,7,7,0,0,100.0,0.0,7,100.0
2026-10-03,installation_sgg_code,51800,FRBLND_KPD,시각장애인용 키패드,7,7,0,0,100.0,0.0,7,100.0
2026-10-03,installation_sgg_code,51800,FRBLND_VOICE_GD,시각장애인용 음성안내,7,7,0,0,100.0,0.0,7,100.0
2026-10-03,installation_sgg_code,51800,FRDEAF_SCRN_GD,청각장애인용 화면안내,7,7,0,0,100.0,0.0,7,100.0
2026-10-03,installation_sgg_code,51800,BRL_LBL_ATCMNT,점자라벨 부착,7,7,0,0,100.0,0.0,7,100.0
2026-10-03,installation_sgg_code,51800,EPHN_SCKT,이어폰 소켓,7,7,0,0,100.0,0.0,7,100.0
2026-10-03,installation_sgg_code,51800,TCTL_ELCTNC_MONITOR,촉각(전자)모니터,7,1,6,0,14.285714,0.0,7,14.285714
2026-10-03,installation_sgg_code,51800,SCRN_EXPSN_FWK,화면 확대 기능,7,7,0,0,100.0,0.0,7,100.0
2026-10-03,installation_sgg_code,51800,WHCHR_USER_MNPLT,휠체어 사용자 조작,7,1,6,0,14.285714,0.0,7,14.285714
2026-10-03,installation_sgg_code,51810,FRBLND_KPD,시각장애인용 키패드,10,10,0,0,100.0,0.0,10,100.0
2026-10-03,installation_sgg_code,51810,FRBLND_VOICE_GD,시각장애인용 음성안내,10,10,0,0,100.0,0.0,10,100.0
2026-10-03,installation_sgg_code,51810,FRDEAF_SCRN_GD,청각장애인용 화면안내,10,10,0,0,100.0,0.0,10,100.0
2026-10-03,installation_sgg_code,51810,BRL_LBL_ATCMNT,점자라벨 부착,10,10,0,0,100.0,0.0,10,100.0
2026-10-03,installation_sgg_code,51810,EPHN_SCKT,이어폰 소켓,10,10,0,0,100.0,0.0,10,100.0
2026-10-03,installation_sgg_code,51810,TCTL_ELCTNC_MONITOR,촉각(전자)모니터,10,0,10,0,0.0,0.0,10,0.0
2026-10-03,installation_sgg_code,51810,SCRN_EXPSN_FWK,화면 확대 기능,10,10,0,0,100.0,0.0,10,100.0
2026-10-03,installation_sgg_code,51810,WHCHR_USER_MNPLT,휠체어 사용자 조작,10,10,0,0,100.0,0.0,10,100.0
2026-10-03,installation_sgg_code,51820,FRBLND_KPD,시각장애인용 키패드,8,8,0,0,100.0,0.0,8,100.0
2026-10-03,installation_sgg_code,51820,FRBLND_VOICE_GD,시각장애인용 음성안내,8,8,0,0,100.0,0.0,8,100.0
2026-10-03,installation_sgg_code,51820,FRDEAF_SCRN_GD,청각장애인용 화면안내,8,8,0,0,100.0,0.0,8,100.0
2026-10-03,installation_sgg_code,51820,BRL_LBL_ATCMNT,점자라벨 부착,8,8,0,0,100.0,0.0,8,100.0
2026-10-03,installation_sgg_code,51820,EPHN_SCKT,이어폰 소켓,8,8,0,0,100.0,0.0,8,100.0
2026-10-03,installation_sgg_code,51820,TCTL_ELCTNC_MONITOR,촉각(전자)모니터,8,0,8,0,0.0,0.0,8,0.0
2026-10-03,installation_sgg_code,51820,SCRN_EXPSN_FWK,화면 확대 기능,8,8,0,0,100.0,0.0,8,100.0
2026-10-03,installation_sgg_code,51820,WHCHR_USER_MNPLT,휠체어 사용자 조작,8,8,0,0,100.0,0.0,8,100.0
2026-10-03,installation_sgg_code,51830,FRBLND_KPD,시각장애인용 키패드,12,12,0,0,100.0,0.0,12,100.0
2026-10-03,installation_sgg_code,51830,FRBLND_VOICE_GD,시각장애인용 음성안내,12,12,0,0,100.0,0.0,12,100.0
2026-10-03,installation_sgg_code,51830,FRDEAF_SCRN_GD,청각장애인용 화면안내,12,12,0,0,100.0,0.0,12,100.0
2026-10-03,installation_sgg_code,51830,BRL_LBL_ATCMNT,점자라벨 부착,12,12,0,0,100.0,0.0,12,100.0
2026-10-03,installation_sgg_code,51830,EPHN_SCKT,이어폰 소켓,12,12,0,0,100.0,0.0,12,100.0
2026-10-03,installation_sgg_code,51830,TCTL_ELCTNC_MONITOR,촉각(전자)모니터,12,0,12,0,0.0,0.0,12,0.0
2026-10-03,installation_sgg_code,51830,SCRN_EXPSN_FWK,화면 확대 기능,12,12,0,0,100.0,0.0,12,100.0
2026-10-03,installation_sgg_code,51830,WHCHR_USER_MNPLT,휠체어 사용자 조작,12,7,5,0,58.333333,0.0,12,58.333333
2026-10-03,installation_sgg_code,52111,FRBLND_KPD,시각장애인용 키패드,27,27,0,0,100.0,0.0,27,100.0
2026-10-03,installation_sgg_code,52111,FRBLND_VOICE_GD,시각장애인용 음성안내,27,27,0,0,100.0,0.0,27,100.0
2026-10-03,installation_sgg_code,52111,FRDEAF_SCRN_GD,청각장애인용 화면안내,27,27,0,0,100.0,0.0,27,100.0
2026-10-03,installation_sgg_code,52111,BRL_LBL_ATCMNT,점자라벨 부착,27,27,0,0,100.0,0.0,27,100.0
2026-10-03,installation_sgg_code,52111,EPHN_SCKT,이어폰 소켓,27,27,0,0,100.0,0.0,27,100.0
2026-10-03,installation_sgg_code,52111,TCTL_ELCTNC_MONITOR,촉각(전자)모니터,27,1,26,0,3.703704,0.0,27,3.703704
2026-10-03,installation_sgg_code,52111,SCRN_EXPSN_FWK,화면 확대 기능,27,27,0,0,100.0,0.0,27,100.0
2026-10-03,installation_sgg_code,52111,WHCHR_USER_MNPLT,휠체어 사용자 조작,27,7,20,0,25.925926,0.0,27,25.925926
2026-10-03,installation_sgg_code,52113,FRBLND_KPD,시각장애인용 키패드,26,26,0,0,100.0,0.0,26,100.0
2026-10-03,installation_sgg_code,52113,FRBLND_VOICE_GD,시각장애인용 음성안내,26,26,0,0,100.0,0.0,26,100.0
2026-10-03,installation_sgg_code,52113,FRDEAF_SCRN_GD,청각장애인용 화면안내,26,26,0,0,100.0,0.0,26,100.0
2026-10-03,installation_sgg_code,52113,BRL_LBL_ATCMNT,점자라벨 부착,26,26,0,0,100.0,0.0,26,100.0
2026-10-03,installation_sgg_code,52113,EPHN_SCKT,이어폰 소켓,26,26,0,0,100.0,0.0,26,100.0
2026-10-03,installation_sgg_code,52113,TCTL_ELCTNC_MONITOR,촉각(전자)모니터,26,0,26,0,0.0,0.0,26,0.0
2026-10-03,installation_sgg_code,52113,SCRN_EXPSN_FWK,화면 확대 기능,26,26,0,0,100.0,0.0,26,100.0
2026-10-03,installation_sgg_code,52113,WHCHR_USER_MNPLT,휠체어 사용자 조작,26,5,21,0,19.230769,0.0,26,19.230769
2026-10-03,installation_sgg_code,52130,FRBLND_KPD,시각장애인용 키패드,25,25,0,0,100.0,0.0,25,100.0
2026-10-03,installation_sgg_code,52130,FRBLND_VOICE_GD,시각장애인용 음성안내,25,25,0,0,100.0,0.0,25,100.0
2026-10-03,installation_sgg_code,52130,FRDEAF_SCRN_GD,청각장애인용 화면안내,25,25,0,0,100.0,0.0,25,100.0
2026-10-03,installation_sgg_code,52130,BRL_LBL_ATCMNT,점자라벨 부착,25,25,0,0,100.0,0.0,25,100.0
2026-10-03,installation_sgg_code,52130,EPHN_SCKT,이어폰 소켓,25,25,0,0,100.0,0.0,25,100.0
2026-10-03,installation_sgg_code,52130,TCTL_ELCTNC_MONITOR,촉각(전자)모니터,25,0,25,0,0.0,0.0,25,0.0
2026-10-03,installation_sgg_code,52130,SCRN_EXPSN_FWK,화면 확대 기능,25,25,0,0,100.0,0.0,25,100.0
2026-10-03,installation_sgg_code,52130,WHCHR_USER_MNPLT,휠체어 사용자 조작,25,25,0,0,100.0,0.0,25,100.0
2026-10-03,installation_sgg_code,52140,FRBLND_KPD,시각장애인용 키패드,26,26,0,0,100.0,0.0,26,100.0
2026-10-03,installation_sgg_code,52140,FRBLND_VOICE_GD,시각장애인용 음성안내,26,26,0,0,100.0,0.0,26,100.0
2026-10-03,installation_sgg_code,52140,FRDEAF_SCRN_GD,청각장애인용 화면안내,26,26,0,0,100.0,0.0,26,100.0
2026-10-03,installation_sgg_code,52140,BRL_LBL_ATCMNT,점자라벨 부착,26,26,0,0,100.0,0.0,26,100.0
2026-10-03,installation_sgg_code,52140,EPHN_SCKT,이어폰 소켓,26,26,0,0,100.0,0.0,26,100.0
2026-10-03,installation_sgg_code,52140,TCTL_ELCTNC_MONITOR,촉각(전자)모니터,26,0,26,0,0.0,0.0,26,0.0
2026-10-03,installation_sgg_code,52140,SCRN_EXPSN_FWK,화면 확대 기능,26,26,0,0,100.0,0.0,26,100.0
2026-10-03,installation_sgg_code,52140,WHCHR_USER_MNPLT,휠체어 사용자 조작,26,26,0,0,100.0,0.0,26,100.0
2026-10-03,installation_sgg_code,52180,FRBLND_KPD,시각장애인용 키패드,23,23,0,0,100.0,0.0,23,100.0
2026-10-03,installation_sgg_code,52180,FRBLND_VOICE_GD,시각장애인용 음성안내,23,23,0,0,100.0,0.0,23,100.0
2026-10-03,installation_sgg_code,52180,FRDEAF_SCRN_GD,청각장애인용 화면안내,23,23,0,0,100.0,0.0,23,100.0
2026-10-03,installation_sgg_code,52180,BRL_LBL_ATCMNT,점자라벨 부착,23,23,0,0,100.0,0.0,23,100.0
2026-10-03,installation_sgg_code,52180,EPHN_SCKT,이어폰 소켓,23,23,0,0,100.0,0.0,23,100.0
2026-10-03,installation_sgg_code,52180,TCTL_ELCTNC_MONITOR,촉각(전자)모니터,23,0,23,0,0.0,0.0,23,0.0
2026-10-03,installation_sgg_code,52180,SCRN_EXPSN_FWK,화면 확대 기능,23,23,0,0,100.0,0.0,23,100.0
2026-10-03,installation_sgg_code,52180,WHCHR_USER_MNPLT,휠체어 사용자 조작,23,23,0,0,100.0,0.0,23,100.0
2026-10-03,installation_sgg_code,52190,FRBLND_KPD,시각장애인용 키패드,31,31,0,0,100.0,0.0,31,100.0
2026-10-03,installation_sgg_code,52190,FRBLND_VOICE_GD,시각장애인용 음성안내,31,31,0,0,100.0,0.0,31,100.0
2026-10-03,installation_sgg_code,52190,FRDEAF_SCRN_GD,청각장애인용 화면안내,31,31,0,0,100.0,0.0,31,100.0
2026-10-03,installation_sgg_code,52190,BRL_LBL_ATCMNT,점자라벨 부착,31,31,0,0,100.0,0.0,31,100.0
2026-10-03,installation_sgg_code,52190,EPHN_SCKT,이어폰 소켓,31,31,0,0,100.0,0.0,31,100.0
2026-10-03,installation_sgg_code,52190,TCTL_ELCTNC_MONITOR,촉각(전자)모니터,31,28,3,0,90.322581,0.0,31,90.322581
2026-10-03,installation_sgg_code,52190,SCRN_EXPSN_FWK,화면 확대 기능,31,31,0,0,100.0,0.0,31,100.0
2026-10-03,installation_sgg_code,52190,WHCHR_USER_MNPLT,휠체어 사용자 조작,31,31,0,0,100.0,0.0,31,100.0
2026-10-03,installation_sgg_code,52210,FRBLND_KPD,시각장애인용 키패드,14,14,0,0,100.0,0.0,14,100.0
2026-10-03,installation_sgg_code,52210,FRBLND_VOICE_GD,시각장애인용 음성안내,14,14,0,0,100.0,0.0,14,100.0
2026-10-03,installation_sgg_code,52210,FRDEAF_SCRN_GD,청각장애인용 화면안내,14,14,0,0,100.0,0.0,14,100.0
2026-10-03,installation_sgg_code,52210,BRL_LBL_ATCMNT,점자라벨 부착,14,14,0,0,100.0,0.0,14,100.0
2026-10-03,installation_sgg_code,52210,EPHN_SCKT,이어폰 소켓,14,14,0,0,100.0,0.0,14,100.0
2026-10-03,installation_sgg_code,52210,TCTL_ELCTNC_MONITOR,촉각(전자)모니터,14,0,14,0,0.0,0.0,14,0.0
2026-10-03,installation_sgg_code,52210,SCRN_EXPSN_FWK,화면 확대 기능,14,14,0,0,100.0,0.0,14,100.0
2026-10-03,installation_sgg_code,52210,WHCHR_USER_MNPLT,휠체어 사용자 조작,14,14,0,0,100.0,0.0,14,100.0
2026-10-03,installation_sgg_code,52710,FRBLND_KPD,시각장애인용 키패드,17,17,0,0,100.0,0.0,17,100.0
2026-10-03,installation_sgg_code,52710,FRBLND_VOICE_GD,시각장애인용 음성안내,17,17,0,0,100.0,0.0,17,100.0
2026-10-03,installation_sgg_code,52710,FRDEAF_SCRN_GD,청각장애인용 화면안내,17,17,0,0,100.0,0.0,17,100.0
2026-10-03,installation_sgg_code,52710,BRL_LBL_ATCMNT,점자라벨 부착,17,17,0,0,100.0,0.0,17,100.0
2026-10-03,installation_sgg_code,52710,EPHN_SCKT,이어폰 소켓,17,17,0,0,100.0,0.0,17,100.0
2026-10-03,installation_sgg_code,52710,TCTL_ELCTNC_MONITOR,촉각(전자)모니터,17,0,17,0,0.0,0.0,17,0.0
2026-10-03,installation_sgg_code,52710,SCRN_EXPSN_FWK,화면 확대 기능,17,17,0,0,100.0,0.0,17,100.0
2026-10-03,installation_sgg_code,52710,WHCHR_USER_MNPLT,휠체어 사용자 조작,17,9,8,0,52.941176,0.0,17,52.941176
2026-10-03,installation_sgg_code,52720,FRBLND_KPD,시각장애인용 키패드,17,17,0,0,100.0,0.0,17,100.0
2026-10-03,installation_sgg_code,52720,FRBLND_VOICE_GD,시각장애인용 음성안내,17,17,0,0,100.0,0.0,17,100.0
2026-10-03,installation_sgg_code,52720,FRDEAF_SCRN_GD,청각장애인용 화면안내,17,17,0,0,100.0,0.0,17,100.0
2026-10-03,installation_sgg_code,52720,BRL_LBL_ATCMNT,점자라벨 부착,17,17,0,0,100.0,0.0,17,100.0
2026-10-03,installation_sgg_code,52720,EPHN_SCKT,이어폰 소켓,17,17,0,0,100.0,0.0,17,100.0
2026-10-03,installation_sgg_code,52720,TCTL_ELCTNC_MONITOR,촉각(전자)모니터,17,0,17,0,0.0,0.0,17,0.0
2026-10-03,installation_sgg_code,52720,SCRN_EXPSN_FWK,화면 확대 기능,17,17,0,0,100.0,0.0,17,100.0
2026-10-03,installation_sgg_code,52720,WHCHR_USER_MNPLT,휠체어 사용자 조작,17,17,0,0,100.0,0.0,17,100.0
2026-10-03,installation_sgg_code,52730,FRBLND_KPD,시각장애인용 키패드,9,9,0,0,100.0,0.0,9,100.0
2026-10-03,installation_sgg_code,52730,FRBLND_VOICE_GD,시각장애인용 음성안내,9,9,0,0,100.0,0.0,9,100.0
2026-10-03,installation_sgg_code,52730,FRDEAF_SCRN_GD,청각장애인용 화면안내,9,9,0,0,100.0,0.0,9,100.0
2026-10-03,installation_sgg_code,52730,BRL_LBL_ATCMNT,점자라벨 부착,9,9,0,0,100.0,0.0,9,100.0
2026-10-03,installation_sgg_code,52730,EPHN_SCKT,이어폰 소켓,9,9,0,0,100.0,0.0,9,100.0
2026-10-03,installation_sgg_code,52730,TCTL_ELCTNC_MONITOR,촉각(전자)모니터,9,0,9,0,0.0,0.0,9,0.0
2026-10-03,installation_sgg_code,52730,SCRN_EXPSN_FWK,화면 확대 기능,9,9,0,0,100.0,0.0,9,100.0
2026-10-03,installation_sgg_code,52730,WHCHR_USER_MNPLT,휠체어 사용자 조작,9,9,0,0,100.0,0.0,9,100.0
2026-10-03,installation_sgg_code,52740,FRBLND_KPD,시각장애인용 키패드,8,8,0,0,100.0,0.0,8,100.0
2026-10-03,installation_sgg_code,52740,FRBLND_VOICE_GD,시각장애인용 음성안내,8,8,0,0,100.0,0.0,8,100.0
2026-10-03,installation_sgg_code,52740,FRDEAF_SCRN_GD,청각장애인용 화면안내,8,8,0,0,100.0,0.0,8,100.0
2026-10-03,installation_sgg_code,52740,BRL_LBL_ATCMNT,점자라벨 부착,8,8,0,0,100.0,0.0,8,100.0
2026-10-03,installation_sgg_code,52740,EPHN_SCKT,이어폰 소켓,8,8,0,0,100.0,0.0,8,100.0
2026-10-03,installation_sgg_code,52740,TCTL_ELCTNC_MONITOR,촉각(전자)모니터,8,8,0,0,100.0,0.0,8,100.0
2026-10-03,installation_sgg_code,52740,SCRN_EXPSN_FWK,화면 확대 기능,8,8,0,0,100.0,0.0,8,100.0
2026-10-03,installation_sgg_code,52740,WHCHR_USER_MNPLT,휠체어 사용자 조작,8,8,0,0,100.0,0.0,8,100.0
2026-10-03,installation_sgg_code,52750,FRBLND_KPD,시각장애인용 키패드,4,4,0,0,100.0,0.0,4,100.0
2026-10-03,installation_sgg_code,52750,FRBLND_VOICE_GD,시각장애인용 음성안내,4,4,0,0,100.0,0.0,4,100.0
2026-10-03,installation_sgg_code,52750,FRDEAF_SCRN_GD,청각장애인용 화면안내,4,4,0,0,100.0,0.0,4,100.0
2026-10-03,installation_sgg_code,52750,BRL_LBL_ATCMNT,점자라벨 부착,4,4,0,0,100.0,0.0,4,100.0
2026-10-03,installation_sgg_code,52750,EPHN_SCKT,이어폰 소켓,4,4,0,0,100.0,0.0,4,100.0
2026-10-03,installation_sgg_code,52750,TCTL_ELCTNC_MONITOR,촉각(전자)모니터,4,0,4,0,0.0,0.0,4,0.0
2026-10-03,installation_sgg_code,52750,SCRN_EXPSN_FWK,화면 확대 기능,4,4,0,0,100.0,0.0,4,100.0
2026-10-03,installation_sgg_code,52750,WHCHR_USER_MNPLT,휠체어 사용자 조작,4,4,0,0,100.0,0.0,4,100.0
2026-10-03,installation_sgg_code,52770,FRBLND_KPD,시각장애인용 키패드,8,8,0,0,100.0,0.0,8,100.0
2026-10-03,installation_sgg_code,52770,FRBLND_VOICE_GD,시각장애인용 음성안내,8,8,0,0,100.0,0.0,8,100.0
2026-10-03,installation_sgg_code,52770,FRDEAF_SCRN_GD,청각장애인용 화면안내,8,8,0,0,100.0,0.0,8,100.0
2026-10-03,installation_sgg_code,52770,BRL_LBL_ATCMNT,점자라벨 부착,8,8,0,0,100.0,0.0,8,100.0
2026-10-03,installation_sgg_code,52770,EPHN_SCKT,이어폰 소켓,8,8,0,0,100.0,0.0,8,100.0
2026-10-03,installation_sgg_code,52770,TCTL_ELCTNC_MONITOR,촉각(전자)모니터,8,2,6,0,25.0,0.0,8,25.0
2026-10-03,installation_sgg_code,52770,SCRN_EXPSN_FWK,화면 확대 기능,8,8,0,0,100.0,0.0,8,100.0
2026-10-03,installation_sgg_code,52770,WHCHR_USER_MNPLT,휠체어 사용자 조작,8,3,5,0,37.5,0.0,8,37.5
2026-10-03,installation_sgg_code,52790,FRBLND_KPD,시각장애인용 키패드,10,10,0,0,100.0,0.0,10,100.0
2026-10-03,installation_sgg_code,52790,FRBLND_VOICE_GD,시각장애인용 음성안내,10,10,0,0,100.0,0.0,10,100.0
2026-10-03,installation_sgg_code,52790,FRDEAF_SCRN_GD,청각장애인용 화면안내,10,10,0,0,100.0,0.0,10,100.0
2026-10-03,installation_sgg_code,52790,BRL_LBL_ATCMNT,점자라벨 부착,10,10,0,0,100.0,0.0,10,100.0
2026-10-03,installation_sgg_code,52790,EPHN_SCKT,이어폰 소켓,10,10,0,0,100.0,0.0,10,100.0
2026-10-03,installation_sgg_code,52790,TCTL_ELCTNC_MONITOR,촉각(전자)모니터,10,2,8,0,20.0,0.0,10,20.0
2026-10-03,installation_sgg_code,52790,SCRN_EXPSN_FWK,화면 확대 기능,10,10,0,0,100.0,0.0,10,100.0
2026-10-03,installation_sgg_code,52790,WHCHR_USER_MNPLT,휠체어 사용자 조작,10,10,0,0,100.0,0.0,10,100.0
2026-10-03,installation_sgg_code,52800,FRBLND_KPD,시각장애인용 키패드,16,16,0,0,100.0,0.0,16,100.0
2026-10-03,installation_sgg_code,52800,FRBLND_VOICE_GD,시각장애인용 음성안내,16,16,0,0,100.0,0.0,16,100.0
2026-10-03,installation_sgg_code,52800,FRDEAF_SCRN_GD,청각장애인용 화면안내,16,16,0,0,100.0,0.0,16,100.0
2026-10-03,installation_sgg_code,52800,BRL_LBL_ATCMNT,점자라벨 부착,16,16,0,0,100.0,0.0,16,100.0
2026-10-03,installation_sgg_code,52800,EPHN_SCKT,이어폰 소켓,16,16,0,0,100.0,0.0,16,100.0
2026-10-03,installation_sgg_code,52800,TCTL_ELCTNC_MONITOR,촉각(전자)모니터,16,16,0,0,100.0,0.0,16,100.0
2026-10-03,installation_sgg_code,52800,SCRN_EXPSN_FWK,화면 확대 기능,16,16,0,0,100.0,0.0,16,100.0
2026-10-03,installation_sgg_code,52800,WHCHR_USER_MNPLT,휠체어 사용자 조작,16,16,0,0,100.0,0.0,16,100.0
2026-10-03,national,all,FRBLND_KPD,시각장애인용 키패드,5800,5800,0,0,100.0,0.0,5800,100.0
2026-10-03,national,all,FRBLND_VOICE_GD,시각장애인용 음성안내,5800,5800,0,0,100.0,0.0,5800,100.0
2026-10-03,national,all,FRDEAF_SCRN_GD,청각장애인용 화면안내,5800,5800,0,0,100.0,0.0,5800,100.0
2026-10-03,national,all,BRL_LBL_ATCMNT,점자라벨 부착,5800,5800,0,0,100.0,0.0,5800,100.0
2026-10-03,national,all,EPHN_SCKT,이어폰 소켓,5800,5799,1,0,99.982759,0.0,5800,99.982759
2026-10-03,national,all,TCTL_ELCTNC_MONITOR,촉각(전자)모니터,5800,1550,4250,0,26.724138,0.0,5800,26.724138
2026-10-03,national,all,SCRN_EXPSN_FWK,화면 확대 기능,5800,5799,1,0,99.982759,0.0,5800,99.982759
2026-10-03,national,all,WHCHR_USER_MNPLT,휠체어 사용자 조작,5800,5238,562,0,90.310345,0.0,5800,90.310345
