OPN_ATMY_GRP_CD,MNG_NO,CTPV_CD,ROAD_SGG_CD,USE_YN_NM,DAT_UPDT_SE,LAST_MDFCN_PNT,DAT_UPDT_PNT,FRBLND_KPD,FRBLND_VOICE_GD,FRDEAF_SCRN_GD,BRL_LBL_ATCMNT,EPHN_SCKT,TCTL_ELCTNC_MONITOR,SCRN_EXPSN_FWK,WHCHR_USER_MNPLT
3000000,101,6110000,11110,사용,U,2026-08-07 13:29:00,2026-08-08 22:57:25,제공,제공,제공,부착,제공,제공,제공,가능
3000000,102,6110000,11110,사용,U,2026-08-07 13:29:17,2026-08-08 22:57:25,제공,제공,제공,부착,제공,제공,제공,가능
3000000,103,6110000,11110,사용,U,2026-08-03 13:44:07,2026-08-04 22:57:25,제공,제공,제공,부착,제공,제공,제공,가능
3000000,403,6110000,11110,사용,I,2026-01-22 17:41:44,2026-04-05 22:57:43,제공,제공,제공,부착,제공,미제공,제공,불가능
3000000,502,6110000,11110,사용,U,2026-08-03 13:44:29,2026-08-04 22:57:25,제공,제공,제공,부착,제공,제공,제공,가능
3000000,504,6110000,11110,사용,U,2026-08-03 13:44:44,2026-08-04 22:57:25,제공,제공,제공,부착,제공,제공,제공,가능
3000000,505,6110000,11110,사용,U,2026-08-03 13:45:01,2026-08-04 22:57:25,제공,제공,제공,부착,제공,제공,제공,가능
3000000,506,6110000,11110,사용,U,2026-08-03 13:45:14,2026-08-04 22:57:25,제공,제공,제공,부착,제공,제공,제공,가능
3000000,507,6110000,11110,사용,I,2026-01-22 17:49:32,2026-04-05 22:57:49,제공,제공,제공,부착,제공,제공,제공,가능
3000000,508,6110000,11110,사용,U,2026-08-03 13:49:55,2026-08-04 22:57:25,제공,제공,제공,부착,제공,제공,제공,가능
3000000,509,6110000,11110,사용,U,2026-08-03 13:43:20,2026-08-04 22:57:25,제공,제공,제공,부착,제공,제공,제공,가능
3000000,510,6110000,11110,사용,U,2026-08-03 13:50:15,2026-08-04 22:57:25,제공,제공,제공,부착,제공,제공,제공,가능
3000000,512,6110000,11110,사용,I,2026-01-22 17:51:33,2026-04-05 22:57:49,제공,제공,제공,부착,제공,제공,제공,가능
3000000,513,6110000,11110,사용,I,2026-01-22 17:52:12,2026-04-05 22:57:49,제공,제공,제공,부착,제공,제공,제공,가능
3000000,514,6110000,11110,사용,U,2026-08-03 13:50:34,2026-08-04 22:57:25,제공,제공,제공,부착,제공,제공,제공,가능
3000000,515,6110000,11110,사용,U,2026-08-03 13:50:46,2026-08-04 22:57:25,제공,제공,제공,부착,제공,미제공,제공,가능
3000000,516,6110000,11110,사용,U,2026-08-03 13:53:33,2026-08-04 22:57:25,제공,제공,제공,부착,제공,제공,제공,가능
3000000,517,6110000,11110,사용,U,2026-08-03 13:51:00,2026-08-04 22:57:25,제공,제공,제공,부착,제공,제공,제공,가능
3000000,518,6110000,11110,사용,U,2026-08-03 13:51:16,2026-08-04 22:57:25,제공,제공,제공,부착,제공,제공,제공,가능
3000000,519,6110000,11110,사용,U,2026-08-03 13:51:31,2026-08-04 22:57:25,제공,제공,제공,부착,제공,제공,제공,가능
3000000,520,6110000,11110,사용,I,2026-01-22 17:57:43,2026-04-05 22:57:50,제공,제공,제공,부착,제공,제공,제공,가능
3000000,521,6110000,11110,사용,U,2026-08-03 13:51:45,2026-08-04 22:57:25,제공,제공,제공,부착,제공,제공,제공,가능
3000000,522,6110000,11110,사용,U,2026-08-03 13:52:00,2026-08-04 22:57:25,제공,제공,제공,부착,제공,제공,제공,가능
3000000,523,6110000,11110,사용,U,2026-08-03 13:52:12,2026-08-04 22:57:25,제공,제공,제공,부착,제공,제공,제공,가능
3000000,524,6110000,11110,사용,U,2026-08-03 13:52:24,2026-08-04 22:57:25,제공,제공,제공,부착,제공,제공,제공,가능
3000000,525,6110000,11110,사용,U,2026-08-03 13:52:35,2026-08-04 22:57:25,제공,제공,제공,부착,제공,제공,제공,가능
3000000,526,6110000,11110,사용,U,2026-08-03 13:52:51,2026-08-04 22:57:25,제공,제공,제공,부착,제공,제공,제공,가능
3000000,527,6110000,11110,사용,I,2026-01-22 18:05:43,2026-04-05 22:57:50,제공,제공,제공,부착,제공,제공,제공,가능
3010000,404,6110000,11140,사용,U,2026-08-31 19:16:11,2026-09-01 22:57:25,제공,제공,제공,부착,제공,제공,제공,가능
3010000,405,6110000,11140,사용,U,2026-08-31 00:08:00,2026-09-01 22:57:25,제공,제공,제공,부착,제공,미제공,제공,가능
3010000,406,6110000,11140,사용,U,2026-08-31 00:08:55,2026-09-01 22:57:25,제공,제공,제공,부착,제공,미제공,제공,가능
3010000,407,6110000,11140,사용,U,2026-08-31 00:12:45,2026-09-01 22:57:25,제공,제공,제공,부착,제공,미제공,제공,가능
3010000,408,6110000,11140,사용,U,2026-08-31 00:16:07,2026-09-01 22:57:25,제공,제공,제공,부착,제공,미제공,제공,가능
3010000,409,6110000,11140,사용,U,2026-07-16 16:30:27,2026-07-17 22:57:26,제공,제공,제공,부착,제공,미제공,제공,가능
3010000,410,6110000,11140,사용,U,2026-08-31 01:23:01,2026-09-01 22:57:25,제공,제공,제공,부착,제공,제공,제공,가능
3010000,411,6110000,11140,사용,U,2026-07-16 16:30:27,2026-07-17 22:57:26,제공,제공,제공,부착,제공,미제공,제공,가능
3010000,412,6110000,11140,사용,U,2026-08-31 00:32:55,2026-09-01 22:57:25,제공,제공,제공,부착,제공,미제공,제공,가능
3010000,415,6110000,11140,사용,U,2026-08-31 00:49:30,2026-09-01 22:57:25,제공,제공,제공,부착,제공,미제공,제공,가능
3010000,416,6110000,11140,사용,U,2026-08-31 19:13:01,2026-09-01 22:57:25,제공,제공,제공,부착,제공,미제공,제공,가능
3010000,501,6110000,11140,사용,U,2026-08-31 01:10:24,2026-09-01 22:57:25,제공,제공,제공,부착,제공,미제공,제공,가능
3010000,502,6110000,11140,사용,U,2026-08-31 01:28:44,2026-09-01 22:57:25,제공,제공,제공,부착,제공,미제공,제공,가능
3010000,503,6110000,11140,사용,U,2026-08-31 01:36:21,2026-09-01 22:57:25,제공,제공,제공,부착,제공,미제공,제공,가능
3010000,504,6110000,11140,사용,U,2026-08-31 16:11:55,2026-09-01 22:57:25,제공,제공,제공,부착,제공,미제공,제공,가능
3010000,505,6110000,11140,사용,U,2026-08-31 16:31:23,2026-09-01 22:57:25,제공,제공,제공,부착,제공,미제공,제공,가능
3010000,506,6110000,11140,사용,U,2026-08-31 01:47:17,2026-09-01 22:57:25,제공,제공,제공,부착,제공,미제공,제공,가능
3010000,507,6110000,11140,사용,U,2026-08-31 02:01:02,2026-09-01 22:57:25,제공,제공,제공,부착,제공,제공,제공,가능
3010000,508,6110000,11140,사용,U,2026-08-31 02:06:48,2026-09-01 22:57:25,제공,제공,제공,부착,제공,제공,제공,가능
3010000,509,6110000,11140,사용,U,2026-08-31 02:10:25,2026-09-01 22:57:25,제공,제공,제공,부착,제공,제공,제공,가능
3010000,510,6110000,11140,사용,U,2026-08-31 02:13:00,2026-09-01 22:57:25,제공,제공,제공,부착,제공,제공,제공,가능
3010000,511,6110000,11140,사용,U,2026-08-31 02:17:04,2026-09-01 22:57:25,제공,제공,제공,부착,제공,제공,제공,가능
3010000,512,6110000,11140,사용,U,2026-08-31 02:19:41,2026-09-01 22:57:25,제공,제공,제공,부착,제공,제공,제공,가능
3010000,513,6110000,11140,사용,U,2026-08-31 02:27:02,2026-09-01 22:57:25,제공,제공,제공,부착,제공,제공,제공,가능
3010000,514,6110000,11140,사용,U,2026-08-31 19:24:23,2026-09-01 22:57:26,제공,제공,제공,부착,제공,제공,제공,가능
3010000,515,6110000,11140,사용,U,2026-08-31 19:19:22,2026-09-01 22:57:26,제공,제공,제공,부착,제공,제공,제공,가능
3010000,516,6110000,11140,사용,U,2026-08-31 19:26:16,2026-09-01 22:57:26,제공,제공,제공,부착,제공,제공,제공,불가능
3010000,517,6110000,11140,사용,U,2026-08-31 19:14:46,2026-09-01 22:57:26,제공,제공,제공,부착,제공,제공,제공,가능
3010000,518,6110000,11140,사용,U,2026-08-31 03:16:41,2026-09-01 22:57:26,제공,제공,제공,부착,제공,제공,제공,가능
3010000,519,6110000,11140,사용,U,2026-08-31 20:28:12,2026-09-01 22:57:26,제공,제공,제공,부착,제공,제공,제공,가능
3010000,520,6110000,11140,사용,U,2026-08-31 16:49:01,2026-09-01 22:57:26,제공,제공,제공,부착,제공,미제공,제공,가능
3020000,101,6110000,11170,사용,U,2026-08-20 12:19:30,2026-08-21 22:57:25,제공,제공,제공,부착,제공,미제공,제공,가능
3020000,102,6110000,11170,사용,I,2026-02-26 10:29:18,2026-02-27 22:57:30,제공,제공,제공,부착,제공,미제공,제공,가능
3020000,103,6110000,11170,사용,I,2026-01-27 13:02:53,2026-01-28 22:57:25,제공,제공,제공,부착,제공,미제공,제공,가능
3020000,401,6110000,11170,사용,I,2026-01-27 13:04:32,2026-01-28 22:57:25,제공,제공,제공,부착,제공,미제공,제공,가능
3020000,404,6110000,11170,사용,I,2026-01-27 13:08:18,2026-01-28 22:57:25,제공,제공,제공,부착,제공,미제공,제공,가능
3020000,405,6110000,11170,사용,I,2026-01-27 13:09:20,2026-01-28 22:57:25,제공,제공,제공,부착,제공,미제공,제공,가능
3020000,406,6110000,11170,사용,I,2026-01-27 13:16:19,2026-01-28 22:57:25,제공,제공,제공,부착,제공,미제공,제공,가능
3020000,407,6110000,11170,사용,I,2026-04-15 16:42:10,2026-04-16 22:57:36,제공,제공,제공,부착,제공,미제공,제공,가능
3020000,501,6110000,11170,사용,I,2026-01-27 13:10:52,2026-01-28 22:57:25,제공,제공,제공,부착,제공,미제공,제공,가능
3020000,502,6110000,11170,사용,U,2026-08-20 15:26:45,2026-08-21 22:57:25,제공,제공,제공,부착,제공,미제공,제공,가능
3020000,503,6110000,11170,사용,I,2026-01-27 13:11:42,2026-01-28 22:57:25,제공,제공,제공,부착,제공,미제공,제공,가능
3020000,504,6110000,11170,사용,U,2026-08-03 11:01:37,2026-08-04 22:57:25,제공,제공,제공,부착,제공,미제공,제공,가능
3020000,505,6110000,11170,사용,I,2026-01-27 13:12:23,2026-01-28 22:57:25,제공,제공,제공,부착,제공,미제공,제공,가능
3020000,506,6110000,11170,사용,I,2026-01-27 13:12:35,2026-01-28 22:57:25,제공,제공,제공,부착,제공,미제공,제공,가능
3020000,507,6110000,11170,사용,I,2026-01-27 13:12:48,2026-01-28 22:57:25,제공,제공,제공,부착,제공,미제공,제공,가능
3020000,508,6110000,11170,사용,U,2026-08-25 17:52:08,2026-08-26 22:57:25,제공,제공,제공,부착,제공,미제공,제공,가능
3020000,509,6110000,11170,사용,I,2026-01-27 13:13:16,2026-01-28 22:57:25,제공,제공,제공,부착,제공,미제공,제공,가능
3020000,510,6110000,11170,사용,U,2026-08-20 15:28:43,2026-08-21 22:57:25,제공,제공,제공,부착,제공,미제공,제공,가능
3020000,511,6110000,11170,사용,I,2026-01-27 13:16:21,2026-01-28 22:57:25,제공,제공,제공,부착,제공,미제공,제공,가능
3020000,512,6110000,11170,사용,U,2026-08-03 10:24:42,2026-08-04 22:57:25,제공,제공,제공,부착,제공,미제공,제공,가능
3020000,513,6110000,11170,사용,U,2026-08-31 15:46:20,2026-09-01 22:57:25,제공,제공,제공,부착,제공,미제공,제공,가능
3020000,514,6110000,11170,사용,I,2026-01-27 13:15:34,2026-01-28 22:57:25,제공,제공,제공,부착,제공,미제공,제공,가능
3020000,515,6110000,11170,사용,I,2026-01-27 13:15:22,2026-01-28 22:57:25,제공,제공,제공,부착,제공,미제공,제공,가능
3020000,516,6110000,11170,사용,U,2026-08-04 09:17:47,2026-08-05 22:57:25,제공,제공,제공,부착,제공,미제공,제공,가능
3020000,517,6110000,11170,사용,I,2026-01-27 13:15:44,2026-01-28 22:57:25,제공,제공,제공,부착,제공,미제공,제공,가능
3030000,301,6110000,11200,사용,U,2026-07-27 11:32:36,2026-07-28 22:27:25,제공,제공,제공,부착,제공,미제공,제공,가능
3030000,501,6110000,11200,사용,U,2026-07-27 11:33:22,2026-07-28 22:27:25,제공,제공,제공,부착,제공,미제공,제공,가능
3030000,505,6110000,11200,사용,I,2026-01-27 15:47:07,2026-05-07 22:38:11,제공,제공,제공,부착,제공,미제공,제공,가능
3030000,506,6110000,11200,사용,I,2026-01-27 15:18:30,2026-05-07 22:38:12,제공,제공,제공,부착,제공,미제공,제공,가능
3030000,507,6110000,11200,사용,U,2026-07-31 15:15:48,2026-08-01 22:27:25,제공,제공,제공,부착,제공,미제공,제공,가능
3030000,508,6110000,11200,사용,U,2026-09-02 17:38:59,2026-09-03 22:27:25,제공,제공,제공,부착,제공,제공,제공,가능
3030000,509,6110000,11200,사용,I,2026-01-26 10:27:56,2026-05-07 22:38:14,제공,제공,제공,부착,제공,미제공,제공,가능
3030000,510,6110000,11200,사용,I,2026-01-27 12:50:01,2026-05-07 22:38:15,제공,제공,제공,부착,제공,제공,제공,가능
3030000,511,6110000,11200,사용,I,2026-01-20 16:23:51,2026-05-07 22:38:16,제공,제공,제공,부착,제공,미제공,제공,가능
3030000,512,6110000,11200,사용,U,2026-09-11 16:51:13,2026-09-12 22:27:25,제공,제공,제공,부착,제공,미제공,제공,가능
3030000,513,6110000,11200,사용,U,2026-09-15 13:52:58,2026-09-16 22:27:25,제공,제공,제공,부착,제공,미제공,제공,가능
3030000,514,6110000,11200,사용,U,2026-07-27 14:12:15,2026-07-28 22:27:25,제공,제공,제공,부착,제공,미제공,제공,가능
3030000,515,6110000,11200,사용,U,2026-07-27 11:29:44,2026-07-28 22:27:25,제공,제공,제공,부착,제공,제공,제공,가능
3030000,516,6110000,11200,사용,U,2026-07-28 11:12:31,2026-07-29 22:27:25,제공,제공,제공,부착,제공,제공,제공,가능
3030000,517,6110000,11200,사용,U,2026-06-16 20:24:31,2026-06-17 22:27:25,제공,제공,제공,부착,제공,미제공,제공,가능
3030000,518,6110000,11200,사용,U,2026-07-27 11:16:46,2026-07-28 22:27:25,제공,제공,제공,부착,제공,미제공,제공,가능
3030000,519,6110000,11200,사용,U,2026-07-31 15:38:58,2026-08-01 22:27:25,제공,제공,제공,부착,제공,제공,제공,가능
3030000,520,6110000,11200,사용,U,2026-07-27 10:12:26,2026-07-28 22:27:25,제공,제공,제공,부착,제공,미제공,제공,가능
3030000,521,6110000,11200,사용,I,2026-01-26 17:52:50,2026-05-07 22:38:21,제공,제공,제공,부착,제공,미제공,제공,가능
3030000,522,6110000,11200,사용,U,2026-07-27 10:12:26,2026-07-28 22:27:25,제공,제공,제공,부착,제공,미제공,제공,가능
3030000,523,6110000,11200,사용,I,2026-01-27 12:46:59,2026-05-07 22:38:23,제공,제공,제공,부착,제공,미제공,제공,가능
3030000,524,6110000,11200,사용,U,2026-09-15 13:52:39,2026-09-16 22:27:25,제공,제공,제공,부착,제공,미제공,제공,가능
3030000,526,6110000,11200,사용,U,2026-07-27 14:24:15,2026-07-28 22:27:25,제공,제공,제공,부착,제공,미제공,제공,가능
3030000,527,6110000,11200,사용,U,2026-07-27 11:29:31,2026-07-28 22:27:25,제공,제공,제공,부착,제공,제공,제공,가능
3030000,528,6110000,11200,사용,U,2026-09-11 16:51:37,2026-09-12 22:27:25,제공,제공,제공,부착,제공,미제공,제공,가능
3030000,529,6110000,11200,사용,I,2026-04-15 16:47:01,2026-05-07 22:38:25,제공,제공,제공,부착,제공,미제공,제공,가능
3030000,530,6110000,11200,사용,I,2026-01-27 15:19:10,2026-05-07 22:38:26,제공,제공,제공,부착,제공,제공,제공,가능
3030000,531,6110000,11200,사용,U,2026-07-31 15:39:15,2026-08-01 22:27:25,제공,제공,제공,부착,제공,미제공,제공,가능
3030000,532,6110000,11200,사용,I,2026-01-27 15:19:03,2026-05-07 22:38:26,제공,제공,제공,부착,제공,제공,제공,가능
3030000,533,6110000,11200,사용,U,2026-07-27 10:12:26,2026-07-28 22:27:25,제공,제공,제공,부착,제공,미제공,제공,가능
3040000,110,6110000,11215,사용,U,2026-07-31 09:22:12,2026-08-01 22:27:25,제공,제공,제공,부착,제공,미제공,제공,가능
3040000,401,6110000,11215,사용,U,2026-07-31 09:22:12,2026-08-01 22:27:25,제공,제공,제공,부착,제공,미제공,제공,가능
3040000,402,6110000,11215,사용,U,2026-08-20 09:45:55,2026-08-21 22:27:25,제공,제공,제공,부착,제공,미제공,제공,가능
3040000,403,6110000,11215,사용,U,2026-07-31 09:22:12,2026-08-01 22:27:25,제공,제공,제공,부착,제공,미제공,제공,가능
3040000,404,6110000,11215,사용,U,2026-07-31 09:22:12,2026-08-01 22:27:25,제공,제공,제공,부착,제공,미제공,제공,가능
3040000,405,6110000,11215,사용,U,2026-07-31 09:22:12,2026-08-01 22:27:25,제공,제공,제공,부착,제공,미제공,제공,가능
3040000,407,6110000,11215,사용,U,2026-07-31 09:22:12,2026-08-01 22:27:25,제공,제공,제공,부착,제공,미제공,제공,가능
3040000,408,6110000,11215,사용,U,2026-07-31 09:22:12,2026-08-01 22:27:25,제공,제공,제공,부착,제공,미제공,제공,가능
3040000,409,6110000,11215,사용,U,2026-07-31 09:22:12,2026-08-01 22:27:25,제공,제공,제공,부착,제공,미제공,제공,가능
3040000,410,6110000,11215,사용,U,2026-07-31 09:22:12,2026-08-01 22:27:25,제공,제공,제공,부착,제공,미제공,제공,가능
3040000,411,6110000,11215,사용,I,2026-01-23 11:08:01,2026-04-29 22:39:47,제공,제공,제공,부착,제공,미제공,제공,가능
3040000,412,6110000,11215,사용,I,2026-04-21 10:01:39,2026-04-29 22:39:47,제공,제공,제공,부착,제공,미제공,제공,가능
3040000,413,6110000,11215,사용,I,2026-04-21 10:01:56,2026-04-29 22:39:48,제공,제공,제공,부착,제공,미제공,제공,가능
3040000,414,6110000,11215,사용,I,2026-04-21 10:02:40,2026-04-29 22:39:48,제공,제공,제공,부착,제공,미제공,제공,가능
3040000,415,6110000,11215,사용,I,2026-04-21 10:02:53,2026-04-29 22:39:48,제공,제공,제공,부착,제공,미제공,제공,가능
3040000,416,6110000,11215,사용,I,2026-04-21 10:03:07,2026-04-29 22:39:48,제공,제공,제공,부착,제공,미제공,제공,가능
3040000,417,6110000,11215,사용,I,2026-04-21 10:03:19,2026-04-29 22:39:48,제공,제공,제공,부착,제공,미제공,제공,가능
3040000,418,6110000,11215,사용,I,2026-04-21 10:03:32,2026-04-29 22:39:48,제공,제공,제공,부착,제공,미제공,제공,가능
3040000,419,6110000,11215,사용,I,2026-04-21 10:03:46,2026-04-29 22:39:48,제공,제공,제공,부착,제공,미제공,제공,가능
3040000,420,6110000,11215,사용,I,2026-04-21 10:04:01,2026-04-29 22:39:48,제공,제공,제공,부착,제공,미제공,제공,가능
3040000,421,6110000,11215,사용,I,2026-04-21 10:04:19,2026-04-29 22:39:48,제공,제공,제공,부착,제공,미제공,제공,가능
3040000,422,6110000,11215,사용,I,2026-04-21 10:04:40,2026-04-29 22:39:48,제공,제공,제공,부착,제공,미제공,제공,가능
3040000,423,6110000,11215,사용,U,2026-07-03 16:29:19,2026-07-04 22:27:25,제공,제공,제공,부착,제공,미제공,제공,가능
3040000,424,6110000,11215,사용,I,2026-04-27 17:03:16,2026-04-29 22:39:49,제공,제공,제공,부착,제공,미제공,제공,가능
3040000,425,6110000,11215,사용,U,2026-07-31 09:22:12,2026-08-01 22:27:25,제공,제공,제공,부착,제공,미제공,제공,가능
3040000,426,6110000,11215,사용,U,2026-07-31 09:22:12,2026-08-01 22:27:25,제공,제공,제공,부착,제공,미제공,제공,가능
3040000,427,6110000,11215,사용,I,2026-01-23 11:17:20,2026-04-29 22:39:49,제공,제공,제공,부착,제공,미제공,제공,가능
3040000,428,6110000,11215,사용,I,2026-01-23 11:17:58,2026-04-29 22:39:49,제공,제공,제공,부착,제공,미제공,제공,가능
3040000,429,6110000,11215,사용,U,2026-07-21 10:18:07,2026-07-22 22:27:25,제공,제공,제공,부착,제공,미제공,제공,가능
3040000,430,6110000,11215,사용,U,2026-07-31 09:22:12,2026-08-01 22:27:25,제공,제공,제공,부착,제공,미제공,제공,가능
3040000,501,6110000,11215,사용,U,2026-07-21 10:17:50,2026-07-22 22:27:25,제공,제공,제공,부착,제공,미제공,제공,가능
3050000,403,6110000,11230,사용,U,2026-08-20 15:29:21,2026-08-21 22:27:25,제공,제공,제공,부착,제공,제공,제공,가능
3050000,404,6110000,11230,사용,U,2026-08-20 15:29:36,2026-08-21 22:27:25,제공,제공,제공,부착,제공,제공,제공,가능
3050000,405,6110000,11230,사용,U,2026-08-20 15:29:49,2026-08-21 22:27:25,제공,제공,제공,부착,제공,제공,제공,가능
3050000,406,6110000,11230,사용,U,2026-08-25 21:10:04,2026-08-26 22:27:25,제공,제공,제공,부착,제공,제공,제공,가능
3050000,407,6110000,11230,사용,U,2026-08-24 15:38:57,2026-08-25 22:27:25,제공,제공,제공,부착,제공,미제공,제공,가능
3050000,408,6110000,11230,사용,U,2026-07-31 10:07:02,2026-08-01 22:27:25,제공,제공,제공,부착,제공,미제공,제공,가능
3050000,409,6110000,11230,사용,I,2026-01-23 16:52:26,2026-01-24 22:27:25,제공,제공,제공,부착,제공,미제공,제공,가능
3050000,410,6110000,11230,사용,U,2026-07-31 16:52:31,2026-08-01 22:27:25,제공,제공,제공,부착,제공,제공,제공,가능
3050000,411,6110000,11230,사용,U,2026-07-31 10:15:50,2026-08-01 22:27:25,제공,제공,제공,부착,제공,미제공,제공,가능
3050000,412,6110000,11230,사용,U,2026-07-31 16:52:54,2026-08-01 22:27:25,제공,제공,제공,부착,제공,제공,제공,가능
3050000,413,6110000,11230,사용,U,2026-07-31 10:16:31,2026-08-01 22:27:25,제공,제공,제공,부착,제공,미제공,제공,가능
3050000,414,6110000,11230,사용,U,2026-07-31 10:16:52,2026-08-01 22:27:25,제공,제공,제공,부착,제공,미제공,제공,가능
3050000,415,6110000,11230,사용,U,2026-07-31 10:17:14,2026-08-01 22:27:25,제공,제공,제공,부착,제공,미제공,제공,가능
3050000,416,6110000,11230,사용,U,2026-08-25 21:10:46,2026-08-26 22:27:25,제공,제공,제공,부착,제공,제공,제공,가능
3050000,417,6110000,11230,사용,U,2026-07-31 10:17:41,2026-08-01 22:27:25,제공,제공,제공,부착,제공,미제공,제공,가능
3050000,418,6110000,11230,사용,U,2026-07-31 10:18:02,2026-08-01 22:27:25,제공,제공,제공,부착,제공,미제공,제공,가능
3050000,420,6110000,11230,사용,U,2026-07-31 16:53:58,2026-08-01 22:27:25,제공,제공,제공,부착,제공,제공,제공,가능
3050000,421,6110000,11230,사용,U,2026-08-25 21:06:52,2026-08-26 22:27:25,제공,제공,제공,부착,제공,제공,제공,가능
3050000,422,6110000,11230,사용,U,2026-07-31 16:54:33,2026-08-01 22:27:25,제공,제공,제공,부착,제공,제공,제공,가능
3050000,424,6110000,11230,사용,U,2026-07-31 16:54:48,2026-08-01 22:27:25,제공,제공,제공,부착,제공,제공,제공,가능
3050000,426,6110000,11230,사용,U,2026-07-31 10:19:37,2026-08-01 22:27:25,제공,제공,제공,부착,제공,미제공,제공,가능
3050000,427,6110000,11230,사용,U,2026-08-25 21:08:40,2026-08-26 22:27:25,제공,제공,제공,부착,제공,미제공,제공,가능
3050000,429,6110000,11230,사용,U,2026-07-31 16:55:24,2026-08-01 22:27:25,제공,제공,제공,부착,제공,제공,제공,가능
3050000,430,6110000,11230,사용,U,2026-07-31 16:55:41,2026-08-01 22:27:25,제공,제공,제공,부착,제공,제공,제공,가능
3050000,431,6110000,11230,사용,U,2026-08-25 21:06:52,2026-08-26 22:27:25,제공,제공,제공,부착,제공,제공,제공,가능
3050000,432,6110000,11230,사용,U,2026-07-31 16:56:20,2026-08-01 22:27:25,제공,제공,제공,부착,제공,제공,제공,가능
3050000,433,6110000,11230,사용,U,2026-07-31 16:56:39,2026-08-01 22:27:25,제공,제공,제공,부착,제공,제공,제공,가능
3050000,434,6110000,11230,사용,U,2026-08-24 15:05:55,2026-08-25 22:27:25,제공,제공,제공,부착,제공,미제공,제공,가능
3050000,435,6110000,11230,사용,U,2026-07-31 16:56:58,2026-08-01 22:27:25,제공,제공,제공,부착,제공,제공,제공,가능
3050000,501,6110000,11230,사용,U,2026-08-25 21:10:04,2026-08-26 22:27:25,제공,제공,제공,부착,제공,제공,제공,가능
3050000,502,6110000,11230,사용,U,2026-08-25 21:08:40,2026-08-26 22:27:25,제공,제공,제공,부착,제공,미제공,제공,가능
3050000,504,6110000,11230,사용,U,2026-07-31 16:57:41,2026-08-01 22:27:25,제공,제공,제공,부착,제공,제공,제공,가능
3050000,505,6110000,11230,사용,U,2026-07-31 16:58:02,2026-08-01 22:27:25,제공,제공,제공,부착,제공,제공,제공,가능
3050000,506,6110000,11230,사용,U,2026-08-25 21:10:04,2026-08-26 22:27:25,제공,제공,제공,부착,제공,미제공,제공,가능
3050000,507,6110000,11230,사용,U,2026-08-25 21:08:56,2026-08-26 22:27:25,제공,제공,제공,부착,제공,미제공,제공,가능
3050000,508,6110000,11230,사용,U,2026-07-31 10:23:25,2026-08-01 22:27:25,제공,제공,제공,부착,제공,미제공,제공,가능
3060000,101,6110000,11260,사용,U,2026-08-27 14:30:29,2026-08-28 22:57:25,제공,제공,제공,부착,제공,미제공,제공,가능
3060000,102,6110000,11260,사용,U,2026-08-27 14:30:35,2026-08-28 22:57:25,제공,제공,제공,부착,제공,미제공,제공,가능
3060000,401,6110000,11260,사용,U,2026-08-27 14:40:35,2026-08-28 22:57:25,제공,제공,제공,부착,제공,미제공,제공,가능
3060000,501,6110000,11260,사용,U,2026-08-20 11:14:03,2026-08-21 22:57:25,제공,제공,제공,부착,제공,미제공,제공,가능
3060000,502,6110000,11260,사용,U,2026-08-20 11:43:31,2026-08-21 22:57:25,제공,제공,제공,부착,제공,미제공,제공,가능
3060000,503,6110000,11260,사용,I,2026-03-19 14:34:08,2026-03-20 22:57:31,제공,제공,제공,부착,제공,미제공,제공,가능
3060000,504,6110000,11260,사용,U,2026-08-20 11:01:54,2026-08-21 22:57:25,제공,제공,제공,부착,제공,미제공,제공,가능
3060000,505,6110000,11260,사용,U,2026-08-20 16:53:18,2026-08-21 22:57:25,제공,제공,제공,부착,제공,미제공,제공,가능
3060000,506,6110000,11260,사용,U,2026-08-20 11:03:49,2026-08-21 22:57:25,제공,제공,제공,부착,제공,미제공,제공,가능
3060000,507,6110000,11260,사용,U,2026-08-20 15:01:19,2026-08-21 22:57:25,제공,제공,제공,부착,제공,미제공,제공,가능
3060000,508,6110000,11260,사용,U,2026-08-27 14:30:42,2026-08-28 22:57:25,제공,제공,제공,부착,제공,미제공,제공,가능
3060000,509,6110000,11260,사용,U,2026-08-21 10:09:40,2026-08-22 22:57:25,제공,제공,제공,부착,제공,미제공,제공,가능
3060000,510,6110000,11260,사용,U,2026-08-27 14:31:06,2026-08-28 22:57:25,제공,제공,제공,부착,제공,미제공,제공,가능
3060000,511,6110000,11260,사용,U,2026-09-02 09:55:45,2026-09-03 22:57:25,제공,제공,제공,부착,제공,미제공,제공,가능
3060000,512,6110000,11260,사용,U,2026-08-21 10:09:12,2026-08-22 22:57:25,제공,제공,제공,부착,제공,미제공,제공,가능
3060000,513,6110000,11260,사용,U,2026-08-27 14:31:20,2026-08-28 22:57:25,제공,제공,제공,부착,제공,미제공,제공,가능
3060000,514,6110000,11260,사용,U,2026-08-27 14:31:35,2026-08-28 22:57:25,제공,제공,제공,부착,제공,미제공,제공,가능
3060000,515,6110000,11260,사용,U,2026-08-27 14:31:49,2026-08-28 22:57:25,제공,제공,제공,부착,제공,미제공,제공,가능
3060000,516,6110000,11260,사용,U,2026-08-27 14:31:57,2026-08-28 22:57:25,제공,제공,제공,부착,제공,미제공,제공,가능
3060000,517,6110000,11260,사용,U,2026-08-27 14:32:03,2026-08-28 22:57:25,제공,제공,제공,부착,제공,미제공,제공,가능
3060000,519,6110000,11260,사용,U,2026-08-27 14:32:10,2026-08-28 22:57:25,제공,제공,제공,부착,제공,미제공,제공,가능
3070000,401,6110000,11290,사용,I,2026-01-26 15:39:02,2026-05-07 22:38:28,제공,제공,제공,부착,제공,제공,제공,가능
3070000,404,6110000,11290,사용,U,2026-08-20 13:00:30,2026-08-21 22:27:25,제공,제공,제공,부착,제공,제공,제공,가능
3070000,405,6110000,11290,사용,I,2026-01-26 15:44:44,2026-05-07 22:38:29,제공,제공,제공,부착,제공,제공,제공,가능
3070000,409,6110000,11290,사용,I,2026-01-26 15:45:25,2026-05-07 22:38:30,제공,제공,제공,부착,제공,미제공,제공,가능
3070000,410,6110000,11290,사용,I,2026-01-27 09:33:02,2026-05-07 22:38:30,제공,제공,제공,부착,제공,미제공,제공,가능
3070000,411,6110000,11290,사용,U,2026-07-08 11:27:09,2026-07-09 22:27:25,제공,제공,제공,부착,제공,미제공,제공,가능
3070000,412,6110000,11290,사용,I,2026-02-11 15:50:33,2026-05-07 22:38:32,제공,제공,제공,부착,제공,미제공,제공,가능
3070000,413,6110000,11290,사용,U,2026-07-01 09:48:06,2026-07-02 22:27:25,제공,제공,제공,부착,제공,미제공,제공,가능
3070000,414,6110000,11290,사용,U,2026-07-08 11:26:37,2026-07-09 22:27:25,제공,제공,제공,부착,제공,미제공,제공,가능
3070000,415,6110000,11290,사용,I,2026-01-27 09:33:49,2026-05-07 22:38:32,제공,제공,제공,부착,제공,미제공,제공,가능
3070000,417,6110000,11290,사용,I,2026-01-27 09:33:59,2026-05-07 22:38:34,제공,제공,제공,부착,제공,미제공,제공,가능
3070000,418,6110000,11290,사용,I,2026-01-27 09:34:15,2026-05-07 22:38:34,제공,제공,제공,부착,제공,미제공,제공,가능
3070000,419,6110000,11290,사용,I,2026-01-27 09:34:47,2026-05-07 22:38:35,제공,제공,제공,부착,제공,미제공,제공,가능
3070000,421,6110000,11290,사용,I,2026-01-27 09:35:11,2026-05-07 22:38:36,제공,제공,제공,부착,제공,미제공,제공,가능
3070000,422,6110000,11290,사용,I,2026-02-04 16:41:48,2026-05-07 22:38:37,제공,제공,제공,부착,제공,미제공,제공,가능
3070000,423,6110000,11290,사용,U,2026-07-09 14:26:19,2026-07-10 22:27:25,제공,제공,제공,부착,제공,미제공,제공,가능
3070000,424,6110000,11290,사용,U,2026-08-18 10:46:09,2026-08-19 22:27:25,제공,제공,제공,부착,제공,미제공,제공,가능
3070000,425,6110000,11290,사용,I,2026-01-20 10:16:47,2026-05-07 22:38:38,제공,제공,제공,부착,제공,미제공,제공,가능
3070000,426,6110000,11290,사용,I,2026-01-26 15:46:10,2026-05-07 22:38:38,제공,제공,제공,부착,제공,제공,제공,가능
3070000,427,6110000,11290,사용,I,2026-01-27 11:08:43,2026-05-07 22:38:39,제공,제공,제공,부착,제공,미제공,제공,가능
3070000,428,6110000,11290,사용,I,2026-01-27 11:09:06,2026-05-07 22:38:39,제공,제공,제공,부착,제공,미제공,제공,가능
3070000,429,6110000,11290,사용,I,2026-01-27 11:09:21,2026-05-07 22:38:39,제공,제공,제공,부착,제공,미제공,제공,가능
3070000,430,6110000,11290,사용,I,2026-01-27 11:09:51,2026-05-07 22:38:39,제공,제공,제공,부착,제공,미제공,제공,가능
3070000,431,6110000,11290,사용,U,2026-07-02 13:55:49,2026-07-03 22:27:25,제공,제공,제공,부착,제공,미제공,제공,가능
3070000,432,6110000,11290,사용,I,2026-01-26 15:53:54,2026-05-07 22:38:39,제공,제공,제공,부착,제공,제공,제공,가능
3070000,433,6110000,11290,사용,I,2026-01-26 15:54:36,2026-05-07 22:38:39,제공,제공,제공,부착,제공,제공,제공,가능
3070000,434,6110000,11290,사용,I,2026-01-26 15:56:13,2026-05-07 22:38:39,제공,제공,제공,부착,제공,제공,제공,가능
3070000,435,6110000,11290,사용,I,2026-01-26 15:55:54,2026-05-07 22:38:40,제공,제공,제공,부착,제공,제공,제공,가능
3070000,436,6110000,11290,사용,U,2026-07-24 14:45:34,2026-07-25 22:27:25,제공,제공,제공,부착,제공,제공,제공,가능
3070000,437,6110000,11290,사용,U,2026-07-08 11:25:07,2026-07-09 22:27:25,제공,제공,제공,부착,제공,미제공,제공,가능
3070000,438,6110000,11290,사용,U,2026-08-20 13:06:14,2026-08-21 22:27:25,제공,제공,제공,부착,제공,미제공,제공,가능
3080000,400,6110000,11305,사용,I,2026-03-01 10:46:42,2026-05-07 22:37:37,제공,제공,제공,부착,제공,제공,제공,가능
3080000,401,6110000,11305,사용,I,2026-03-01 10:46:42,2026-05-07 22:37:37,제공,제공,제공,부착,제공,제공,제공,가능
3080000,402,6110000,11305,사용,U,2026-07-20 17:40:07,2026-07-21 22:27:25,제공,제공,제공,부착,제공,제공,제공,가능
3080000,403,6110000,11305,사용,I,2026-03-01 10:46:42,2026-05-07 22:37:38,제공,제공,제공,부착,제공,제공,제공,가능
3080000,404,6110000,11305,사용,U,2026-06-10 10:30:28,2026-06-11 22:27:25,제공,제공,제공,부착,제공,제공,제공,가능
3080000,405,6110000,11305,사용,I,2026-03-01 10:46:42,2026-05-07 22:37:39,제공,제공,제공,부착,제공,제공,제공,가능
3080000,406,6110000,11305,사용,I,2026-03-01 10:46:42,2026-05-07 22:37:39,제공,제공,제공,부착,제공,제공,제공,가능
3080000,407,6110000,11305,사용,U,2026-07-20 17:40:51,2026-07-21 22:27:25,제공,제공,제공,부착,제공,제공,제공,가능
3080000,408,6110000,11305,사용,U,2026-08-20 17:34:18,2026-08-21 22:27:25,제공,제공,제공,부착,제공,미제공,제공,가능
3080000,409,6110000,11305,사용,U,2026-07-20 17:41:00,2026-07-21 22:27:25,제공,제공,제공,부착,제공,제공,제공,가능
3080000,411,6110000,11305,사용,U,2026-08-20 17:34:26,2026-08-21 22:27:25,제공,제공,제공,부착,제공,미제공,제공,가능
3080000,412,6110000,11305,사용,U,2026-07-20 17:41:16,2026-07-21 22:27:25,제공,제공,제공,부착,제공,제공,제공,가능
3080000,413,6110000,11305,사용,U,2026-07-20 17:41:26,2026-07-21 22:27:25,제공,제공,제공,부착,제공,제공,제공,가능
3080000,414,6110000,11305,사용,U,2026-07-20 17:41:44,2026-07-21 22:27:25,제공,제공,제공,부착,제공,제공,제공,가능
3080000,415,6110000,11305,사용,U,2026-07-20 17:41:50,2026-07-21 22:27:25,제공,제공,제공,부착,제공,제공,제공,가능
3080000,501,6110000,11305,사용,U,2026-08-20 17:36:05,2026-08-21 22:27:25,제공,제공,제공,부착,제공,미제공,제공,가능
3080000,502,6110000,11305,사용,U,2026-08-20 17:34:32,2026-08-21 22:27:25,제공,제공,제공,부착,제공,미제공,제공,가능
3080000,503,6110000,11305,사용,U,2026-08-20 17:34:39,2026-08-21 22:27:25,제공,제공,제공,부착,제공,미제공,제공,가능
3080000,504,6110000,11305,사용,U,2026-08-20 17:34:55,2026-08-21 22:27:25,제공,제공,제공,부착,제공,미제공,제공,가능
3080000,505,6110000,11305,사용,U,2026-08-20 17:35:01,2026-08-21 22:27:25,제공,제공,제공,부착,제공,미제공,제공,가능
3080000,506,6110000,11305,사용,U,2026-08-20 17:35:08,2026-08-21 22:27:25,제공,제공,제공,부착,제공,미제공,제공,가능
3080000,507,6110000,11305,사용,U,2026-08-20 17:35:14,2026-08-21 22:27:25,제공,제공,제공,부착,제공,미제공,제공,가능
3080000,508,6110000,11305,사용,U,2026-08-20 17:35:22,2026-08-21 22:27:25,제공,제공,제공,부착,제공,미제공,제공,가능
3080000,509,6110000,11305,사용,U,2026-08-20 15:35:13,2026-08-21 22:27:25,제공,제공,제공,부착,제공,미제공,제공,가능
3080000,510,6110000,11305,사용,U,2026-09-07 13:11:04,2026-09-08 22:27:25,제공,제공,제공,부착,제공,미제공,제공,가능
3080000,511,6110000,11305,사용,U,2026-08-20 17:35:46,2026-08-21 22:27:25,제공,제공,제공,부착,제공,미제공,제공,가능
3080000,512,6110000,11305,사용,U,2026-09-07 13:11:51,2026-09-08 22:27:25,제공,제공,제공,부착,제공,미제공,제공,가능
3080000,513,6110000,11305,사용,U,2026-07-20 17:41:57,2026-07-21 22:27:25,제공,제공,제공,부착,제공,제공,제공,가능
3090000,101,6110000,11320,사용,I,2026-01-27 13:59:39,2026-01-28 22:27:25,제공,제공,제공,부착,제공,제공,제공,가능
3090000,104,6110000,11320,사용,I,2026-01-27 14:04:32,2026-01-28 22:27:25,제공,제공,제공,부착,제공,제공,제공,가능
3090000,105,6110000,11320,사용,I,2026-01-27 14:20:06,2026-01-28 22:27:25,제공,제공,제공,부착,제공,제공,제공,가능
3090000,106,6110000,11320,사용,I,2026-01-27 14:19:46,2026-01-28 22:27:25,제공,제공,제공,부착,제공,제공,제공,가능
3090000,108,6110000,11320,사용,I,2026-01-27 14:33:01,2026-01-28 22:27:25,제공,제공,제공,부착,제공,제공,제공,가능
3090000,201,6110000,11320,사용,U,2026-08-12 16:48:48,2026-08-13 22:27:25,제공,제공,제공,부착,제공,제공,제공,가능
3090000,202,6110000,11320,사용,I,2026-01-27 14:32:25,2026-01-28 22:27:25,제공,제공,제공,부착,제공,제공,제공,가능
3090000,203,6110000,11320,사용,U,2026-08-04 09:35:07,2026-08-05 22:27:25,제공,제공,제공,부착,제공,제공,제공,가능
3090000,205,6110000,11320,사용,I,2026-01-27 14:33:35,2026-01-28 22:27:25,제공,제공,제공,부착,제공,제공,제공,가능
3090000,206,6110000,11320,사용,I,2026-01-27 14:33:56,2026-01-28 22:27:25,제공,제공,제공,부착,제공,제공,제공,가능
3090000,207,6110000,11320,사용,I,2026-01-27 14:34:18,2026-01-28 22:27:25,제공,제공,제공,부착,제공,제공,제공,가능
3090000,208,6110000,11320,사용,U,2026-06-16 12:22:12,2026-06-17 22:27:25,제공,제공,제공,부착,제공,제공,제공,가능
3090000,209,6110000,11320,사용,U,2026-04-20 10:13:33,2026-04-21 03:03:03,제공,제공,제공,부착,제공,제공,제공,가능
3090000,210,6110000,11320,사용,I,2026-01-27 14:51:30,2026-01-28 22:27:25,제공,제공,제공,부착,제공,제공,제공,가능
3090000,211,6110000,11320,사용,I,2026-01-27 14:51:45,2026-01-28 22:27:25,제공,제공,제공,부착,제공,제공,제공,가능
3090000,212,6110000,11320,사용,U,2026-08-05 13:52:09,2026-08-06 22:27:25,제공,제공,제공,부착,제공,제공,제공,가능
3090000,213,6110000,11320,사용,I,2026-01-27 14:42:04,2026-01-28 22:27:25,제공,제공,제공,부착,제공,제공,제공,가능
3090000,214,6110000,11320,사용,I,2026-01-27 14:20:23,2026-01-28 22:27:25,제공,제공,제공,부착,제공,제공,제공,가능
3090000,215,6110000,11320,사용,I,2026-01-27 13:59:02,2026-01-28 22:27:25,제공,제공,제공,부착,제공,제공,제공,가능
3090000,216,6110000,11320,사용,I,2026-01-27 14:24:56,2026-01-28 22:27:25,제공,제공,제공,부착,제공,제공,제공,가능
3090000,501,6110000,11320,사용,I,2026-01-27 14:42:20,2026-01-28 22:27:25,제공,제공,제공,부착,제공,제공,제공,가능
3090000,502,6110000,11320,사용,I,2026-01-27 14:43:22,2026-01-28 22:27:25,제공,제공,제공,부착,제공,제공,제공,가능
3090000,503,6110000,11320,사용,I,2026-01-27 14:43:09,2026-01-28 22:27:25,제공,제공,제공,부착,제공,제공,제공,가능
3100000,101,6110000,11350,사용,U,2026-09-22 13:15:39,2026-09-23 22:27:25,제공,제공,제공,부착,제공,미제공,제공,불가능
3100000,103,6110000,11350,사용,U,2026-08-21 10:14:08,2026-08-22 22:27:25,제공,제공,제공,부착,제공,미제공,제공,가능
3100000,104,6110000,11350,사용,U,2026-08-05 14:00:32,2026-08-06 22:27:25,제공,제공,제공,부착,제공,미제공,제공,가능
3100000,401,6110000,11350,사용,U,2026-08-21 10:13:32,2026-08-22 22:27:25,제공,제공,제공,부착,제공,미제공,제공,가능
3100000,402,6110000,11350,사용,U,2026-07-20 14:34:48,2026-07-21 22:27:25,제공,제공,제공,부착,제공,미제공,제공,가능
3100000,403,6110000,11350,사용,U,2026-08-21 11:01:51,2026-08-22 22:27:25,제공,제공,제공,부착,제공,미제공,제공,가능
3100000,404,6110000,11350,사용,U,2026-08-21 10:59:04,2026-08-22 22:27:25,제공,제공,제공,부착,제공,미제공,제공,가능
3100000,405,6110000,11350,사용,U,2026-08-21 11:01:25,2026-08-22 22:27:25,제공,제공,제공,부착,제공,미제공,제공,가능
3100000,406,6110000,11350,사용,I,2026-01-29 14:36:46,2026-05-07 22:37:15,제공,제공,제공,부착,제공,미제공,제공,가능
3100000,407,6110000,11350,사용,U,2026-08-21 10:50:01,2026-08-22 22:27:25,제공,제공,제공,부착,제공,미제공,제공,불가능
3100000,408,6110000,11350,사용,U,2026-07-20 14:53:19,2026-07-21 22:27:25,제공,제공,제공,부착,제공,미제공,제공,불가능
3100000,409,6110000,11350,사용,U,2026-07-20 14:53:38,2026-07-21 22:27:25,제공,제공,제공,부착,제공,미제공,제공,가능
3100000,410,6110000,11350,사용,U,2026-08-21 11:02:03,2026-08-22 22:27:25,제공,제공,제공,부착,제공,미제공,제공,가능
3100000,411,6110000,11350,사용,U,2026-09-01 15:30:14,2026-09-02 22:27:25,제공,제공,제공,부착,제공,미제공,제공,불가능
3100000,412,6110000,11350,사용,U,2026-09-01 15:30:38,2026-09-02 22:27:25,제공,제공,제공,부착,제공,미제공,제공,불가능
3100000,502,6110000,11350,사용,U,2026-09-18 10:22:41,2026-09-19 22:27:25,제공,제공,제공,부착,제공,미제공,제공,불가능
3100000,504,6110000,11350,사용,U,2026-07-20 14:55:23,2026-07-21 22:27:25,제공,제공,제공,부착,제공,미제공,제공,불가능
3100000,505,6110000,11350,사용,U,2026-07-20 14:55:56,2026-07-21 22:27:25,제공,제공,제공,부착,제공,미제공,제공,불가능
3100000,506,6110000,11350,사용,U,2026-08-21 11:03:24,2026-08-22 22:27:25,제공,제공,제공,부착,제공,미제공,제공,불가능
3100000,507,6110000,11350,사용,U,2026-07-20 14:56:56,2026-07-21 22:27:25,제공,제공,제공,부착,제공,미제공,제공,불가능
3100000,508,6110000,11350,사용,U,2026-07-20 14:56:36,2026-07-21 22:27:25,제공,제공,제공,부착,제공,미제공,제공,가능
3110000,401,6110000,11380,사용,U,2026-09-08 15:56:47,2026-09-09 22:57:25,제공,제공,제공,부착,제공,미제공,제공,가능
3110000,402,6110000,11380,사용,U,2026-09-08 16:39:38,2026-09-09 22:57:25,제공,제공,제공,부착,제공,미제공,제공,가능
3110000,403,6110000,11380,사용,U,2026-09-08 16:41:10,2026-09-09 22:57:25,제공,제공,제공,부착,제공,미제공,제공,가능
3110000,404,6110000,11380,사용,U,2026-09-08 16:43:00,2026-09-09 22:57:25,제공,제공,제공,부착,제공,미제공,제공,가능
3110000,405,6110000,11380,사용,U,2026-09-08 16:49:04,2026-09-09 22:57:25,제공,제공,제공,부착,제공,미제공,제공,가능
3110000,406,6110000,11380,사용,U,2026-09-08 16:49:26,2026-09-09 22:57:25,제공,제공,제공,부착,제공,미제공,제공,가능
3110000,407,6110000,11380,사용,U,2026-09-08 15:59:21,2026-09-09 22:57:25,제공,제공,제공,부착,제공,미제공,제공,가능
3110000,408,6110000,11380,사용,U,2026-09-08 16:52:30,2026-09-09 22:57:25,제공,제공,제공,부착,제공,미제공,제공,가능
3110000,409,6110000,11380,사용,U,2026-09-08 16:53:39,2026-09-09 22:57:25,제공,제공,제공,부착,제공,미제공,제공,가능
3110000,412,6110000,11380,사용,U,2026-09-08 16:00:31,2026-09-09 22:57:25,제공,제공,제공,부착,제공,미제공,제공,가능
3110000,413,6110000,11380,사용,U,2026-09-08 16:48:00,2026-09-09 22:57:25,제공,제공,제공,부착,제공,미제공,제공,가능
3110000,414,6110000,11380,사용,U,2026-09-08 16:40:56,2026-09-09 22:57:25,제공,제공,제공,부착,제공,미제공,제공,가능
3110000,415,6110000,11380,사용,U,2026-09-08 16:09:45,2026-09-09 22:57:25,제공,제공,제공,부착,제공,미제공,제공,가능
3110000,501,6110000,11380,사용,U,2026-09-08 16:53:53,2026-09-09 22:57:25,제공,제공,제공,부착,제공,미제공,제공,가능
3110000,502,6110000,11380,사용,U,2026-09-08 16:02:16,2026-09-09 22:57:25,제공,제공,제공,부착,제공,미제공,제공,가능
3110000,503,6110000,11380,사용,U,2026-09-08 16:48:45,2026-09-09 22:57:25,제공,제공,제공,부착,제공,미제공,제공,가능
3110000,504,6110000,11380,사용,U,2026-09-08 16:39:12,2026-09-09 22:57:25,제공,제공,제공,부착,제공,미제공,제공,가능
3110000,505,6110000,11380,사용,U,2026-09-08 16:45:17,2026-09-09 22:57:25,제공,제공,제공,부착,제공,미제공,제공,가능
3110000,506,6110000,11380,사용,U,2026-09-08 16:48:08,2026-09-09 22:57:25,제공,제공,제공,부착,제공,미제공,제공,가능
3110000,507,6110000,11380,사용,U,2026-09-08 16:38:13,2026-09-09 22:57:25,제공,제공,제공,부착,제공,미제공,제공,가능
3110000,508,6110000,11380,사용,U,2026-09-08 16:08:25,2026-09-09 22:57:25,제공,제공,제공,부착,제공,미제공,제공,가능
3110000,509,6110000,11380,사용,U,2026-09-08 16:41:47,2026-09-09 22:57:25,제공,제공,제공,부착,제공,미제공,제공,가능
3110000,510,6110000,11380,사용,U,2026-09-29 11:26:09,2026-09-30 22:57:25,제공,제공,제공,부착,제공,미제공,제공,가능
3110000,511,6110000,11380,사용,U,2026-09-08 16:42:34,2026-09-09 22:57:25,제공,제공,제공,부착,제공,미제공,제공,가능
3110000,512,6110000,11380,사용,U,2026-09-08 16:48:30,2026-09-09 22:57:25,제공,제공,제공,부착,제공,미제공,제공,가능
3110000,513,6110000,11380,사용,U,2026-09-08 15:57:31,2026-09-09 22:57:25,제공,제공,제공,부착,제공,미제공,제공,가능
3110000,514,6110000,11380,사용,U,2026-09-08 16:14:38,2026-09-09 22:57:25,제공,제공,제공,부착,제공,미제공,제공,가능
3110000,515,6110000,11380,사용,U,2026-09-08 16:01:51,2026-09-09 22:57:25,제공,제공,제공,부착,제공,미제공,제공,가능
3110000,516,6110000,11380,사용,U,2026-09-08 16:47:22,2026-09-09 22:57:25,제공,제공,제공,부착,제공,미제공,제공,가능
3110000,518,6110000,11380,사용,U,2026-09-08 16:53:04,2026-09-09 22:57:25,제공,제공,제공,부착,제공,미제공,제공,가능
3110000,519,6110000,11380,사용,U,2026-09-08 16:51:53,2026-09-09 22:57:25,제공,제공,제공,부착,제공,미제공,제공,가능
3110000,520,6110000,11380,사용,U,2026-09-08 16:51:44,2026-09-09 22:57:25,제공,제공,제공,부착,제공,미제공,제공,가능
3110000,521,6110000,11380,사용,U,2026-09-08 16:02:46,2026-09-09 22:57:25,제공,제공,제공,부착,제공,미제공,제공,가능
3110000,522,6110000,11380,사용,U,2026-09-08 16:15:53,2026-09-09 22:57:25,제공,제공,제공,부착,제공,미제공,제공,가능
3110000,523,6110000,11380,사용,I,2026-01-26 15:13:05,2026-04-05 22:57:50,제공,제공,제공,부착,제공,미제공,제공,가능
3120000,401,6110000,11410,사용,I,2026-01-27 16:27:41,2026-05-07 22:39:23,제공,제공,제공,부착,제공,미제공,제공,가능
3120000,402,6110000,11410,사용,U,2026-09-01 14:14:03,2026-09-02 22:28:07,제공,제공,제공,부착,제공,미제공,제공,가능
3120000,501,6110000,11410,사용,U,2026-08-26 16:04:59,2026-08-27 22:28:05,제공,제공,제공,부착,제공,미제공,제공,가능
3120000,502,6110000,11440,사용,U,2026-08-26 16:05:15,2026-08-27 22:28:05,제공,제공,제공,부착,제공,미제공,제공,가능
3120000,503,6110000,11410,사용,U,2026-08-26 16:05:26,2026-08-27 22:28:05,제공,제공,제공,부착,제공,미제공,제공,가능
3120000,504,6110000,11410,사용,I,2026-01-27 16:30:07,2026-05-07 22:39:24,제공,제공,제공,부착,제공,미제공,제공,가능
3120000,505,6110000,11410,사용,U,2026-08-27 13:10:00,2026-08-28 22:28:06,제공,제공,제공,부착,제공,미제공,제공,가능
3120000,506,6110000,11410,사용,U,2026-08-27 13:04:31,2026-08-28 22:28:06,제공,제공,제공,부착,제공,미제공,제공,가능
3120000,507,6110000,11410,사용,I,2026-01-27 16:31:03,2026-05-07 22:39:24,제공,제공,제공,부착,제공,미제공,제공,가능
3120000,508,6110000,11410,사용,U,2026-08-27 13:04:36,2026-08-28 22:28:06,제공,제공,제공,부착,제공,미제공,제공,가능
3120000,509,6110000,11410,사용,U,2026-08-27 13:04:45,2026-08-28 22:28:06,제공,제공,제공,부착,제공,미제공,제공,가능
3120000,510,6110000,11410,사용,U,2026-08-26 16:05:37,2026-08-27 22:28:05,제공,제공,제공,부착,제공,미제공,제공,가능
3120000,511,6110000,11410,사용,I,2026-01-26 10:07:08,2026-05-07 22:39:25,제공,제공,제공,부착,제공,미제공,제공,가능
3120000,512,6110000,11410,사용,U,2026-08-27 13:04:52,2026-08-28 22:28:06,제공,제공,제공,부착,제공,미제공,제공,가능
3120000,513,6110000,11410,사용,U,2026-08-27 13:09:22,2026-08-28 22:28:06,제공,제공,제공,부착,제공,미제공,제공,가능
3120000,514,6110000,11410,사용,U,2026-08-27 13:09:28,2026-08-28 22:28:06,제공,제공,제공,부착,제공,미제공,제공,가능
3120000,515,6110000,11410,사용,U,2026-08-27 13:09:16,2026-08-28 22:28:06,제공,제공,제공,부착,제공,미제공,제공,가능
3120000,516,6110000,11410,사용,U,2026-08-27 13:09:44,2026-08-28 22:28:06,제공,제공,제공,부착,제공,미제공,제공,가능
3120000,517,6110000,11410,사용,U,2026-08-27 13:09:49,2026-08-28 22:28:06,제공,제공,제공,부착,제공,미제공,제공,가능
3120000,518,6110000,11410,사용,U,2026-08-27 13:09:54,2026-08-28 22:28:06,제공,제공,제공,부착,제공,미제공,제공,가능
3120000,519,6110000,11410,사용,U,2026-08-26 16:06:14,2026-08-27 22:28:05,제공,제공,제공,부착,제공,미제공,제공,가능
3120000,520,6110000,11410,사용,I,2026-01-26 10:07:46,2026-05-07 22:39:27,제공,제공,제공,부착,제공,미제공,제공,가능
3120000,521,6110000,11410,사용,I,2026-01-26 10:08:13,2026-05-07 22:39:27,제공,제공,제공,부착,제공,미제공,제공,가능
3120000,522,6110000,11410,사용,I,2026-01-27 16:46:45,2026-05-07 22:39:27,제공,제공,제공,부착,제공,미제공,제공,가능
3120000,523,6110000,11410,사용,I,2026-01-27 16:46:57,2026-05-07 22:39:28,제공,제공,제공,부착,제공,미제공,제공,가능
3120000,524,6110000,11410,사용,U,2026-08-26 16:06:21,2026-08-27 22:28:05,제공,제공,제공,부착,제공,미제공,제공,가능
3120000,525,6110000,11410,사용,U,2026-08-26 16:06:30,2026-08-27 22:28:05,제공,제공,제공,부착,제공,미제공,제공,가능
3120000,526,6110000,11410,사용,U,2026-08-26 16:06:37,2026-08-27 22:28:06,제공,제공,제공,부착,제공,미제공,제공,가능
3120000,527,6110000,11410,사용,U,2026-08-26 16:06:47,2026-08-27 22:28:06,제공,제공,제공,부착,제공,미제공,제공,가능
3120000,528,6110000,11410,사용,I,2026-01-26 10:09:46,2026-05-07 22:39:28,제공,제공,제공,부착,제공,미제공,제공,가능
3120000,529,6110000,11410,사용,I,2026-01-26 10:10:06,2026-05-07 22:39:28,제공,제공,제공,부착,제공,미제공,제공,가능
3120000,530,6110000,11410,사용,I,2026-01-26 10:10:23,2026-05-07 22:39:28,제공,제공,제공,부착,제공,미제공,제공,가능
3120000,531,6110000,11410,사용,I,2026-01-26 10:10:42,2026-05-07 22:39:29,제공,제공,제공,부착,제공,미제공,제공,가능
3130000,101,6110000,11440,사용,I,2026-03-24 10:54:23,2026-03-25 22:29:01,제공,제공,제공,부착,제공,미제공,제공,가능
3130000,403,6110000,11440,사용,U,2026-08-18 14:35:06,2026-08-19 22:29:14,제공,제공,제공,부착,제공,미제공,제공,가능
3130000,404,6110000,11440,사용,U,2026-08-25 15:45:01,2026-08-26 22:29:48,제공,제공,제공,부착,제공,미제공,제공,가능
3130000,405,6110000,11440,사용,I,2026-03-24 10:58:21,2026-03-25 22:29:01,제공,제공,제공,부착,제공,미제공,제공,가능
3130000,501,6110000,11440,사용,I,2026-03-24 10:59:14,2026-03-25 22:29:01,제공,제공,제공,부착,제공,미제공,제공,가능
3130000,502,6110000,11440,사용,U,2026-08-18 14:34:46,2026-08-19 22:29:14,제공,제공,제공,부착,제공,미제공,제공,가능
3130000,503,6110000,11440,사용,I,2026-03-24 10:59:54,2026-03-25 22:29:01,제공,제공,제공,부착,제공,미제공,제공,가능
3130000,504,6110000,11440,사용,I,2026-03-24 11:00:26,2026-03-25 22:29:01,제공,제공,제공,부착,제공,미제공,제공,가능
3130000,505,6110000,11440,사용,U,2026-08-14 13:40:36,2026-08-15 22:28:55,제공,제공,제공,부착,제공,미제공,제공,가능
3130000,506,6110000,11440,사용,I,2026-03-24 11:02:52,2026-03-25 22:29:01,제공,제공,제공,부착,제공,미제공,제공,가능
3130000,507,6110000,11440,사용,I,2026-03-24 11:03:10,2026-03-25 22:29:01,제공,제공,제공,부착,제공,미제공,제공,가능
3130000,508,6110000,11440,사용,I,2026-03-24 11:05:14,2026-03-25 22:29:01,제공,제공,제공,부착,제공,미제공,제공,가능
3130000,509,6110000,11440,사용,I,2026-03-24 11:05:52,2026-03-25 22:29:01,제공,제공,제공,부착,제공,미제공,제공,가능
3130000,510,6110000,11440,사용,U,2026-08-25 16:26:53,2026-08-26 22:29:48,제공,제공,제공,부착,제공,미제공,제공,가능
3130000,512,6110000,11440,사용,I,2026-03-24 11:06:25,2026-03-25 22:29:01,제공,제공,제공,부착,제공,미제공,제공,가능
3130000,513,6110000,11440,사용,I,2026-01-20 13:02:05,2026-01-21 22:28:10,제공,제공,제공,부착,제공,미제공,제공,가능
3130000,514,6110000,11440,사용,I,2026-01-20 09:33:00,2026-01-21 22:28:10,제공,제공,제공,부착,제공,미제공,제공,가능
3130000,515,6110000,11440,사용,I,2026-03-24 11:06:56,2026-03-25 22:29:01,제공,제공,제공,부착,제공,미제공,제공,가능
3130000,516,6110000,11440,사용,U,2026-08-18 10:55:47,2026-08-19 22:29:14,제공,제공,제공,부착,제공,미제공,제공,가능
3130000,517,6110000,11440,사용,I,2026-03-24 11:07:28,2026-03-25 22:29:01,제공,제공,제공,부착,제공,미제공,제공,가능
3130000,518,6110000,11440,사용,U,2026-08-25 16:26:42,2026-08-26 22:29:48,제공,제공,제공,부착,제공,미제공,제공,가능
3130000,519,6110000,11440,사용,U,2026-08-14 13:41:12,2026-08-15 22:28:55,제공,제공,제공,부착,제공,미제공,제공,가능
3130000,520,6110000,11440,사용,I,2026-03-24 11:08:34,2026-03-25 22:29:01,제공,제공,제공,부착,제공,미제공,제공,가능
3130000,521,6110000,11440,사용,U,2026-08-25 15:45:14,2026-08-26 22:29:48,제공,제공,제공,부착,제공,미제공,제공,가능
3130000,522,6110000,11440,사용,U,2026-08-25 17:51:10,2026-08-26 22:29:48,제공,제공,제공,부착,제공,미제공,제공,불가능
3140000,401,6110000,11470,사용,I,2026-01-19 16:13:01,2026-05-07 22:37:26,제공,제공,제공,부착,제공,제공,제공,가능
3140000,402,6110000,11470,사용,U,2026-07-13 08:50:20,2026-07-14 22:27:25,제공,제공,제공,부착,제공,미제공,제공,불가능
3140000,403,6110000,11470,사용,U,2026-07-13 08:50:20,2026-07-14 22:27:25,제공,제공,제공,부착,제공,미제공,제공,불가능
3140000,404,6110000,11470,사용,I,2025-04-17 15:14:48,2026-05-07 22:37:26,제공,제공,제공,부착,제공,미제공,제공,가능
3140000,405,6110000,11470,사용,U,2026-07-22 16:11:39,2026-07-23 22:27:25,제공,제공,제공,부착,제공,미제공,제공,가능
3140000,406,6110000,11470,사용,I,2025-01-20 19:59:02,2026-05-07 22:37:26,제공,제공,제공,부착,제공,제공,제공,가능
3140000,407,6110000,11470,사용,I,2026-01-20 08:45:29,2026-05-07 22:37:26,제공,제공,제공,부착,제공,미제공,제공,가능
3140000,408,6110000,11470,사용,U,2026-07-13 08:50:20,2026-07-14 22:27:25,제공,제공,제공,부착,제공,미제공,제공,불가능
3140000,409,6110000,11470,사용,U,2026-07-13 08:50:20,2026-07-14 22:27:25,제공,제공,제공,부착,제공,미제공,제공,불가능
3140000,410,6110000,11470,사용,U,2026-07-13 08:50:20,2026-07-14 22:27:25,제공,제공,제공,부착,제공,미제공,제공,불가능
3140000,411,6110000,11470,사용,U,2026-07-13 08:50:20,2026-07-14 22:27:25,제공,제공,제공,부착,제공,미제공,제공,불가능
3140000,501,6110000,11470,사용,I,2026-02-10 16:07:23,2026-05-07 22:37:26,제공,제공,제공,부착,제공,미제공,제공,불가능
3140000,502,6110000,11470,사용,I,2026-01-19 09:13:24,2026-05-07 22:37:27,제공,제공,제공,부착,제공,미제공,제공,불가능
3140000,503,6110000,11470,사용,U,2026-07-16 14:00:23,2026-07-17 22:27:25,제공,제공,제공,부착,제공,미제공,제공,불가능
3140000,504,6110000,11470,사용,I,2026-04-01 10:59:28,2026-05-07 22:37:27,제공,제공,제공,부착,제공,미제공,제공,불가능
3140000,505,6110000,11470,사용,U,2026-07-13 09:50:35,2026-07-14 22:27:25,제공,제공,제공,부착,제공,미제공,제공,불가능
3140000,506,6110000,11470,사용,I,2026-01-20 10:24:44,2026-05-07 22:37:27,제공,제공,제공,부착,제공,미제공,제공,불가능
3140000,507,6110000,11470,사용,I,2026-01-21 08:17:33,2026-05-07 22:37:27,제공,제공,제공,부착,제공,미제공,제공,불가능
3140000,508,6110000,11470,사용,U,2026-07-10 17:15:16,2026-07-11 22:27:25,제공,제공,제공,부착,제공,미제공,제공,불가능
3140000,509,6110000,11470,사용,I,2026-01-19 09:39:58,2026-05-07 22:37:27,제공,제공,제공,부착,제공,미제공,제공,불가능
3140000,510,6110000,11470,사용,I,2025-03-20 16:34:05,2026-05-07 22:37:27,제공,제공,제공,부착,제공,미제공,제공,가능
3140000,511,6110000,11470,사용,U,2026-07-13 09:44:33,2026-07-14 22:27:25,제공,제공,제공,부착,제공,미제공,제공,불가능
3140000,512,6110000,11470,사용,U,2026-08-19 16:48:41,2026-08-20 22:27:25,제공,제공,제공,부착,제공,미제공,제공,가능
3140000,513,6110000,11470,사용,U,2026-09-03 11:57:30,2026-09-04 22:27:25,제공,제공,제공,부착,제공,미제공,제공,불가능
3140000,514,6110000,11470,사용,U,2026-07-14 09:39:49,2026-07-15 22:27:25,제공,제공,제공,부착,제공,미제공,제공,불가능
3140000,515,6110000,11470,사용,U,2026-07-13 08:50:20,2026-07-14 22:27:25,제공,제공,제공,부착,제공,미제공,제공,불가능
3140000,516,6110000,11470,사용,U,2026-07-13 08:50:20,2026-07-14 22:27:25,제공,제공,제공,부착,제공,미제공,제공,불가능
3140000,517,6110000,11470,사용,U,2026-07-22 16:12:12,2026-07-23 22:27:25,제공,제공,제공,부착,제공,미제공,제공,가능
3140000,518,6110000,11470,사용,I,2026-01-19 16:13:01,2026-05-07 22:37:27,제공,제공,제공,부착,제공,제공,제공,가능
3140000,519,6110000,11470,사용,U,2026-07-13 08:50:20,2026-07-14 22:27:25,제공,제공,제공,부착,제공,미제공,제공,불가능
3140000,520,6110000,11470,사용,U,2026-07-13 08:50:20,2026-07-14 22:27:25,제공,제공,제공,부착,제공,미제공,제공,불가능
3140000,521,6110000,11470,사용,U,2026-07-13 08:50:20,2026-07-14 22:27:25,제공,제공,제공,부착,제공,미제공,제공,불가능
3140000,522,6110000,11470,사용,U,2026-07-13 08:50:20,2026-07-14 22:27:25,제공,제공,제공,부착,제공,미제공,제공,불가능
3140000,523,6110000,11470,사용,U,2026-07-13 08:50:20,2026-07-14 22:27:25,제공,제공,제공,부착,제공,미제공,제공,불가능
3140000,524,6110000,11470,사용,U,2026-07-13 08:50:20,2026-07-14 22:27:25,제공,제공,제공,부착,제공,미제공,제공,불가능
3140000,525,6110000,11470,사용,U,2026-07-13 08:50:20,2026-07-14 22:27:25,제공,제공,제공,부착,제공,미제공,제공,불가능
3140000,526,6110000,11470,사용,U,2026-07-13 08:50:20,2026-07-14 22:27:25,제공,제공,제공,부착,제공,미제공,제공,불가능
3140000,527,6110000,11470,사용,U,2026-07-13 08:50:20,2026-07-14 22:27:25,제공,제공,제공,부착,제공,미제공,제공,불가능
3150000,109,6110000,11500,사용,U,2026-08-28 13:49:04,2026-08-29 22:27:25,제공,제공,제공,부착,제공,미제공,제공,가능
3150000,111,6110000,11500,사용,U,2026-08-28 13:49:04,2026-08-29 22:27:25,제공,제공,제공,부착,제공,미제공,제공,가능
3150000,404,6110000,11500,사용,U,2026-08-28 10:07:57,2026-08-29 22:27:25,제공,제공,제공,부착,제공,미제공,제공,가능
3150000,405,6110000,11500,사용,U,2026-08-28 10:08:02,2026-08-29 22:27:25,제공,제공,제공,부착,제공,미제공,제공,가능
3150000,406,6110000,11500,사용,U,2026-08-28 10:08:14,2026-08-29 22:27:25,제공,제공,제공,부착,제공,미제공,제공,가능
3150000,501,6110000,11500,사용,U,2026-08-28 09:57:38,2026-08-29 22:27:25,제공,제공,제공,부착,제공,미제공,제공,가능
3150000,502,6110000,11500,사용,U,2026-08-28 09:57:50,2026-08-29 22:27:25,제공,제공,제공,부착,제공,미제공,제공,가능
3150000,503,6110000,11500,사용,U,2026-08-28 10:07:41,2026-08-29 22:27:25,제공,제공,제공,부착,제공,미제공,제공,가능
3150000,504,6110000,11500,사용,U,2026-08-28 10:08:25,2026-08-29 22:27:25,제공,제공,제공,부착,제공,미제공,제공,가능
3150000,505,6110000,11500,사용,U,2026-09-02 16:29:06,2026-09-03 22:27:25,제공,제공,제공,부착,제공,미제공,제공,가능
3150000,506,6110000,11500,사용,U,2026-08-28 13:49:04,2026-08-29 22:27:25,제공,제공,제공,부착,제공,미제공,제공,가능
3150000,507,6110000,11500,사용,U,2026-08-28 13:49:04,2026-08-29 22:27:25,제공,제공,제공,부착,제공,미제공,제공,가능
3150000,508,6110000,11500,사용,U,2026-08-28 13:49:04,2026-08-29 22:27:25,제공,제공,제공,부착,제공,미제공,제공,가능
3150000,509,6110000,11500,사용,U,2026-08-28 13:49:04,2026-08-29 22:27:25,제공,제공,제공,부착,제공,미제공,제공,가능
3150000,510,6110000,11500,사용,U,2026-08-28 13:49:04,2026-08-29 22:27:25,제공,제공,제공,부착,제공,미제공,제공,가능
3150000,511,6110000,11500,사용,U,2026-08-28 13:49:04,2026-08-29 22:27:25,제공,제공,제공,부착,제공,미제공,제공,가능
3150000,512,6110000,11500,사용,U,2026-08-28 13:49:04,2026-08-29 22:27:25,제공,제공,제공,부착,제공,미제공,제공,가능
3150000,513,6110000,11500,사용,U,2026-08-28 13:49:04,2026-08-29 22:27:25,제공,제공,제공,부착,제공,미제공,제공,가능
3150000,514,6110000,11500,사용,U,2026-08-28 13:49:04,2026-08-29 22:27:25,제공,제공,제공,부착,제공,미제공,제공,가능
3150000,515,6110000,11500,사용,U,2026-08-28 13:49:04,2026-08-29 22:27:25,제공,제공,제공,부착,제공,미제공,제공,가능
3150000,516,6110000,11500,사용,U,2026-08-28 13:49:04,2026-08-29 22:27:25,제공,제공,제공,부착,제공,미제공,제공,가능
3150000,517,6110000,11500,사용,U,2026-08-28 13:49:04,2026-08-29 22:27:25,제공,제공,제공,부착,제공,미제공,제공,불가능
3150000,518,6110000,11500,사용,U,2026-08-28 13:49:04,2026-08-29 22:27:25,제공,제공,제공,부착,제공,미제공,제공,불가능
3150000,519,6110000,11500,사용,U,2026-08-28 13:49:04,2026-08-29 22:27:25,제공,제공,제공,부착,제공,미제공,제공,불가능
3150000,520,6110000,11500,사용,U,2026-08-28 13:49:04,2026-08-29 22:27:25,제공,제공,제공,부착,제공,미제공,제공,가능
3150000,521,6110000,11500,사용,U,2026-08-28 13:49:04,2026-08-29 22:27:25,제공,제공,제공,부착,제공,미제공,제공,불가능
3150000,522,6110000,11500,사용,U,2026-08-26 09:33:29,2026-08-27 22:27:26,제공,제공,제공,부착,제공,미제공,제공,가능
3150000,523,6110000,11500,사용,U,2026-08-26 09:33:34,2026-08-27 22:27:26,제공,제공,제공,부착,제공,미제공,제공,가능
3150000,524,6110000,11500,사용,U,2026-08-28 13:49:04,2026-08-29 22:27:25,제공,제공,제공,부착,제공,미제공,제공,불가능
3150000,525,6110000,11500,사용,U,2026-08-26 09:33:39,2026-08-27 22:27:26,제공,제공,제공,부착,제공,미제공,제공,가능
3150000,526,6110000,11500,사용,U,2026-08-28 15:28:00,2026-08-29 22:27:25,제공,제공,제공,부착,제공,미제공,제공,불가능
3160000,401,6110000,11530,사용,I,2026-01-26 09:19:37,2026-05-01 22:46:00,제공,제공,제공,부착,제공,미제공,제공,가능
3160000,402,6110000,11530,사용,U,2026-08-24 09:58:33,2026-08-25 22:27:29,제공,제공,제공,부착,제공,미제공,제공,가능
3160000,403,6110000,11530,사용,U,2026-08-24 09:58:46,2026-08-25 22:27:29,제공,제공,제공,부착,제공,미제공,제공,가능
3160000,404,6110000,11530,사용,U,2026-08-24 09:58:03,2026-08-25 22:27:29,제공,제공,제공,부착,제공,미제공,제공,가능
3160000,405,6110000,11530,사용,U,2026-08-24 09:59:02,2026-08-25 22:27:29,제공,제공,제공,부착,제공,미제공,제공,가능
3160000,406,6110000,11530,사용,I,2026-01-26 09:46:18,2026-05-01 22:46:00,제공,제공,제공,부착,제공,미제공,제공,가능
3160000,407,6110000,11530,사용,I,2026-03-23 16:10:28,2026-05-01 22:46:00,제공,제공,제공,부착,제공,미제공,제공,가능
3160000,408,6110000,11530,사용,I,2026-01-26 09:49:03,2026-05-01 22:46:00,제공,제공,제공,부착,제공,미제공,제공,가능
3160000,409,6110000,11530,사용,U,2026-08-24 09:57:03,2026-08-25 22:27:29,제공,제공,제공,부착,제공,미제공,제공,가능
3160000,410,6110000,11530,사용,I,2026-01-26 09:53:52,2026-05-01 22:46:00,제공,제공,제공,부착,제공,미제공,제공,가능
3160000,412,6110000,11530,사용,I,2026-01-26 09:56:40,2026-05-01 22:46:00,제공,제공,제공,부착,제공,미제공,제공,가능
3160000,501,6110000,11530,사용,I,2026-01-26 09:58:18,2026-05-01 22:46:00,제공,제공,제공,부착,제공,미제공,제공,가능
3160000,502,6110000,11530,사용,I,2026-01-26 09:59:10,2026-05-01 22:46:00,제공,제공,제공,부착,제공,미제공,제공,가능
3160000,503,6110000,11530,사용,I,2026-01-26 10:00:18,2026-05-01 22:46:00,제공,제공,제공,부착,제공,미제공,제공,가능
3160000,504,6110000,11530,사용,U,2026-08-24 09:59:20,2026-08-25 22:27:29,제공,제공,제공,부착,제공,미제공,제공,가능
3160000,505,6110000,11530,사용,U,2026-07-15 08:55:37,2026-07-16 22:27:17,제공,제공,제공,부착,제공,미제공,제공,가능
3160000,506,6110000,11530,사용,I,2026-01-26 10:04:49,2026-05-01 22:46:00,제공,제공,제공,부착,제공,미제공,제공,가능
3160000,507,6110000,11530,사용,U,2026-07-13 17:30:27,2026-07-14 22:27:16,제공,제공,제공,부착,제공,미제공,제공,가능
3160000,508,6110000,11530,사용,I,2026-01-26 10:07:03,2026-05-01 22:46:00,제공,제공,제공,부착,제공,미제공,제공,가능
3160000,510,6110000,11530,사용,I,2026-01-26 10:10:36,2026-05-01 22:46:00,제공,제공,제공,부착,제공,미제공,제공,가능
3160000,511,6110000,11530,사용,I,2026-01-26 10:12:07,2026-05-01 22:46:00,제공,제공,제공,부착,제공,미제공,제공,가능
3160000,512,6110000,11530,사용,I,2026-01-26 10:13:10,2026-05-01 22:46:00,제공,제공,제공,부착,제공,미제공,제공,불가능
3160000,513,6110000,11530,사용,I,2026-01-26 10:14:22,2026-05-01 22:46:00,제공,제공,제공,부착,제공,미제공,제공,불가능
3160000,514,6110000,11530,사용,U,2026-08-24 09:42:53,2026-08-25 22:27:29,제공,제공,제공,부착,제공,미제공,제공,불가능
3160000,515,6110000,11530,사용,U,2026-07-13 14:05:45,2026-07-14 22:27:16,제공,제공,제공,부착,제공,미제공,제공,불가능
3160000,516,6110000,11530,사용,I,2026-01-26 10:17:19,2026-05-01 22:46:00,제공,제공,제공,부착,제공,미제공,제공,불가능
3160000,517,6110000,11560,사용,I,2026-01-26 10:18:21,2026-05-01 22:46:00,제공,제공,제공,부착,제공,미제공,제공,가능
3160000,518,6110000,11530,사용,I,2026-01-26 10:19:18,2026-05-01 22:46:00,제공,제공,제공,부착,제공,미제공,제공,가능
3160000,519,6110000,11530,사용,U,2026-08-24 10:04:48,2026-08-25 22:27:29,제공,제공,제공,부착,제공,미제공,제공,가능
3160000,521,6110000,11530,사용,I,2026-01-26 10:21:29,2026-05-01 22:46:00,제공,제공,제공,부착,제공,미제공,제공,불가능
3160000,522,6110000,11530,사용,U,2026-08-24 09:28:52,2026-08-25 22:27:29,제공,제공,제공,부착,제공,미제공,제공,가능
3170000,401,6110000,11545,사용,U,2026-08-21 15:38:48,2026-08-22 22:27:25,제공,제공,제공,부착,제공,제공,제공,가능
3170000,503,6110000,11545,사용,U,2026-08-21 15:27:58,2026-08-22 22:27:25,제공,제공,제공,부착,제공,제공,제공,가능
3170000,504,6110000,11545,사용,U,2026-08-19 17:30:44,2026-08-20 22:27:25,제공,제공,제공,부착,제공,제공,제공,가능
3170000,505,6110000,11545,사용,U,2026-08-19 17:30:08,2026-08-20 22:27:25,제공,제공,제공,부착,제공,제공,제공,가능
3170000,506,6110000,11545,사용,U,2026-08-19 17:53:28,2026-08-20 22:27:25,제공,제공,제공,부착,제공,제공,제공,가능
3170000,507,6110000,11545,사용,U,2026-08-24 09:57:16,2026-08-25 22:27:25,제공,제공,제공,부착,제공,제공,제공,가능
3170000,511,6110000,11545,사용,U,2026-08-19 17:31:55,2026-08-20 22:27:25,제공,제공,제공,부착,제공,제공,제공,가능
3170000,512,6110000,11545,사용,I,2026-01-28 10:12:21,2026-04-28 22:33:04,제공,제공,제공,부착,제공,미제공,제공,가능
3170000,513,6110000,11545,사용,U,2026-08-21 09:38:08,2026-08-22 22:27:25,제공,제공,제공,부착,제공,제공,제공,가능
3170000,514,6110000,11545,사용,U,2026-08-24 17:01:05,2026-08-25 22:27:25,제공,제공,제공,부착,제공,미제공,제공,가능
3170000,515,6110000,11545,사용,I,2026-02-25 20:44:17,2026-04-28 22:33:04,제공,제공,제공,부착,제공,미제공,제공,가능
3170000,516,6110000,11545,사용,I,2026-01-27 16:20:55,2026-04-28 22:33:04,제공,제공,제공,부착,제공,미제공,제공,가능
3170000,517,6110000,11545,사용,U,2026-08-25 12:53:22,2026-08-26 22:27:25,제공,제공,제공,부착,제공,미제공,제공,가능
3170000,518,6110000,11545,사용,I,2026-01-27 11:13:28,2026-04-28 22:33:04,제공,제공,제공,부착,제공,미제공,제공,가능
3170000,519,6110000,11545,사용,U,2026-08-13 15:55:55,2026-08-14 22:27:25,제공,제공,제공,부착,제공,제공,제공,가능
3170000,520,6110000,11545,사용,U,2026-08-28 09:33:47,2026-08-29 22:27:25,제공,제공,제공,부착,제공,제공,제공,가능
3170000,521,6110000,11545,사용,I,2026-01-27 11:19:37,2026-04-28 22:33:04,제공,제공,제공,부착,제공,미제공,제공,가능
3170000,522,6110000,11545,사용,I,2026-01-27 14:41:07,2026-04-28 22:33:04,제공,제공,제공,부착,제공,미제공,제공,가능
3170000,524,6110000,11545,사용,U,2026-08-21 15:31:52,2026-08-22 22:27:25,제공,제공,제공,부착,제공,제공,제공,가능
3170000,525,6110000,11545,사용,I,2026-02-25 20:47:39,2026-04-28 22:33:04,제공,제공,제공,부착,제공,미제공,제공,가능
3170000,526,6110000,11545,사용,U,2026-09-14 16:50:20,2026-09-15 22:27:25,제공,제공,제공,부착,제공,미제공,제공,가능
3170000,527,6110000,11545,사용,U,2026-08-21 15:32:33,2026-08-22 22:27:25,제공,제공,제공,부착,제공,제공,제공,가능
3180000,301,6110000,11560,사용,I,2026-01-23 10:07:24,2026-04-30 22:36:11,제공,제공,제공,부착,제공,제공,제공,가능
3180000,302,6110000,11560,사용,I,2026-01-23 10:09:47,2026-04-30 22:36:11,제공,제공,제공,부착,제공,제공,제공,가능
3180000,303,6110000,11560,사용,I,2026-01-23 10:11:11,2026-04-30 22:36:11,제공,제공,제공,부착,제공,제공,제공,가능
3180000,401,6110000,11560,사용,I,2026-01-23 10:12:38,2026-04-30 22:36:11,제공,제공,제공,부착,제공,제공,제공,가능
3180000,403,6110000,11560,사용,I,2026-01-23 10:15:23,2026-04-30 22:36:11,제공,제공,제공,부착,제공,제공,제공,가능
3180000,404,6110000,11560,사용,I,2026-01-23 10:18:07,2026-04-30 22:36:11,제공,제공,제공,부착,제공,제공,제공,가능
3180000,407,6110000,11560,사용,I,2026-01-23 10:20:15,2026-04-30 22:36:11,제공,제공,제공,부착,제공,제공,제공,가능
3180000,408,6110000,11560,사용,I,2026-01-23 10:21:38,2026-04-30 22:36:11,제공,제공,제공,부착,제공,제공,제공,가능
3180000,409,6110000,11560,사용,I,2026-01-23 10:24:37,2026-04-30 22:36:11,제공,제공,제공,부착,제공,제공,제공,가능
3180000,410,6110000,11560,사용,I,2026-01-23 10:25:09,2026-04-30 22:36:11,제공,제공,제공,부착,제공,제공,제공,가능
3180000,411,6110000,11560,사용,I,2026-01-23 10:25:52,2026-04-30 22:36:11,제공,제공,제공,부착,제공,제공,제공,가능
3180000,412,6110000,11560,사용,I,2026-01-23 10:26:21,2026-04-30 22:36:11,제공,제공,제공,부착,제공,제공,제공,가능
3180000,413,6110000,11560,사용,I,2026-01-23 10:27:57,2026-04-30 22:36:11,제공,제공,제공,부착,제공,제공,제공,가능
3180000,414,6110000,11560,사용,I,2026-01-23 10:29:17,2026-04-30 22:36:11,제공,제공,제공,부착,제공,미제공,제공,가능
3180000,415,6110000,11560,사용,I,2026-01-23 10:29:46,2026-04-30 22:36:11,제공,제공,제공,부착,제공,미제공,제공,가능
3180000,416,6110000,11560,사용,I,2026-01-23 10:30:05,2026-04-30 22:36:11,제공,제공,제공,부착,제공,미제공,제공,가능
3180000,417,6110000,11560,사용,I,2026-01-23 10:30:26,2026-04-30 22:36:11,제공,제공,제공,부착,제공,제공,제공,가능
3180000,501,6110000,11560,사용,I,2026-01-23 10:31:28,2026-04-30 22:36:11,제공,제공,제공,부착,제공,제공,제공,가능
3180000,502,6110000,11560,사용,I,2026-01-23 11:13:30,2026-04-30 22:36:11,제공,제공,제공,부착,제공,제공,제공,가능
3180000,511,6110000,11560,사용,I,2026-01-23 11:13:52,2026-04-30 22:36:11,제공,제공,제공,부착,제공,제공,제공,가능
3180000,512,6110000,11560,사용,I,2026-01-23 11:14:12,2026-04-30 22:36:11,제공,제공,제공,부착,제공,제공,제공,가능
3180000,513,6110000,11560,사용,I,2026-01-23 11:14:38,2026-04-30 22:36:11,제공,제공,제공,부착,제공,제공,제공,가능
3180000,514,6110000,11560,사용,I,2026-01-23 11:15:10,2026-04-30 22:36:11,제공,제공,제공,부착,제공,제공,제공,가능
3180000,515,6110000,11560,사용,I,2026-01-23 11:15:51,2026-04-30 22:36:11,제공,제공,제공,부착,제공,제공,제공,가능
3180000,517,6110000,11560,사용,I,2026-01-23 11:16:16,2026-04-30 22:36:11,제공,제공,제공,부착,제공,제공,제공,가능
3180000,518,6110000,11560,사용,I,2026-01-23 11:16:34,2026-04-30 22:36:11,제공,제공,제공,부착,제공,제공,제공,가능
3180000,519,6110000,11560,사용,I,2026-01-23 11:16:54,2026-04-30 22:36:11,제공,제공,제공,부착,제공,제공,제공,가능
3180000,520,6110000,11560,사용,I,2026-01-23 11:17:18,2026-04-30 22:36:11,제공,제공,제공,부착,제공,제공,제공,가능
3180000,522,6110000,11560,사용,I,2026-01-23 11:17:46,2026-04-30 22:36:11,제공,제공,제공,부착,제공,제공,제공,가능
3180000,523,6110000,11560,사용,I,2026-01-23 11:18:01,2026-04-30 22:36:11,제공,제공,제공,부착,제공,제공,제공,가능
3180000,524,6110000,11560,사용,I,2026-01-23 11:18:21,2026-04-30 22:36:11,제공,제공,제공,부착,제공,제공,제공,가능
3180000,525,6110000,11560,사용,I,2026-01-23 11:18:45,2026-04-30 22:36:11,제공,제공,제공,부착,제공,미제공,제공,가능
3180000,526,6110000,11560,사용,I,2026-01-23 11:19:26,2026-04-30 22:36:11,제공,제공,제공,부착,제공,제공,제공,가능
3180000,527,6110000,11560,사용,I,2026-01-23 11:19:41,2026-04-30 22:36:11,제공,제공,제공,부착,제공,제공,제공,가능
3180000,528,6110000,11560,사용,I,2026-01-23 11:19:58,2026-04-30 22:36:11,제공,제공,제공,부착,제공,제공,제공,가능
3180000,529,6110000,11560,사용,I,2026-01-23 11:20:15,2026-04-30 22:36:11,제공,제공,제공,부착,제공,제공,제공,가능
3180000,530,6110000,11560,사용,I,2026-01-23 11:21:05,2026-04-30 22:36:11,제공,제공,제공,부착,제공,제공,제공,가능
3180000,531,6110000,11560,사용,I,2026-01-23 11:21:31,2026-04-30 22:36:11,제공,제공,제공,부착,제공,제공,제공,가능
3180000,532,6110000,11560,사용,I,2026-01-23 11:21:48,2026-04-30 22:36:11,제공,제공,제공,부착,제공,제공,제공,가능
3180000,533,6110000,11560,사용,I,2026-01-23 11:22:08,2026-04-30 22:36:11,제공,제공,제공,부착,제공,제공,제공,가능
3180000,534,6110000,11560,사용,I,2026-01-23 11:22:23,2026-04-30 22:36:11,제공,제공,제공,부착,제공,미제공,제공,가능
3180000,535,6110000,11560,사용,I,2026-01-23 11:22:39,2026-04-30 22:36:11,제공,제공,제공,부착,제공,미제공,제공,가능
3180000,536,6110000,11560,사용,I,2026-01-23 11:22:52,2026-04-30 22:36:11,제공,제공,제공,부착,제공,미제공,제공,가능
3180000,537,6110000,11560,사용,I,2026-01-23 11:23:09,2026-04-30 22:36:11,제공,제공,제공,부착,제공,미제공,제공,가능
3190000,101,6110000,11590,사용,I,2026-01-27 17:26:21,2026-05-08 22:40:56,제공,제공,제공,부착,제공,제공,제공,가능
3190000,102,6110000,11590,사용,I,2026-01-27 11:30:05,2026-05-08 22:40:56,제공,제공,제공,부착,제공,미제공,제공,가능
3190000,103,6110000,11590,사용,U,2026-07-31 16:05:30,2026-08-01 22:27:25,제공,제공,제공,부착,제공,제공,제공,가능
3190000,104,6110000,11590,사용,U,2026-07-31 16:05:48,2026-08-01 22:27:25,제공,제공,제공,부착,제공,미제공,제공,가능
3190000,105,6110000,11590,사용,I,2026-01-27 11:30:59,2026-05-08 22:40:56,제공,제공,제공,부착,제공,미제공,제공,가능
3190000,106,6110000,11590,사용,I,2026-01-27 11:31:09,2026-05-08 22:40:56,제공,제공,제공,부착,제공,미제공,제공,가능
3190000,107,6110000,11590,사용,I,2026-01-27 11:31:18,2026-05-08 22:40:56,제공,제공,제공,부착,제공,미제공,제공,가능
3190000,108,6110000,11590,사용,U,2026-07-23 10:14:52,2026-07-24 22:27:25,제공,제공,제공,부착,제공,미제공,제공,가능
3190000,109,6110000,11590,사용,I,2026-01-27 11:32:56,2026-05-08 22:40:56,제공,제공,제공,부착,제공,미제공,제공,가능
3190000,110,6110000,11590,사용,U,2026-09-02 13:21:24,2026-09-03 22:27:25,제공,제공,제공,부착,제공,미제공,제공,가능
3190000,111,6110000,11590,사용,I,2026-01-27 11:33:12,2026-05-08 22:40:56,제공,제공,제공,부착,제공,미제공,제공,가능
3190000,112,6110000,11590,사용,I,2026-01-27 11:33:22,2026-05-08 22:40:56,제공,제공,제공,부착,제공,미제공,제공,가능
3190000,401,6110000,11590,사용,U,2026-09-02 13:21:24,2026-09-03 22:27:25,제공,제공,제공,부착,제공,제공,제공,가능
3190000,402,6110000,11590,사용,U,2026-09-03 09:51:31,2026-09-04 22:27:25,제공,제공,제공,부착,제공,제공,제공,가능
3190000,403,6110000,11590,사용,I,2026-01-27 17:27:42,2026-05-08 22:40:56,제공,제공,제공,부착,제공,제공,제공,가능
3190000,404,6110000,11590,사용,I,2026-01-27 11:33:33,2026-05-08 22:40:56,제공,제공,제공,부착,제공,미제공,제공,가능
3190000,405,6110000,11590,사용,I,2026-01-27 11:33:41,2026-05-08 22:40:56,제공,제공,제공,부착,제공,미제공,제공,가능
3190000,406,6110000,11590,사용,I,2026-01-27 11:33:55,2026-05-08 22:40:56,제공,제공,제공,부착,제공,미제공,제공,가능
3190000,407,6110000,11560,사용,U,2026-09-02 13:21:24,2026-09-03 22:27:25,제공,제공,제공,부착,제공,제공,제공,가능
3190000,408,6110000,11590,사용,U,2026-09-03 09:50:57,2026-09-04 22:27:25,제공,제공,제공,부착,제공,제공,제공,가능
3190000,409,6110000,11590,사용,U,2026-09-14 19:46:50,2026-09-15 22:27:25,제공,제공,제공,부착,제공,미제공,제공,가능
3190000,410,6110000,11590,사용,U,2026-09-03 17:36:24,2026-09-04 22:27:25,제공,제공,제공,부착,제공,미제공,제공,가능
3190000,411,6110000,11590,사용,I,2026-01-27 17:22:47,2026-05-08 22:40:56,제공,제공,제공,부착,제공,제공,제공,가능
3200000,401,6110000,11620,사용,U,2026-07-01 15:40:02,2026-07-02 22:27:25,제공,제공,제공,부착,제공,제공,제공,가능
3200000,403,6110000,11620,사용,U,2026-07-01 15:40:02,2026-07-02 22:27:25,제공,제공,제공,부착,제공,제공,제공,가능
3200000,404,6110000,11620,사용,U,2026-07-01 15:40:02,2026-07-02 22:27:25,제공,제공,제공,부착,제공,미제공,제공,가능
3200000,405,6110000,11620,사용,U,2026-07-01 15:40:02,2026-07-02 22:27:25,제공,제공,제공,부착,제공,미제공,제공,가능
3200000,410,6110000,11620,사용,U,2026-09-01 09:46:37,2026-09-02 22:27:25,제공,제공,제공,부착,제공,미제공,제공,가능
3200000,412,6110000,11620,사용,U,2026-07-01 15:40:02,2026-07-02 22:27:25,제공,제공,제공,부착,제공,제공,제공,가능
3200000,413,6110000,11620,사용,U,2026-07-01 15:40:02,2026-07-02 22:27:25,제공,제공,제공,부착,제공,제공,제공,가능
3200000,416,6110000,11620,사용,U,2026-07-01 15:40:02,2026-07-02 22:27:25,제공,제공,제공,부착,제공,제공,제공,가능
3200000,417,6110000,11620,사용,U,2026-07-01 15:40:02,2026-07-02 22:27:25,제공,제공,제공,부착,제공,제공,제공,가능
3200000,501,6110000,11620,사용,I,2026-01-29 09:37:41,2026-04-29 22:38:13,제공,제공,제공,부착,제공,제공,제공,가능
3200000,502,6110000,11620,사용,I,2026-01-29 09:37:52,2026-04-29 22:38:13,제공,제공,제공,부착,제공,제공,제공,가능
3200000,503,6110000,11620,사용,U,2026-07-06 12:37:49,2026-07-07 22:27:25,제공,제공,제공,부착,제공,제공,제공,가능
3200000,504,6110000,11620,사용,U,2026-09-14 14:36:28,2026-09-15 22:27:25,제공,제공,제공,부착,제공,제공,제공,가능
3200000,505,6110000,11620,사용,I,2026-01-29 09:38:25,2026-04-29 22:38:14,제공,제공,제공,부착,제공,제공,제공,가능
3200000,506,6110000,11620,사용,I,2026-01-29 13:25:06,2026-04-29 22:38:14,제공,제공,제공,부착,제공,제공,제공,가능
3200000,507,6110000,11620,사용,I,2026-01-29 09:38:48,2026-04-29 22:38:14,제공,제공,제공,부착,제공,제공,제공,가능
3200000,508,6110000,11620,사용,I,2026-01-29 09:38:58,2026-04-29 22:38:14,제공,제공,제공,부착,제공,제공,제공,가능
3200000,509,6110000,11620,사용,U,2026-08-05 12:51:35,2026-08-06 22:27:25,제공,제공,제공,부착,제공,미제공,제공,가능
3200000,510,6110000,11620,사용,I,2026-01-29 09:57:45,2026-04-29 22:38:14,제공,제공,제공,부착,제공,미제공,제공,가능
3200000,511,6110000,11620,사용,U,2026-07-01 09:39:56,2026-07-02 22:27:26,제공,제공,제공,부착,제공,미제공,제공,가능
3200000,512,6110000,11620,사용,U,2026-07-28 10:49:24,2026-07-29 22:27:25,제공,제공,제공,부착,제공,미제공,제공,가능
3200000,513,6110000,11620,사용,I,2026-01-29 09:59:02,2026-04-29 22:38:14,제공,제공,제공,부착,제공,제공,제공,가능
3200000,514,6110000,11620,사용,U,2026-07-01 09:41:55,2026-07-02 22:27:26,제공,제공,제공,부착,제공,미제공,제공,가능
3200000,515,6110000,11620,사용,I,2026-01-29 09:48:49,2026-04-29 22:38:14,제공,제공,제공,부착,제공,미제공,제공,가능
3200000,516,6110000,11620,사용,I,2026-01-29 09:48:39,2026-04-29 22:38:14,제공,제공,제공,부착,제공,미제공,제공,가능
3200000,517,6110000,11620,사용,I,2026-01-29 09:59:53,2026-04-29 22:38:15,제공,제공,제공,부착,제공,미제공,제공,가능
3200000,518,6110000,11620,사용,U,2026-07-01 10:27:52,2026-07-02 22:27:26,제공,제공,제공,부착,제공,미제공,제공,가능
3200000,519,6110000,11620,사용,I,2026-01-29 10:00:25,2026-04-29 22:38:15,제공,제공,제공,부착,제공,제공,제공,가능
3200000,520,6110000,11620,사용,I,2026-01-29 10:00:08,2026-04-29 22:38:15,제공,제공,제공,부착,제공,미제공,제공,가능
3200000,521,6110000,11620,사용,U,2026-07-21 14:05:53,2026-07-22 22:27:25,제공,제공,제공,부착,제공,미제공,제공,가능
3200000,522,6110000,11620,사용,U,2026-09-01 09:45:56,2026-09-02 22:27:25,제공,제공,제공,부착,제공,미제공,제공,가능
3210000,401,6110000,11650,사용,I,2026-01-26 18:34:50,2026-04-30 22:37:02,제공,제공,제공,부착,제공,미제공,제공,가능
3210000,402,6110000,11650,사용,U,2026-09-21 16:12:03,2026-09-22 22:27:25,제공,제공,제공,부착,제공,미제공,제공,가능
3210000,403,6110000,11650,사용,U,2026-07-02 20:49:37,2026-07-03 22:27:25,제공,제공,제공,부착,제공,미제공,제공,가능
3210000,406,6110000,11650,사용,U,2026-08-04 14:02:13,2026-08-05 22:27:25,제공,제공,제공,부착,제공,미제공,제공,가능
3210000,407,6110000,11650,사용,U,2026-07-21 14:23:58,2026-07-22 22:27:25,제공,제공,제공,부착,제공,미제공,제공,가능
3210000,408,6110000,11650,사용,I,2026-01-26 18:36:45,2026-04-30 22:37:03,제공,제공,제공,부착,제공,미제공,제공,가능
3210000,409,6110000,11650,사용,U,2026-09-08 14:44:02,2026-09-09 22:27:25,제공,제공,제공,부착,제공,미제공,제공,가능
3210000,410,6110000,11650,사용,I,2026-01-26 18:37:15,2026-04-30 22:37:03,제공,제공,제공,부착,제공,미제공,제공,가능
3210000,411,6110000,11650,사용,U,2026-09-23 16:40:22,2026-09-24 22:27:25,제공,제공,제공,부착,제공,미제공,제공,가능
3210000,412,6110000,11650,사용,I,2026-03-11 15:54:02,2026-04-30 22:37:03,제공,제공,제공,부착,제공,미제공,제공,가능
3210000,413,6110000,11650,사용,U,2026-07-20 16:45:42,2026-07-21 22:27:25,제공,제공,제공,부착,제공,미제공,제공,가능
3210000,414,6110000,11650,사용,I,2026-02-10 18:15:20,2026-04-30 22:37:03,제공,제공,제공,부착,제공,미제공,제공,가능
3210000,415,6110000,11650,사용,I,2026-01-26 18:38:43,2026-04-30 22:37:03,제공,제공,제공,부착,제공,미제공,제공,가능
3210000,503,6110000,11650,사용,U,2026-09-29 11:40:12,2026-09-30 22:27:25,제공,제공,제공,부착,제공,미제공,제공,가능
3210000,504,6110000,11650,사용,U,2026-09-29 11:40:12,2026-09-30 22:27:25,제공,제공,제공,부착,제공,미제공,제공,불가능
3210000,505,6110000,11650,사용,U,2026-09-23 16:28:55,2026-09-24 22:27:25,제공,제공,제공,부착,제공,미제공,제공,가능
3210000,506,6110000,11650,사용,I,2026-02-09 10:30:27,2026-04-30 22:37:04,제공,제공,제공,부착,제공,미제공,제공,불가능
3210000,507,6110000,11650,사용,U,2026-04-30 17:01:04,2026-05-01 03:03:03,제공,제공,제공,부착,제공,미제공,제공,가능
3210000,509,6110000,11650,사용,U,2026-06-15 16:54:25,2026-06-16 22:27:25,제공,제공,제공,부착,제공,미제공,제공,가능
3210000,510,6110000,11650,사용,U,2026-09-23 16:59:55,2026-09-24 22:27:25,제공,제공,제공,부착,제공,미제공,제공,가능
3210000,511,6110000,11650,사용,I,2026-01-26 18:43:27,2026-04-30 22:37:04,제공,제공,제공,부착,제공,미제공,제공,가능
3210000,512,6110000,11650,사용,I,2026-01-26 18:44:14,2026-04-30 22:37:04,제공,제공,제공,부착,제공,미제공,제공,가능
3210000,513,6110000,11650,사용,I,2026-01-28 16:49:01,2026-04-30 22:37:04,제공,제공,제공,부착,제공,미제공,제공,가능
3210000,514,6110000,11650,사용,I,2026-01-26 18:44:53,2026-04-30 22:37:04,제공,제공,제공,부착,제공,미제공,제공,불가능
3210000,515,6110000,11650,사용,U,2026-09-08 14:44:50,2026-09-09 22:27:25,제공,제공,제공,부착,제공,미제공,제공,가능
3210000,516,6110000,11650,사용,I,2026-01-26 18:45:50,2026-04-30 22:37:04,제공,제공,제공,부착,제공,미제공,제공,불가능
3210000,517,6110000,11650,사용,I,2026-01-26 18:46:20,2026-04-30 22:37:04,제공,제공,제공,부착,제공,미제공,제공,불가능
3210000,518,6110000,11650,사용,I,2026-01-26 18:46:42,2026-04-30 22:37:04,제공,제공,제공,부착,제공,미제공,제공,가능
3210000,519,6110000,11650,사용,I,2026-01-26 18:47:01,2026-04-30 22:37:04,제공,제공,제공,부착,제공,미제공,제공,가능
3210000,520,6110000,11650,사용,I,2026-01-26 18:47:15,2026-04-30 22:37:04,제공,제공,제공,부착,제공,미제공,제공,가능
3210000,521,6110000,11650,사용,I,2026-03-11 15:56:02,2026-04-30 22:37:04,제공,제공,제공,부착,제공,미제공,제공,가능
3210000,522,6110000,11650,사용,I,2026-01-26 18:49:20,2026-04-30 22:37:04,제공,제공,제공,부착,제공,미제공,제공,가능
3210000,523,6110000,11650,사용,U,2026-04-30 17:06:45,2026-05-01 03:03:03,제공,제공,제공,부착,제공,미제공,제공,가능
3210000,524,6110000,11650,사용,U,2026-09-23 16:49:26,2026-09-24 22:27:25,제공,제공,제공,부착,제공,미제공,제공,가능
3220000,101,6110000,11680,사용,U,2026-08-03 09:30:51,2026-08-04 22:27:25,제공,제공,제공,부착,제공,제공,제공,가능
3220000,103,6110000,11680,사용,I,2026-01-27 16:40:00,2026-01-28 22:27:25,제공,제공,제공,부착,제공,제공,제공,가능
3220000,107,6110000,11680,사용,U,2026-08-03 09:30:51,2026-08-04 22:27:25,제공,제공,제공,부착,제공,제공,제공,가능
3220000,112,6110000,11680,사용,U,2026-08-03 09:30:35,2026-08-04 22:27:25,제공,제공,제공,부착,제공,제공,제공,가능
3220000,115,6110000,11680,사용,I,2026-01-27 16:40:07,2026-01-28 22:27:25,제공,제공,제공,부착,제공,제공,제공,가능
3220000,116,6110000,11680,사용,U,2026-08-03 10:17:31,2026-08-04 22:27:25,제공,제공,제공,부착,제공,제공,제공,가능
3220000,117,6110000,11680,사용,U,2026-08-03 10:22:40,2026-08-04 22:27:25,제공,제공,제공,부착,제공,제공,제공,가능
3220000,118,6110000,11680,사용,I,2026-03-09 10:45:49,2026-03-11 02:05:48,제공,제공,제공,부착,제공,제공,제공,가능
3220000,125,6110000,11680,사용,U,2026-08-03 09:30:35,2026-08-04 22:27:25,제공,제공,제공,부착,제공,제공,제공,가능
3220000,127,6110000,11680,사용,U,2026-08-03 16:06:07,2026-08-04 22:27:25,제공,제공,제공,부착,제공,제공,제공,가능
3220000,133,6110000,11680,사용,I,2026-03-09 10:45:49,2026-03-11 02:05:48,제공,제공,제공,부착,제공,제공,제공,가능
3220000,134,6110000,11680,사용,U,2026-08-03 09:30:35,2026-08-04 22:27:25,제공,제공,제공,부착,제공,제공,제공,가능
3220000,137,6110000,11680,사용,U,2026-08-03 10:22:40,2026-08-04 22:27:25,제공,제공,제공,부착,제공,제공,제공,가능
3220000,138,6110000,11680,사용,I,2026-03-09 10:45:49,2026-03-11 02:05:48,제공,제공,제공,부착,제공,제공,제공,가능
3220000,143,6110000,11680,사용,U,2026-08-03 10:17:31,2026-08-04 22:27:25,제공,제공,제공,부착,제공,제공,제공,가능
3220000,148,6110000,11680,사용,U,2026-08-03 09:30:35,2026-08-04 22:27:25,제공,제공,제공,부착,제공,제공,제공,가능
3220000,150,6110000,11680,사용,U,2026-08-04 11:09:12,2026-08-05 22:27:25,제공,제공,제공,부착,제공,제공,제공,가능
3220000,155,6110000,11680,사용,U,2026-08-03 10:22:40,2026-08-04 22:27:25,제공,제공,제공,부착,제공,제공,제공,가능
3220000,163,6110000,11680,사용,U,2026-08-03 09:30:35,2026-08-04 22:27:25,제공,제공,제공,부착,제공,제공,제공,가능
3220000,164,6110000,11680,사용,U,2026-08-03 09:30:35,2026-08-04 22:27:25,제공,제공,제공,부착,제공,제공,제공,가능
3220000,169,6110000,11680,사용,U,2026-08-03 09:30:35,2026-08-04 22:27:25,제공,제공,제공,부착,제공,제공,제공,가능
3220000,173,6110000,11680,사용,U,2026-08-03 10:22:40,2026-08-04 22:27:25,제공,제공,제공,부착,제공,제공,제공,가능
3220000,401,6110000,11680,사용,U,2026-08-03 09:30:35,2026-08-04 22:27:25,제공,제공,제공,부착,제공,제공,제공,가능
3220000,402,6110000,11680,사용,U,2026-08-03 09:30:35,2026-08-04 22:27:25,제공,제공,제공,부착,제공,제공,제공,가능
3220000,404,6110000,11680,사용,I,2026-01-27 16:40:48,2026-01-28 22:27:25,제공,제공,제공,부착,제공,미제공,제공,가능
3220000,405,6110000,11680,사용,I,2026-01-27 17:07:34,2026-01-28 22:27:25,제공,제공,제공,부착,제공,제공,제공,가능
3220000,406,6110000,11680,사용,U,2026-08-03 09:30:35,2026-08-04 22:27:25,제공,제공,제공,부착,제공,제공,제공,가능
3220000,408,6110000,11680,사용,U,2026-08-07 13:32:15,2026-08-08 22:27:25,제공,제공,제공,부착,제공,제공,제공,가능
3220000,409,6110000,11680,사용,U,2026-08-03 09:30:35,2026-08-04 22:27:25,제공,제공,제공,부착,제공,제공,제공,가능
3220000,410,6110000,11680,사용,U,2026-08-03 09:30:35,2026-08-04 22:27:25,제공,제공,제공,부착,제공,제공,제공,가능
3220000,411,6110000,11680,사용,U,2026-08-03 09:30:35,2026-08-04 22:27:25,제공,제공,제공,부착,제공,제공,제공,가능
3220000,501,6110000,11680,사용,U,2026-08-03 10:13:29,2026-08-04 22:27:25,제공,제공,제공,부착,제공,미제공,제공,가능
3220000,502,6110000,11680,사용,I,2026-01-27 17:07:47,2026-01-28 22:27:25,제공,제공,제공,부착,제공,제공,제공,가능
3220000,503,6110000,11680,사용,U,2026-08-04 12:45:55,2026-08-05 22:27:25,제공,제공,제공,부착,제공,제공,제공,가능
3220000,504,6110000,11680,사용,I,2026-01-27 17:08:11,2026-01-28 22:27:25,제공,제공,제공,부착,제공,제공,제공,가능
3220000,505,6110000,11680,사용,I,2026-01-27 16:41:57,2026-01-28 22:27:25,제공,제공,제공,부착,제공,제공,제공,가능
3220000,506,6110000,11680,사용,I,2026-01-27 16:42:14,2026-01-28 22:27:25,제공,제공,제공,부착,제공,제공,제공,가능
3220000,507,6110000,11680,사용,U,2026-08-07 13:32:38,2026-08-08 22:27:25,제공,제공,제공,부착,제공,제공,제공,가능
3220000,508,6110000,11680,사용,I,2026-03-11 09:17:34,2026-03-12 22:27:28,제공,제공,제공,부착,제공,제공,제공,가능
3220000,509,6110000,11680,사용,U,2026-08-03 10:19:57,2026-08-04 22:27:25,제공,제공,제공,부착,제공,제공,제공,가능
3220000,510,6110000,11680,사용,I,2026-01-27 16:43:14,2026-01-28 22:27:25,제공,제공,제공,부착,제공,제공,제공,가능
3220000,511,6110000,11680,사용,U,2026-08-10 17:47:05,2026-08-11 22:27:25,제공,제공,제공,부착,제공,제공,제공,가능
3220000,512,6110000,11680,사용,U,2026-08-03 10:13:43,2026-08-04 22:27:25,제공,제공,제공,부착,제공,제공,제공,가능
3220000,513,6110000,11680,사용,U,2026-08-03 10:17:31,2026-08-04 22:27:25,제공,제공,제공,부착,제공,미제공,제공,가능
3220000,514,6110000,11680,사용,I,2026-01-27 17:08:27,2026-01-28 22:27:25,제공,제공,제공,부착,제공,제공,제공,가능
3220000,515,6110000,11680,사용,I,2026-01-27 16:44:36,2026-01-28 22:27:25,제공,제공,제공,부착,제공,제공,제공,가능
3220000,516,6110000,11680,사용,U,2026-08-04 11:11:11,2026-08-05 22:27:25,제공,제공,제공,부착,제공,제공,제공,가능
3220000,517,6110000,11680,사용,U,2026-08-03 09:30:35,2026-08-04 22:27:25,제공,제공,제공,부착,제공,제공,제공,가능
3220000,518,6110000,11680,사용,I,2026-01-27 16:45:04,2026-01-28 22:27:25,제공,제공,제공,부착,제공,제공,제공,가능
3220000,519,6110000,11680,사용,I,2026-01-27 17:08:53,2026-01-28 22:27:25,제공,제공,제공,부착,제공,제공,제공,가능
3220000,520,6110000,11680,사용,I,2026-01-27 17:09:08,2026-01-28 22:27:25,제공,제공,제공,부착,제공,제공,제공,가능
3220000,521,6110000,11680,사용,U,2026-08-04 12:45:55,2026-08-05 22:27:25,제공,제공,제공,부착,제공,제공,제공,가능
3220000,522,6110000,11680,사용,I,2026-01-27 16:45:15,2026-01-28 22:27:25,제공,제공,제공,부착,제공,제공,제공,가능
3220000,523,6110000,11680,사용,I,2026-01-27 17:10:52,2026-01-28 22:27:25,제공,제공,제공,부착,제공,제공,제공,가능
3220000,524,6110000,11680,사용,I,2026-03-11 09:17:45,2026-03-12 22:27:28,제공,제공,제공,부착,제공,제공,제공,가능
3220000,525,6110000,11680,사용,U,2026-08-03 10:21:57,2026-08-04 22:27:25,제공,제공,제공,부착,제공,제공,제공,가능
3220000,526,6110000,11680,사용,U,2026-08-03 09:30:35,2026-08-04 22:27:25,제공,제공,제공,부착,제공,제공,제공,가능
3230000,403,6110000,11710,사용,U,2026-07-01 09:01:37,2026-07-02 22:27:25,제공,제공,제공,부착,제공,미제공,제공,가능
3230000,404,6110000,11710,사용,U,2026-07-01 09:01:37,2026-07-02 22:27:25,제공,제공,제공,부착,제공,미제공,제공,가능
3230000,405,6110000,11710,사용,U,2026-07-01 09:01:37,2026-07-02 22:27:25,제공,제공,제공,부착,제공,미제공,제공,가능
3230000,406,6110000,11710,사용,U,2026-07-01 09:01:37,2026-07-02 22:27:25,제공,제공,제공,부착,제공,미제공,제공,가능
3230000,407,6110000,11710,사용,U,2026-07-01 09:01:37,2026-07-02 22:27:25,제공,제공,제공,부착,제공,미제공,제공,가능
3230000,408,6110000,11710,사용,U,2026-07-01 09:01:37,2026-07-02 22:27:25,제공,제공,제공,부착,제공,미제공,제공,가능
3230000,409,6110000,11710,사용,U,2026-07-01 09:01:37,2026-07-02 22:27:25,제공,제공,제공,부착,제공,미제공,제공,가능
3230000,410,6110000,11710,사용,U,2026-07-01 09:01:37,2026-07-02 22:27:25,제공,제공,제공,부착,제공,미제공,제공,가능
3230000,411,6110000,11710,사용,U,2026-07-01 09:01:37,2026-07-02 22:27:25,제공,제공,제공,부착,제공,미제공,제공,가능
3230000,412,6110000,11710,사용,U,2026-07-01 09:01:37,2026-07-02 22:27:25,제공,제공,제공,부착,제공,미제공,제공,가능
3230000,413,6110000,11710,사용,U,2026-07-01 09:01:37,2026-07-02 22:27:25,제공,제공,제공,부착,제공,미제공,제공,가능
3230000,414,6110000,11710,사용,U,2026-07-01 09:01:37,2026-07-02 22:27:25,제공,제공,제공,부착,제공,미제공,제공,가능
3230000,415,6110000,11710,사용,U,2026-07-01 09:01:37,2026-07-02 22:27:25,제공,제공,제공,부착,제공,미제공,제공,가능
3230000,501,6110000,11710,사용,U,2026-07-01 09:01:37,2026-07-02 22:27:26,제공,제공,제공,부착,제공,미제공,제공,가능
3230000,504,6110000,11710,사용,U,2026-07-01 09:01:37,2026-07-02 22:27:26,제공,제공,제공,부착,제공,미제공,제공,가능
3230000,507,6110000,11710,사용,U,2026-07-01 09:01:37,2026-07-02 22:27:26,제공,제공,제공,부착,제공,미제공,제공,가능
3230000,508,6110000,11710,사용,U,2026-08-21 16:52:19,2026-08-22 22:27:25,제공,제공,제공,부착,제공,미제공,제공,가능
3230000,513,6110000,11710,사용,U,2026-07-23 16:05:48,2026-07-24 22:27:25,제공,제공,제공,부착,제공,미제공,제공,가능
3230000,514,6110000,11710,사용,U,2026-07-01 09:01:37,2026-07-02 22:27:26,제공,제공,제공,부착,제공,미제공,제공,가능
3230000,515,6110000,11710,사용,U,2026-07-01 09:01:37,2026-07-02 22:27:26,제공,제공,제공,부착,제공,미제공,제공,가능
3230000,516,6110000,11710,사용,U,2026-07-01 09:01:37,2026-07-02 22:27:26,제공,제공,제공,부착,제공,미제공,제공,가능
3230000,517,6110000,11710,사용,U,2026-07-01 09:01:37,2026-07-02 22:27:26,제공,제공,제공,부착,제공,미제공,제공,가능
3230000,518,6110000,11710,사용,U,2026-07-01 09:01:37,2026-07-02 22:27:26,제공,제공,제공,부착,제공,미제공,제공,가능
3230000,519,6110000,11710,사용,U,2026-07-01 09:01:37,2026-07-02 22:27:26,제공,제공,제공,부착,제공,미제공,제공,가능
3230000,520,6110000,11710,사용,U,2026-07-01 09:01:37,2026-07-02 22:27:26,제공,제공,제공,부착,제공,미제공,제공,가능
3230000,521,6110000,11710,사용,U,2026-07-01 09:01:37,2026-07-02 22:27:26,제공,제공,제공,부착,제공,미제공,제공,가능
3230000,522,6110000,11710,사용,U,2026-07-01 09:01:37,2026-07-02 22:27:26,제공,제공,제공,부착,제공,미제공,제공,가능
3230000,523,6110000,11710,사용,U,2026-07-01 09:01:37,2026-07-02 22:27:26,제공,제공,제공,부착,제공,미제공,제공,가능
3240000,201,6110000,11740,사용,U,2026-07-20 09:47:13,2026-07-21 22:29:30,제공,제공,제공,부착,제공,제공,제공,가능
3240000,202,6110000,11740,사용,U,2026-07-01 09:11:46,2026-07-02 22:27:59,제공,제공,제공,부착,제공,제공,제공,가능
3240000,203,6110000,11740,사용,U,2026-07-01 09:11:46,2026-07-02 22:27:59,제공,제공,제공,부착,제공,제공,제공,가능
3240000,401,6110000,11740,사용,U,2026-07-20 09:48:16,2026-07-21 22:29:30,제공,제공,제공,부착,제공,제공,제공,가능
3240000,402,6110000,11740,사용,U,2026-07-01 09:11:46,2026-07-02 22:28:00,제공,제공,제공,부착,제공,제공,제공,가능
3240000,403,6110000,11740,사용,U,2026-07-01 09:11:46,2026-07-02 22:28:00,제공,제공,제공,부착,제공,제공,제공,가능
3240000,405,6110000,11740,사용,U,2026-07-20 09:48:43,2026-07-21 22:29:30,제공,제공,제공,부착,제공,제공,제공,가능
3240000,406,6110000,11740,사용,U,2026-07-01 09:11:46,2026-07-02 22:28:00,제공,제공,제공,부착,제공,제공,제공,가능
3240000,407,6110000,11740,사용,I,2026-03-19 10:41:49,2026-03-20 22:28:13,제공,제공,제공,부착,제공,미제공,제공,가능
3240000,408,6110000,11740,사용,U,2026-07-20 09:49:00,2026-07-21 22:29:30,제공,제공,제공,부착,제공,제공,제공,가능
3240000,409,6110000,11740,사용,I,2026-01-26 13:15:57,2026-01-27 22:28:19,제공,제공,제공,부착,제공,미제공,제공,가능
3240000,410,6110000,11740,사용,I,2026-03-19 10:51:00,2026-03-20 22:28:13,제공,제공,제공,부착,제공,미제공,제공,가능
3240000,411,6110000,11740,사용,U,2026-07-01 09:11:46,2026-07-02 22:28:00,제공,제공,제공,부착,제공,제공,제공,가능
3240000,412,6110000,11740,사용,U,2026-07-01 09:11:46,2026-07-02 22:28:00,제공,제공,제공,부착,제공,제공,제공,가능
3240000,413,6110000,11740,사용,U,2026-07-01 09:11:46,2026-07-02 22:28:00,제공,제공,제공,부착,제공,제공,제공,가능
3240000,414,6110000,11740,사용,U,2026-07-01 09:11:46,2026-07-02 22:28:00,제공,제공,제공,부착,제공,제공,제공,가능
3240000,415,6110000,11740,사용,U,2026-07-19 17:08:38,2026-07-20 22:29:25,제공,제공,제공,부착,제공,미제공,제공,가능
3240000,416,6110000,11740,사용,I,2026-01-23 15:37:39,2026-01-24 22:28:04,제공,제공,제공,부착,제공,미제공,제공,가능
3240000,417,6110000,11740,사용,U,2026-07-19 17:09:17,2026-07-20 22:29:25,제공,제공,제공,부착,제공,미제공,제공,가능
3240000,418,6110000,11740,사용,I,2026-03-19 10:47:32,2026-03-20 22:28:13,제공,제공,제공,부착,제공,미제공,제공,가능
3240000,419,6110000,11740,사용,I,2026-03-19 11:15:39,2026-03-20 22:28:13,제공,제공,제공,부착,제공,미제공,제공,가능
3240000,420,6110000,11740,사용,I,2026-03-19 10:51:31,2026-03-20 22:28:13,제공,제공,제공,부착,제공,미제공,제공,가능
3240000,421,6110000,11740,사용,U,2026-07-19 17:10:05,2026-07-20 22:29:25,제공,제공,제공,부착,제공,미제공,제공,가능
3240000,422,6110000,11740,사용,I,2026-01-26 13:13:28,2026-01-27 22:28:19,제공,제공,제공,부착,제공,제공,제공,가능
3240000,423,6110000,11740,사용,I,2026-01-26 13:13:50,2026-01-27 22:28:19,제공,제공,제공,부착,제공,제공,제공,가능
3240000,424,6110000,11740,사용,U,2026-07-01 09:11:46,2026-07-02 22:28:00,제공,제공,제공,부착,제공,제공,제공,가능
3240000,501,6110000,11740,사용,I,2026-01-23 16:22:30,2026-01-24 22:28:04,제공,제공,제공,부착,제공,미제공,제공,가능
3240000,502,6110000,11740,사용,U,2026-07-20 09:18:48,2026-07-21 22:29:30,제공,제공,제공,부착,제공,미제공,제공,가능
3240000,503,6110000,11740,사용,U,2026-07-01 09:11:46,2026-07-02 22:28:00,제공,제공,제공,부착,제공,제공,제공,가능
3240000,506,6110000,11740,사용,U,2026-07-20 09:18:14,2026-07-21 22:29:30,제공,제공,제공,부착,제공,미제공,제공,가능
3240000,507,6110000,11740,사용,U,2026-07-02 11:50:04,2026-07-03 22:28:04,제공,제공,제공,부착,제공,미제공,제공,가능
3240000,508,6110000,11740,사용,U,2026-04-15 18:12:04,2026-04-16 03:03:03,제공,제공,제공,부착,제공,미제공,제공,가능
3240000,509,6110000,11740,사용,I,2026-03-19 10:50:35,2026-03-20 22:28:13,제공,제공,제공,부착,제공,미제공,제공,가능
3240000,510,6110000,11740,사용,I,2026-01-23 09:21:43,2026-01-24 22:28:05,제공,제공,제공,부착,제공,미제공,제공,가능
3240000,511,6110000,11740,사용,U,2026-07-01 09:11:46,2026-07-02 22:28:00,제공,제공,제공,부착,제공,미제공,제공,가능
3250000,501,6260000,26110,사용,I,2026-01-22 09:18:54,2026-05-07 22:34:18,제공,제공,제공,부착,제공,미제공,제공,불가능
3250000,502,6260000,26110,사용,U,2026-07-01 09:03:32,2026-07-02 22:27:25,제공,제공,제공,부착,제공,미제공,제공,불가능
3250000,504,6260000,26110,사용,U,2026-07-01 09:03:32,2026-07-02 22:27:25,제공,제공,제공,부착,제공,미제공,제공,가능
3250000,505,6260000,26110,사용,U,2026-07-01 09:03:32,2026-07-02 22:27:25,제공,제공,제공,부착,제공,미제공,제공,가능
3250000,506,6260000,26110,사용,U,2026-07-01 09:03:32,2026-07-02 22:27:25,제공,제공,제공,부착,제공,미제공,제공,가능
3250000,507,6260000,26110,사용,U,2026-07-01 09:03:32,2026-07-02 22:27:25,제공,제공,제공,부착,제공,미제공,제공,가능
3250000,508,6260000,26110,사용,U,2026-07-01 09:03:32,2026-07-02 22:27:25,제공,제공,제공,부착,제공,미제공,제공,가능
3250000,509,6260000,26110,사용,U,2026-07-01 09:03:32,2026-07-02 22:27:25,제공,제공,제공,부착,제공,미제공,제공,가능
3260000,501,6260000,26140,사용,U,2026-08-27 18:01:43,2026-08-28 22:27:25,제공,제공,제공,부착,제공,미제공,제공,가능
3260000,502,6260000,26140,사용,U,2026-08-27 18:01:43,2026-08-28 22:27:25,제공,제공,제공,부착,제공,미제공,제공,가능
3260000,503,6260000,26140,사용,U,2026-08-27 18:01:43,2026-08-28 22:27:25,제공,제공,제공,부착,제공,미제공,제공,가능
3260000,504,6260000,26140,사용,U,2026-08-27 18:01:43,2026-08-28 22:27:25,제공,제공,제공,부착,제공,미제공,제공,가능
3260000,505,6260000,26140,사용,U,2026-08-27 18:01:43,2026-08-28 22:27:25,제공,제공,제공,부착,제공,미제공,제공,가능
3260000,506,6260000,26140,사용,U,2026-08-27 18:01:43,2026-08-28 22:27:25,제공,제공,제공,부착,제공,미제공,제공,가능
3260000,507,6260000,26140,사용,U,2026-08-27 18:01:43,2026-08-28 22:27:25,제공,제공,제공,부착,제공,미제공,제공,가능
3270000,501,6260000,26170,사용,U,2026-07-15 10:34:04,2026-07-16 22:27:25,제공,제공,제공,부착,제공,미제공,제공,가능
3270000,502,6260000,26170,사용,U,2026-07-15 10:35:07,2026-07-16 22:27:25,제공,제공,제공,부착,제공,미제공,제공,가능
3270000,505,6260000,26170,사용,I,2026-01-22 08:40:01,2026-05-08 22:37:23,제공,제공,제공,부착,제공,미제공,제공,가능
3270000,506,6260000,26170,사용,U,2026-07-15 10:03:30,2026-07-16 22:27:25,제공,제공,제공,부착,제공,미제공,제공,가능
3270000,507,6260000,26170,사용,U,2026-07-23 16:02:11,2026-07-24 22:27:25,제공,제공,제공,부착,제공,미제공,제공,가능
3270000,508,6260000,26170,사용,I,2026-01-22 15:20:15,2026-05-08 22:37:24,제공,제공,제공,부착,제공,미제공,제공,가능
3270000,509,6260000,26170,사용,I,2026-01-22 15:20:33,2026-05-08 22:37:24,제공,제공,제공,부착,제공,미제공,제공,가능
3270000,510,6260000,26170,사용,I,2026-01-22 08:40:50,2026-05-08 22:37:24,제공,제공,제공,부착,제공,미제공,제공,가능
3280000,502,6260000,26200,사용,I,2026-01-27 13:01:00,2026-05-01 22:40:12,제공,제공,제공,부착,제공,미제공,제공,가능
3280000,503,6260000,26200,사용,U,2026-08-10 14:14:28,2026-08-11 22:27:37,제공,제공,제공,부착,제공,미제공,제공,가능
3280000,504,6260000,26200,사용,I,2026-01-27 13:06:38,2026-05-01 22:40:12,제공,제공,제공,부착,제공,미제공,제공,가능
3280000,505,6260000,26200,사용,I,2026-01-27 13:07:26,2026-05-01 22:40:12,제공,제공,제공,부착,제공,미제공,제공,가능
3280000,507,6260000,26200,사용,I,2026-01-27 13:00:42,2026-05-01 22:40:12,제공,제공,제공,부착,제공,미제공,제공,가능
3280000,508,6260000,26200,사용,I,2026-04-02 16:42:45,2026-05-01 22:40:12,제공,제공,제공,부착,제공,미제공,제공,가능
3290000,301,6260000,26230,사용,U,2026-07-01 14:25:34,2026-07-02 22:27:25,제공,제공,제공,부착,제공,미제공,제공,가능
3290000,402,6260000,26230,사용,U,2026-07-01 14:25:34,2026-07-02 22:27:25,제공,제공,제공,부착,제공,미제공,제공,가능
3290000,406,6260000,26230,사용,U,2026-07-01 14:25:34,2026-07-02 22:27:25,제공,제공,제공,부착,제공,미제공,제공,가능
3290000,407,6260000,26230,사용,U,2026-07-01 14:25:34,2026-07-02 22:27:25,제공,제공,제공,부착,제공,미제공,제공,가능
3290000,501,6260000,26230,사용,U,2026-07-01 14:25:34,2026-07-02 22:27:25,제공,제공,제공,부착,제공,미제공,제공,가능
3290000,502,6260000,26230,사용,U,2026-07-01 14:25:34,2026-07-02 22:27:25,제공,제공,제공,부착,제공,미제공,제공,가능
3290000,503,6260000,26230,사용,U,2026-07-01 14:25:34,2026-07-02 22:27:26,제공,제공,제공,부착,제공,미제공,제공,가능
3290000,504,6260000,26230,사용,U,2026-07-01 14:25:34,2026-07-02 22:27:26,제공,제공,제공,부착,제공,미제공,제공,가능
3290000,505,6260000,26230,사용,U,2026-07-01 14:25:34,2026-07-02 22:27:26,제공,제공,제공,부착,제공,미제공,제공,가능
3290000,506,6260000,26230,사용,U,2026-07-01 14:25:34,2026-07-02 22:27:26,제공,제공,제공,부착,제공,미제공,제공,가능
3290000,507,6260000,26230,사용,U,2026-07-01 14:25:34,2026-07-02 22:27:26,제공,제공,제공,부착,제공,미제공,제공,가능
3290000,508,6260000,26230,사용,U,2026-07-01 14:25:34,2026-07-02 22:27:26,제공,제공,제공,부착,제공,미제공,제공,가능
3290000,509,6260000,26230,사용,U,2026-07-01 14:25:34,2026-07-02 22:27:26,제공,제공,제공,부착,제공,미제공,제공,가능
3290000,510,6260000,26230,사용,U,2026-07-01 14:25:34,2026-07-02 22:27:26,제공,제공,제공,부착,제공,미제공,제공,가능
3290000,511,6260000,26230,사용,U,2026-07-01 14:25:34,2026-07-02 22:27:26,제공,제공,제공,부착,제공,미제공,제공,가능
3290000,512,6260000,26230,사용,U,2026-07-01 14:25:34,2026-07-02 22:27:26,제공,제공,제공,부착,제공,미제공,제공,가능
3290000,513,6260000,26230,사용,U,2026-07-01 14:25:34,2026-07-02 22:27:26,제공,제공,제공,부착,제공,미제공,제공,가능
3290000,514,6260000,26230,사용,U,2026-07-01 14:25:34,2026-07-02 22:27:26,제공,제공,제공,부착,제공,미제공,제공,가능
3290000,515,6260000,26230,사용,U,2026-07-01 14:25:34,2026-07-02 22:27:26,제공,제공,제공,부착,제공,미제공,제공,가능
3290000,516,6260000,26230,사용,U,2026-07-01 14:25:34,2026-07-02 22:27:26,제공,제공,제공,부착,제공,미제공,제공,가능
3290000,517,6260000,26230,사용,U,2026-07-01 14:25:34,2026-07-02 22:27:26,제공,제공,제공,부착,제공,미제공,제공,가능
3290000,518,6260000,26230,사용,U,2026-07-01 14:25:34,2026-07-02 22:27:26,제공,제공,제공,부착,제공,미제공,제공,가능
3290000,519,6260000,26230,사용,U,2026-07-01 14:25:34,2026-07-02 22:27:26,제공,제공,제공,부착,제공,미제공,제공,가능
3290000,520,6260000,26230,사용,U,2026-07-01 14:25:34,2026-07-02 22:27:26,제공,제공,제공,부착,제공,미제공,제공,가능
3290000,521,6260000,26230,사용,U,2026-07-01 14:25:34,2026-07-02 22:27:26,제공,제공,제공,부착,제공,제공,제공,가능
3290000,522,6260000,26230,사용,U,2026-07-01 14:25:34,2026-07-02 22:27:26,제공,제공,제공,부착,제공,제공,제공,가능
3290000,523,6260000,26230,사용,U,2026-07-01 14:25:34,2026-07-02 22:27:27,제공,제공,제공,부착,제공,제공,제공,가능
3300000,401,6260000,26260,사용,U,2026-04-28 16:22:39,2026-04-29 03:03:03,제공,제공,제공,부착,제공,미제공,제공,가능
3300000,405,6260000,26260,사용,U,2026-09-16 15:19:40,2026-09-17 22:27:24,제공,제공,제공,부착,제공,미제공,제공,가능
3300000,406,6260000,26260,사용,I,2026-01-27 14:12:54,2026-04-29 22:34:36,제공,제공,제공,부착,제공,미제공,제공,가능
3300000,407,6260000,26260,사용,I,2026-01-27 14:13:08,2026-04-29 22:34:36,제공,제공,제공,부착,제공,미제공,제공,가능
3300000,501,6260000,26260,사용,U,2026-09-16 15:19:52,2026-09-17 22:27:24,제공,제공,제공,부착,제공,미제공,제공,가능
3300000,502,6260000,26260,사용,U,2026-09-16 15:19:59,2026-09-17 22:27:24,제공,제공,제공,부착,제공,미제공,제공,가능
3300000,503,6260000,26260,사용,U,2026-09-16 15:20:04,2026-09-17 22:27:24,제공,제공,제공,부착,제공,미제공,제공,가능
3300000,504,6260000,26260,사용,U,2026-09-16 15:20:09,2026-09-17 22:27:24,제공,제공,제공,부착,제공,미제공,제공,가능
3300000,505,6260000,26260,사용,U,2026-09-16 15:20:14,2026-09-17 22:27:24,제공,제공,제공,부착,제공,미제공,제공,가능
3300000,506,6260000,26260,사용,I,2026-01-27 14:07:07,2026-04-29 22:34:37,제공,제공,제공,부착,제공,미제공,제공,가능
3310000,401,6260000,26290,사용,I,2026-01-28 11:14:25,2026-04-27 22:30:32,제공,제공,제공,부착,제공,제공,제공,가능
3310000,402,6260000,26290,사용,I,2026-01-28 10:57:17,2026-04-27 22:30:32,제공,제공,제공,부착,제공,미제공,제공,가능
3310000,403,6260000,26290,사용,U,2026-08-26 13:42:49,2026-08-27 22:27:25,제공,제공,제공,부착,제공,미제공,제공,가능
3310000,404,6260000,26290,사용,I,2026-01-28 11:29:43,2026-04-27 22:30:32,제공,제공,제공,부착,제공,미제공,제공,가능
3310000,405,6260000,26290,사용,U,2026-08-31 15:34:57,2026-09-01 22:27:25,제공,제공,제공,부착,제공,미제공,제공,가능
3310000,406,6260000,26290,사용,I,2026-01-28 11:02:58,2026-04-27 22:30:32,제공,제공,제공,부착,제공,미제공,제공,가능
3310000,501,6260000,26290,사용,U,2026-08-31 15:33:37,2026-09-01 22:27:25,제공,제공,제공,부착,제공,미제공,제공,가능
3310000,502,6260000,26290,사용,I,2026-01-28 10:56:37,2026-04-27 22:30:32,제공,제공,제공,부착,제공,미제공,제공,가능
3310000,503,6260000,26290,사용,U,2026-08-26 13:43:05,2026-08-27 22:27:25,제공,제공,제공,부착,제공,미제공,제공,가능
3310000,504,6260000,26290,사용,U,2026-08-26 13:43:21,2026-08-27 22:27:25,제공,제공,제공,부착,제공,미제공,제공,가능
3310000,505,6260000,26290,사용,U,2026-08-26 13:43:31,2026-08-27 22:27:25,제공,제공,제공,부착,제공,미제공,제공,가능
3310000,506,6260000,26290,사용,I,2026-01-28 11:28:17,2026-04-27 22:30:32,제공,제공,제공,부착,제공,미제공,제공,가능
3310000,507,6260000,26290,사용,U,2026-08-26 13:58:18,2026-08-27 22:27:25,제공,제공,제공,부착,제공,미제공,제공,가능
3310000,508,6260000,26290,사용,U,2026-08-31 15:34:38,2026-09-01 22:27:25,제공,제공,제공,부착,제공,미제공,제공,가능
3310000,509,6260000,26290,사용,U,2026-08-26 14:02:19,2026-08-27 22:27:25,제공,제공,제공,부착,제공,미제공,제공,가능
3310000,510,6260000,26290,사용,U,2026-08-26 14:02:34,2026-08-27 22:27:25,제공,제공,제공,부착,제공,미제공,제공,가능
3310000,511,6260000,26290,사용,I,2026-01-28 11:35:17,2026-04-27 22:30:33,제공,제공,제공,부착,제공,미제공,제공,가능
3310000,512,6260000,26290,사용,U,2026-08-31 15:33:54,2026-09-01 22:27:25,제공,제공,제공,부착,제공,미제공,제공,가능
3310000,513,6260000,26290,사용,U,2026-08-26 14:02:07,2026-08-27 22:27:26,제공,제공,제공,부착,제공,미제공,제공,가능
3310000,514,6260000,26290,사용,U,2026-08-31 15:34:19,2026-09-01 22:27:25,제공,제공,제공,부착,제공,미제공,제공,가능
3310000,515,6260000,26290,사용,U,2026-08-26 13:57:49,2026-08-27 22:27:26,제공,제공,제공,부착,제공,미제공,제공,가능
3310000,516,6260000,26290,사용,U,2026-08-26 13:58:04,2026-08-27 22:27:26,제공,제공,제공,부착,제공,미제공,제공,가능
3320000,403,6260000,26320,사용,U,2026-06-16 14:33:37,2026-06-17 22:27:25,제공,제공,제공,부착,제공,미제공,제공,가능
3320000,405,6260000,26320,사용,I,2026-01-27 11:22:55,2026-05-08 22:47:14,제공,제공,제공,부착,제공,미제공,제공,가능
3320000,406,6260000,26320,사용,U,2026-06-16 14:33:18,2026-06-17 22:27:25,제공,제공,제공,부착,제공,미제공,제공,가능
3320000,408,6260000,26320,사용,I,2026-01-27 11:23:25,2026-05-08 22:47:15,제공,제공,제공,부착,제공,미제공,제공,가능
3320000,409,6260000,26320,사용,U,2026-06-16 14:31:19,2026-06-17 22:27:25,제공,제공,제공,부착,제공,미제공,제공,가능
3320000,410,6260000,26320,사용,I,2026-04-14 12:07:18,2026-05-08 22:47:15,제공,제공,제공,부착,제공,미제공,제공,가능
3320000,411,6260000,26320,사용,U,2026-08-25 10:20:52,2026-08-26 22:27:25,제공,제공,제공,부착,제공,미제공,제공,가능
3320000,412,6260000,26320,사용,I,2026-01-27 11:25:32,2026-05-08 22:47:16,제공,제공,제공,부착,제공,미제공,제공,가능
3320000,413,6260000,26320,사용,U,2026-06-16 14:31:32,2026-06-17 22:27:25,제공,제공,제공,부착,제공,미제공,제공,가능
3320000,414,6260000,26320,사용,U,2026-06-16 14:31:47,2026-06-17 22:27:25,제공,제공,제공,부착,제공,미제공,제공,가능
3320000,415,6260000,26320,사용,U,2026-06-16 14:31:55,2026-06-17 22:27:25,제공,제공,제공,부착,제공,미제공,제공,가능
3320000,416,6260000,26320,사용,I,2026-01-27 11:37:18,2026-05-08 22:47:16,제공,제공,제공,부착,제공,미제공,제공,가능
3320000,418,6260000,26320,사용,U,2026-06-16 14:32:29,2026-06-17 22:27:25,제공,제공,제공,부착,제공,미제공,제공,가능
3320000,419,6260000,26320,사용,U,2026-08-25 10:22:44,2026-08-26 22:27:25,제공,제공,제공,부착,제공,미제공,제공,가능
3320000,420,6260000,26320,사용,U,2026-08-25 10:23:06,2026-08-26 22:27:25,제공,제공,제공,부착,제공,미제공,제공,가능
3320000,421,6260000,26320,사용,U,2026-08-25 10:23:38,2026-08-26 22:27:25,제공,제공,제공,부착,제공,미제공,제공,가능
3320000,422,6260000,26320,사용,I,2026-01-27 11:28:55,2026-05-08 22:47:16,제공,제공,제공,부착,제공,미제공,제공,가능
3330000,401,6260000,26350,사용,U,2026-04-15 15:39:09,2026-04-16 03:03:03,제공,제공,제공,부착,제공,미제공,제공,가능
3330000,402,6260000,26350,사용,U,2026-04-15 15:37:37,2026-04-16 03:03:03,제공,제공,제공,부착,제공,미제공,제공,가능
3330000,403,6260000,26350,사용,I,2026-01-21 19:44:03,2026-01-22 22:27:25,제공,제공,제공,부착,제공,미제공,제공,가능
3330000,404,6260000,26350,사용,U,2026-04-15 15:38:21,2026-04-16 03:03:03,제공,제공,제공,부착,제공,미제공,제공,가능
3330000,405,6260000,26350,사용,U,2026-04-15 15:38:43,2026-04-16 03:03:03,제공,제공,제공,부착,제공,미제공,제공,가능
3330000,406,6260000,26350,사용,U,2026-04-15 15:38:59,2026-04-16 03:03:03,제공,제공,제공,부착,제공,미제공,제공,가능
3330000,408,6260000,26350,사용,U,2026-04-15 15:39:51,2026-04-16 03:03:03,제공,제공,제공,부착,제공,미제공,제공,가능
3330000,409,6260000,26350,사용,U,2026-04-15 15:40:01,2026-04-16 03:03:03,제공,제공,제공,부착,제공,미제공,제공,가능
3330000,410,6260000,26350,사용,U,2026-04-15 15:40:10,2026-04-16 03:03:03,제공,제공,제공,부착,제공,미제공,제공,가능
3330000,411,6260000,26350,사용,U,2026-04-15 15:40:22,2026-04-16 03:03:03,제공,제공,제공,부착,제공,미제공,제공,가능
3330000,412,6260000,26350,사용,U,2026-04-15 15:40:33,2026-04-16 03:03:03,제공,제공,제공,부착,제공,미제공,제공,가능
3330000,413,6260000,26350,사용,U,2026-04-15 15:40:44,2026-04-16 03:03:03,제공,제공,제공,부착,제공,미제공,제공,가능
3330000,417,6260000,26350,사용,U,2026-04-15 15:40:55,2026-04-16 03:03:03,제공,제공,제공,부착,제공,미제공,제공,가능
3330000,501,6260000,26350,사용,U,2026-04-15 15:41:13,2026-04-16 03:03:03,제공,제공,제공,부착,제공,미제공,제공,가능
3330000,502,6260000,26350,사용,U,2026-04-15 15:41:32,2026-04-16 03:03:03,제공,제공,제공,부착,제공,미제공,제공,가능
3330000,503,6260000,26350,사용,U,2026-04-15 15:41:41,2026-04-16 03:03:03,제공,제공,제공,부착,제공,미제공,제공,가능
3330000,504,6260000,26350,사용,U,2026-04-15 15:41:50,2026-04-16 03:03:03,제공,제공,제공,부착,제공,미제공,제공,가능
3330000,505,6260000,26350,사용,U,2026-04-15 15:41:59,2026-04-16 03:03:03,제공,제공,제공,부착,제공,미제공,제공,가능
3330000,507,6260000,26350,사용,U,2026-04-15 15:42:07,2026-04-16 03:03:03,제공,제공,제공,부착,제공,미제공,제공,가능
3330000,508,6260000,26350,사용,U,2026-04-15 15:42:16,2026-04-16 03:03:03,제공,제공,제공,부착,제공,미제공,제공,가능
3330000,509,6260000,26350,사용,U,2026-04-15 15:42:24,2026-04-16 03:03:03,제공,제공,제공,부착,제공,미제공,제공,가능
3330000,510,6260000,26350,사용,U,2026-04-15 15:42:37,2026-04-16 03:03:03,제공,제공,제공,부착,제공,미제공,제공,가능
3330000,511,6260000,26350,사용,U,2026-04-15 15:42:48,2026-04-16 03:03:03,제공,제공,제공,부착,제공,미제공,제공,가능
3330000,512,6260000,26350,사용,U,2026-04-15 15:43:00,2026-04-16 03:03:03,제공,제공,제공,부착,제공,미제공,제공,가능
3340000,403,6260000,26380,사용,U,2026-08-27 09:33:50,2026-08-28 22:27:25,제공,제공,제공,부착,제공,미제공,제공,가능
3340000,404,6260000,26380,사용,U,2026-08-27 09:30:42,2026-08-28 22:27:25,제공,제공,제공,부착,제공,미제공,제공,가능
3340000,405,6260000,26380,사용,U,2026-08-27 09:30:28,2026-08-28 22:27:25,제공,제공,제공,부착,제공,미제공,제공,가능
3340000,501,6260000,26380,사용,U,2026-08-27 09:32:11,2026-08-28 22:27:25,제공,제공,제공,부착,제공,미제공,제공,가능
3340000,502,6260000,26380,사용,U,2026-08-27 09:30:17,2026-08-28 22:27:25,제공,제공,제공,부착,제공,미제공,제공,가능
3340000,503,6260000,26380,사용,U,2026-08-27 09:27:38,2026-08-28 22:27:25,제공,제공,제공,부착,제공,미제공,제공,가능
3340000,504,6260000,26380,사용,U,2026-08-27 09:27:47,2026-08-28 22:27:25,제공,제공,제공,부착,제공,미제공,제공,가능
3340000,505,6260000,26380,사용,U,2026-08-27 09:27:54,2026-08-28 22:27:25,제공,제공,제공,부착,제공,미제공,제공,가능
3340000,507,6260000,26380,사용,U,2026-08-27 09:28:01,2026-08-28 22:27:25,제공,제공,제공,부착,제공,미제공,제공,가능
3340000,508,6260000,26380,사용,U,2026-08-27 09:28:07,2026-08-28 22:27:25,제공,제공,제공,부착,제공,미제공,제공,가능
3340000,509,6260000,26380,사용,U,2026-08-27 09:34:28,2026-08-28 22:27:25,제공,제공,제공,부착,제공,미제공,제공,가능
3340000,510,6260000,26380,사용,U,2026-08-27 09:28:19,2026-08-28 22:27:25,제공,제공,제공,부착,제공,미제공,제공,가능
3340000,511,6260000,26380,사용,U,2026-08-27 09:34:43,2026-08-28 22:27:25,제공,제공,제공,부착,제공,미제공,제공,가능
3340000,512,6260000,26380,사용,U,2026-08-27 09:34:49,2026-08-28 22:27:25,제공,제공,제공,부착,제공,미제공,제공,가능
3340000,513,6260000,26380,사용,U,2026-08-27 09:28:30,2026-08-28 22:27:25,제공,제공,제공,부착,제공,미제공,제공,가능
3340000,514,6260000,26380,사용,U,2026-08-27 09:28:37,2026-08-28 22:27:25,제공,제공,제공,부착,제공,미제공,제공,가능
3340000,515,6260000,26380,사용,U,2026-08-27 09:28:48,2026-08-28 22:27:25,제공,제공,제공,부착,제공,미제공,제공,가능
3340000,516,6260000,26380,사용,U,2026-08-27 09:28:54,2026-08-28 22:27:25,제공,제공,제공,부착,제공,미제공,제공,가능
3340000,517,6260000,26380,사용,U,2026-08-27 09:29:01,2026-08-28 22:27:25,제공,제공,제공,부착,제공,미제공,제공,가능
3340000,518,6260000,26380,사용,U,2026-08-27 09:29:07,2026-08-28 22:27:25,제공,제공,제공,부착,제공,미제공,제공,가능
3350000,401,6260000,26410,사용,U,2026-07-02 12:55:46,2026-07-03 22:27:25,제공,제공,제공,부착,제공,미제공,제공,가능
3350000,402,6260000,26410,사용,U,2026-07-02 12:55:46,2026-07-03 22:27:25,제공,제공,제공,부착,제공,미제공,제공,가능
3350000,403,6260000,26410,사용,U,2026-07-02 12:55:46,2026-07-03 22:27:25,제공,제공,제공,부착,제공,미제공,제공,가능
3350000,404,6260000,26410,사용,U,2026-07-02 12:55:46,2026-07-03 22:27:25,제공,제공,제공,부착,제공,미제공,제공,가능
3350000,405,6260000,26410,사용,U,2026-08-27 14:27:10,2026-08-28 22:27:25,제공,제공,제공,부착,제공,미제공,제공,가능
3350000,407,6260000,26410,사용,U,2026-07-02 12:55:46,2026-07-03 22:27:25,제공,제공,제공,부착,제공,미제공,제공,가능
3350000,408,6260000,26410,사용,U,2026-07-02 12:55:46,2026-07-03 22:27:26,제공,제공,제공,부착,제공,미제공,제공,가능
3350000,409,6260000,26410,사용,U,2026-07-02 12:55:46,2026-07-03 22:27:26,제공,제공,제공,부착,제공,미제공,제공,가능
3350000,411,6260000,26410,사용,U,2026-07-02 12:55:46,2026-07-03 22:27:26,제공,제공,제공,부착,제공,미제공,제공,가능
3350000,412,6260000,26410,사용,U,2026-07-02 12:55:46,2026-07-03 22:27:26,제공,제공,제공,부착,제공,미제공,제공,가능
3350000,413,6260000,26410,사용,U,2026-07-02 12:55:46,2026-07-03 22:27:26,제공,제공,제공,부착,제공,미제공,제공,가능
3350000,414,6260000,26410,사용,U,2026-07-02 12:55:46,2026-07-03 22:27:26,제공,제공,제공,부착,제공,미제공,제공,가능
3350000,415,6260000,26410,사용,U,2026-07-02 12:55:46,2026-07-03 22:27:26,제공,제공,제공,부착,제공,미제공,제공,가능
3350000,416,6260000,26410,사용,U,2026-07-02 12:55:46,2026-07-03 22:27:26,제공,제공,제공,부착,제공,미제공,제공,가능
3350000,417,6260000,26410,사용,U,2026-08-25 13:38:44,2026-08-26 22:27:25,제공,제공,제공,부착,제공,미제공,제공,가능
3350000,418,6260000,26410,사용,U,2026-07-02 12:55:46,2026-07-03 22:27:26,제공,제공,제공,부착,제공,미제공,제공,가능
3350000,419,6260000,26410,사용,U,2026-07-02 12:55:46,2026-07-03 22:27:26,제공,제공,제공,부착,제공,미제공,제공,가능
3350000,420,6260000,26410,사용,U,2026-07-02 12:55:46,2026-07-03 22:27:26,제공,제공,제공,부착,제공,미제공,제공,가능
3350000,421,6260000,26410,사용,U,2026-08-25 13:39:12,2026-08-26 22:27:25,제공,제공,제공,부착,제공,미제공,제공,가능
3350000,422,6260000,26410,사용,U,2026-08-25 13:39:36,2026-08-26 22:27:25,제공,제공,제공,부착,제공,미제공,제공,가능
3350000,423,6260000,26410,사용,U,2026-07-02 12:55:46,2026-07-03 22:27:26,제공,제공,제공,부착,제공,미제공,제공,가능
3350000,424,6260000,26410,사용,U,2026-07-02 12:55:46,2026-07-03 22:27:26,제공,제공,제공,부착,제공,미제공,제공,가능
3360000,401,6260000,26440,사용,I,2026-04-06 15:06:02,2026-05-02 22:38:47,제공,제공,제공,부착,제공,미제공,제공,가능
3360000,402,6260000,26440,사용,I,2026-04-06 15:06:02,2026-05-02 22:38:47,제공,제공,제공,부착,제공,미제공,제공,가능
3360000,403,6260000,26440,사용,I,2026-04-06 15:06:02,2026-05-02 22:38:47,제공,제공,제공,부착,제공,미제공,제공,가능
3360000,404,6260000,26440,사용,I,2026-04-06 15:06:02,2026-05-02 22:38:47,제공,제공,제공,부착,제공,미제공,제공,가능
3360000,405,6260000,26440,사용,I,2026-04-06 15:06:02,2026-05-02 22:38:47,제공,제공,제공,부착,제공,미제공,제공,가능
3360000,406,6260000,26440,사용,I,2026-04-06 15:06:02,2026-05-02 22:38:47,제공,제공,제공,부착,제공,미제공,제공,가능
3360000,407,6260000,26440,사용,I,2026-04-06 15:06:02,2026-05-02 22:38:48,제공,제공,제공,부착,제공,미제공,제공,가능
3360000,408,6260000,26440,사용,I,2026-04-06 15:06:02,2026-05-02 22:38:48,제공,제공,제공,부착,제공,미제공,제공,가능
3360000,409,6260000,26440,사용,I,2026-04-06 15:06:02,2026-05-02 22:38:48,제공,제공,제공,부착,제공,미제공,제공,가능
3360000,410,6260000,26440,사용,I,2026-04-06 15:06:02,2026-05-02 22:38:48,제공,제공,제공,부착,제공,미제공,제공,가능
3360000,411,6260000,26440,사용,I,2026-04-06 15:06:02,2026-05-02 22:38:48,제공,제공,제공,부착,제공,미제공,제공,가능
3360000,412,6260000,26440,사용,I,2026-04-06 15:06:02,2026-05-02 22:38:48,제공,제공,제공,부착,제공,미제공,제공,가능
3360000,413,6260000,26440,사용,I,2026-04-06 15:06:02,2026-05-02 22:38:48,제공,제공,제공,부착,제공,미제공,제공,가능
3360000,414,6260000,26440,사용,I,2026-04-06 15:06:02,2026-05-02 22:38:48,제공,제공,제공,부착,제공,미제공,제공,가능
3360000,415,6260000,26440,사용,I,2026-04-06 15:06:02,2026-05-02 22:38:48,제공,제공,제공,부착,제공,미제공,제공,가능
3360000,416,6260000,26440,사용,I,2026-04-06 15:06:02,2026-05-02 22:38:48,제공,제공,제공,부착,제공,미제공,제공,가능
3360000,417,6260000,26440,사용,I,2026-04-06 15:06:02,2026-05-02 22:38:48,제공,제공,제공,부착,제공,미제공,제공,가능
3360000,418,6260000,26440,사용,I,2026-04-06 15:06:02,2026-05-02 22:38:48,제공,제공,제공,부착,제공,미제공,제공,가능
3360000,419,6260000,26440,사용,I,2026-04-06 15:06:02,2026-05-02 22:38:48,제공,제공,제공,부착,제공,미제공,제공,가능
3360000,421,6260000,26440,사용,I,2026-04-06 15:06:02,2026-05-02 22:38:49,제공,제공,제공,부착,제공,미제공,제공,가능
3360000,422,6260000,26440,사용,I,2026-04-06 15:06:02,2026-05-02 22:38:49,제공,제공,제공,부착,제공,미제공,제공,가능
3370000,401,6260000,26470,사용,U,2026-08-03 18:21:26,2026-08-04 22:27:25,제공,제공,제공,부착,제공,미제공,제공,가능
3370000,403,6260000,26470,사용,U,2026-08-03 18:21:26,2026-08-04 22:27:25,제공,제공,제공,부착,제공,미제공,제공,가능
3370000,404,6260000,26470,사용,U,2026-08-03 18:21:26,2026-08-04 22:27:25,제공,제공,제공,부착,제공,미제공,제공,가능
3370000,405,6260000,26470,사용,U,2026-08-03 18:21:26,2026-08-04 22:27:25,제공,제공,제공,부착,제공,미제공,제공,가능
3370000,407,6260000,26470,사용,U,2026-08-03 18:21:26,2026-08-04 22:27:25,제공,제공,제공,부착,제공,미제공,제공,가능
3370000,408,6260000,26470,사용,U,2026-08-03 18:21:26,2026-08-04 22:27:25,제공,제공,제공,부착,제공,미제공,제공,가능
3370000,409,6260000,26470,사용,U,2026-08-03 18:21:26,2026-08-04 22:27:25,제공,제공,제공,부착,제공,미제공,제공,가능
3370000,410,6260000,26470,사용,U,2026-08-03 18:21:26,2026-08-04 22:27:25,제공,제공,제공,부착,제공,미제공,제공,가능
3370000,411,6260000,26470,사용,U,2026-08-03 18:21:26,2026-08-04 22:27:25,제공,제공,제공,부착,제공,미제공,제공,가능
3370000,412,6260000,26470,사용,U,2026-08-03 18:21:26,2026-08-04 22:27:25,제공,제공,제공,부착,제공,미제공,제공,가능
3370000,413,6260000,26470,사용,U,2026-08-03 18:21:26,2026-08-04 22:27:25,제공,제공,제공,부착,제공,미제공,제공,가능
3370000,414,6260000,26470,사용,U,2026-08-03 18:21:26,2026-08-04 22:27:25,제공,제공,제공,부착,제공,미제공,제공,가능
3370000,415,6260000,26470,사용,U,2026-08-03 18:21:26,2026-08-04 22:27:25,제공,제공,제공,부착,제공,미제공,제공,가능
3370000,416,6260000,26470,사용,U,2026-08-03 18:21:26,2026-08-04 22:27:25,제공,제공,제공,부착,제공,미제공,제공,가능
3370000,417,6260000,26470,사용,U,2026-08-03 18:21:26,2026-08-04 22:27:25,제공,제공,제공,부착,제공,미제공,제공,가능
3370000,418,6260000,26470,사용,U,2026-08-03 18:21:26,2026-08-04 22:27:25,제공,제공,제공,부착,제공,미제공,제공,가능
3370000,419,6260000,26470,사용,U,2026-08-03 18:21:26,2026-08-04 22:27:25,제공,제공,제공,부착,제공,미제공,제공,가능
3370000,420,6260000,26470,사용,U,2026-08-03 18:21:26,2026-08-04 22:27:25,제공,제공,제공,부착,제공,미제공,제공,가능
3370000,421,6260000,26470,사용,U,2026-08-03 18:21:26,2026-08-04 22:27:25,제공,제공,제공,부착,제공,미제공,제공,가능
3370000,422,6260000,26470,사용,U,2026-08-03 18:21:26,2026-08-04 22:27:25,제공,제공,제공,부착,제공,미제공,제공,가능
3370000,423,6260000,26470,사용,U,2026-08-03 18:21:26,2026-08-04 22:27:25,제공,제공,제공,부착,제공,미제공,제공,가능
3380000,403,6260000,26500,사용,U,2026-08-30 23:42:44,2026-08-31 22:27:25,제공,제공,제공,부착,제공,미제공,제공,가능
3380000,501,6260000,26500,사용,U,2026-08-30 23:49:49,2026-08-31 22:27:25,제공,제공,제공,부착,제공,미제공,제공,가능
3380000,502,6260000,26500,사용,U,2026-08-31 00:13:04,2026-09-01 22:27:25,제공,제공,제공,부착,제공,미제공,제공,가능
3380000,503,6260000,26500,사용,U,2026-08-30 23:43:07,2026-08-31 22:27:25,제공,제공,제공,부착,제공,미제공,제공,가능
3380000,505,6260000,26500,사용,U,2026-08-30 23:56:28,2026-08-31 22:27:25,제공,제공,제공,부착,제공,미제공,제공,가능
3380000,506,6260000,26500,사용,U,2026-08-30 23:56:41,2026-08-31 22:27:25,제공,제공,제공,부착,제공,미제공,제공,가능
3380000,507,6260000,26500,사용,U,2026-08-30 23:53:28,2026-08-31 22:27:25,제공,제공,제공,부착,제공,미제공,제공,가능
3380000,508,6260000,26500,사용,U,2026-08-30 23:53:11,2026-08-31 22:27:25,제공,제공,제공,부착,제공,미제공,제공,가능
3380000,509,6260000,26500,사용,U,2026-08-31 00:13:25,2026-09-01 22:27:25,제공,제공,제공,부착,제공,미제공,제공,가능
3380000,510,6260000,26500,사용,U,2026-08-31 00:13:34,2026-09-01 22:27:25,제공,제공,제공,부착,제공,미제공,제공,가능
3380000,511,6260000,26500,사용,U,2026-08-30 23:43:35,2026-08-31 22:27:25,제공,제공,제공,부착,제공,미제공,제공,가능
3380000,512,6260000,26500,사용,U,2026-08-30 23:45:20,2026-08-31 22:27:25,제공,제공,제공,부착,제공,미제공,제공,가능
3380000,513,6260000,26500,사용,U,2026-08-30 23:45:45,2026-08-31 22:27:25,제공,제공,제공,부착,제공,미제공,제공,가능
3380000,514,6260000,26500,사용,U,2026-08-30 23:45:58,2026-08-31 22:27:25,제공,제공,제공,부착,제공,미제공,제공,가능
3380000,515,6260000,26500,사용,U,2026-08-30 23:46:11,2026-08-31 22:27:25,제공,제공,제공,부착,제공,미제공,제공,가능
3380000,516,6260000,26500,사용,U,2026-08-30 23:46:21,2026-08-31 22:27:25,제공,제공,제공,부착,제공,미제공,제공,가능
3390000,501,6260000,26530,사용,U,2026-08-25 14:46:04,2026-08-26 22:27:25,제공,제공,제공,부착,제공,제공,제공,가능
3390000,502,6260000,26530,사용,U,2026-08-25 14:46:34,2026-08-26 22:27:25,제공,제공,제공,부착,제공,제공,제공,가능
3390000,503,6260000,26530,사용,U,2026-08-25 14:50:28,2026-08-26 22:27:25,제공,제공,제공,부착,제공,제공,제공,가능
3390000,506,6260000,26530,사용,U,2026-08-25 14:50:48,2026-08-26 22:27:25,제공,제공,제공,부착,제공,제공,제공,가능
3390000,507,6260000,26530,사용,U,2026-08-25 14:50:59,2026-08-26 22:27:25,제공,제공,제공,부착,제공,제공,제공,가능
3390000,508,6260000,26530,사용,U,2026-08-25 14:51:06,2026-08-26 22:27:25,제공,제공,제공,부착,제공,제공,제공,가능
3390000,509,6260000,26530,사용,U,2026-08-25 14:51:13,2026-08-26 22:27:25,제공,제공,제공,부착,제공,제공,제공,가능
3390000,510,6260000,26530,사용,U,2026-08-25 14:51:21,2026-08-26 22:27:25,제공,제공,제공,부착,제공,제공,제공,가능
3390000,511,6260000,26530,사용,U,2026-08-25 14:51:27,2026-08-26 22:27:25,제공,제공,제공,부착,제공,제공,제공,가능
3390000,512,6260000,26530,사용,U,2026-08-25 14:52:09,2026-08-26 22:27:25,제공,제공,제공,부착,제공,제공,제공,가능
3390000,513,6260000,26530,사용,U,2026-08-25 14:52:16,2026-08-26 22:27:25,제공,제공,제공,부착,제공,제공,제공,가능
3390000,514,6260000,26530,사용,U,2026-08-25 14:52:22,2026-08-26 22:27:25,제공,제공,제공,부착,제공,제공,제공,가능
3390000,515,6260000,26530,사용,U,2026-08-26 14:33:28,2026-08-27 22:27:25,제공,제공,제공,부착,제공,제공,제공,가능
3390000,516,6260000,26530,사용,U,2026-08-25 14:52:35,2026-08-26 22:27:25,제공,제공,제공,부착,제공,제공,제공,가능
3390000,517,6260000,26530,사용,U,2026-08-25 14:52:42,2026-08-26 22:27:25,제공,제공,제공,부착,제공,제공,제공,가능
3390000,518,6260000,26530,사용,U,2026-08-25 14:52:51,2026-08-26 22:27:25,제공,제공,제공,부착,제공,제공,제공,가능
3400000,301,6260000,26710,사용,I,2026-03-13 09:52:28,2026-05-08 22:40:15,제공,제공,제공,부착,제공,미제공,제공,가능
3400000,501,6260000,26710,사용,I,2026-02-09 15:50:25,2026-05-08 22:40:15,제공,제공,제공,부착,제공,미제공,제공,가능
3400000,502,6260000,26710,사용,U,2026-08-19 17:51:30,2026-08-20 22:27:25,제공,제공,제공,부착,제공,미제공,제공,가능
3400000,503,6260000,26710,사용,U,2026-07-06 11:23:26,2026-07-07 22:27:25,제공,제공,제공,부착,제공,미제공,제공,가능
3400000,504,6260000,26710,사용,U,2026-08-03 09:00:57,2026-08-04 22:27:25,제공,제공,제공,부착,제공,미제공,제공,가능
3400000,505,6260000,26710,사용,U,2026-08-03 09:00:57,2026-08-04 22:27:25,제공,제공,제공,부착,제공,미제공,제공,가능
3400000,506,6260000,26710,사용,U,2026-08-03 09:00:57,2026-08-04 22:27:25,제공,제공,제공,부착,제공,미제공,제공,가능
3400000,507,6260000,26710,사용,U,2026-08-03 09:00:57,2026-08-04 22:27:25,제공,제공,제공,부착,제공,미제공,제공,가능
3400000,508,6260000,26710,사용,U,2026-08-03 09:00:57,2026-08-04 22:27:25,제공,제공,제공,부착,제공,미제공,제공,가능
3400000,509,6260000,26710,사용,U,2026-08-25 20:03:54,2026-08-26 22:27:25,제공,제공,제공,부착,제공,미제공,제공,불가능
3400000,510,6260000,26710,사용,U,2026-08-03 09:00:57,2026-08-04 22:27:25,제공,제공,제공,부착,제공,미제공,제공,가능
3400000,511,6260000,26710,사용,I,2026-02-09 15:54:51,2026-05-08 22:40:15,제공,제공,제공,부착,제공,미제공,제공,가능
3400000,513,6260000,26710,사용,I,2026-02-09 15:52:03,2026-05-08 22:40:16,제공,제공,제공,부착,제공,미제공,제공,가능
3400000,514,6260000,26710,사용,I,2026-02-09 15:55:26,2026-05-08 22:40:16,제공,제공,제공,부착,제공,미제공,제공,가능
3400000,515,6260000,26710,사용,U,2026-07-06 11:23:26,2026-07-07 22:27:25,제공,제공,제공,부착,제공,미제공,제공,가능
3400000,516,6260000,26710,사용,U,2026-07-06 11:23:26,2026-07-07 22:27:25,제공,제공,제공,부착,제공,미제공,제공,가능
3400000,517,6260000,26710,사용,U,2026-08-03 09:00:57,2026-08-04 22:27:25,제공,제공,제공,부착,제공,미제공,제공,가능
3400000,518,6260000,26710,사용,U,2026-07-06 11:23:26,2026-07-07 22:27:25,제공,제공,제공,부착,제공,미제공,제공,가능
3400000,519,6260000,26710,사용,U,2026-07-06 10:03:28,2026-07-07 22:27:25,제공,제공,제공,부착,제공,미제공,제공,가능
3410000,502,6270000,27110,사용,I,2026-01-22 10:52:44,2026-05-07 22:42:10,제공,제공,제공,부착,제공,미제공,제공,가능
3410000,504,6270000,27110,사용,I,2026-01-22 11:00:12,2026-05-07 22:42:10,제공,제공,제공,부착,제공,미제공,제공,가능
3410000,505,6270000,27110,사용,U,2026-05-13 16:30:35,2026-05-14 03:03:03,제공,제공,제공,부착,제공,미제공,제공,가능
3410000,506,6270000,27110,사용,I,2026-01-20 15:45:42,2026-05-07 22:42:10,제공,제공,제공,부착,제공,미제공,제공,가능
3410000,507,6270000,27110,사용,I,2026-01-22 11:07:23,2026-05-07 22:42:11,제공,제공,제공,부착,제공,미제공,제공,가능
3410000,508,6270000,27110,사용,U,2026-08-19 10:54:32,2026-08-20 22:27:25,제공,제공,제공,부착,제공,미제공,제공,가능
3410000,509,6270000,27110,사용,I,2026-01-22 11:08:38,2026-05-07 22:42:11,제공,제공,제공,부착,제공,미제공,제공,가능
3410000,510,6270000,27110,사용,U,2026-05-13 16:30:49,2026-05-14 03:03:03,제공,제공,제공,부착,제공,미제공,제공,가능
3410000,511,6270000,27110,사용,I,2026-01-22 11:09:45,2026-05-07 22:42:11,제공,제공,제공,부착,제공,미제공,제공,가능
3410000,512,6270000,27110,사용,I,2026-01-22 11:10:06,2026-05-07 22:42:11,제공,제공,제공,부착,제공,미제공,제공,가능
3410000,513,6270000,27110,사용,U,2026-05-13 16:31:01,2026-05-14 03:03:03,제공,제공,제공,부착,제공,미제공,제공,가능
3410000,514,6270000,27110,사용,I,2026-01-22 11:10:34,2026-05-07 22:42:11,제공,제공,제공,부착,제공,미제공,제공,가능
3410000,515,6270000,27110,사용,I,2026-01-22 11:11:01,2026-05-07 22:42:11,제공,제공,제공,부착,제공,미제공,제공,가능
3410000,516,6270000,27110,사용,U,2026-08-19 10:55:09,2026-08-20 22:27:25,제공,제공,제공,부착,제공,미제공,제공,가능
3420000,401,6270000,27140,사용,U,2026-08-21 11:33:17,2026-08-22 22:27:25,제공,제공,제공,부착,제공,미제공,제공,가능
3420000,402,6270000,27140,사용,I,2026-04-07 11:25:39,2026-05-08 22:53:19,제공,제공,제공,부착,제공,제공,제공,가능
3420000,403,6270000,27140,사용,I,2026-03-04 13:39:14,2026-05-08 22:53:19,제공,제공,제공,부착,제공,미제공,제공,가능
3420000,404,6270000,27140,사용,U,2026-08-21 11:33:43,2026-08-22 22:27:25,제공,제공,제공,부착,제공,미제공,제공,가능
3420000,405,6270000,27140,사용,U,2026-08-21 11:34:02,2026-08-22 22:27:25,제공,제공,제공,부착,제공,미제공,제공,가능
3420000,406,6270000,27140,사용,U,2026-08-21 11:34:20,2026-08-22 22:27:25,제공,제공,제공,부착,제공,미제공,제공,가능
3420000,407,6270000,27140,사용,U,2026-08-21 11:34:33,2026-08-22 22:27:25,제공,제공,제공,부착,제공,미제공,제공,가능
3420000,408,6270000,27140,사용,U,2026-08-21 11:35:06,2026-08-22 22:27:25,제공,제공,제공,부착,제공,미제공,제공,가능
3420000,409,6270000,27140,사용,U,2026-08-21 11:35:19,2026-08-22 22:27:25,제공,제공,제공,부착,제공,미제공,제공,가능
3420000,410,6270000,27140,사용,U,2026-08-21 11:35:34,2026-08-22 22:27:25,제공,제공,제공,부착,제공,미제공,제공,가능
3420000,411,6270000,27140,사용,U,2026-08-21 11:37:47,2026-08-22 22:27:25,제공,제공,제공,부착,제공,미제공,제공,가능
3420000,502,6270000,27140,사용,I,2026-04-07 11:25:15,2026-05-08 22:53:20,제공,제공,제공,부착,제공,제공,제공,가능
3420000,503,6270000,27140,사용,U,2026-08-24 15:47:39,2026-08-25 22:27:25,제공,제공,제공,부착,제공,제공,제공,가능
3420000,504,6270000,27140,사용,U,2026-08-18 16:28:08,2026-08-19 22:27:25,제공,제공,제공,부착,제공,제공,제공,가능
3420000,505,6270000,27140,사용,U,2026-08-18 16:29:18,2026-08-19 22:27:25,제공,제공,제공,부착,제공,제공,제공,가능
3420000,506,6270000,27140,사용,U,2026-08-21 11:37:57,2026-08-22 22:27:25,제공,제공,제공,부착,제공,미제공,제공,가능
3420000,507,6270000,27140,사용,U,2026-08-18 16:38:10,2026-08-19 22:27:25,제공,제공,제공,부착,제공,미제공,제공,가능
3430000,401,6270000,27170,사용,U,2026-08-24 13:55:16,2026-08-25 22:27:25,제공,제공,제공,부착,제공,미제공,제공,가능
3430000,402,6270000,27170,사용,U,2026-07-14 13:32:16,2026-07-15 22:27:25,제공,제공,제공,부착,제공,제공,제공,가능
3430000,501,6270000,27170,사용,U,2026-07-14 13:30:16,2026-07-15 22:27:25,제공,제공,제공,부착,제공,제공,제공,가능
3430000,502,6270000,27170,사용,U,2026-08-24 13:55:23,2026-08-25 22:27:25,제공,제공,제공,부착,제공,미제공,제공,가능
3430000,503,6270000,27170,사용,U,2026-08-24 13:55:30,2026-08-25 22:27:25,제공,제공,제공,부착,제공,미제공,제공,가능
3430000,505,6270000,27170,사용,U,2026-08-24 13:56:11,2026-08-25 22:27:25,제공,제공,제공,부착,제공,미제공,제공,가능
3430000,506,6270000,27170,사용,U,2026-08-24 13:56:16,2026-08-25 22:27:25,제공,제공,제공,부착,제공,미제공,제공,가능
3430000,507,6270000,27170,사용,U,2026-08-24 13:56:21,2026-08-25 22:27:25,제공,제공,제공,부착,제공,미제공,제공,가능
3430000,508,6270000,27170,사용,U,2026-08-24 13:56:27,2026-08-25 22:27:25,제공,제공,제공,부착,제공,미제공,제공,가능
3430000,509,6270000,27170,사용,I,2026-03-04 15:53:33,2026-04-30 22:35:12,제공,제공,제공,부착,제공,제공,제공,가능
3440000,501,6270000,27200,사용,U,2026-08-18 16:11:43,2026-08-19 22:27:25,제공,제공,제공,부착,제공,제공,제공,가능
3440000,502,6270000,27200,사용,I,2026-04-20 11:23:19,2026-05-01 22:43:00,제공,제공,제공,부착,제공,미제공,제공,가능
3440000,503,6270000,27200,사용,U,2026-08-18 16:12:00,2026-08-19 22:27:25,제공,제공,제공,부착,제공,제공,제공,가능
3440000,504,6270000,27200,사용,U,2026-08-19 10:56:02,2026-08-20 22:27:25,제공,제공,제공,부착,제공,제공,제공,가능
3440000,505,6270000,27200,사용,I,2026-04-20 11:24:01,2026-05-01 22:43:01,제공,제공,제공,부착,제공,미제공,제공,가능
3440000,506,6270000,27200,사용,I,2026-04-20 11:24:11,2026-05-01 22:43:01,제공,제공,제공,부착,제공,미제공,제공,가능
3440000,507,6270000,27200,사용,I,2026-04-20 11:24:30,2026-05-01 22:43:01,제공,제공,제공,부착,제공,미제공,제공,가능
3440000,508,6270000,27200,사용,I,2026-04-20 11:24:20,2026-05-01 22:43:02,제공,제공,제공,부착,제공,미제공,제공,가능
3450000,401,6270000,27230,사용,U,2026-09-01 09:34:35,2026-09-02 22:27:25,제공,제공,제공,부착,제공,미제공,제공,가능
3450000,402,6270000,27230,사용,U,2026-08-19 10:22:35,2026-08-20 22:27:25,제공,제공,제공,부착,제공,미제공,제공,가능
3450000,403,6270000,27230,사용,U,2026-09-01 09:35:19,2026-09-02 22:27:25,제공,제공,제공,부착,제공,미제공,제공,가능
3450000,404,6270000,27230,사용,U,2026-09-01 09:35:32,2026-09-02 22:27:25,제공,제공,제공,부착,제공,미제공,제공,가능
3450000,405,6270000,27230,사용,U,2026-09-01 09:35:49,2026-09-02 22:27:25,제공,제공,제공,부착,제공,미제공,제공,가능
3450000,406,6270000,27230,사용,U,2026-09-01 10:49:12,2026-09-02 22:27:25,제공,제공,제공,부착,제공,제공,제공,가능
3450000,504,6270000,27230,사용,U,2026-08-19 10:19:25,2026-08-20 22:27:25,제공,제공,제공,부착,제공,미제공,제공,가능
3450000,505,6270000,27230,사용,U,2026-09-01 09:36:23,2026-09-02 22:27:25,제공,제공,제공,부착,제공,제공,제공,가능
3450000,506,6270000,27230,사용,U,2026-09-01 09:36:46,2026-09-02 22:27:25,제공,제공,제공,부착,제공,미제공,제공,가능
3450000,507,6270000,27230,사용,U,2026-09-01 09:37:02,2026-09-02 22:27:25,제공,제공,제공,부착,제공,미제공,제공,가능
3450000,508,6270000,27230,사용,U,2026-09-01 09:37:24,2026-09-02 22:27:25,제공,제공,제공,부착,제공,미제공,제공,가능
3450000,509,6270000,27230,사용,U,2026-09-01 09:37:51,2026-09-02 22:27:25,제공,제공,제공,부착,제공,미제공,제공,가능
3450000,510,6270000,27230,사용,U,2026-09-01 09:38:07,2026-09-02 22:27:25,제공,제공,제공,부착,제공,미제공,제공,가능
3450000,511,6270000,27230,사용,U,2026-09-01 09:38:27,2026-09-02 22:27:25,제공,제공,제공,부착,제공,제공,제공,가능
3450000,512,6270000,27230,사용,U,2026-09-01 09:38:44,2026-09-02 22:27:25,제공,제공,제공,부착,제공,제공,제공,가능
3450000,513,6270000,27230,사용,U,2026-08-19 10:21:27,2026-08-20 22:27:25,제공,제공,제공,부착,제공,미제공,제공,가능
3450000,514,6270000,27230,사용,U,2026-09-01 09:39:20,2026-09-02 22:27:25,제공,제공,제공,부착,제공,미제공,제공,가능
3450000,515,6270000,27230,사용,U,2026-09-01 10:48:54,2026-09-02 22:27:25,제공,제공,제공,부착,제공,제공,제공,가능
3450000,516,6270000,27230,사용,I,2026-04-20 09:50:31,2026-04-30 22:35:25,제공,제공,제공,부착,제공,제공,제공,가능
3460000,501,6270000,27260,사용,U,2026-09-30 16:17:17,2026-10-01 22:27:25,제공,제공,제공,부착,제공,미제공,제공,가능
3460000,502,6270000,27260,사용,U,2026-09-30 16:17:17,2026-10-01 22:27:25,제공,제공,제공,부착,제공,미제공,제공,가능
3460000,503,6270000,27260,사용,U,2026-09-30 16:17:17,2026-10-01 22:27:25,제공,제공,제공,부착,제공,미제공,제공,가능
3460000,504,6270000,27260,사용,U,2026-09-30 16:17:17,2026-10-01 22:27:25,제공,제공,제공,부착,제공,미제공,제공,가능
3460000,505,6270000,27260,사용,U,2026-09-30 16:17:17,2026-10-01 22:27:25,제공,제공,제공,부착,제공,미제공,제공,가능
3460000,507,6270000,27260,사용,U,2026-09-30 16:17:17,2026-10-01 22:27:25,제공,제공,제공,부착,제공,미제공,제공,가능
3460000,508,6270000,27260,사용,U,2026-09-30 16:17:17,2026-10-01 22:27:25,제공,제공,제공,부착,제공,미제공,제공,가능
3460000,509,6270000,27260,사용,U,2026-09-30 16:17:17,2026-10-01 22:27:25,제공,제공,제공,부착,제공,미제공,제공,가능
3460000,510,6270000,27260,사용,U,2026-09-30 16:17:17,2026-10-01 22:27:25,제공,제공,제공,부착,제공,미제공,제공,가능
3460000,511,6270000,27260,사용,U,2026-09-30 16:17:17,2026-10-01 22:27:25,제공,제공,제공,부착,제공,미제공,제공,가능
3460000,512,6270000,27260,사용,U,2026-09-30 16:17:17,2026-10-01 22:27:25,제공,제공,제공,부착,제공,미제공,제공,가능
3460000,513,6270000,27260,사용,U,2026-09-30 16:17:17,2026-10-01 22:27:25,제공,제공,제공,부착,제공,미제공,제공,가능
3460000,514,6270000,27260,사용,U,2026-09-30 16:17:17,2026-10-01 22:27:25,제공,제공,제공,부착,제공,미제공,제공,가능
3460000,515,6270000,27260,사용,U,2026-09-30 16:17:17,2026-10-01 22:27:25,제공,제공,제공,부착,제공,미제공,제공,가능
3460000,516,6270000,27260,사용,U,2026-09-30 16:17:17,2026-10-01 22:27:25,제공,제공,제공,부착,제공,미제공,제공,가능
3460000,518,6270000,27260,사용,U,2026-09-30 16:17:17,2026-10-01 22:27:25,제공,제공,제공,부착,제공,미제공,제공,가능
3460000,519,6270000,27260,사용,U,2026-09-30 16:17:17,2026-10-01 22:27:25,제공,제공,제공,부착,제공,미제공,제공,가능
3470000,401,6270000,27290,사용,U,2026-08-10 13:42:24,2026-08-11 22:27:25,제공,제공,제공,부착,제공,미제공,제공,가능
3470000,402,6270000,27290,사용,U,2026-08-10 13:42:24,2026-08-11 22:27:25,제공,제공,제공,부착,제공,미제공,제공,가능
3470000,403,6270000,27290,사용,U,2026-08-10 13:42:24,2026-08-11 22:27:25,제공,제공,제공,부착,제공,미제공,제공,가능
3470000,404,6270000,27290,사용,U,2026-08-10 13:42:24,2026-08-11 22:27:25,제공,제공,제공,부착,제공,미제공,제공,가능
3470000,501,6270000,27290,사용,U,2026-08-10 13:42:24,2026-08-11 22:27:26,제공,제공,제공,부착,제공,미제공,제공,가능
3470000,502,6270000,27290,사용,U,2026-08-10 13:42:24,2026-08-11 22:27:26,제공,제공,제공,부착,제공,미제공,제공,가능
3470000,503,6270000,27290,사용,U,2026-08-20 11:37:14,2026-08-21 22:27:25,제공,제공,제공,부착,제공,미제공,제공,가능
3470000,504,6270000,27290,사용,U,2026-08-10 13:42:24,2026-08-11 22:27:26,제공,제공,제공,부착,제공,미제공,제공,가능
3470000,505,6270000,27290,사용,U,2026-08-10 13:42:24,2026-08-11 22:27:26,제공,제공,제공,부착,제공,미제공,제공,가능
3470000,506,6270000,27290,사용,U,2026-08-10 13:42:24,2026-08-11 22:27:26,제공,제공,제공,부착,제공,미제공,제공,가능
3470000,507,6270000,27290,사용,U,2026-08-10 13:42:24,2026-08-11 22:27:26,제공,제공,제공,부착,제공,미제공,제공,가능
3470000,508,6270000,27290,사용,U,2026-09-04 13:49:11,2026-09-05 22:27:25,제공,제공,제공,부착,제공,제공,제공,가능
3470000,509,6270000,27290,사용,U,2026-09-04 13:48:34,2026-09-05 22:27:25,제공,제공,제공,부착,제공,미제공,제공,가능
3470000,510,6270000,27290,사용,U,2026-08-10 13:42:24,2026-08-11 22:27:27,제공,제공,제공,부착,제공,미제공,제공,가능
3470000,511,6270000,27290,사용,U,2026-08-10 13:42:24,2026-08-11 22:27:27,제공,제공,제공,부착,제공,미제공,제공,가능
3470000,512,6270000,27290,사용,U,2026-08-10 13:42:24,2026-08-11 22:27:27,제공,제공,제공,부착,제공,미제공,제공,가능
3470000,513,6270000,27290,사용,U,2026-08-10 13:42:24,2026-08-11 22:27:27,제공,제공,제공,부착,제공,미제공,제공,가능
3470000,514,6270000,27290,사용,U,2026-08-10 13:42:24,2026-08-11 22:27:27,제공,제공,제공,부착,제공,미제공,제공,가능
3470000,515,6270000,27290,사용,U,2026-08-10 13:42:24,2026-08-11 22:27:27,제공,제공,제공,부착,제공,미제공,제공,가능
3470000,516,6270000,27290,사용,U,2026-08-20 11:37:38,2026-08-21 22:27:25,제공,제공,제공,부착,제공,제공,제공,가능
3470000,517,6270000,27290,사용,U,2026-08-20 11:37:46,2026-08-21 22:27:25,제공,제공,제공,부착,제공,제공,제공,가능
3470000,518,6270000,27290,사용,U,2026-08-10 13:42:24,2026-08-11 22:27:28,제공,제공,제공,부착,제공,제공,제공,가능
3470000,519,6270000,27290,사용,U,2026-08-10 13:42:24,2026-08-11 22:27:28,제공,제공,제공,부착,제공,제공,제공,가능
3470000,520,6270000,27290,사용,U,2026-08-20 11:42:03,2026-08-21 22:27:25,제공,제공,제공,부착,제공,미제공,제공,가능
3470000,521,6270000,27290,사용,U,2026-08-20 11:38:34,2026-08-21 22:27:25,제공,제공,제공,부착,제공,제공,제공,가능
3480000,501,6270000,27710,사용,I,2026-01-28 11:14:36,2026-05-07 22:40:54,제공,제공,제공,부착,제공,미제공,제공,가능
3480000,502,6270000,27710,사용,U,2026-09-30 09:06:52,2026-10-01 22:27:25,제공,제공,제공,부착,제공,미제공,제공,가능
3480000,503,6270000,27710,사용,U,2026-08-20 13:26:02,2026-08-21 22:27:25,제공,제공,제공,부착,제공,미제공,제공,가능
3480000,504,6270000,27710,사용,U,2026-08-20 13:26:08,2026-08-21 22:27:25,제공,제공,제공,부착,제공,미제공,제공,가능
3480000,505,6270000,27710,사용,I,2026-01-28 10:54:17,2026-05-07 22:40:54,제공,제공,제공,부착,제공,미제공,제공,가능
3480000,507,6270000,27710,사용,U,2026-08-20 13:26:17,2026-08-21 22:27:25,제공,제공,제공,부착,제공,미제공,제공,가능
3480000,508,6270000,27710,사용,I,2026-01-28 10:57:46,2026-05-07 22:40:54,제공,제공,제공,부착,제공,미제공,제공,가능
3480000,509,6270000,27710,사용,U,2026-09-29 15:29:38,2026-09-30 22:27:25,제공,제공,제공,부착,제공,미제공,제공,가능
3480000,510,6270000,27710,사용,U,2026-05-26 11:31:52,2026-05-27 03:03:03,제공,제공,제공,부착,제공,미제공,제공,가능
3480000,511,6270000,27710,사용,I,2026-04-21 16:35:12,2026-05-07 22:40:54,제공,제공,제공,부착,제공,미제공,제공,가능
3480000,512,6270000,27710,사용,U,2026-08-20 13:25:55,2026-08-21 22:27:25,제공,제공,제공,부착,제공,미제공,제공,가능
3480000,513,6270000,27710,사용,I,2026-01-28 10:59:34,2026-05-07 22:40:54,제공,제공,제공,부착,제공,미제공,제공,가능
3480000,514,6270000,27710,사용,U,2026-08-24 15:59:38,2026-08-25 22:27:25,제공,제공,제공,부착,제공,미제공,제공,가능
3480000,515,6270000,27710,사용,I,2026-01-28 11:01:12,2026-05-07 22:40:54,제공,제공,제공,부착,제공,미제공,제공,가능
3480000,516,6270000,27710,사용,U,2026-08-20 13:26:31,2026-08-21 22:27:25,제공,제공,제공,부착,제공,미제공,제공,가능
3480000,517,6270000,27710,사용,U,2026-08-20 13:26:36,2026-08-21 22:27:25,제공,제공,제공,부착,제공,미제공,제공,가능
3480000,518,6270000,27710,사용,I,2026-04-07 09:23:25,2026-05-07 22:40:54,제공,제공,제공,부착,제공,미제공,제공,가능
3480000,519,6270000,27710,사용,I,2026-01-28 11:04:37,2026-05-07 22:40:54,제공,제공,제공,부착,제공,미제공,제공,가능
3480000,520,6270000,27710,사용,U,2026-08-20 13:26:41,2026-08-21 22:27:25,제공,제공,제공,부착,제공,미제공,제공,가능
3480000,521,6270000,27710,사용,I,2026-01-28 11:14:04,2026-05-07 22:40:54,제공,제공,제공,부착,제공,미제공,제공,가능
3480000,522,6270000,27710,사용,I,2026-01-28 11:09:38,2026-05-07 22:40:54,제공,제공,제공,부착,제공,미제공,제공,가능
3480000,524,6270000,27710,사용,I,2026-02-03 14:03:42,2026-05-07 22:40:54,제공,제공,제공,부착,제공,미제공,제공,가능
3480000,525,6270000,27710,사용,U,2026-08-20 13:26:50,2026-08-21 22:27:25,제공,제공,제공,부착,제공,미제공,제공,가능
3480000,526,6270000,27710,사용,U,2026-08-20 13:26:55,2026-08-21 22:27:25,제공,제공,제공,부착,제공,미제공,제공,가능
3480000,527,6270000,27710,사용,U,2026-08-20 13:27:01,2026-08-21 22:27:25,제공,제공,제공,부착,제공,미제공,제공,가능
3480000,528,6270000,27710,사용,U,2026-08-20 13:27:07,2026-08-21 22:27:25,제공,제공,제공,부착,제공,미제공,제공,가능
3480000,529,6270000,27710,사용,U,2026-08-20 13:27:12,2026-08-21 22:27:25,제공,제공,제공,부착,제공,미제공,제공,가능
3480000,530,6270000,27710,사용,U,2026-09-29 15:29:57,2026-09-30 22:27:25,제공,제공,제공,부착,제공,미제공,제공,가능
3480000,531,6270000,27710,사용,I,2026-01-28 11:13:03,2026-05-07 22:40:54,제공,제공,제공,부착,제공,미제공,제공,가능
3491000,501,6280000,28110,사용,U,2026-08-31 11:07:46,2026-09-01 22:57:25,제공,제공,제공,부착,제공,미제공,제공,가능
3491000,502,6280000,28110,사용,U,2026-08-31 11:07:53,2026-09-01 22:57:25,제공,제공,제공,부착,제공,미제공,제공,가능
3491000,503,6280000,28110,사용,U,2026-08-31 12:07:53,2026-09-01 22:57:25,제공,제공,제공,부착,제공,미제공,제공,가능
3491000,505,6280000,28110,사용,U,2026-08-24 13:33:06,2026-08-25 22:57:25,제공,제공,제공,부착,제공,미제공,제공,불가능
3491000,506,6280000,28110,사용,U,2026-08-24 13:33:19,2026-08-25 22:57:25,제공,제공,제공,부착,제공,미제공,제공,불가능
3491000,508,6280000,28110,사용,U,2026-07-02 10:51:13,2026-07-14 13:14:47,제공,제공,제공,부착,제공,미제공,제공,불가능
3491000,510,6280000,28110,사용,U,2026-07-02 13:42:52,2026-07-14 13:14:47,제공,제공,제공,부착,제공,미제공,제공,불가능
3491000,512,6280000,28110,사용,U,2026-08-31 11:08:19,2026-09-01 22:57:25,제공,제공,제공,부착,제공,미제공,제공,가능
3491000,513,6280000,28110,사용,U,2026-08-31 11:08:26,2026-09-01 22:57:25,제공,제공,제공,부착,제공,미제공,제공,가능
3491000,514,6280000,28110,사용,U,2026-08-31 11:08:33,2026-09-01 22:57:25,제공,제공,제공,부착,제공,미제공,제공,가능
3491000,515,6280000,28110,사용,U,2026-08-31 11:08:46,2026-09-01 22:57:25,제공,제공,제공,부착,제공,미제공,제공,가능
3491000,519,6280000,28110,사용,U,2026-08-31 11:08:55,2026-09-01 22:57:25,제공,제공,제공,부착,제공,미제공,제공,가능
3491000,520,6280000,28110,사용,U,2026-08-31 11:09:04,2026-09-01 22:57:25,제공,제공,제공,부착,제공,미제공,제공,가능
3491000,521,6280000,28110,사용,U,2026-08-31 11:09:17,2026-09-01 22:57:25,제공,제공,제공,부착,제공,미제공,제공,가능
3501000,501,6280000,28125,사용,U,2026-08-27 08:03:35,2026-08-28 22:57:17,제공,제공,제공,부착,제공,미제공,제공,가능
3501000,502,6280000,28125,사용,U,2026-08-27 08:03:44,2026-08-28 22:57:17,제공,제공,제공,부착,제공,미제공,제공,가능
3501000,503,6280000,28125,사용,U,2026-08-27 08:03:55,2026-08-28 22:57:17,제공,제공,제공,부착,제공,미제공,제공,가능
3501000,504,6280000,28125,사용,U,2026-08-27 08:04:05,2026-08-28 22:57:17,제공,제공,제공,부착,제공,미제공,제공,가능
3501000,505,6280000,28125,사용,U,2026-08-27 08:04:14,2026-08-28 22:57:17,제공,제공,제공,부착,제공,미제공,제공,가능
3501000,506,6280000,28125,사용,U,2026-08-27 08:05:17,2026-08-28 22:57:17,제공,제공,제공,부착,제공,미제공,제공,가능
3501000,507,6280000,28125,사용,U,2026-08-27 08:06:14,2026-08-28 22:57:17,제공,제공,제공,부착,제공,미제공,제공,불가능
3501000,508,6280000,28125,사용,U,2026-08-27 08:06:45,2026-08-28 22:57:17,제공,제공,제공,부착,제공,미제공,제공,불가능
3501000,509,6280000,28125,사용,U,2026-08-27 08:06:33,2026-08-28 22:57:17,제공,제공,제공,부착,제공,미제공,제공,불가능
3501000,510,6280000,28125,사용,U,2026-08-27 08:04:34,2026-08-28 22:57:17,제공,제공,제공,부착,제공,미제공,제공,가능
3501000,511,6280000,28125,사용,U,2026-08-27 08:04:41,2026-08-28 22:57:17,제공,제공,제공,부착,제공,미제공,제공,가능
3501000,512,6280000,28125,사용,U,2026-08-27 08:04:46,2026-08-28 22:57:17,제공,제공,제공,부착,제공,미제공,제공,가능
3501000,513,6280000,28125,사용,U,2026-08-27 08:05:52,2026-08-28 22:57:17,제공,제공,제공,부착,제공,미제공,제공,가능
3501000,514,6280000,28125,사용,U,2026-08-27 08:05:57,2026-08-28 22:57:17,제공,제공,제공,부착,제공,미제공,제공,가능
3501000,515,6280000,28125,사용,U,2026-08-27 08:06:05,2026-08-28 22:57:17,제공,제공,제공,부착,제공,미제공,제공,가능
3501000,516,6280000,28125,사용,U,2026-08-27 08:04:53,2026-08-28 22:57:17,제공,제공,제공,부착,제공,미제공,제공,가능
3501000,517,6280000,28125,사용,U,2026-08-27 09:33:40,2026-08-28 22:57:17,제공,제공,제공,부착,제공,미제공,제공,불가능
3501000,518,6280000,28125,사용,U,2026-08-12 08:33:37,2026-08-13 22:57:18,제공,제공,제공,부착,제공,미제공,제공,가능
3510500,101,6280000,28177,사용,U,2026-08-25 13:56:30,2026-08-26 22:57:25,제공,제공,제공,부착,제공,미제공,제공,가능
3510500,103,6280000,28177,사용,U,2026-08-25 13:57:03,2026-08-26 22:57:25,제공,제공,제공,부착,제공,미제공,제공,가능
3510500,401,6280000,28177,사용,U,2026-08-25 13:58:31,2026-08-26 22:57:25,제공,제공,제공,부착,제공,미제공,제공,가능
3510500,402,6280000,28177,사용,U,2026-08-25 14:04:04,2026-08-26 22:57:25,제공,제공,제공,부착,제공,미제공,제공,가능
3510500,403,6280000,28177,사용,U,2026-08-25 14:03:37,2026-08-26 22:57:25,제공,제공,제공,부착,제공,미제공,제공,가능
3510500,404,6280000,28177,사용,U,2026-08-25 14:04:20,2026-08-26 22:57:25,제공,제공,제공,부착,제공,미제공,제공,가능
3510500,405,6280000,28177,사용,U,2026-08-25 14:04:30,2026-08-26 22:57:25,제공,제공,제공,부착,제공,미제공,제공,가능
3510500,406,6280000,28177,사용,U,2026-08-25 14:04:38,2026-08-26 22:57:25,제공,제공,제공,부착,제공,미제공,제공,가능
3510500,407,6280000,28177,사용,U,2026-08-25 14:04:54,2026-08-26 22:57:25,제공,제공,제공,부착,제공,미제공,제공,가능
3510500,408,6280000,28177,사용,U,2026-08-25 14:05:42,2026-08-26 22:57:25,제공,제공,제공,부착,제공,미제공,제공,가능
3510500,501,6280000,28177,사용,U,2026-08-25 13:44:44,2026-08-26 22:57:25,제공,제공,제공,부착,제공,미제공,제공,가능
3510500,502,6280000,28177,사용,U,2026-08-25 14:06:14,2026-08-26 22:57:25,제공,제공,제공,부착,제공,미제공,제공,가능
3510500,503,6280000,28177,사용,U,2026-08-25 14:06:24,2026-08-26 22:57:25,제공,제공,제공,부착,제공,미제공,제공,가능
3510500,504,6280000,28177,사용,U,2026-08-25 14:06:34,2026-08-26 22:57:25,제공,제공,제공,부착,제공,미제공,제공,가능
3510500,505,6280000,28177,사용,U,2026-08-25 14:06:47,2026-08-26 22:57:25,제공,제공,제공,부착,제공,미제공,제공,가능
3510500,506,6280000,28177,사용,U,2026-08-25 14:06:55,2026-08-26 22:57:25,제공,제공,제공,부착,제공,미제공,제공,가능
3510500,507,6280000,28177,사용,U,2026-08-25 14:07:02,2026-08-26 22:57:25,제공,제공,제공,부착,제공,미제공,제공,가능
3510500,508,6280000,28177,사용,U,2026-08-25 14:09:00,2026-08-26 22:57:25,제공,제공,제공,부착,제공,미제공,제공,가능
3510500,509,6280000,28177,사용,U,2026-08-25 14:09:07,2026-08-26 22:57:25,제공,제공,제공,부착,제공,미제공,제공,가능
3510500,510,6280000,28177,사용,U,2026-08-25 14:09:15,2026-08-26 22:57:25,제공,제공,제공,부착,제공,미제공,제공,가능
3510500,511,6280000,28177,사용,U,2026-08-25 14:09:22,2026-08-26 22:57:25,제공,제공,제공,부착,제공,미제공,제공,가능
3510500,512,6280000,28177,사용,U,2026-08-25 14:09:29,2026-08-26 22:57:25,제공,제공,제공,부착,제공,미제공,제공,가능
3510500,513,6280000,28177,사용,U,2026-08-25 14:09:36,2026-08-26 22:57:25,제공,제공,제공,부착,제공,미제공,제공,가능
3510500,514,6280000,28177,사용,U,2026-08-25 13:44:44,2026-08-26 22:57:25,제공,제공,제공,부착,제공,미제공,제공,가능
3510500,515,6280000,28177,사용,U,2026-08-25 13:44:44,2026-08-26 22:57:25,제공,제공,제공,부착,제공,미제공,제공,가능
3510500,516,6280000,28177,사용,U,2026-08-25 14:09:53,2026-08-26 22:57:25,제공,제공,제공,부착,제공,미제공,제공,가능
3510500,517,6280000,28177,사용,U,2026-08-25 13:44:44,2026-08-26 22:57:25,제공,제공,제공,부착,제공,미제공,제공,가능
3520000,409,6280000,28185,사용,U,2026-08-14 11:12:32,2026-08-15 22:59:12,제공,제공,제공,부착,제공,미제공,제공,가능
3520000,410,6280000,28185,사용,U,2026-07-01 15:27:25,2026-07-02 22:59:02,제공,제공,제공,부착,제공,미제공,제공,가능
3520000,412,6280000,28185,사용,I,2026-01-27 15:45:51,2026-01-28 22:58:27,제공,제공,제공,부착,제공,미제공,제공,가능
3520000,506,6280000,28185,사용,U,2026-08-14 11:23:07,2026-08-15 22:59:12,제공,제공,제공,부착,제공,미제공,제공,가능
3520000,507,6280000,28185,사용,U,2026-08-14 11:23:51,2026-08-15 22:59:12,제공,제공,제공,부착,제공,미제공,제공,가능
3520000,508,6280000,28185,사용,U,2026-08-14 11:24:49,2026-08-15 22:59:12,제공,제공,제공,부착,제공,미제공,제공,가능
3520000,509,6280000,28185,사용,U,2026-08-10 19:49:25,2026-08-11 22:59:11,제공,제공,제공,부착,제공,미제공,제공,가능
3520000,510,6280000,28185,사용,U,2026-08-14 11:26:52,2026-08-15 22:59:12,제공,제공,제공,부착,제공,미제공,제공,가능
3520000,511,6280000,28185,사용,U,2026-08-27 15:54:55,2026-08-28 22:59:15,제공,제공,제공,부착,제공,미제공,제공,가능
3520000,512,6280000,28185,사용,U,2026-08-14 11:27:18,2026-08-15 22:59:12,제공,제공,제공,부착,제공,미제공,제공,가능
3520000,514,6280000,28185,사용,U,2026-08-14 11:27:52,2026-08-15 22:59:12,제공,제공,제공,부착,제공,미제공,제공,가능
3520000,515,6280000,28185,사용,U,2026-05-18 10:50:59,2026-05-19 03:03:03,제공,제공,제공,부착,제공,미제공,제공,가능
3520000,556,6280000,28185,사용,U,2026-09-01 11:26:58,2026-09-02 22:59:16,제공,제공,제공,부착,제공,미제공,제공,가능
3520000,557,6280000,28185,사용,U,2026-08-14 11:28:38,2026-08-15 22:59:12,제공,제공,제공,부착,제공,미제공,제공,가능
3520000,558,6280000,28185,사용,U,2026-08-14 11:28:51,2026-08-15 22:59:12,제공,제공,제공,부착,제공,미제공,제공,가능
3520000,559,6280000,28185,사용,U,2026-08-14 11:29:05,2026-08-15 22:59:12,제공,제공,제공,부착,제공,미제공,제공,가능
3520000,560,6280000,28185,사용,U,2026-08-14 11:29:20,2026-08-15 22:59:12,제공,제공,제공,부착,제공,미제공,제공,가능
3520000,561,6280000,28185,사용,U,2026-08-14 11:29:37,2026-08-15 22:59:12,제공,제공,제공,부착,제공,미제공,제공,가능
3520000,562,6280000,28185,사용,U,2026-08-14 11:29:54,2026-08-15 22:59:12,제공,제공,제공,부착,제공,미제공,제공,가능
3520000,563,6280000,28185,사용,U,2026-08-14 11:30:23,2026-08-15 22:59:12,제공,제공,제공,부착,제공,미제공,제공,가능
3520000,564,6280000,28185,사용,U,2026-06-22 17:10:36,2026-06-23 22:59:00,제공,제공,제공,부착,제공,미제공,제공,가능
3530000,501,6280000,28200,사용,U,2026-09-21 09:41:34,2026-09-22 22:59:47,제공,제공,제공,부착,제공,미제공,제공,가능
3530000,502,6280000,28200,사용,U,2026-09-21 09:41:34,2026-09-22 22:59:47,제공,제공,제공,부착,제공,미제공,제공,가능
3530000,503,6280000,28200,사용,U,2026-08-31 17:08:55,2026-09-01 22:59:41,제공,제공,제공,부착,제공,미제공,제공,가능
3530000,504,6280000,28200,사용,U,2026-09-21 09:41:34,2026-09-22 22:59:47,제공,제공,제공,부착,미제공,미제공,미제공,가능
3530000,505,6280000,28200,사용,U,2026-08-31 17:09:48,2026-09-01 22:59:41,제공,제공,제공,부착,제공,미제공,제공,가능
3530000,506,6280000,28200,사용,U,2026-09-21 09:41:34,2026-09-22 22:59:47,제공,제공,제공,부착,제공,미제공,제공,가능
3530000,507,6280000,28200,사용,U,2026-08-31 17:10:36,2026-09-01 22:59:41,제공,제공,제공,부착,제공,미제공,제공,가능
3530000,508,6280000,28200,사용,U,2026-08-31 12:13:41,2026-09-01 22:59:41,제공,제공,제공,부착,제공,미제공,제공,가능
3530000,509,6280000,28200,사용,U,2026-08-31 17:12:15,2026-09-01 22:59:41,제공,제공,제공,부착,제공,미제공,제공,가능
3530000,510,6280000,28200,사용,U,2026-08-31 17:18:57,2026-09-01 22:59:41,제공,제공,제공,부착,제공,미제공,제공,가능
3530000,511,6280000,28200,사용,U,2026-08-31 17:19:19,2026-09-01 22:59:41,제공,제공,제공,부착,제공,미제공,제공,가능
3530000,512,6280000,28200,사용,U,2026-08-31 17:14:35,2026-09-01 22:59:41,제공,제공,제공,부착,제공,미제공,제공,가능
3530000,513,6280000,28200,사용,U,2026-08-31 17:19:50,2026-09-01 22:59:41,제공,제공,제공,부착,제공,미제공,제공,가능
3530000,514,6280000,28200,사용,U,2026-08-31 17:20:04,2026-09-01 22:59:41,제공,제공,제공,부착,제공,미제공,제공,가능
3530000,515,6280000,28200,사용,U,2026-08-31 17:20:28,2026-09-01 22:59:41,제공,제공,제공,부착,제공,미제공,제공,가능
3530000,516,6280000,28200,사용,U,2026-08-31 17:16:49,2026-09-01 22:59:41,제공,제공,제공,부착,제공,미제공,제공,가능
3530000,517,6280000,28200,사용,U,2026-08-31 17:16:24,2026-09-01 22:59:41,제공,제공,제공,부착,제공,미제공,제공,가능
3530000,518,6280000,28200,사용,U,2026-08-31 17:21:04,2026-09-01 22:59:41,제공,제공,제공,부착,제공,미제공,제공,가능
3530000,519,6280000,28200,사용,U,2026-09-23 10:57:27,2026-09-24 22:59:48,제공,제공,제공,부착,제공,미제공,제공,가능
3530000,520,6280000,28200,사용,U,2026-08-31 17:22:08,2026-09-01 22:59:41,제공,제공,제공,부착,제공,미제공,제공,가능
3530000,521,6280000,28200,사용,U,2026-08-31 17:22:22,2026-09-01 22:59:41,제공,제공,제공,부착,제공,미제공,제공,가능
3530000,522,6280000,28200,사용,U,2026-08-31 17:22:31,2026-09-01 22:59:41,제공,제공,제공,부착,제공,미제공,제공,가능
3530000,523,6280000,28200,사용,U,2026-08-31 17:22:44,2026-09-01 22:59:41,제공,제공,제공,부착,제공,미제공,제공,가능
3530000,524,6280000,28200,사용,U,2026-08-31 17:23:02,2026-09-01 22:59:41,제공,제공,제공,부착,제공,미제공,제공,가능
3530000,525,6280000,28200,사용,U,2026-09-21 09:41:34,2026-09-22 22:59:47,제공,제공,제공,부착,제공,미제공,제공,가능
3530000,526,6280000,28200,사용,U,2026-09-21 09:41:34,2026-09-22 22:59:47,제공,제공,제공,부착,제공,미제공,제공,가능
3530000,527,6280000,28200,사용,U,2026-09-21 09:41:34,2026-09-22 22:59:47,제공,제공,제공,부착,제공,미제공,제공,가능
3530000,528,6280000,28200,사용,U,2026-09-21 14:30:36,2026-09-22 22:59:47,제공,제공,제공,부착,제공,미제공,제공,가능
3530000,529,6280000,28200,사용,U,2026-08-31 17:27:19,2026-09-01 22:59:41,제공,제공,제공,부착,제공,미제공,제공,가능
3530000,530,6280000,28200,사용,U,2026-08-31 17:28:19,2026-09-01 22:59:41,제공,제공,제공,부착,제공,미제공,제공,가능
3530000,531,6280000,28200,사용,U,2026-08-31 17:29:15,2026-09-01 22:59:41,제공,제공,제공,부착,제공,미제공,제공,가능
3530000,532,6280000,28200,사용,U,2026-09-21 09:41:34,2026-09-22 22:59:47,제공,제공,제공,부착,제공,미제공,제공,가능
3530000,533,6280000,28200,사용,U,2026-09-21 09:41:34,2026-09-22 22:59:47,제공,제공,제공,부착,제공,미제공,제공,가능
3540000,501,6280000,28237,사용,U,2026-08-31 11:54:07,2026-09-01 22:57:25,제공,제공,제공,부착,제공,제공,제공,가능
3540000,502,6280000,28237,사용,U,2026-08-31 11:54:33,2026-09-01 22:57:25,제공,제공,제공,부착,제공,미제공,제공,가능
3540000,503,6280000,28237,사용,U,2026-08-31 11:54:48,2026-09-01 22:57:25,제공,제공,제공,부착,제공,미제공,제공,가능
3540000,504,6280000,28237,사용,U,2026-08-31 11:55:02,2026-09-01 22:57:25,제공,제공,제공,부착,제공,제공,제공,가능
3540000,505,6280000,28237,사용,U,2026-08-31 11:55:22,2026-09-01 22:57:25,제공,제공,제공,부착,제공,미제공,제공,가능
3540000,506,6280000,28237,사용,U,2026-08-31 11:55:33,2026-09-01 22:57:25,제공,제공,제공,부착,제공,미제공,제공,가능
3540000,507,6280000,28237,사용,U,2026-08-31 11:55:47,2026-09-01 22:57:25,제공,제공,제공,부착,제공,미제공,제공,가능
3540000,508,6280000,28237,사용,U,2026-08-31 11:56:04,2026-09-01 22:57:25,제공,제공,제공,부착,제공,미제공,제공,가능
3540000,509,6280000,28237,사용,U,2026-08-31 11:56:15,2026-09-01 22:57:25,제공,제공,제공,부착,제공,미제공,제공,가능
3540000,510,6280000,28237,사용,U,2026-08-31 11:56:31,2026-09-01 22:57:25,제공,제공,제공,부착,제공,미제공,제공,가능
3540000,511,6280000,28237,사용,U,2026-08-31 11:56:44,2026-09-01 22:57:25,제공,제공,제공,부착,제공,미제공,제공,가능
3540000,512,6280000,28237,사용,U,2026-08-31 11:56:55,2026-09-01 22:57:25,제공,제공,제공,부착,제공,제공,제공,가능
3540000,513,6280000,28237,사용,U,2026-08-31 11:57:09,2026-09-01 22:57:25,제공,제공,제공,부착,제공,미제공,제공,가능
3540000,514,6280000,28237,사용,U,2026-08-31 11:57:18,2026-09-01 22:57:25,제공,제공,제공,부착,제공,미제공,제공,가능
3540000,515,6280000,28237,사용,U,2026-08-31 11:57:40,2026-09-01 22:57:25,제공,제공,제공,부착,제공,미제공,제공,가능
3540000,516,6280000,28237,사용,U,2026-08-31 11:57:53,2026-09-01 22:57:25,제공,제공,제공,부착,제공,미제공,제공,가능
3540000,517,6280000,28237,사용,U,2026-08-31 11:58:05,2026-09-01 22:57:25,제공,제공,제공,부착,제공,미제공,제공,가능
3540000,518,6280000,28237,사용,U,2026-08-31 11:58:22,2026-09-01 22:57:25,제공,제공,제공,부착,제공,미제공,제공,가능
3540000,519,6280000,28237,사용,U,2026-08-31 11:58:37,2026-09-01 22:57:25,제공,제공,제공,부착,제공,미제공,제공,가능
3540000,520,6280000,28237,사용,U,2026-08-31 11:58:46,2026-09-01 22:57:25,제공,제공,제공,부착,제공,미제공,제공,가능
3540000,521,6280000,28237,사용,U,2026-08-31 11:58:55,2026-09-01 22:57:25,제공,제공,제공,부착,제공,미제공,제공,가능
3540000,522,6280000,28237,사용,U,2026-08-31 11:59:04,2026-09-01 22:57:25,제공,제공,제공,부착,제공,미제공,제공,가능
3540000,523,6280000,28237,사용,U,2026-08-31 11:59:13,2026-09-01 22:57:25,제공,제공,제공,부착,제공,미제공,제공,가능
3550000,401,6280000,28245,사용,U,2026-07-30 12:22:50,2026-07-31 22:57:25,제공,제공,제공,부착,제공,미제공,제공,가능
3550000,402,6280000,28245,사용,U,2026-07-30 12:22:50,2026-07-31 22:57:25,제공,제공,제공,부착,제공,미제공,제공,불가능
3550000,403,6280000,28245,사용,U,2026-07-30 12:22:50,2026-07-31 22:57:25,제공,제공,제공,부착,제공,미제공,제공,가능
3550000,404,6280000,28245,사용,U,2026-07-30 12:22:50,2026-07-31 22:57:25,제공,제공,제공,부착,제공,미제공,제공,가능
3550000,405,6280000,28245,사용,U,2026-07-30 12:22:50,2026-07-31 22:57:25,제공,제공,제공,부착,제공,미제공,제공,가능
3550000,406,6280000,28245,사용,U,2026-08-24 10:53:21,2026-08-25 22:57:25,제공,제공,제공,부착,제공,미제공,제공,가능
3550000,407,6280000,28245,사용,U,2026-07-30 12:22:50,2026-07-31 22:57:25,제공,제공,제공,부착,제공,미제공,제공,가능
3550000,409,6280000,28245,사용,U,2026-07-30 12:22:50,2026-07-31 22:57:25,제공,제공,제공,부착,제공,미제공,제공,가능
3550000,410,6280000,28245,사용,U,2026-07-30 12:22:50,2026-07-31 22:57:25,제공,제공,제공,부착,제공,미제공,제공,불가능
3550000,411,6280000,28245,사용,U,2026-07-30 12:22:50,2026-07-31 22:57:25,제공,제공,제공,부착,제공,미제공,제공,가능
3550000,501,6280000,28245,사용,U,2026-07-30 09:48:57,2026-07-31 22:57:25,제공,제공,제공,부착,제공,미제공,제공,가능
3550000,502,6280000,28245,사용,I,2026-01-23 14:42:03,2026-01-24 22:57:25,제공,제공,제공,부착,제공,미제공,제공,가능
3550000,503,6280000,28245,사용,I,2026-01-23 14:44:01,2026-01-24 22:57:25,제공,제공,제공,부착,제공,미제공,제공,가능
3550000,504,6280000,28245,사용,U,2026-07-30 16:51:20,2026-07-31 22:57:25,제공,제공,제공,부착,제공,제공,제공,불가능
3550000,505,6280000,28245,사용,U,2026-07-31 11:29:03,2026-08-01 22:57:25,제공,제공,제공,부착,제공,제공,제공,불가능
3550000,506,6280000,28245,사용,U,2026-07-29 17:02:46,2026-07-30 22:57:25,제공,제공,제공,부착,제공,제공,제공,불가능
3550000,507,6280000,28245,사용,U,2026-07-30 16:52:26,2026-07-31 22:57:25,제공,제공,제공,부착,제공,미제공,제공,가능
3550000,508,6280000,28245,사용,I,2026-01-23 11:29:12,2026-01-24 22:57:25,제공,제공,제공,부착,제공,제공,제공,불가능
3550000,509,6280000,28245,사용,I,2026-01-23 11:34:54,2026-01-24 22:57:25,제공,제공,제공,부착,제공,제공,제공,불가능
3550000,510,6280000,28245,사용,I,2026-01-23 13:06:57,2026-01-24 22:57:25,제공,제공,제공,부착,제공,제공,제공,불가능
3550000,513,6280000,28245,사용,I,2026-01-23 13:09:11,2026-01-24 22:57:25,제공,제공,제공,부착,제공,제공,제공,불가능
3550000,514,6280000,28245,사용,I,2026-01-23 13:11:14,2026-01-24 22:57:25,제공,제공,제공,부착,제공,미제공,제공,가능
3550000,515,6280000,28245,사용,U,2026-07-30 12:22:50,2026-07-31 22:57:25,제공,제공,제공,부착,제공,제공,제공,불가능
3561000,403,6280000,28275,사용,U,2026-08-25 13:13:06,2026-08-26 22:57:25,제공,제공,제공,부착,제공,미제공,제공,가능
3561000,404,6280000,28275,사용,U,2026-07-08 14:48:17,2026-07-14 14:27:40,제공,제공,제공,부착,제공,미제공,제공,가능
3561000,406,6280000,28275,사용,U,2026-07-01 08:45:24,2026-07-14 14:27:40,제공,제공,제공,부착,제공,미제공,제공,가능
3561000,407,6280000,28275,사용,U,2026-07-01 08:45:46,2026-07-14 14:27:40,제공,제공,제공,부착,제공,미제공,제공,가능
3561000,408,6280000,28275,사용,U,2026-07-01 11:37:02,2026-07-14 14:27:40,제공,제공,제공,부착,제공,미제공,제공,불가능
3561000,409,6280000,28275,사용,U,2026-08-25 12:59:56,2026-08-26 22:57:25,제공,제공,제공,부착,제공,미제공,제공,가능
3561000,411,6280000,28260,사용,U,2026-08-25 13:01:59,2026-08-26 22:57:25,제공,제공,제공,부착,제공,미제공,제공,가능
3561000,415,6280000,28275,사용,U,2026-08-25 13:09:51,2026-08-26 22:57:25,제공,제공,제공,부착,제공,미제공,제공,가능
3561000,416,6280000,28275,사용,U,2026-08-25 13:10:03,2026-08-26 22:57:25,제공,제공,제공,부착,제공,미제공,제공,가능
3561000,418,6280000,28275,사용,U,2026-08-25 13:14:37,2026-08-26 22:57:25,제공,제공,제공,부착,제공,미제공,제공,가능
3561000,420,6280000,28275,사용,U,2026-08-25 13:15:03,2026-08-26 22:57:25,제공,제공,제공,부착,제공,미제공,제공,가능
3561000,501,6280000,28275,사용,U,2026-08-25 13:10:35,2026-08-26 22:57:25,제공,제공,제공,부착,제공,미제공,제공,가능
3561000,502,6280000,28275,사용,U,2026-07-02 20:01:19,2026-07-14 14:27:40,제공,제공,제공,부착,제공,미제공,제공,불가능
3561000,503,6280000,28275,사용,U,2026-07-02 20:01:19,2026-07-14 14:27:40,제공,제공,제공,부착,제공,미제공,제공,가능
3561000,504,6280000,28275,사용,U,2026-07-02 20:01:19,2026-07-14 14:27:40,제공,제공,제공,부착,제공,미제공,제공,불가능
3561000,506,6280000,28275,사용,U,2026-08-25 13:25:39,2026-08-26 22:57:25,제공,제공,제공,부착,제공,미제공,제공,가능
3561000,508,6280000,28275,사용,U,2026-08-25 13:11:07,2026-08-26 22:57:25,제공,제공,제공,부착,제공,미제공,제공,가능
3561000,509,6280000,28275,사용,U,2026-08-25 13:26:00,2026-08-26 22:57:25,제공,제공,제공,부착,제공,미제공,제공,가능
3561000,510,6280000,28275,사용,U,2026-08-25 13:11:27,2026-08-26 22:57:25,제공,제공,제공,부착,제공,미제공,제공,가능
3561000,513,6280000,28275,사용,U,2026-08-25 13:11:36,2026-08-26 22:57:25,제공,제공,제공,부착,제공,미제공,제공,가능
3561000,514,6280000,28275,사용,U,2026-08-25 13:11:55,2026-08-26 22:57:25,제공,제공,제공,부착,제공,미제공,제공,가능
3561000,516,6280000,28275,사용,U,2026-08-25 13:30:49,2026-08-26 22:57:25,제공,제공,제공,부착,제공,미제공,제공,가능
3561000,518,6280000,28275,사용,U,2026-08-25 13:12:12,2026-08-26 22:57:25,제공,제공,제공,부착,제공,미제공,제공,가능
3561000,519,6280000,28275,사용,U,2026-08-25 13:29:20,2026-08-26 22:57:25,제공,제공,제공,부착,제공,미제공,제공,가능
3561000,520,6280000,28275,사용,U,2026-08-25 13:29:25,2026-08-26 22:57:25,제공,제공,제공,부착,제공,미제공,제공,가능
3561000,522,6280000,28275,사용,U,2026-08-25 13:12:23,2026-08-26 22:57:25,제공,제공,제공,부착,제공,미제공,제공,가능
3565000,402,6280000,28260,사용,U,2026-09-17 10:40:52,2026-09-18 22:57:25,제공,제공,제공,부착,제공,제공,제공,불가능
3565000,405,6280000,28260,사용,U,2026-07-02 16:09:36,2026-07-03 22:57:25,제공,제공,제공,부착,제공,미제공,제공,불가능
3565000,410,6280000,28260,사용,U,2026-07-06 16:33:08,2026-07-07 22:57:25,제공,제공,제공,부착,제공,미제공,제공,불가능
3565000,412,6280000,28260,사용,U,2026-07-02 16:10:49,2026-07-03 22:57:25,제공,제공,제공,부착,제공,미제공,제공,불가능
3565000,413,6280000,28260,사용,U,2026-08-28 10:41:23,2026-08-29 22:57:25,제공,제공,제공,부착,제공,미제공,제공,불가능
3565000,417,6280000,28260,사용,U,2026-08-28 12:07:58,2026-08-29 22:57:25,제공,제공,제공,부착,제공,미제공,제공,가능
3565000,419,6280000,28260,사용,U,2026-08-28 08:37:37,2026-08-29 22:57:25,제공,제공,제공,부착,제공,미제공,제공,가능
3565000,505,6280000,28260,사용,U,2026-08-28 08:57:51,2026-08-29 22:57:25,제공,제공,제공,부착,제공,미제공,제공,가능
3565000,512,6280000,28260,사용,U,2026-08-27 20:20:47,2026-08-28 22:57:25,제공,제공,제공,부착,제공,미제공,제공,가능
3565000,515,6280000,28260,사용,U,2026-08-28 13:11:45,2026-08-29 22:57:25,제공,제공,제공,부착,제공,제공,제공,가능
3565000,517,6280000,28260,사용,U,2026-07-02 16:14:27,2026-07-03 22:57:25,제공,제공,제공,부착,제공,미제공,제공,불가능
3565000,521,6280000,28260,사용,U,2026-07-02 16:15:46,2026-07-03 22:57:25,제공,제공,제공,부착,제공,미제공,제공,불가능
3565000,550,6280000,28290,사용,I,2026-07-02 16:07:21,2026-07-03 22:57:25,제공,제공,제공,부착,제공,미제공,제공,가능
3570000,401,6280000,28710,사용,U,2026-09-21 17:26:48,2026-09-22 22:57:25,제공,제공,제공,부착,제공,제공,제공,가능
3570000,402,6280000,28710,사용,U,2026-08-18 16:36:18,2026-08-19 22:57:25,제공,제공,제공,부착,제공,제공,제공,가능
3570000,403,6280000,28710,사용,U,2026-05-28 15:59:12,2026-05-29 03:03:03,제공,제공,제공,부착,제공,제공,제공,가능
3570000,404,6280000,28710,사용,U,2026-08-27 15:04:56,2026-08-28 22:57:25,제공,제공,제공,부착,제공,미제공,제공,가능
3570000,405,6280000,28710,사용,U,2026-08-27 15:05:43,2026-08-28 22:57:25,제공,제공,제공,부착,제공,미제공,제공,가능
3570000,406,6280000,28710,사용,U,2026-08-27 15:05:57,2026-08-28 22:57:25,제공,제공,제공,부착,제공,미제공,제공,가능
3570000,407,6280000,28710,사용,U,2026-08-27 15:06:19,2026-08-28 22:57:25,제공,제공,제공,부착,제공,미제공,제공,가능
3570000,408,6280000,28710,사용,U,2026-08-27 15:06:54,2026-08-28 22:57:25,제공,제공,제공,부착,제공,미제공,제공,가능
3570000,409,6280000,28710,사용,U,2026-08-27 15:09:26,2026-08-28 22:57:25,제공,제공,제공,부착,제공,미제공,제공,가능
3570000,410,6280000,28710,사용,U,2026-08-27 15:12:52,2026-08-28 22:57:25,제공,제공,제공,부착,제공,미제공,제공,가능
3570000,411,6280000,28710,사용,U,2026-08-27 15:01:07,2026-08-28 22:57:25,제공,제공,제공,부착,제공,제공,제공,가능
3570000,412,6280000,28710,사용,U,2026-08-27 15:01:36,2026-08-28 22:57:25,제공,제공,제공,부착,제공,미제공,제공,가능
3570000,413,6280000,28710,사용,U,2026-08-27 15:02:04,2026-08-28 22:57:25,제공,제공,제공,부착,제공,미제공,제공,가능
3570000,414,6280000,28710,사용,U,2026-08-27 15:02:40,2026-08-28 22:57:25,제공,제공,제공,부착,제공,미제공,제공,가능
3570000,415,6280000,28710,사용,U,2026-04-20 12:42:00,2026-04-21 03:03:03,제공,제공,제공,부착,제공,미제공,제공,가능
3570000,416,6280000,28710,사용,U,2026-08-26 11:25:19,2026-08-27 22:57:25,제공,제공,제공,부착,제공,미제공,제공,가능
3570000,417,6280000,28710,사용,U,2026-08-27 15:11:57,2026-08-28 22:57:25,제공,제공,제공,부착,제공,제공,제공,가능
3580000,501,6280000,28170,사용,I,2025-10-16 15:25:59,2026-01-16 18:37:03,제공,제공,제공,부착,제공,제공,제공,가능
3580000,502,6280000,28720,사용,I,2026-03-10 13:43:31,2026-03-11 23:07:39,제공,제공,제공,부착,제공,미제공,제공,가능
3580000,503,6280000,28720,사용,I,2025-10-16 15:29:00,2026-01-16 18:37:03,제공,제공,제공,부착,제공,미제공,제공,가능
3580000,504,6280000,28720,사용,I,2025-10-16 15:36:07,2026-01-16 18:37:03,제공,제공,제공,부착,제공,미제공,제공,가능
3580000,505,6280000,28720,사용,I,2025-10-16 15:39:13,2026-01-16 18:37:03,제공,제공,제공,부착,제공,미제공,제공,가능
3580000,506,6280000,28720,사용,U,2026-08-04 09:23:33,2026-08-05 22:57:25,제공,제공,제공,부착,제공,미제공,제공,불가능
3580000,507,6280000,28720,사용,U,2026-08-25 10:02:16,2026-08-26 22:57:25,제공,제공,제공,부착,제공,제공,제공,가능
3580000,508,6280000,28720,사용,I,2025-10-16 15:41:47,2026-01-16 18:37:03,제공,제공,제공,부착,제공,미제공,제공,가능
3580000,509,6280000,28720,사용,I,2026-03-10 13:43:31,2026-03-11 23:07:39,제공,제공,제공,부착,제공,미제공,제공,가능
3580000,510,6280000,28720,사용,I,2026-02-25 16:29:12,2026-02-26 22:57:29,제공,제공,제공,부착,제공,미제공,제공,가능
3640000,401,6300000,30110,사용,U,2026-09-28 14:04:57,2026-09-29 22:27:25,제공,제공,제공,부착,제공,제공,제공,가능
3640000,402,6300000,30110,사용,U,2026-09-28 14:04:57,2026-09-29 22:27:25,제공,제공,제공,부착,제공,제공,제공,가능
3640000,403,6300000,30110,사용,U,2026-09-28 14:04:57,2026-09-29 22:27:25,제공,제공,제공,부착,제공,미제공,제공,가능
3640000,404,6300000,30110,사용,U,2026-09-28 14:04:57,2026-09-29 22:27:25,제공,제공,제공,부착,제공,제공,제공,가능
3640000,405,6300000,30110,사용,U,2026-09-28 14:04:57,2026-09-29 22:27:25,제공,제공,제공,부착,제공,제공,제공,가능
3640000,406,6300000,30110,사용,U,2026-09-28 14:04:57,2026-09-29 22:27:25,제공,제공,제공,부착,제공,제공,제공,가능
3640000,407,6300000,30110,사용,U,2026-09-28 14:04:57,2026-09-29 22:27:25,제공,제공,제공,부착,제공,미제공,제공,가능
3640000,408,6300000,30110,사용,U,2026-09-28 14:04:57,2026-09-29 22:27:25,제공,제공,제공,부착,제공,미제공,제공,가능
3640000,409,6300000,30110,사용,U,2026-09-28 14:04:57,2026-09-29 22:27:25,제공,제공,제공,부착,제공,미제공,제공,가능
3640000,410,6300000,30110,사용,U,2026-09-28 14:04:57,2026-09-29 22:27:25,제공,제공,제공,부착,제공,제공,제공,가능
3640000,411,6300000,30110,사용,U,2026-09-28 14:04:57,2026-09-29 22:27:25,제공,제공,제공,부착,제공,제공,제공,가능
3640000,413,6300000,30110,사용,U,2026-09-28 14:04:57,2026-09-29 22:27:25,제공,제공,제공,부착,제공,제공,제공,가능
3640000,414,6300000,30110,사용,U,2026-09-28 14:04:57,2026-09-29 22:27:25,제공,제공,제공,부착,제공,미제공,제공,가능
3640000,415,6300000,30110,사용,U,2026-09-28 14:04:57,2026-09-29 22:27:25,제공,제공,제공,부착,제공,제공,제공,가능
3640000,416,6300000,30110,사용,U,2026-09-28 14:04:57,2026-09-29 22:27:25,제공,제공,제공,부착,제공,제공,제공,가능
3640000,417,6300000,30110,사용,U,2026-09-28 14:04:57,2026-09-29 22:27:25,제공,제공,제공,부착,제공,미제공,제공,가능
3640000,418,6300000,30110,사용,U,2026-09-28 14:04:57,2026-09-29 22:27:25,제공,제공,제공,부착,제공,제공,제공,가능
3640000,419,6300000,30110,사용,U,2026-09-28 14:04:57,2026-09-29 22:27:25,제공,제공,제공,부착,제공,미제공,제공,가능
3640000,420,6300000,30110,사용,U,2026-09-28 14:04:57,2026-09-29 22:27:25,제공,제공,제공,부착,제공,제공,제공,가능
3640000,421,6300000,30110,사용,U,2026-09-28 14:04:57,2026-09-29 22:27:25,제공,제공,제공,부착,제공,제공,제공,가능
3640000,422,6300000,30110,사용,U,2026-09-28 14:04:57,2026-09-29 22:27:25,제공,제공,제공,부착,제공,제공,제공,가능
3650000,403,6300000,30140,사용,U,2026-08-30 12:20:11,2026-08-31 22:27:25,제공,제공,제공,부착,제공,미제공,제공,불가능
3650000,405,6300000,30140,사용,U,2026-08-30 12:20:11,2026-08-31 22:27:25,제공,제공,제공,부착,제공,미제공,제공,불가능
3650000,406,6300000,30140,사용,U,2026-08-30 12:20:11,2026-08-31 22:27:25,제공,제공,제공,부착,제공,미제공,제공,불가능
3650000,409,6300000,30140,사용,U,2026-08-30 12:20:11,2026-08-31 22:27:25,제공,제공,제공,부착,제공,미제공,제공,불가능
3650000,412,6300000,30140,사용,U,2026-08-30 12:20:11,2026-08-31 22:27:25,제공,제공,제공,부착,제공,미제공,제공,불가능
3650000,413,6300000,30140,사용,U,2026-08-30 12:20:11,2026-08-31 22:27:25,제공,제공,제공,부착,제공,미제공,제공,불가능
3650000,414,6300000,30140,사용,U,2026-08-30 12:20:11,2026-08-31 22:27:25,제공,제공,제공,부착,제공,미제공,제공,불가능
3650000,419,6300000,30140,사용,U,2026-08-30 12:20:11,2026-08-31 22:27:25,제공,제공,제공,부착,제공,미제공,제공,불가능
3650000,421,6300000,30140,사용,U,2026-08-30 12:20:11,2026-08-31 22:27:25,제공,제공,제공,부착,제공,미제공,제공,불가능
3650000,422,6300000,30140,사용,U,2026-08-30 12:20:11,2026-08-31 22:27:25,제공,제공,제공,부착,제공,미제공,제공,불가능
3650000,424,6300000,30140,사용,U,2026-08-30 12:20:11,2026-08-31 22:27:25,제공,제공,제공,부착,제공,미제공,제공,불가능
3650000,425,6300000,30140,사용,U,2026-08-30 12:20:11,2026-08-31 22:27:25,제공,제공,제공,부착,제공,미제공,제공,불가능
3650000,426,6300000,30140,사용,U,2026-08-30 12:20:11,2026-08-31 22:27:25,제공,제공,제공,부착,제공,미제공,제공,가능
3660000,101,6300000,30170,사용,U,2026-05-07 10:37:04,2026-05-08 03:03:03,제공,제공,제공,부착,제공,미제공,제공,가능
3660000,401,6300000,30170,사용,U,2026-05-07 10:37:12,2026-05-08 03:03:03,제공,제공,제공,부착,제공,미제공,제공,가능
3660000,403,6300000,30170,사용,U,2026-05-07 10:37:19,2026-05-08 03:03:03,제공,제공,제공,부착,제공,미제공,제공,가능
3660000,404,6300000,30170,사용,U,2026-05-07 10:37:27,2026-05-08 03:03:03,제공,제공,제공,부착,제공,미제공,제공,가능
3660000,405,6300000,30170,사용,U,2026-05-07 10:37:33,2026-05-08 03:03:03,제공,제공,제공,부착,제공,미제공,제공,가능
3660000,406,6300000,30170,사용,U,2026-05-07 10:37:40,2026-05-08 03:03:03,제공,제공,제공,부착,제공,미제공,제공,가능
3660000,407,6300000,30170,사용,U,2026-05-07 10:37:47,2026-05-08 03:03:03,제공,제공,제공,부착,제공,미제공,제공,가능
3660000,408,6300000,30170,사용,U,2026-08-19 09:59:45,2026-08-20 22:28:10,제공,제공,제공,부착,제공,미제공,제공,가능
3660000,409,6300000,30170,사용,U,2026-05-07 10:38:01,2026-05-08 03:03:03,제공,제공,제공,부착,제공,미제공,제공,가능
3660000,410,6300000,30170,사용,U,2026-05-07 10:38:08,2026-05-08 03:03:03,제공,제공,제공,부착,제공,미제공,제공,가능
3660000,411,6300000,30170,사용,U,2026-05-07 10:38:15,2026-05-08 03:03:03,제공,제공,제공,부착,제공,미제공,제공,가능
3660000,412,6300000,30170,사용,U,2026-05-07 10:38:22,2026-05-08 03:03:03,제공,제공,제공,부착,제공,미제공,제공,가능
3660000,413,6300000,30170,사용,U,2026-05-07 10:38:31,2026-05-08 03:03:03,제공,제공,제공,부착,제공,미제공,제공,가능
3660000,414,6300000,30170,사용,U,2026-05-07 10:38:37,2026-05-08 03:03:03,제공,제공,제공,부착,제공,미제공,제공,가능
3660000,415,6300000,30170,사용,U,2026-05-07 10:38:43,2026-05-08 03:03:03,제공,제공,제공,부착,제공,미제공,제공,가능
3660000,416,6300000,30170,사용,U,2026-05-07 10:38:50,2026-05-08 03:03:03,제공,제공,제공,부착,제공,미제공,제공,가능
3660000,417,6300000,30170,사용,U,2026-05-07 10:38:56,2026-05-08 03:03:03,제공,제공,제공,부착,제공,미제공,제공,가능
3660000,418,6300000,30170,사용,U,2026-05-07 10:39:06,2026-05-08 03:03:03,제공,제공,제공,부착,제공,미제공,제공,가능
3660000,419,6300000,30170,사용,U,2026-05-07 10:39:12,2026-05-08 03:03:03,제공,제공,제공,부착,제공,미제공,제공,가능
3660000,420,6300000,30170,사용,U,2026-05-07 10:39:18,2026-05-08 03:03:03,제공,제공,제공,부착,제공,미제공,제공,가능
3660000,421,6300000,30170,사용,U,2026-05-07 10:39:25,2026-05-08 03:03:03,제공,제공,제공,부착,제공,미제공,제공,가능
3660000,422,6300000,30170,사용,U,2026-05-07 10:39:33,2026-05-08 03:03:03,제공,제공,제공,부착,제공,미제공,제공,가능
3660000,423,6300000,30170,사용,U,2026-05-07 10:39:38,2026-05-08 03:03:03,제공,제공,제공,부착,제공,미제공,제공,가능
3660000,424,6300000,30170,사용,U,2026-05-07 10:39:44,2026-05-08 03:03:03,제공,제공,제공,부착,제공,미제공,제공,가능
3660000,425,6300000,30170,사용,U,2026-05-07 10:39:50,2026-05-08 03:03:03,제공,제공,제공,부착,제공,미제공,제공,가능
3660000,426,6300000,30170,사용,U,2026-05-07 10:39:57,2026-05-08 03:03:03,제공,제공,제공,부착,제공,미제공,제공,가능
3660000,427,6300000,30170,사용,U,2026-05-07 10:40:05,2026-05-08 03:03:03,제공,제공,제공,부착,제공,미제공,제공,가능
3660000,428,6300000,30170,사용,U,2026-05-07 10:40:13,2026-05-08 03:03:03,제공,제공,제공,부착,제공,미제공,제공,가능
3660000,429,6300000,30170,사용,U,2026-05-07 10:40:20,2026-05-08 03:03:03,제공,제공,제공,부착,제공,미제공,제공,가능
3660000,431,6300000,30170,사용,U,2026-05-07 10:40:28,2026-05-08 03:03:03,제공,제공,제공,부착,제공,미제공,제공,가능
3660000,432,6300000,30170,사용,U,2026-05-07 10:40:35,2026-05-08 03:03:03,제공,제공,제공,부착,제공,미제공,제공,가능
3660000,433,6300000,30170,사용,U,2026-05-07 10:40:41,2026-05-08 03:03:03,제공,제공,제공,부착,제공,미제공,제공,가능
3660000,434,6300000,30170,사용,U,2026-05-07 10:40:48,2026-05-08 03:03:03,제공,제공,제공,부착,제공,미제공,제공,가능
3660000,435,6300000,30170,사용,U,2026-05-07 10:40:54,2026-05-08 03:03:03,제공,제공,제공,부착,제공,미제공,제공,가능
3660000,436,6300000,30170,사용,U,2026-05-07 10:40:59,2026-05-08 03:03:03,제공,제공,제공,부착,제공,미제공,제공,가능
3660000,437,6300000,30170,사용,U,2026-05-07 10:41:05,2026-05-08 03:03:03,제공,제공,제공,부착,제공,미제공,제공,가능
3660000,438,6300000,30170,사용,U,2026-05-07 10:41:11,2026-05-08 03:03:03,제공,제공,제공,부착,제공,미제공,제공,가능
3660000,439,6300000,30170,사용,U,2026-05-07 10:41:19,2026-05-08 03:03:03,제공,제공,제공,부착,제공,미제공,제공,가능
3660000,440,6300000,30170,사용,U,2026-05-07 10:41:24,2026-05-08 03:03:03,제공,제공,제공,부착,제공,미제공,제공,가능
3660000,441,6300000,30170,사용,I,2026-01-23 15:02:01,2026-01-24 22:27:26,제공,제공,제공,부착,제공,제공,제공,가능
3660000,442,6300000,30170,사용,I,2026-01-23 15:02:12,2026-01-24 22:27:26,제공,제공,제공,부착,제공,제공,제공,가능
3660000,443,6300000,30170,사용,I,2026-01-23 15:02:24,2026-01-24 22:27:26,제공,제공,제공,부착,제공,제공,제공,가능
3660000,444,6300000,30170,사용,I,2026-01-23 15:02:36,2026-01-24 22:27:26,제공,제공,제공,부착,제공,제공,제공,가능
3670000,401,6300000,30200,사용,U,2026-05-15 09:34:57,2026-05-16 03:03:03,제공,제공,제공,부착,제공,제공,제공,가능
3670000,402,6300000,30200,사용,U,2026-05-14 17:36:52,2026-05-15 03:03:03,제공,제공,제공,부착,제공,미제공,제공,가능
3670000,403,6300000,30200,사용,U,2026-05-14 17:37:17,2026-05-15 03:03:03,제공,제공,제공,부착,제공,미제공,제공,가능
3670000,407,6300000,30200,사용,U,2026-05-15 09:47:13,2026-05-16 03:03:03,제공,제공,제공,부착,제공,제공,제공,가능
3670000,408,6300000,30200,사용,U,2026-05-14 17:38:35,2026-05-15 03:03:03,제공,제공,제공,부착,제공,미제공,제공,가능
3670000,409,6300000,30200,사용,U,2026-05-15 09:47:47,2026-05-16 03:03:03,제공,제공,제공,부착,제공,미제공,제공,가능
3670000,410,6300000,30200,사용,U,2026-05-14 17:40:22,2026-05-15 03:03:03,제공,제공,제공,부착,제공,제공,제공,가능
3670000,414,6300000,30200,사용,U,2026-05-15 09:50:18,2026-05-16 03:03:03,제공,제공,제공,부착,제공,제공,제공,가능
3670000,415,6300000,30200,사용,U,2026-05-14 17:41:03,2026-05-15 03:03:03,제공,제공,제공,부착,제공,미제공,제공,가능
3670000,416,6300000,30200,사용,U,2026-05-15 09:51:03,2026-05-16 03:03:03,제공,제공,제공,부착,제공,제공,제공,가능
3670000,417,6300000,30200,사용,U,2026-05-15 09:51:19,2026-05-16 03:03:03,제공,제공,제공,부착,제공,제공,제공,가능
3670000,418,6300000,30200,사용,U,2026-05-15 09:51:36,2026-05-16 03:03:03,제공,제공,제공,부착,제공,제공,제공,가능
3670000,419,6300000,30200,사용,U,2026-05-15 09:52:11,2026-05-16 03:03:03,제공,제공,제공,부착,제공,제공,제공,가능
3670000,420,6300000,30200,사용,U,2026-05-15 09:52:44,2026-05-16 03:03:03,제공,제공,제공,부착,제공,제공,제공,가능
3670000,421,6300000,30200,사용,U,2026-05-15 09:53:03,2026-05-16 03:03:03,제공,제공,제공,부착,제공,제공,제공,가능
3670000,422,6300000,30200,사용,U,2026-05-15 09:53:40,2026-05-16 03:03:03,제공,제공,제공,부착,제공,제공,제공,가능
3670000,423,6300000,30200,사용,U,2026-05-14 17:44:23,2026-05-15 03:03:03,제공,제공,제공,부착,제공,제공,제공,가능
3670000,424,6300000,30200,사용,U,2026-05-15 09:53:50,2026-05-16 03:03:03,제공,제공,제공,부착,제공,제공,제공,가능
3670000,425,6300000,30200,사용,U,2026-05-15 09:56:09,2026-05-16 03:03:03,제공,제공,제공,부착,제공,제공,제공,가능
3670000,426,6300000,30200,사용,U,2026-05-15 09:56:30,2026-05-16 03:03:03,제공,제공,제공,부착,제공,제공,제공,가능
3670000,427,6300000,30200,사용,U,2026-05-15 09:56:48,2026-05-16 03:03:03,제공,제공,제공,부착,제공,제공,제공,가능
3670000,501,6300000,30200,사용,U,2026-05-15 09:57:06,2026-05-16 03:03:03,제공,제공,제공,부착,제공,미제공,제공,가능
3670000,502,6300000,30200,사용,U,2026-05-14 17:46:51,2026-05-15 03:03:03,제공,제공,제공,부착,제공,제공,제공,가능
3670000,503,6300000,30200,사용,U,2026-05-15 09:57:36,2026-05-16 03:03:03,제공,제공,제공,부착,제공,제공,제공,가능
3670000,507,6300000,30200,사용,U,2026-05-15 09:58:32,2026-05-16 03:03:03,제공,제공,제공,부착,제공,미제공,제공,가능
3670000,509,6300000,30200,사용,U,2026-05-15 09:59:03,2026-05-16 03:03:03,제공,제공,제공,부착,제공,미제공,제공,가능
3680000,401,6300000,30230,사용,U,2026-06-22 15:56:34,2026-06-23 22:27:25,제공,제공,제공,부착,제공,미제공,제공,가능
3680000,402,6300000,30230,사용,U,2026-09-01 10:46:59,2026-09-02 22:27:25,제공,제공,제공,부착,제공,미제공,제공,가능
3680000,405,6300000,30230,사용,U,2026-09-01 10:47:14,2026-09-02 22:27:25,제공,제공,제공,부착,제공,미제공,제공,가능
3680000,406,6300000,30230,사용,U,2026-09-01 10:47:19,2026-09-02 22:27:25,제공,제공,제공,부착,제공,미제공,제공,가능
3680000,407,6300000,30230,사용,U,2026-09-01 10:47:25,2026-09-02 22:27:25,제공,제공,제공,부착,제공,미제공,제공,가능
3680000,408,6300000,30230,사용,U,2026-09-01 10:47:31,2026-09-02 22:27:25,제공,제공,제공,부착,제공,미제공,제공,가능
3680000,409,6300000,30230,사용,U,2026-09-01 10:47:37,2026-09-02 22:27:25,제공,제공,제공,부착,제공,미제공,제공,가능
3680000,410,6300000,30230,사용,U,2026-09-01 10:47:42,2026-09-02 22:27:25,제공,제공,제공,부착,제공,미제공,제공,가능
3680000,411,6300000,30230,사용,U,2026-09-01 10:47:47,2026-09-02 22:27:25,제공,제공,제공,부착,제공,미제공,제공,가능
3680000,412,6300000,30230,사용,I,2026-01-27 10:46:37,2026-04-29 22:33:05,제공,제공,제공,부착,제공,미제공,제공,가능
3680000,413,6300000,30230,사용,U,2026-09-01 10:47:54,2026-09-02 22:27:25,제공,제공,제공,부착,제공,제공,제공,가능
3680000,414,6300000,30230,사용,U,2026-09-01 10:47:59,2026-09-02 22:27:25,제공,제공,제공,부착,제공,미제공,제공,가능
3680000,415,6300000,30230,사용,U,2026-09-01 10:45:43,2026-09-02 22:27:25,제공,제공,제공,부착,제공,미제공,제공,가능
3680000,416,6300000,30230,사용,U,2026-09-01 10:48:06,2026-09-02 22:27:25,제공,제공,제공,부착,제공,미제공,제공,가능
3680000,417,6300000,30230,사용,U,2026-09-01 10:48:12,2026-09-02 22:27:25,제공,제공,제공,부착,제공,미제공,제공,가능
3680000,418,6300000,30230,사용,U,2026-09-01 10:48:18,2026-09-02 22:27:25,제공,제공,제공,부착,제공,미제공,제공,가능
3680000,420,6300000,30230,사용,U,2026-09-01 10:48:26,2026-09-02 22:27:25,제공,제공,제공,부착,제공,미제공,제공,가능
3690000,401,6310000,31110,사용,U,2026-07-28 14:18:05,2026-07-29 22:57:19,제공,제공,제공,부착,제공,미제공,제공,가능
3690000,402,6310000,31110,사용,U,2026-07-28 09:30:46,2026-07-29 22:57:19,제공,제공,제공,부착,제공,제공,제공,가능
3690000,403,6310000,31110,사용,U,2026-08-21 16:56:09,2026-08-22 22:57:15,제공,제공,제공,부착,제공,미제공,제공,가능
3690000,404,6310000,31110,사용,I,2026-03-13 15:42:18,2026-03-14 22:57:34,제공,제공,제공,부착,제공,미제공,제공,가능
3690000,405,6310000,31110,사용,U,2026-07-28 09:55:58,2026-07-29 22:57:19,제공,제공,제공,부착,제공,제공,제공,가능
3690000,406,6310000,31110,사용,U,2026-08-21 16:56:37,2026-08-22 22:57:15,제공,제공,제공,부착,제공,미제공,제공,가능
3690000,407,6310000,31110,사용,U,2026-09-10 11:01:50,2026-09-11 22:57:14,제공,제공,제공,부착,제공,미제공,제공,가능
3690000,408,6310000,31110,사용,U,2026-09-10 11:02:19,2026-09-11 22:57:14,제공,제공,제공,부착,제공,미제공,제공,가능
3690000,409,6310000,31110,사용,U,2026-08-21 16:56:57,2026-08-22 22:57:15,제공,제공,제공,부착,제공,미제공,제공,가능
3690000,410,6310000,31110,사용,U,2026-08-21 16:57:03,2026-08-22 22:57:15,제공,제공,제공,부착,제공,미제공,제공,가능
3690000,411,6310000,31110,사용,U,2026-08-21 16:57:12,2026-08-22 22:57:15,제공,제공,제공,부착,제공,미제공,제공,가능
3690000,412,6310000,31110,사용,U,2026-08-21 16:57:21,2026-08-22 22:57:15,제공,제공,제공,부착,제공,미제공,제공,가능
3690000,413,6310000,31110,사용,I,2026-03-13 15:41:53,2026-03-14 22:57:34,제공,제공,제공,부착,제공,미제공,제공,가능
3690000,414,6310000,31110,사용,U,2026-08-21 16:57:31,2026-08-22 22:57:15,제공,제공,제공,부착,제공,미제공,제공,가능
3690000,416,6310000,31110,사용,U,2026-04-20 12:42:53,2026-04-21 03:03:03,제공,제공,제공,부착,제공,제공,제공,가능
3690000,417,6310000,31110,사용,U,2026-07-28 11:22:43,2026-07-29 22:57:19,제공,제공,제공,부착,제공,제공,제공,가능
3690000,418,6310000,31110,사용,I,2026-01-27 11:07:13,2026-01-28 22:57:26,제공,제공,제공,부착,제공,제공,제공,가능
3690000,501,6310000,31110,사용,U,2026-07-28 09:57:06,2026-07-29 22:57:19,제공,제공,제공,부착,제공,제공,제공,가능
3690000,502,6310000,31110,사용,U,2026-07-28 09:57:30,2026-07-29 22:57:19,제공,제공,제공,부착,제공,제공,제공,가능
3700000,405,6310000,31140,사용,U,2026-09-30 08:17:36,2026-10-01 22:57:25,제공,제공,제공,부착,제공,미제공,제공,가능
3700000,406,6310000,31140,사용,U,2026-09-30 08:17:36,2026-10-01 22:57:25,제공,제공,제공,부착,제공,미제공,제공,가능
3700000,407,6310000,31140,사용,U,2026-09-30 08:17:36,2026-10-01 22:57:25,제공,제공,제공,부착,제공,미제공,제공,불가능
3700000,501,6310000,31140,사용,U,2026-09-30 08:17:36,2026-10-01 22:57:25,제공,제공,제공,부착,제공,미제공,제공,가능
3700000,502,6310000,31140,사용,U,2026-09-30 08:17:36,2026-10-01 22:57:25,제공,제공,제공,부착,제공,미제공,제공,가능
3700000,503,6310000,31140,사용,U,2026-09-30 08:17:36,2026-10-01 22:57:25,제공,제공,제공,부착,제공,미제공,제공,가능
3700000,504,6310000,31140,사용,U,2026-09-30 08:17:36,2026-10-01 22:57:25,제공,제공,제공,부착,제공,미제공,제공,가능
3700000,505,6310000,31140,사용,U,2026-09-30 08:17:36,2026-10-01 22:57:25,제공,제공,제공,부착,제공,미제공,제공,가능
3700000,506,6310000,31140,사용,U,2026-09-30 08:17:36,2026-10-01 22:57:25,제공,제공,제공,부착,제공,미제공,제공,가능
3700000,508,6310000,31140,사용,U,2026-09-30 08:17:36,2026-10-01 22:57:25,제공,제공,제공,부착,제공,미제공,제공,가능
3700000,509,6310000,31140,사용,U,2026-09-30 08:17:36,2026-10-01 22:57:25,제공,제공,제공,부착,제공,미제공,제공,불가능
3700000,510,6310000,31140,사용,U,2026-09-30 08:17:36,2026-10-01 22:57:25,제공,제공,제공,부착,제공,미제공,제공,불가능
3700000,511,6310000,31140,사용,U,2026-08-05 10:44:00,2026-08-06 22:57:25,제공,제공,제공,부착,제공,미제공,제공,가능
3700000,512,6310000,31140,사용,U,2026-09-01 10:13:57,2026-09-02 22:57:25,제공,제공,제공,부착,제공,미제공,제공,가능
3700000,513,6310000,31140,사용,U,2026-07-02 09:17:47,2026-07-03 22:57:25,제공,제공,제공,부착,제공,미제공,제공,가능
3700000,514,6310000,31140,사용,I,2026-01-26 15:55:10,2026-04-05 22:57:49,제공,제공,제공,부착,제공,미제공,제공,불가능
3700000,515,6310000,31140,사용,U,2026-07-02 09:11:39,2026-07-03 22:57:25,제공,제공,제공,부착,제공,미제공,제공,가능
3700000,516,6310000,31140,사용,U,2026-07-02 09:11:49,2026-07-03 22:57:25,제공,제공,제공,부착,제공,미제공,제공,가능
3700000,517,6310000,31140,사용,U,2026-07-13 13:25:28,2026-07-14 22:57:25,제공,제공,제공,부착,제공,미제공,제공,가능
3700000,518,6310000,31140,사용,U,2026-06-22 09:16:49,2026-06-23 22:57:25,제공,제공,제공,부착,제공,미제공,제공,가능
3700000,519,6310000,31140,사용,U,2026-06-22 09:16:53,2026-06-23 22:57:25,제공,제공,제공,부착,제공,미제공,제공,가능
3700000,520,6310000,31140,사용,U,2026-06-22 09:16:58,2026-06-23 22:57:25,제공,제공,제공,부착,제공,미제공,제공,가능
3700000,521,6310000,31140,사용,U,2026-09-29 17:08:20,2026-09-30 22:57:25,제공,제공,제공,부착,제공,미제공,제공,가능
3700000,522,6310000,31140,사용,U,2026-08-05 10:44:24,2026-08-06 22:57:25,제공,제공,제공,부착,제공,미제공,제공,가능
3700000,523,6310000,31140,사용,U,2026-06-22 09:17:28,2026-06-23 22:57:25,제공,제공,제공,부착,제공,미제공,제공,가능
3700000,524,6310000,31140,사용,U,2026-06-22 09:17:49,2026-06-23 22:57:25,제공,제공,제공,부착,제공,미제공,제공,가능
3700000,525,6310000,31140,사용,U,2026-09-29 16:13:02,2026-09-30 22:57:25,제공,제공,제공,부착,제공,미제공,제공,가능
3700000,526,6310000,31140,사용,U,2026-09-30 08:17:36,2026-10-01 22:57:25,제공,제공,제공,부착,제공,미제공,제공,가능
3700000,527,6310000,31140,사용,U,2026-09-30 08:17:36,2026-10-01 22:57:25,제공,제공,제공,부착,제공,미제공,제공,가능
3700000,528,6310000,31140,사용,U,2026-07-02 09:11:27,2026-07-03 22:57:25,제공,제공,제공,부착,제공,미제공,제공,가능
3700000,529,6310000,31140,사용,U,2026-09-30 08:17:36,2026-10-01 22:57:25,제공,제공,제공,부착,제공,미제공,제공,가능
3700000,530,6310000,31140,사용,U,2026-09-30 08:17:36,2026-10-01 22:57:25,제공,제공,제공,부착,제공,미제공,제공,불가능
3700000,531,6310000,31140,사용,U,2026-08-19 11:15:53,2026-08-20 22:57:25,제공,제공,제공,부착,제공,미제공,제공,가능
3700000,532,6310000,31140,사용,U,2026-09-30 08:17:36,2026-10-01 22:57:25,제공,제공,제공,부착,제공,미제공,제공,불가능
3700000,533,6310000,31140,사용,U,2026-09-30 08:17:36,2026-10-01 22:57:25,제공,제공,제공,부착,제공,미제공,제공,가능
3710000,402,6310000,31170,사용,U,2026-07-29 13:35:44,2026-07-30 22:57:25,제공,제공,제공,부착,제공,미제공,제공,불가능
3710000,403,6310000,31170,사용,U,2026-07-29 13:37:32,2026-07-30 22:57:25,제공,제공,제공,부착,제공,미제공,제공,불가능
3710000,404,6310000,31170,사용,U,2026-04-08 11:21:28,2026-04-09 03:03:03,제공,제공,제공,부착,제공,미제공,제공,가능
3710000,405,6310000,31170,사용,U,2026-07-29 13:43:43,2026-07-30 22:57:25,제공,제공,제공,부착,제공,미제공,제공,불가능
3710000,406,6310000,31170,사용,U,2026-07-29 13:44:02,2026-07-30 22:57:25,제공,제공,제공,부착,제공,미제공,제공,불가능
3710000,407,6310000,31170,사용,U,2026-07-29 13:44:20,2026-07-30 22:57:25,제공,제공,제공,부착,제공,미제공,제공,불가능
3710000,501,6310000,31170,사용,U,2026-08-25 21:09:24,2026-08-26 22:57:25,제공,제공,제공,부착,제공,미제공,제공,가능
3710000,502,6310000,31170,사용,U,2026-07-29 13:44:55,2026-07-30 22:57:25,제공,제공,제공,부착,제공,미제공,제공,불가능
3710000,503,6310000,31170,사용,U,2026-07-29 13:45:13,2026-07-30 22:57:25,제공,제공,제공,부착,제공,미제공,제공,불가능
3710000,504,6310000,31170,사용,U,2026-07-29 13:45:28,2026-07-30 22:57:25,제공,제공,제공,부착,제공,미제공,제공,불가능
3710000,505,6310000,31170,사용,U,2026-07-29 13:45:40,2026-07-30 22:57:25,제공,제공,제공,부착,제공,미제공,제공,불가능
3710000,506,6310000,31170,사용,U,2026-07-29 13:49:09,2026-07-30 22:57:25,제공,제공,제공,부착,제공,미제공,제공,가능
3710000,507,6310000,31170,사용,U,2026-07-29 13:49:27,2026-07-30 22:57:25,제공,제공,제공,부착,제공,미제공,제공,가능
3710000,509,6310000,31170,사용,U,2026-08-25 21:07:03,2026-08-26 22:57:25,제공,제공,제공,부착,제공,미제공,제공,가능
3710000,510,6310000,31170,사용,U,2026-07-29 13:50:30,2026-07-30 22:57:25,제공,제공,제공,부착,제공,미제공,제공,불가능
3710000,511,6310000,31170,사용,U,2026-07-29 13:53:46,2026-07-30 22:57:25,제공,제공,제공,부착,제공,미제공,제공,불가능
3710000,512,6310000,31170,사용,U,2026-07-29 13:54:00,2026-07-30 22:57:25,제공,제공,제공,부착,제공,미제공,제공,불가능
3710000,513,6310000,31170,사용,U,2026-07-29 13:54:13,2026-07-30 22:57:25,제공,제공,제공,부착,제공,미제공,제공,불가능
3710000,514,6310000,31170,사용,U,2026-07-29 13:57:02,2026-07-30 22:57:25,제공,제공,제공,부착,제공,미제공,제공,불가능
3710000,515,6310000,31170,사용,U,2026-07-29 13:57:14,2026-07-30 22:57:25,제공,제공,제공,부착,제공,미제공,제공,불가능
3710000,516,6310000,31170,사용,U,2026-07-29 13:57:37,2026-07-30 22:57:25,제공,제공,제공,부착,제공,미제공,제공,불가능
3710000,517,6310000,31170,사용,U,2026-07-29 13:58:00,2026-07-30 22:57:25,제공,제공,제공,부착,제공,미제공,제공,불가능
3710000,518,6310000,31170,사용,U,2026-08-25 21:08:36,2026-08-26 22:57:25,제공,제공,제공,부착,제공,미제공,제공,가능
3720000,301,6310000,31200,사용,U,2026-08-27 15:40:34,2026-08-28 22:57:25,제공,제공,제공,부착,제공,제공,제공,가능
3720000,302,6310000,31200,사용,U,2026-08-27 15:40:47,2026-08-28 22:57:25,제공,제공,제공,부착,제공,제공,제공,가능
3720000,303,6310000,31200,사용,U,2026-08-27 15:40:59,2026-08-28 22:57:25,제공,제공,제공,부착,제공,제공,제공,가능
3720000,401,6310000,31200,사용,U,2026-08-27 15:41:14,2026-08-28 22:57:25,제공,제공,제공,부착,제공,제공,제공,가능
3720000,402,6310000,31200,사용,U,2026-08-27 15:42:04,2026-08-28 22:57:25,제공,제공,제공,부착,제공,제공,제공,가능
3720000,403,6310000,31200,사용,U,2026-07-10 10:25:07,2026-07-11 22:57:26,제공,제공,제공,부착,제공,제공,제공,가능
3720000,404,6310000,31200,사용,U,2026-09-01 09:18:54,2026-09-02 22:57:26,제공,제공,제공,부착,제공,제공,제공,가능
3720000,405,6310000,31200,사용,U,2026-08-27 15:42:32,2026-08-28 22:57:25,제공,제공,제공,부착,제공,제공,제공,가능
3720000,406,6310000,31200,사용,U,2026-08-27 15:42:41,2026-08-28 22:57:25,제공,제공,제공,부착,제공,제공,제공,가능
3720000,407,6310000,31200,사용,U,2026-08-27 15:43:21,2026-08-28 22:57:25,제공,제공,제공,부착,제공,제공,제공,가능
3720000,408,6310000,31200,사용,U,2026-08-27 15:43:52,2026-08-28 22:57:25,제공,제공,제공,부착,제공,미제공,제공,불가능
3720000,409,6310000,31200,사용,U,2026-08-27 15:43:31,2026-08-28 22:57:25,제공,제공,제공,부착,제공,미제공,제공,불가능
3720000,410,6310000,31200,사용,U,2026-08-27 15:44:06,2026-08-28 22:57:25,제공,제공,제공,부착,제공,제공,제공,가능
3720000,411,6310000,31200,사용,U,2026-08-27 15:44:19,2026-08-28 22:57:25,제공,제공,제공,부착,제공,제공,제공,가능
3720000,412,6310000,31200,사용,U,2026-08-27 15:44:27,2026-08-28 22:57:25,제공,제공,제공,부착,제공,제공,제공,가능
3720000,413,6310000,31200,사용,U,2026-08-27 15:44:47,2026-08-28 22:57:25,제공,제공,제공,부착,제공,제공,제공,가능
3720000,501,6310000,31200,사용,U,2026-08-27 15:44:58,2026-08-28 22:57:25,제공,제공,제공,부착,제공,제공,제공,가능
3720000,502,6310000,31200,사용,U,2026-07-10 10:39:57,2026-07-11 22:57:26,제공,제공,제공,부착,제공,미제공,제공,불가능
3720000,503,6310000,31200,사용,U,2026-08-27 15:45:37,2026-08-28 22:57:25,제공,제공,제공,부착,제공,제공,제공,가능
3720000,504,6310000,31200,사용,U,2026-08-25 18:59:46,2026-08-26 22:57:26,제공,제공,제공,부착,제공,미제공,제공,불가능
3720000,505,6310000,31200,사용,U,2026-08-27 15:45:47,2026-08-28 22:57:25,제공,제공,제공,부착,제공,제공,제공,가능
3720000,506,6310000,31200,사용,U,2026-08-27 15:45:57,2026-08-28 22:57:25,제공,제공,제공,부착,제공,제공,제공,가능
3720000,507,6310000,31200,사용,U,2026-08-27 15:46:05,2026-08-28 22:57:26,제공,제공,제공,부착,제공,제공,제공,가능
3720000,508,6310000,31200,사용,U,2026-08-27 15:46:14,2026-08-28 22:57:26,제공,제공,제공,부착,제공,제공,제공,가능
3720000,509,6310000,31200,사용,U,2026-08-27 15:46:24,2026-08-28 22:57:26,제공,제공,제공,부착,제공,제공,제공,가능
3720000,510,6310000,31200,사용,U,2026-08-27 15:46:32,2026-08-28 22:57:26,제공,제공,제공,부착,제공,제공,제공,가능
3720000,511,6310000,31200,사용,U,2026-08-27 15:46:37,2026-08-28 22:57:26,제공,제공,제공,부착,제공,제공,제공,가능
3720000,512,6310000,31200,사용,U,2026-07-13 17:29:56,2026-07-14 22:57:26,제공,제공,제공,부착,제공,제공,제공,가능
3730000,403,6310000,31710,사용,U,2026-08-27 10:23:49,2026-08-28 22:57:25,제공,제공,제공,부착,제공,제공,제공,가능
3730000,404,6310000,31710,사용,U,2026-08-27 11:05:20,2026-08-28 22:57:25,제공,제공,제공,부착,제공,제공,제공,가능
3730000,405,6310000,31710,사용,U,2026-08-27 13:07:58,2026-08-28 22:57:25,제공,제공,제공,부착,제공,제공,제공,가능
3730000,407,6310000,31710,사용,U,2026-09-03 12:29:41,2026-09-04 22:57:25,제공,제공,제공,부착,제공,제공,제공,가능
3730000,408,6310000,31710,사용,U,2026-08-24 14:51:50,2026-08-25 22:57:25,제공,제공,제공,부착,제공,제공,제공,가능
3730000,409,6310000,31710,사용,U,2026-08-24 14:51:29,2026-08-25 22:57:25,제공,제공,제공,부착,제공,제공,제공,가능
3730000,410,6310000,31710,사용,U,2026-09-03 11:13:34,2026-09-04 22:57:25,제공,제공,제공,부착,제공,제공,제공,가능
3730000,413,6310000,31710,사용,U,2026-08-28 09:43:46,2026-08-29 22:57:25,제공,제공,제공,부착,제공,제공,제공,가능
3730000,414,6310000,31710,사용,U,2026-08-28 09:43:28,2026-08-29 22:57:25,제공,제공,제공,부착,제공,제공,제공,가능
3730000,417,6310000,31710,사용,U,2026-08-27 11:05:20,2026-08-28 22:57:25,제공,제공,제공,부착,제공,제공,제공,가능
3730000,418,6310000,31710,사용,U,2026-08-28 09:43:05,2026-08-29 22:57:25,제공,제공,제공,부착,제공,제공,제공,가능
3730000,419,6310000,31710,사용,U,2026-08-27 13:08:19,2026-08-28 22:57:25,제공,제공,제공,부착,제공,제공,제공,가능
3730000,420,6310000,31710,사용,U,2026-08-27 13:09:07,2026-08-28 22:57:25,제공,제공,제공,부착,제공,제공,제공,가능
3730000,421,6310000,31710,사용,U,2026-08-24 14:52:16,2026-08-25 22:57:25,제공,제공,제공,부착,제공,제공,제공,가능
3730000,422,6310000,31710,사용,U,2026-08-24 14:52:25,2026-08-25 22:57:25,제공,제공,제공,부착,제공,제공,제공,가능
3730000,423,6310000,31710,사용,U,2026-08-24 14:52:53,2026-08-25 22:57:25,제공,제공,제공,부착,제공,제공,제공,가능
3730000,501,6310000,31710,사용,U,2026-08-24 14:52:59,2026-08-25 22:57:25,제공,제공,제공,부착,제공,제공,제공,가능
3730000,502,6310000,31710,사용,U,2026-09-01 17:18:27,2026-09-02 22:57:25,제공,제공,제공,부착,제공,제공,제공,가능
3730000,503,6310000,31710,사용,U,2026-09-01 17:17:21,2026-09-02 22:57:25,제공,제공,제공,부착,제공,제공,제공,가능
3730000,504,6310000,31710,사용,U,2026-09-03 12:29:41,2026-09-04 22:57:25,제공,제공,제공,부착,제공,제공,제공,가능
3730000,505,6310000,31710,사용,U,2026-08-24 14:54:10,2026-08-25 22:57:25,제공,제공,제공,부착,제공,제공,제공,가능
3730000,506,6310000,31710,사용,U,2026-08-24 14:54:14,2026-08-25 22:57:25,제공,제공,제공,부착,제공,제공,제공,가능
3730000,507,6310000,31710,사용,U,2026-08-24 14:54:19,2026-08-25 22:57:25,제공,제공,제공,부착,제공,제공,제공,가능
3730000,508,6310000,31710,사용,U,2026-04-08 17:04:06,2026-04-09 03:03:03,제공,제공,제공,부착,제공,제공,제공,가능
3730000,509,6310000,31710,사용,U,2026-08-24 14:54:23,2026-08-25 22:57:25,제공,제공,제공,부착,제공,제공,제공,가능
3730000,510,6310000,31710,사용,U,2026-09-01 17:18:51,2026-09-02 22:57:25,제공,제공,제공,부착,제공,제공,제공,가능
3730000,511,6310000,31710,사용,U,2026-04-08 17:17:27,2026-04-09 03:03:03,제공,제공,제공,부착,제공,제공,제공,가능
3730000,512,6310000,31710,사용,U,2026-04-08 17:18:09,2026-04-09 03:03:03,제공,제공,제공,부착,제공,제공,제공,가능
3730000,513,6310000,31710,사용,U,2026-04-08 17:03:04,2026-04-09 03:03:03,제공,제공,제공,부착,제공,제공,제공,가능
3730000,514,6310000,31710,사용,U,2026-09-01 17:17:35,2026-09-02 22:57:25,제공,제공,제공,부착,제공,제공,제공,가능
3730000,515,6310000,31710,사용,U,2026-08-27 13:09:31,2026-08-28 22:57:25,제공,제공,제공,부착,제공,제공,제공,가능
3730000,516,6310000,31710,사용,U,2026-04-08 17:18:39,2026-04-09 03:03:03,제공,제공,제공,부착,제공,제공,제공,가능
3730000,517,6310000,31710,사용,U,2026-08-27 17:20:37,2026-08-28 22:57:25,제공,제공,제공,부착,제공,제공,제공,가능
3730000,518,6310000,31710,사용,U,2026-09-03 12:29:41,2026-09-04 22:57:25,제공,제공,제공,부착,제공,제공,제공,가능
3730000,519,6310000,31710,사용,U,2026-08-27 10:22:49,2026-08-28 22:57:25,제공,제공,제공,부착,제공,제공,제공,가능
3730000,520,6310000,31710,사용,U,2026-08-24 14:53:38,2026-08-25 22:57:25,제공,제공,제공,부착,제공,제공,제공,가능
3730000,521,6310000,31710,사용,U,2026-09-03 11:13:56,2026-09-04 22:57:25,제공,제공,제공,부착,제공,제공,제공,가능
3730000,522,6310000,31710,사용,U,2026-09-01 17:17:54,2026-09-02 22:57:25,제공,제공,제공,부착,제공,제공,제공,가능
3730000,523,6310000,31710,사용,U,2026-09-03 12:29:41,2026-09-04 22:57:25,제공,제공,제공,부착,제공,제공,제공,가능
3730000,524,6310000,31710,사용,U,2026-08-24 14:53:58,2026-08-25 22:57:25,제공,제공,제공,부착,제공,제공,제공,가능
3740000,401,6410000,41115,사용,I,2026-04-17 10:51:29,2026-04-27 22:00:40,제공,제공,제공,부착,제공,제공,제공,가능
3740000,403,6410000,41115,사용,I,2026-04-17 10:51:41,2026-04-27 22:00:40,제공,제공,제공,부착,제공,제공,제공,가능
3740000,404,6410000,41111,사용,I,2026-02-02 15:46:52,2026-04-27 22:00:40,제공,제공,제공,부착,제공,미제공,제공,가능
3740000,405,6410000,41113,사용,U,2026-09-15 09:29:12,2026-09-16 21:57:25,제공,제공,제공,부착,제공,제공,제공,가능
3740000,406,6410000,41117,사용,U,2026-09-15 09:35:48,2026-09-16 21:57:25,제공,제공,제공,부착,제공,제공,제공,가능
3740000,408,6410000,41115,사용,U,2026-09-15 09:24:10,2026-09-16 21:57:25,제공,제공,제공,부착,제공,제공,제공,가능
3740000,409,6410000,41113,사용,U,2026-09-15 09:37:52,2026-09-16 21:57:25,제공,제공,제공,부착,제공,제공,제공,가능
3740000,410,6410000,41113,사용,U,2026-09-15 09:36:55,2026-09-16 21:57:25,제공,제공,제공,부착,제공,제공,제공,가능
3740000,412,6410000,41117,사용,I,2026-04-17 11:13:25,2026-04-27 22:00:40,제공,제공,제공,부착,제공,제공,제공,가능
3740000,413,6410000,41115,사용,U,2026-09-15 09:36:25,2026-09-16 21:57:25,제공,제공,제공,부착,제공,제공,제공,가능
3740000,414,6410000,41113,사용,I,2026-04-17 11:13:46,2026-04-27 22:00:40,제공,제공,제공,부착,제공,제공,제공,가능
3740000,415,6410000,41117,사용,I,2026-04-17 11:13:53,2026-04-27 22:00:40,제공,제공,제공,부착,제공,제공,제공,가능
3740000,416,6410000,41117,사용,I,2026-04-17 11:14:02,2026-04-27 22:00:40,제공,제공,제공,부착,제공,제공,제공,가능
3740000,417,6410000,41117,사용,I,2026-04-17 11:14:20,2026-04-27 22:00:40,제공,제공,제공,부착,제공,제공,제공,가능
3740000,418,6410000,41111,사용,U,2026-09-15 09:38:17,2026-09-16 21:57:25,제공,제공,제공,부착,제공,제공,제공,가능
3740000,419,6410000,41117,사용,I,2026-04-17 11:14:38,2026-04-27 22:00:40,제공,제공,제공,부착,제공,제공,제공,가능
3740000,420,6410000,41115,사용,I,2026-04-17 11:14:45,2026-04-27 22:00:40,제공,제공,제공,부착,제공,제공,제공,가능
3740000,421,6410000,41113,사용,U,2026-09-15 09:31:01,2026-09-16 21:57:25,제공,제공,제공,부착,제공,제공,제공,가능
3740000,422,6410000,41115,사용,I,2026-04-17 11:15:03,2026-04-27 22:00:40,제공,제공,제공,부착,제공,제공,제공,가능
3740000,423,6410000,41117,사용,I,2026-04-17 11:15:12,2026-04-27 22:00:40,제공,제공,제공,부착,제공,제공,제공,가능
3740000,425,6410000,41111,미사용,I,2026-02-02 15:46:52,2026-04-27 22:00:40,제공,제공,제공,부착,제공,미제공,제공,불가능
3740000,426,6410000,41117,사용,I,2026-04-17 11:16:16,2026-04-27 22:00:40,제공,제공,제공,부착,제공,제공,제공,가능
3740000,427,6410000,41111,사용,U,2026-09-15 09:25:04,2026-09-16 21:57:25,제공,제공,제공,부착,제공,제공,제공,가능
3740000,428,6410000,41117,사용,I,2026-04-17 11:16:30,2026-04-27 22:00:40,제공,제공,제공,부착,제공,제공,제공,가능
3740000,429,6410000,41117,사용,I,2026-04-17 11:16:39,2026-04-27 22:00:40,제공,제공,제공,부착,제공,제공,제공,가능
3740000,430,6410000,41113,사용,I,2026-04-17 11:16:53,2026-04-27 22:00:40,제공,제공,제공,부착,제공,제공,제공,가능
3740000,431,6410000,41113,사용,I,2026-04-17 11:17:00,2026-04-27 22:00:40,제공,제공,제공,부착,제공,제공,제공,가능
3740000,432,6410000,41117,사용,U,2026-09-15 09:26:43,2026-09-16 21:57:25,제공,제공,제공,부착,제공,제공,제공,가능
3740000,433,6410000,41115,사용,I,2026-04-17 11:17:15,2026-04-27 22:00:40,제공,제공,제공,부착,제공,제공,제공,가능
3740000,434,6410000,41111,사용,I,2026-04-17 11:17:23,2026-04-27 22:00:40,제공,제공,제공,부착,제공,제공,제공,가능
3740000,436,6410000,41117,사용,U,2026-09-15 09:27:53,2026-09-16 21:57:25,제공,제공,제공,부착,제공,제공,제공,가능
3740000,437,6410000,41113,사용,I,2026-04-17 11:26:43,2026-04-27 22:00:40,제공,제공,제공,부착,제공,제공,제공,가능
3740000,438,6410000,41111,사용,I,2026-04-17 11:26:53,2026-04-27 22:00:40,제공,제공,제공,부착,제공,제공,제공,가능
3740000,439,6410000,41113,사용,I,2026-04-17 11:28:31,2026-04-27 22:00:40,제공,제공,제공,부착,제공,제공,제공,가능
3740000,440,6410000,41117,사용,I,2026-04-17 11:29:37,2026-04-27 22:00:40,제공,제공,제공,부착,제공,제공,제공,가능
3740000,441,6410000,41111,사용,I,2026-04-17 11:29:46,2026-04-27 22:00:40,제공,제공,제공,부착,제공,제공,제공,가능
3740000,442,6410000,41111,사용,I,2026-04-17 11:30:04,2026-04-27 22:00:40,제공,제공,제공,부착,제공,제공,제공,가능
3740000,443,6410000,41115,사용,I,2026-04-17 11:30:21,2026-04-27 22:00:40,제공,제공,제공,부착,제공,제공,제공,가능
3740000,444,6410000,41111,사용,I,2026-04-17 12:55:42,2026-04-27 22:00:40,제공,제공,제공,부착,제공,제공,제공,가능
3740000,445,6410000,41113,사용,I,2026-04-17 12:55:50,2026-04-27 22:00:40,제공,제공,제공,부착,제공,제공,제공,가능
3740000,446,6410000,41111,사용,I,2026-04-17 12:55:59,2026-04-27 22:00:40,제공,제공,제공,부착,제공,제공,제공,가능
3740000,447,6410000,41111,사용,I,2026-04-17 12:56:09,2026-04-27 22:00:40,제공,제공,제공,부착,제공,제공,제공,가능
3740000,448,6410000,41111,사용,I,2026-04-17 12:56:18,2026-04-27 22:00:40,제공,제공,제공,부착,제공,제공,제공,가능
3740000,449,6410000,41111,사용,I,2026-04-17 12:56:28,2026-04-27 22:00:40,제공,제공,제공,부착,제공,제공,제공,가능
3740000,450,6410000,41111,사용,I,2026-04-17 12:56:36,2026-04-27 22:00:40,제공,제공,제공,부착,제공,제공,제공,가능
3740000,451,6410000,41111,사용,I,2026-04-17 12:56:43,2026-04-27 22:00:40,제공,제공,제공,부착,제공,제공,제공,가능
3740000,452,6410000,41115,사용,I,2026-04-17 12:56:54,2026-04-27 22:00:40,제공,제공,제공,부착,제공,제공,제공,가능
3740000,453,6410000,41117,사용,I,2026-04-17 12:57:02,2026-04-27 22:00:40,제공,제공,제공,부착,제공,제공,제공,가능
3740000,454,6410000,41113,사용,I,2026-04-17 10:46:37,2026-04-27 22:00:40,제공,제공,제공,부착,제공,제공,제공,가능
3740000,455,6410000,41113,사용,I,2026-04-17 12:57:22,2026-04-27 22:00:40,제공,제공,제공,부착,제공,제공,제공,가능
3740000,456,6410000,41117,사용,I,2026-04-17 12:57:32,2026-04-27 22:00:40,제공,제공,제공,부착,제공,제공,제공,가능
3740000,457,6410000,41115,사용,I,2026-04-17 12:57:40,2026-04-27 22:00:40,제공,제공,제공,부착,제공,제공,제공,가능
3740000,458,6410000,41113,사용,I,2026-04-17 12:57:47,2026-04-27 22:00:40,제공,제공,제공,부착,제공,제공,제공,가능
3740000,459,6410000,41115,사용,I,2026-04-17 12:58:07,2026-04-27 22:00:40,제공,제공,제공,부착,제공,제공,제공,가능
3740000,461,6410000,41113,사용,I,2026-02-02 15:46:52,2026-04-27 22:00:40,제공,제공,제공,부착,제공,미제공,제공,가능
3740000,462,6410000,41113,사용,I,2026-04-17 12:58:28,2026-04-27 22:00:40,제공,제공,제공,부착,제공,제공,제공,가능
3740000,463,6410000,41115,사용,I,2026-04-17 12:58:36,2026-04-27 22:00:40,제공,제공,제공,부착,제공,제공,제공,가능
3740000,464,6410000,41115,사용,I,2026-04-17 12:58:45,2026-04-27 22:00:40,제공,제공,제공,부착,제공,제공,제공,가능
3740000,465,6410000,41117,사용,I,2026-04-17 12:58:53,2026-04-27 22:00:40,제공,제공,제공,부착,제공,제공,제공,가능
3740000,466,6410000,41115,사용,I,2026-04-17 12:59:02,2026-04-27 22:00:40,제공,제공,제공,부착,제공,제공,제공,가능
3740000,467,6410000,41117,사용,I,2026-04-17 12:59:09,2026-04-27 22:00:40,제공,제공,제공,부착,제공,제공,제공,가능
3740000,468,6410000,41113,사용,I,2026-04-17 12:59:17,2026-04-27 22:00:40,제공,제공,제공,부착,제공,제공,제공,가능
3740000,469,6410000,41117,사용,I,2026-04-17 12:59:29,2026-04-27 22:00:40,제공,제공,제공,부착,제공,제공,제공,가능
3740000,470,6410000,41117,사용,I,2026-04-17 12:59:35,2026-04-27 22:00:40,제공,제공,제공,부착,제공,제공,제공,가능
3740000,471,6410000,41117,사용,I,2026-04-17 12:59:44,2026-04-27 22:00:40,제공,제공,제공,부착,제공,제공,제공,가능
3740000,472,6410000,41115,사용,I,2026-04-17 12:59:52,2026-04-27 22:00:40,제공,제공,제공,부착,제공,제공,제공,가능
3740000,473,6410000,41115,사용,I,2026-04-17 12:59:59,2026-04-27 22:00:40,제공,제공,제공,부착,제공,제공,제공,가능
3740000,474,6410000,41117,사용,I,2026-04-17 13:00:08,2026-04-27 22:00:40,제공,제공,제공,부착,제공,제공,제공,가능
3740000,475,6410000,41117,사용,I,2026-04-17 13:00:17,2026-04-27 22:00:40,제공,제공,제공,부착,제공,제공,제공,가능
3740000,476,6410000,41117,사용,I,2026-04-17 13:00:29,2026-04-27 22:00:40,제공,제공,제공,부착,제공,제공,제공,가능
3740000,477,6410000,41113,사용,I,2026-04-17 13:00:38,2026-04-27 22:00:40,제공,제공,제공,부착,제공,제공,제공,가능
3740000,478,6410000,41115,사용,I,2026-04-17 13:00:48,2026-04-27 22:00:40,제공,제공,제공,부착,제공,제공,제공,가능
3740000,481,6410000,41117,사용,I,2026-04-17 13:03:49,2026-04-27 22:00:40,제공,제공,제공,부착,제공,제공,제공,가능
3740000,482,6410000,41117,사용,I,2026-04-17 13:03:59,2026-04-27 22:00:40,제공,제공,제공,부착,제공,제공,제공,가능
3740000,483,6410000,41115,사용,I,2026-04-17 13:04:05,2026-04-27 22:00:40,제공,제공,제공,부착,제공,제공,제공,가능
3740000,484,6410000,41117,사용,I,2026-04-17 13:04:13,2026-04-27 22:00:40,제공,제공,제공,부착,제공,제공,제공,가능
3740000,485,6410000,41113,사용,I,2026-04-17 13:04:20,2026-04-27 22:00:40,제공,제공,제공,부착,제공,제공,제공,가능
3740000,486,6410000,41113,사용,I,2026-04-17 13:04:27,2026-04-27 22:00:40,제공,제공,제공,부착,제공,제공,제공,가능
3740000,487,6410000,41115,사용,I,2026-04-17 13:04:33,2026-04-27 22:00:40,제공,제공,제공,부착,제공,제공,제공,가능
3740000,488,6410000,41117,사용,I,2026-04-17 13:04:39,2026-04-27 22:00:40,제공,제공,제공,부착,제공,제공,제공,가능
3740000,489,6410000,41113,사용,U,2026-09-15 09:25:56,2026-09-16 21:57:25,제공,제공,제공,부착,제공,제공,제공,가능
3740000,490,6410000,41113,사용,I,2026-04-17 13:04:50,2026-04-27 22:00:40,제공,제공,제공,부착,제공,제공,제공,가능
3740000,491,6410000,41113,사용,U,2026-09-15 09:28:23,2026-09-16 21:57:25,제공,제공,제공,부착,제공,제공,제공,가능
3740000,492,6410000,41113,사용,I,2026-04-17 10:45:00,2026-04-27 22:00:40,제공,제공,제공,부착,제공,제공,제공,가능
3740000,493,6410000,41117,사용,I,2026-06-10 06:04:05,2026-06-11 21:57:25,제공,제공,제공,부착,제공,제공,제공,가능
3740000,494,6410000,41115,사용,I,2026-06-10 06:08:24,2026-06-11 21:57:25,제공,제공,제공,부착,제공,제공,제공,가능
3780000,303,6410000,41135,사용,I,2025-06-20 13:15:16,2026-01-16 18:14:53,제공,제공,제공,부착,제공,제공,제공,가능
3780000,308,6410000,41135,사용,U,2026-07-07 16:11:59,2026-07-08 21:57:27,제공,제공,제공,부착,제공,제공,제공,가능
3780000,310,6410000,41135,사용,U,2026-09-04 17:17:19,2026-09-05 21:57:28,제공,제공,제공,부착,제공,미제공,제공,가능
3780000,311,6410000,41135,사용,U,2026-07-07 16:11:44,2026-07-08 21:57:27,제공,제공,제공,부착,제공,제공,제공,가능
3780000,312,6410000,41133,사용,U,2026-07-07 16:31:43,2026-07-08 21:57:27,제공,제공,제공,부착,제공,미제공,제공,가능
3780000,313,6410000,41133,사용,U,2026-07-06 17:04:40,2026-07-07 21:57:26,제공,제공,제공,부착,제공,미제공,제공,가능
3780000,401,6410000,41133,사용,U,2026-08-18 14:53:52,2026-08-19 21:57:30,제공,제공,제공,부착,제공,미제공,제공,가능
3780000,402,6410000,41135,사용,U,2026-08-03 10:43:55,2026-08-04 21:57:27,제공,제공,제공,부착,제공,제공,제공,가능
3780000,403,6410000,41135,사용,U,2026-07-07 16:13:40,2026-07-08 21:57:27,제공,제공,제공,부착,제공,제공,제공,가능
3780000,404,6410000,41135,사용,U,2026-07-07 16:13:27,2026-07-08 21:57:27,제공,제공,제공,부착,제공,제공,제공,가능
3780000,405,6410000,41133,사용,U,2026-08-18 14:54:17,2026-08-19 21:57:30,제공,제공,제공,부착,제공,미제공,제공,가능
3780000,406,6410000,41131,사용,U,2026-07-07 10:27:37,2026-07-08 21:57:27,제공,제공,제공,부착,제공,제공,제공,가능
3780000,407,6410000,41131,사용,U,2026-08-25 11:18:29,2026-08-26 21:57:26,제공,제공,제공,부착,제공,제공,제공,가능
3780000,409,6410000,41135,사용,U,2026-07-07 16:14:24,2026-07-08 21:57:27,제공,제공,제공,부착,제공,제공,제공,가능
3780000,410,6410000,41135,사용,U,2026-08-25 09:22:21,2026-08-26 21:57:26,제공,제공,제공,부착,제공,제공,제공,가능
3780000,411,6410000,41135,사용,U,2026-07-07 16:15:08,2026-07-08 21:57:28,제공,제공,제공,부착,제공,제공,제공,가능
3780000,412,6410000,41135,사용,U,2026-07-07 16:16:01,2026-07-08 21:57:28,제공,제공,제공,부착,제공,제공,제공,가능
3780000,413,6410000,41131,사용,U,2026-07-07 10:17:39,2026-07-08 21:57:28,제공,제공,제공,부착,제공,제공,제공,가능
3780000,414,6410000,41131,사용,U,2026-07-07 10:22:57,2026-07-08 21:57:28,제공,제공,제공,부착,제공,제공,제공,가능
3780000,415,6410000,41131,사용,U,2026-08-11 12:38:55,2026-08-12 21:57:28,제공,제공,제공,부착,제공,미제공,제공,가능
3780000,416,6410000,41131,사용,U,2026-07-08 16:17:18,2026-07-09 21:57:27,제공,제공,제공,부착,제공,미제공,제공,가능
3780000,417,6410000,41133,사용,U,2026-07-06 17:21:36,2026-07-07 21:57:26,제공,제공,제공,부착,제공,미제공,제공,가능
3780000,418,6410000,41133,사용,U,2026-07-06 17:20:20,2026-07-07 21:57:27,제공,제공,제공,부착,제공,미제공,제공,가능
3780000,419,6410000,41131,사용,U,2026-07-08 16:16:55,2026-07-09 21:57:27,제공,제공,제공,부착,제공,미제공,제공,가능
3780000,420,6410000,41135,사용,U,2026-07-07 16:16:26,2026-07-08 21:57:28,제공,제공,제공,부착,제공,제공,제공,가능
3780000,421,6410000,41135,사용,U,2026-08-04 11:39:59,2026-08-05 21:57:27,제공,제공,제공,부착,제공,제공,제공,가능
3780000,422,6410000,41135,사용,U,2026-09-17 10:09:16,2026-09-18 21:57:25,제공,제공,제공,부착,제공,제공,제공,가능
3780000,423,6410000,41135,사용,U,2026-07-07 16:17:51,2026-07-08 21:57:28,제공,제공,제공,부착,제공,제공,제공,가능
3780000,424,6410000,41133,사용,U,2026-08-18 14:54:40,2026-08-19 21:57:30,제공,제공,제공,부착,제공,미제공,제공,가능
3780000,425,6410000,41133,사용,U,2026-08-18 14:55:15,2026-08-19 21:57:30,제공,제공,제공,부착,제공,미제공,제공,가능
3780000,426,6410000,41131,사용,U,2026-07-07 10:24:09,2026-07-08 21:57:28,제공,제공,제공,부착,제공,제공,제공,가능
3780000,427,6410000,41131,사용,U,2026-07-07 10:26:14,2026-07-08 21:57:28,제공,제공,제공,부착,제공,제공,제공,가능
3780000,428,6410000,41131,사용,U,2026-07-07 10:20:08,2026-07-08 21:57:28,제공,제공,제공,부착,제공,제공,제공,가능
3780000,429,6410000,41135,사용,U,2026-07-07 16:18:32,2026-07-08 21:57:28,제공,제공,제공,부착,제공,제공,제공,가능
3780000,430,6410000,41135,사용,U,2026-07-07 16:18:56,2026-07-08 21:57:28,제공,제공,제공,부착,제공,제공,제공,가능
3780000,501,6410000,41135,사용,U,2026-07-22 15:58:13,2026-07-23 21:57:25,제공,제공,제공,부착,제공,제공,제공,가능
3780000,503,6410000,41131,사용,U,2026-07-07 10:28:46,2026-07-08 21:57:28,제공,제공,제공,부착,제공,제공,제공,가능
3780000,504,6410000,41135,사용,U,2026-09-17 10:08:28,2026-09-18 21:57:25,제공,제공,제공,부착,제공,제공,제공,가능
3780000,505,6410000,41133,사용,U,2026-08-03 17:48:49,2026-08-04 21:57:27,제공,제공,제공,부착,제공,미제공,제공,가능
3780000,506,6410000,41131,사용,U,2026-08-03 11:41:48,2026-08-04 21:57:27,제공,제공,제공,부착,제공,제공,제공,가능
3780000,507,6410000,41131,사용,U,2026-07-07 10:24:50,2026-07-08 21:57:28,제공,제공,제공,부착,제공,제공,제공,가능
3780000,508,6410000,41135,사용,U,2026-09-17 10:08:53,2026-09-18 21:57:25,제공,제공,제공,부착,제공,제공,제공,가능
3780000,509,6410000,41131,사용,U,2026-07-07 10:25:17,2026-07-08 21:57:28,제공,제공,제공,부착,제공,제공,제공,가능
3780000,510,6410000,41133,사용,U,2026-07-06 17:24:31,2026-07-07 21:57:27,제공,제공,제공,부착,제공,미제공,제공,가능
3780000,511,6410000,41135,사용,U,2026-08-03 10:43:22,2026-08-04 21:57:27,제공,제공,제공,부착,제공,제공,제공,가능
3780000,512,6410000,41135,사용,U,2026-09-30 17:10:00,2026-10-01 21:57:25,제공,제공,제공,부착,제공,제공,제공,가능
3780000,513,6410000,41135,사용,U,2026-07-22 17:03:08,2026-07-23 21:57:25,제공,제공,제공,부착,제공,미제공,제공,가능
3780000,514,6410000,41135,사용,U,2026-09-03 20:37:35,2026-09-04 21:57:27,제공,제공,제공,부착,제공,미제공,제공,가능
3780000,515,6410000,41135,사용,U,2026-09-04 08:06:19,2026-09-05 21:57:28,제공,제공,제공,부착,제공,제공,제공,가능
3780000,516,6410000,41131,사용,U,2026-07-07 10:21:10,2026-07-08 21:57:28,제공,제공,제공,부착,제공,제공,제공,가능
3780000,517,6410000,41131,사용,U,2026-07-07 10:28:14,2026-07-08 21:57:28,제공,제공,제공,부착,제공,제공,제공,가능
3780000,518,6410000,41135,사용,U,2026-08-03 17:13:34,2026-08-04 21:57:27,제공,제공,제공,부착,제공,제공,제공,가능
3780000,519,6410000,41135,사용,U,2026-07-07 16:25:36,2026-07-08 21:57:28,제공,제공,제공,부착,제공,제공,제공,가능
3780000,520,6410000,41133,사용,U,2026-07-06 17:06:19,2026-07-07 21:57:27,제공,제공,제공,부착,제공,미제공,제공,가능
3780000,521,6410000,41133,사용,U,2026-08-06 12:29:50,2026-08-07 21:57:28,제공,제공,제공,부착,제공,미제공,제공,가능
3780000,522,6410000,41131,사용,U,2026-07-07 10:31:54,2026-07-08 21:57:28,제공,제공,제공,부착,제공,제공,제공,가능
3780000,523,6410000,41131,사용,U,2026-07-07 10:32:09,2026-07-08 21:57:28,제공,제공,제공,부착,제공,제공,제공,가능
3780000,524,6410000,41135,사용,U,2026-07-07 16:25:52,2026-07-08 21:57:28,제공,제공,제공,부착,제공,미제공,제공,가능
3780000,525,6410000,41135,사용,U,2026-07-07 16:26:06,2026-07-08 21:57:28,제공,제공,제공,부착,제공,제공,제공,가능
3780000,526,6410000,41131,사용,U,2026-07-08 16:21:35,2026-07-09 21:57:27,제공,제공,제공,부착,제공,제공,제공,가능
3780000,527,6410000,41135,사용,U,2026-07-07 16:26:22,2026-07-08 21:57:28,제공,제공,제공,부착,제공,제공,제공,가능
3780000,528,6410000,41133,사용,U,2026-07-06 17:25:09,2026-07-07 21:57:27,제공,제공,제공,부착,제공,미제공,제공,가능
3780000,529,6410000,41135,사용,U,2026-07-14 14:24:30,2026-07-15 21:57:28,제공,제공,제공,부착,제공,제공,제공,가능
3780000,530,6410000,41135,사용,U,2026-09-17 10:08:01,2026-09-18 21:57:25,제공,제공,제공,부착,제공,미제공,제공,불가능
3820000,101,6410000,41150,사용,U,2026-08-28 17:48:19,2026-08-29 21:57:25,제공,제공,제공,부착,제공,미제공,제공,가능
3820000,102,6410000,41150,사용,U,2026-07-30 10:42:01,2026-07-31 21:57:25,제공,제공,제공,부착,제공,미제공,제공,가능
3820000,401,6410000,41150,사용,U,2026-08-18 15:51:38,2026-08-19 21:57:25,제공,제공,제공,부착,제공,미제공,제공,가능
3820000,403,6410000,41150,사용,U,2026-08-05 14:35:14,2026-08-06 21:57:25,제공,제공,제공,부착,제공,미제공,제공,가능
3820000,404,6410000,41150,사용,U,2026-07-30 10:35:34,2026-07-31 21:57:25,제공,제공,제공,부착,제공,미제공,제공,가능
3820000,405,6410000,41150,사용,U,2026-08-05 15:16:45,2026-08-06 21:57:25,제공,제공,제공,부착,제공,미제공,제공,가능
3820000,406,6410000,41150,사용,U,2026-07-30 10:35:25,2026-07-31 21:57:25,제공,제공,제공,부착,제공,미제공,제공,가능
3820000,408,6410000,41150,사용,U,2026-08-05 15:17:00,2026-08-06 21:57:25,제공,제공,제공,부착,제공,미제공,제공,가능
3820000,409,6410000,41150,사용,U,2026-08-05 14:31:12,2026-08-06 21:57:25,제공,제공,제공,부착,제공,미제공,제공,가능
3820000,410,6410000,41150,사용,U,2026-08-05 14:55:48,2026-08-06 21:57:25,제공,제공,제공,부착,제공,미제공,제공,가능
3820000,411,6410000,41150,사용,U,2026-07-30 10:48:03,2026-07-31 21:57:25,제공,제공,제공,부착,제공,미제공,제공,가능
3820000,412,6410000,41150,사용,U,2026-08-05 14:40:52,2026-08-06 21:57:25,제공,제공,제공,부착,제공,미제공,제공,가능
3820000,413,6410000,41150,사용,U,2026-07-30 10:49:06,2026-07-31 21:57:25,제공,제공,제공,부착,제공,미제공,제공,가능
3820000,414,6410000,41150,사용,U,2026-07-30 10:45:03,2026-07-31 21:57:25,제공,제공,제공,부착,제공,미제공,제공,가능
3820000,415,6410000,41150,사용,U,2026-07-30 10:44:40,2026-07-31 21:57:25,제공,제공,제공,부착,제공,미제공,제공,가능
3820000,416,6410000,41150,사용,U,2026-07-30 10:35:44,2026-07-31 21:57:25,제공,제공,제공,부착,제공,미제공,제공,가능
3820000,417,6410000,41150,사용,U,2026-07-30 10:41:48,2026-07-31 21:57:25,제공,제공,제공,부착,제공,미제공,제공,가능
3820000,418,6410000,41150,사용,U,2026-08-21 09:46:45,2026-08-22 21:57:25,제공,제공,제공,부착,제공,미제공,제공,가능
3820000,419,6410000,41150,사용,U,2026-07-30 10:47:40,2026-07-31 21:57:25,제공,제공,제공,부착,제공,미제공,제공,가능
3820000,421,6410000,41150,사용,U,2026-07-30 10:41:16,2026-07-31 21:57:25,제공,제공,제공,부착,제공,미제공,제공,가능
3820000,422,6410000,41150,사용,U,2026-07-30 10:38:53,2026-07-31 21:57:25,제공,제공,제공,부착,제공,미제공,제공,가능
3820000,501,6410000,41150,사용,U,2026-07-30 10:47:48,2026-07-31 21:57:25,제공,제공,제공,부착,제공,미제공,제공,가능
3820000,502,6410000,41150,사용,U,2026-08-05 14:50:14,2026-08-06 21:57:25,제공,제공,제공,부착,제공,미제공,제공,가능
3820000,503,6410000,41150,사용,U,2026-07-30 10:47:23,2026-07-31 21:57:25,제공,제공,제공,부착,제공,미제공,제공,가능
3820000,504,6410000,41150,사용,U,2026-08-05 15:16:25,2026-08-06 21:57:25,제공,제공,제공,부착,제공,미제공,제공,가능
3820000,505,6410000,41150,사용,U,2026-08-05 15:15:25,2026-08-06 21:57:25,제공,제공,제공,부착,제공,미제공,제공,가능
3820000,506,6410000,41150,사용,U,2026-08-05 14:27:14,2026-08-06 21:57:25,제공,제공,제공,부착,제공,미제공,제공,가능
3820000,507,6410000,41150,사용,U,2026-07-30 10:36:31,2026-07-31 21:57:25,제공,제공,제공,부착,제공,미제공,제공,가능
3820000,510,6410000,41150,사용,U,2026-08-05 15:16:06,2026-08-06 21:57:25,제공,제공,제공,부착,제공,미제공,제공,가능
3820000,511,6410000,41150,사용,U,2026-07-30 10:38:21,2026-07-31 21:57:25,제공,제공,제공,부착,제공,미제공,제공,가능
3820000,512,6410000,41150,사용,U,2026-08-28 17:48:38,2026-08-29 21:57:25,제공,제공,제공,부착,제공,미제공,제공,가능
3820000,513,6410000,41150,사용,U,2026-07-30 10:36:58,2026-07-31 21:57:25,제공,제공,제공,부착,제공,미제공,제공,가능
3820000,514,6410000,41150,사용,U,2026-07-30 10:37:52,2026-07-31 21:57:25,제공,제공,제공,부착,제공,미제공,제공,가능
3820000,515,6410000,41150,사용,U,2026-07-30 10:41:29,2026-07-31 21:57:25,제공,제공,제공,부착,제공,미제공,제공,가능
3820000,516,6410000,41150,사용,U,2026-08-05 15:00:04,2026-08-06 21:57:25,제공,제공,제공,부착,제공,미제공,제공,가능
3820000,517,6410000,41150,사용,U,2026-08-05 15:00:14,2026-08-06 21:57:25,제공,제공,제공,부착,제공,미제공,제공,가능
3830000,101,6410000,41173,사용,U,2026-05-28 14:12:47,2026-05-29 03:03:03,제공,제공,제공,부착,제공,미제공,제공,가능
3830000,102,6410000,41173,사용,I,2026-03-11 17:38:42,2026-03-12 21:57:25,제공,제공,제공,부착,제공,미제공,제공,가능
3830000,501,6410000,41173,사용,U,2026-05-28 14:13:06,2026-05-29 03:03:03,제공,제공,제공,부착,제공,미제공,제공,가능
3830000,502,6410000,41173,사용,U,2026-07-23 10:44:48,2026-07-24 21:57:25,제공,제공,제공,부착,제공,미제공,제공,가능
3830000,503,6410000,41171,사용,U,2026-05-28 14:13:32,2026-05-29 03:03:03,제공,제공,제공,부착,제공,미제공,제공,가능
3830000,504,6410000,41173,사용,U,2026-07-27 11:16:02,2026-07-28 21:57:25,제공,제공,제공,부착,제공,미제공,제공,가능
3830000,505,6410000,41173,사용,I,2026-03-11 17:38:55,2026-03-12 21:57:25,제공,제공,제공,부착,제공,미제공,제공,가능
3830000,506,6410000,41173,사용,I,2026-03-11 17:38:29,2026-03-12 21:57:25,제공,제공,제공,부착,제공,미제공,제공,가능
3830000,507,6410000,41171,사용,U,2026-05-28 14:14:06,2026-05-29 03:03:03,제공,제공,제공,부착,제공,미제공,제공,가능
3830000,508,6410000,41173,사용,I,2026-03-11 17:40:14,2026-03-12 21:57:25,제공,제공,제공,부착,제공,미제공,제공,가능
3830000,509,6410000,41173,사용,U,2026-05-28 14:14:20,2026-05-29 03:03:03,제공,제공,제공,부착,제공,미제공,제공,가능
3830000,510,6410000,41171,사용,U,2026-05-28 14:14:31,2026-05-29 03:03:03,제공,제공,제공,부착,제공,미제공,제공,가능
3830000,511,6410000,41171,사용,U,2026-05-28 14:14:39,2026-05-29 03:03:03,제공,제공,제공,부착,제공,미제공,제공,가능
3830000,512,6410000,41171,사용,U,2026-05-28 14:14:52,2026-05-29 03:03:03,제공,제공,제공,부착,제공,미제공,제공,가능
3830000,516,6410000,41171,사용,U,2026-05-28 14:10:32,2026-05-29 03:03:03,제공,제공,제공,부착,제공,미제공,제공,가능
3830000,517,6410000,41171,사용,U,2026-05-28 14:10:58,2026-05-29 03:03:03,제공,제공,제공,부착,제공,미제공,제공,가능
3830000,518,6410000,41173,사용,U,2026-05-28 14:15:47,2026-05-29 03:03:03,제공,제공,제공,부착,제공,미제공,제공,가능
3830000,519,6410000,41173,사용,U,2026-09-15 14:53:59,2026-09-16 21:57:25,제공,제공,제공,부착,제공,미제공,제공,가능
3830000,520,6410000,41171,사용,U,2026-05-28 14:16:09,2026-05-29 03:03:03,제공,제공,제공,부착,제공,미제공,제공,가능
3830000,521,6410000,41171,사용,U,2026-05-28 14:56:58,2026-05-29 03:03:03,제공,제공,제공,부착,제공,미제공,제공,가능
3830000,522,6410000,41173,사용,U,2026-05-28 14:57:12,2026-05-29 03:03:03,제공,제공,제공,부착,제공,미제공,제공,가능
3830000,523,6410000,41173,사용,U,2026-05-28 14:17:01,2026-05-29 03:03:03,제공,제공,제공,부착,제공,미제공,제공,가능
3830000,524,6410000,41173,사용,U,2026-05-28 14:57:34,2026-05-29 03:03:03,제공,제공,제공,부착,제공,미제공,제공,가능
3830000,525,6410000,41173,사용,U,2026-05-28 14:17:23,2026-05-29 03:03:03,제공,제공,제공,부착,제공,미제공,제공,가능
3830000,526,6410000,41173,사용,U,2026-05-28 14:11:31,2026-05-29 03:03:03,제공,제공,제공,부착,제공,미제공,제공,가능
3830000,527,6410000,41171,사용,U,2026-05-28 14:52:39,2026-05-29 03:03:03,제공,제공,제공,부착,제공,미제공,제공,가능
3830000,528,6410000,41173,사용,U,2026-05-28 14:52:50,2026-05-29 03:03:03,제공,제공,제공,부착,제공,미제공,제공,가능
3830000,529,6410000,41173,사용,U,2026-05-28 14:53:02,2026-05-29 03:03:03,제공,제공,제공,부착,제공,미제공,제공,가능
3830000,530,6410000,41171,사용,U,2026-05-28 14:53:13,2026-05-29 03:03:03,제공,제공,제공,부착,제공,미제공,제공,가능
3830000,531,6410000,41171,사용,U,2026-05-28 14:53:23,2026-05-29 03:03:03,제공,제공,제공,부착,제공,미제공,제공,가능
3830000,532,6410000,41173,사용,U,2026-05-28 14:11:47,2026-05-29 03:03:03,제공,제공,제공,부착,제공,미제공,제공,가능
3830000,533,6410000,41171,사용,U,2026-05-28 14:11:58,2026-05-29 03:03:03,제공,제공,제공,부착,제공,미제공,제공,가능
3830000,534,6410000,41171,사용,U,2026-05-28 14:12:13,2026-05-29 03:03:03,제공,제공,제공,부착,제공,미제공,제공,가능
3830000,535,6410000,41173,사용,U,2026-05-28 14:12:23,2026-05-29 03:03:03,제공,제공,제공,부착,제공,미제공,제공,가능
3830000,536,6410000,41173,사용,U,2026-05-28 14:12:32,2026-05-29 03:03:03,제공,제공,제공,부착,제공,미제공,제공,가능
3830000,537,6410000,41171,사용,I,2026-01-28 10:58:19,2026-03-10 21:58:10,제공,제공,제공,부착,제공,미제공,제공,가능
3860000,102,6410000,41196,사용,U,2026-06-30 18:08:54,2026-07-01 21:27:25,제공,제공,제공,부착,제공,제공,제공,가능
3860000,103,6410000,41196,사용,U,2026-06-30 18:08:54,2026-07-01 21:27:25,제공,제공,제공,부착,제공,제공,제공,가능
3860000,106,6410000,41192,사용,U,2026-04-15 16:14:35,2026-04-16 03:03:03,제공,제공,제공,부착,제공,제공,제공,가능
3860000,107,6410000,41194,사용,U,2026-07-01 13:55:20,2026-07-02 21:27:25,제공,제공,제공,부착,제공,미제공,제공,가능
3860000,111,6410000,41192,사용,U,2026-04-15 16:24:20,2026-04-16 03:03:03,제공,제공,제공,부착,제공,미제공,제공,가능
3860000,112,6410000,41192,사용,U,2026-04-15 16:24:36,2026-04-16 03:03:03,제공,제공,제공,부착,제공,제공,제공,가능
3860000,113,6410000,41192,사용,U,2026-04-15 16:18:50,2026-04-16 03:03:03,제공,제공,제공,부착,제공,미제공,제공,가능
3860000,114,6410000,41196,사용,U,2026-06-30 18:08:54,2026-07-01 21:27:25,제공,제공,제공,부착,제공,제공,제공,가능
3860000,115,6410000,41192,사용,U,2026-04-15 16:18:17,2026-04-16 03:03:03,제공,제공,제공,부착,제공,제공,제공,가능
3860000,117,6410000,41192,사용,U,2026-04-15 16:25:33,2026-04-16 03:03:03,제공,제공,제공,부착,제공,미제공,제공,가능
3860000,118,6410000,41192,사용,U,2026-04-15 16:25:06,2026-04-16 03:03:03,제공,제공,제공,부착,제공,미제공,제공,가능
3860000,120,6410000,41192,사용,U,2026-04-15 16:19:04,2026-04-16 03:03:03,제공,제공,제공,부착,제공,제공,제공,가능
3860000,121,6410000,41192,사용,U,2026-04-15 16:19:38,2026-04-16 03:03:03,제공,제공,제공,부착,제공,미제공,제공,가능
3860000,122,6410000,41194,사용,U,2026-07-01 13:55:20,2026-07-02 21:27:25,제공,제공,제공,부착,제공,제공,제공,가능
3860000,123,6410000,41194,사용,U,2026-07-01 13:55:20,2026-07-02 21:27:25,제공,제공,제공,부착,제공,미제공,제공,가능
3860000,124,6410000,41196,사용,U,2026-06-30 18:08:54,2026-07-01 21:27:25,제공,제공,제공,부착,제공,제공,제공,가능
3860000,125,6410000,41196,사용,U,2026-06-30 18:08:54,2026-07-01 21:27:25,제공,제공,제공,부착,제공,미제공,제공,가능
3860000,131,6410000,41192,사용,U,2026-03-25 18:33:13,2026-03-26 03:03:03,제공,제공,제공,부착,제공,제공,제공,가능
3860000,134,6410000,41194,사용,U,2026-07-01 13:55:20,2026-07-02 21:27:25,제공,제공,제공,부착,제공,미제공,제공,가능
3860000,135,6410000,41192,사용,U,2026-04-15 16:23:53,2026-04-16 03:03:03,제공,제공,제공,부착,제공,미제공,제공,가능
3860000,136,6410000,41194,사용,U,2026-07-01 13:55:20,2026-07-02 21:27:25,제공,제공,제공,부착,제공,미제공,제공,가능
3860000,137,6410000,41192,사용,U,2026-04-15 16:15:55,2026-04-16 03:03:03,제공,제공,제공,부착,제공,미제공,제공,가능
3860000,138,6410000,41192,사용,U,2026-04-15 16:21:47,2026-04-16 03:03:03,제공,제공,제공,부착,제공,미제공,제공,가능
3860000,139,6410000,41194,사용,U,2026-07-01 13:55:20,2026-07-02 21:27:25,제공,제공,제공,부착,제공,미제공,제공,가능
3860000,140,6410000,41196,사용,U,2026-06-30 18:08:54,2026-07-01 21:27:25,제공,제공,제공,부착,제공,미제공,제공,가능
3860000,142,6410000,41192,사용,U,2026-04-15 16:32:00,2026-04-16 03:03:03,제공,제공,제공,부착,제공,미제공,제공,가능
3860000,401,6410000,41192,사용,U,2026-03-25 18:32:21,2026-03-26 03:03:03,제공,제공,제공,부착,제공,제공,제공,가능
3860000,402,6410000,41194,사용,U,2026-07-01 13:55:20,2026-07-02 21:27:25,제공,제공,제공,부착,제공,제공,제공,가능
3860000,403,6410000,41194,사용,U,2026-07-01 13:55:20,2026-07-02 21:27:25,제공,제공,제공,부착,제공,미제공,제공,가능
3860000,406,6410000,41192,사용,U,2026-04-15 16:21:13,2026-04-16 03:03:03,제공,제공,제공,부착,제공,제공,제공,가능
3860000,408,6410000,41194,사용,U,2026-07-01 13:55:20,2026-07-02 21:27:25,제공,제공,제공,부착,제공,제공,제공,가능
3860000,411,6410000,41192,사용,U,2026-04-15 16:16:19,2026-04-16 03:03:03,제공,제공,제공,부착,제공,제공,제공,가능
3860000,412,6410000,41194,사용,U,2026-07-01 13:55:20,2026-07-02 21:27:25,제공,제공,제공,부착,제공,제공,제공,가능
3860000,414,6410000,41194,사용,U,2026-08-18 16:04:50,2026-08-19 21:27:25,제공,제공,제공,부착,제공,제공,제공,가능
3860000,415,6410000,41194,사용,U,2026-07-01 13:55:20,2026-07-02 21:27:25,제공,제공,제공,부착,제공,제공,제공,가능
3860000,416,6410000,41196,사용,U,2026-06-30 18:08:54,2026-07-01 21:27:25,제공,제공,제공,부착,제공,제공,제공,가능
3860000,417,6410000,41192,사용,U,2026-04-15 16:15:41,2026-04-16 03:03:03,제공,제공,제공,부착,제공,제공,제공,가능
3860000,418,6410000,41192,사용,U,2026-04-15 16:16:33,2026-04-16 03:03:03,제공,제공,제공,부착,제공,제공,제공,가능
3860000,419,6410000,41192,사용,U,2026-04-15 16:17:00,2026-04-16 03:03:03,제공,제공,제공,부착,제공,제공,제공,가능
3860000,420,6410000,41192,사용,U,2026-04-15 16:17:44,2026-04-16 03:03:03,제공,제공,제공,부착,제공,제공,제공,가능
3860000,421,6410000,41192,사용,U,2026-04-15 16:22:47,2026-04-16 03:03:03,제공,제공,제공,부착,제공,제공,제공,가능
3860000,422,6410000,41192,사용,U,2026-04-15 16:19:26,2026-04-16 03:03:03,제공,제공,제공,부착,제공,제공,제공,가능
3860000,423,6410000,41192,사용,U,2026-08-26 16:24:02,2026-08-27 21:27:25,제공,제공,제공,부착,제공,제공,제공,가능
3860000,424,6410000,41194,사용,U,2026-07-01 13:55:20,2026-07-02 21:27:25,제공,제공,제공,부착,제공,제공,제공,가능
3860000,425,6410000,41196,사용,U,2026-06-30 18:08:54,2026-07-01 21:27:25,제공,제공,제공,부착,제공,제공,제공,가능
3860000,426,6410000,41192,사용,U,2026-08-26 16:24:12,2026-08-27 21:27:25,제공,제공,제공,부착,제공,제공,제공,가능
3860000,427,6410000,41192,사용,U,2026-08-26 16:23:38,2026-08-27 21:27:25,제공,제공,제공,부착,제공,제공,제공,가능
3860000,428,6410000,41192,사용,U,2026-08-26 16:23:50,2026-08-27 21:27:25,제공,제공,제공,부착,제공,제공,제공,가능
3900000,501,6410000,41210,사용,U,2026-08-11 07:59:17,2026-08-12 21:27:25,제공,제공,제공,부착,제공,미제공,제공,불가능
3900000,502,6410000,41210,사용,U,2026-08-11 07:59:17,2026-08-12 21:27:25,제공,제공,제공,부착,제공,미제공,제공,불가능
3900000,503,6410000,41210,사용,U,2026-08-11 07:59:17,2026-08-12 21:27:25,제공,제공,제공,부착,제공,미제공,제공,가능
3900000,504,6410000,41210,사용,U,2026-08-11 07:59:17,2026-08-12 21:27:25,제공,제공,제공,부착,제공,미제공,제공,불가능
3900000,505,6410000,41210,사용,U,2026-08-11 07:59:17,2026-08-12 21:27:25,제공,제공,제공,부착,제공,미제공,제공,불가능
3900000,506,6410000,41210,사용,U,2026-08-11 07:59:17,2026-08-12 21:27:25,제공,제공,제공,부착,제공,미제공,제공,불가능
3900000,507,6410000,41210,사용,U,2026-08-11 07:59:17,2026-08-12 21:27:25,제공,제공,제공,부착,제공,미제공,제공,불가능
3900000,509,6410000,41210,사용,U,2026-08-11 07:59:17,2026-08-12 21:27:25,제공,제공,제공,부착,제공,제공,제공,가능
3900000,510,6410000,41210,사용,U,2026-08-11 07:59:17,2026-08-12 21:27:25,제공,제공,제공,부착,제공,미제공,제공,가능
3900000,511,6410000,41210,사용,U,2026-08-11 07:59:17,2026-08-12 21:27:25,제공,제공,제공,부착,제공,미제공,제공,불가능
3900000,512,6410000,41210,사용,U,2026-08-11 07:59:17,2026-08-12 21:27:25,제공,제공,제공,부착,제공,미제공,제공,불가능
3900000,513,6410000,41210,사용,U,2026-08-11 07:59:17,2026-08-12 21:27:25,제공,제공,제공,부착,제공,미제공,제공,불가능
3900000,514,6410000,41210,사용,U,2026-08-11 07:59:17,2026-08-12 21:27:25,제공,제공,제공,부착,제공,미제공,제공,가능
3900000,515,6410000,41210,사용,U,2026-08-11 07:59:17,2026-08-12 21:27:25,제공,제공,제공,부착,제공,미제공,제공,불가능
3900000,516,6410000,41210,사용,U,2026-08-11 07:59:17,2026-08-12 21:27:25,제공,제공,제공,부착,제공,미제공,제공,가능
3900000,517,6410000,41210,사용,U,2026-08-11 07:59:17,2026-08-12 21:27:25,제공,제공,제공,부착,제공,제공,제공,가능
3900000,518,6410000,41210,사용,U,2026-08-11 07:59:17,2026-08-12 21:27:25,제공,제공,제공,부착,제공,미제공,제공,불가능
3900000,519,6410000,41210,사용,U,2026-08-11 07:59:17,2026-08-12 21:27:25,제공,제공,제공,부착,제공,미제공,제공,불가능
3900000,520,6410000,41210,사용,U,2026-08-11 07:59:17,2026-08-12 21:27:25,제공,제공,제공,부착,제공,미제공,제공,불가능
3900000,521,6410000,41210,사용,U,2026-08-11 07:59:17,2026-08-12 21:27:25,제공,제공,제공,부착,제공,미제공,제공,가능
3900000,522,6410000,41210,사용,U,2026-08-25 13:41:16,2026-08-26 21:27:25,제공,제공,제공,부착,제공,미제공,제공,가능
3900000,523,6410000,41210,사용,U,2026-08-11 07:59:17,2026-08-12 21:27:25,제공,제공,제공,부착,제공,제공,제공,가능
3900000,524,6410000,41210,사용,U,2026-08-11 07:59:17,2026-08-12 21:27:25,제공,제공,제공,부착,제공,미제공,제공,불가능
3900000,525,6410000,41210,사용,U,2026-08-11 07:59:17,2026-08-12 21:27:25,제공,제공,제공,부착,제공,제공,제공,가능
3900000,526,6410000,41210,사용,U,2026-08-11 07:59:17,2026-08-12 21:27:25,제공,제공,제공,부착,제공,미제공,제공,가능
3900000,527,6410000,41210,사용,U,2026-08-11 07:59:17,2026-08-12 21:27:25,제공,제공,제공,부착,제공,미제공,제공,가능
3900000,528,6410000,41210,사용,U,2026-08-25 13:41:50,2026-08-26 21:27:25,제공,제공,제공,부착,제공,미제공,제공,가능
3900000,529,6410000,41210,사용,U,2026-08-11 07:59:17,2026-08-12 21:27:25,제공,제공,제공,부착,제공,미제공,제공,가능
3900000,530,6410000,41210,사용,U,2026-08-11 07:59:17,2026-08-12 21:27:25,제공,제공,제공,부착,제공,미제공,제공,가능
3900000,531,6410000,41210,사용,U,2026-08-11 07:59:17,2026-08-12 21:27:25,제공,제공,제공,부착,제공,제공,제공,가능
3900000,532,6410000,41210,사용,U,2026-08-11 07:59:17,2026-08-12 21:27:25,제공,제공,제공,부착,제공,제공,제공,가능
3900000,533,6410000,41210,사용,U,2026-08-11 07:59:17,2026-08-12 21:27:25,제공,제공,제공,부착,제공,미제공,제공,불가능
3900000,534,6410000,41210,사용,U,2026-08-11 07:59:17,2026-08-12 21:27:25,제공,제공,제공,부착,제공,미제공,제공,불가능
3900000,535,6410000,41210,사용,U,2026-08-11 07:59:17,2026-08-12 21:27:25,제공,제공,제공,부착,제공,미제공,제공,불가능
3900000,536,6410000,41210,사용,U,2026-08-11 07:59:17,2026-08-12 21:27:25,제공,제공,제공,부착,제공,미제공,제공,불가능
3900000,537,6410000,41210,사용,U,2026-08-11 07:59:17,2026-08-12 21:27:25,제공,제공,제공,부착,제공,미제공,제공,불가능
3900000,538,6410000,41210,사용,U,2026-08-11 07:59:17,2026-08-12 21:27:25,제공,제공,제공,부착,제공,미제공,제공,불가능
3900000,539,6410000,41210,사용,U,2026-08-11 07:59:17,2026-08-12 21:27:25,제공,제공,제공,부착,제공,미제공,제공,가능
3900000,540,6410000,41210,사용,U,2026-08-11 07:59:17,2026-08-12 21:27:25,제공,제공,제공,부착,제공,미제공,제공,가능
3900000,541,6410000,41210,사용,U,2026-08-11 07:59:17,2026-08-12 21:27:25,제공,제공,제공,부착,제공,미제공,제공,가능
3910000,201,6410000,41220,사용,U,2026-08-19 10:33:05,2026-08-20 22:01:14,제공,제공,제공,부착,제공,미제공,제공,가능
3910000,501,6410000,41220,사용,U,2026-08-19 10:33:31,2026-08-20 22:01:14,제공,제공,제공,부착,제공,미제공,제공,가능
3910000,502,6410000,41220,사용,U,2026-08-19 10:33:50,2026-08-20 22:01:14,제공,제공,제공,부착,제공,미제공,제공,가능
3910000,503,6410000,41220,사용,U,2026-08-19 10:34:06,2026-08-20 22:01:14,제공,제공,제공,부착,제공,미제공,제공,가능
3910000,505,6410000,41220,사용,U,2026-08-19 10:56:56,2026-08-20 22:01:14,제공,제공,제공,부착,제공,미제공,제공,가능
3910000,506,6410000,41220,사용,U,2026-08-19 10:34:38,2026-08-20 22:01:14,제공,제공,제공,부착,제공,미제공,제공,가능
3910000,507,6410000,41220,사용,U,2026-08-19 10:56:24,2026-08-20 22:01:14,제공,제공,제공,부착,제공,미제공,제공,가능
3910000,508,6410000,41220,사용,U,2026-08-19 10:35:40,2026-08-20 22:01:14,제공,제공,제공,부착,제공,미제공,제공,가능
3910000,509,6410000,41220,사용,U,2026-08-19 10:36:03,2026-08-20 22:01:14,제공,제공,제공,부착,제공,미제공,제공,가능
3910000,510,6410000,41220,사용,U,2026-08-19 10:36:40,2026-08-20 22:01:14,제공,제공,제공,부착,제공,미제공,제공,가능
3910000,511,6410000,41220,사용,U,2026-08-19 10:36:59,2026-08-20 22:01:14,제공,제공,제공,부착,제공,미제공,제공,가능
3910000,512,6410000,41220,사용,U,2026-08-19 10:37:20,2026-08-20 22:01:14,제공,제공,제공,부착,제공,미제공,제공,가능
3910000,513,6410000,41220,사용,U,2026-08-19 10:37:46,2026-08-20 22:01:14,제공,제공,제공,부착,제공,미제공,제공,가능
3910000,514,6410000,41220,사용,U,2026-08-19 10:38:06,2026-08-20 22:01:14,제공,제공,제공,부착,제공,미제공,제공,가능
3910000,515,6410000,41220,사용,U,2026-08-19 10:38:21,2026-08-20 22:01:14,제공,제공,제공,부착,제공,미제공,제공,가능
3910000,516,6410000,41220,사용,U,2026-08-19 10:38:37,2026-08-20 22:01:14,제공,제공,제공,부착,제공,미제공,제공,가능
3910000,517,6410000,41220,사용,U,2026-08-19 10:38:52,2026-08-20 22:01:14,제공,제공,제공,부착,제공,미제공,제공,가능
3910000,518,6410000,41220,사용,I,2026-02-05 10:26:04,2026-05-10 22:01:16,제공,제공,제공,부착,제공,미제공,제공,가능
3910000,519,6410000,41220,사용,U,2026-08-19 10:39:19,2026-08-20 22:01:14,제공,제공,제공,부착,제공,미제공,제공,가능
3910000,520,6410000,41220,사용,U,2026-08-19 10:39:36,2026-08-20 22:01:14,제공,제공,제공,부착,제공,미제공,제공,가능
3910000,521,6410000,41220,사용,U,2026-08-19 10:40:22,2026-08-20 22:01:14,제공,제공,제공,부착,제공,미제공,제공,가능
3910000,522,6410000,41220,사용,U,2026-08-19 10:41:23,2026-08-20 22:01:14,제공,제공,제공,부착,제공,미제공,제공,가능
3910000,523,6410000,41220,사용,U,2026-08-19 10:40:56,2026-08-20 22:01:14,제공,제공,제공,부착,제공,미제공,제공,가능
3910000,524,6410000,41220,사용,U,2026-08-19 10:41:43,2026-08-20 22:01:14,제공,제공,제공,부착,제공,미제공,제공,가능
3910000,525,6410000,41220,사용,U,2026-08-19 10:42:03,2026-08-20 22:01:14,제공,제공,제공,부착,제공,미제공,제공,가능
3910000,526,6410000,41220,사용,U,2026-08-19 10:42:20,2026-08-20 22:01:14,제공,제공,제공,부착,제공,미제공,제공,가능
3910000,527,6410000,41220,사용,U,2026-08-19 10:42:48,2026-08-20 22:01:14,제공,제공,제공,부착,제공,미제공,제공,가능
3910000,528,6410000,41220,사용,U,2026-08-19 10:43:03,2026-08-20 22:01:14,제공,제공,제공,부착,제공,미제공,제공,가능
3910000,529,6410000,41220,사용,I,2026-02-05 10:24:26,2026-05-10 22:01:18,제공,제공,제공,부착,제공,미제공,제공,가능
3910000,530,6410000,41220,사용,I,2026-04-17 09:15:17,2026-05-10 22:01:18,제공,제공,제공,부착,제공,미제공,제공,가능
3910000,531,6410000,41220,사용,I,2026-03-11 10:05:54,2026-05-10 22:01:18,제공,제공,제공,부착,제공,미제공,제공,가능
3910000,532,6410000,41220,사용,I,2026-04-08 13:16:39,2026-05-10 22:01:18,제공,제공,제공,부착,제공,미제공,제공,가능
3910000,533,6410000,41220,사용,U,2026-08-19 10:44:03,2026-08-20 22:01:14,제공,제공,제공,부착,제공,미제공,제공,가능
3910000,534,6410000,41220,사용,U,2026-08-19 10:58:48,2026-08-20 22:01:14,제공,제공,제공,부착,제공,미제공,제공,가능
3910000,535,6410000,41220,사용,U,2026-08-19 11:02:10,2026-08-20 22:01:14,제공,제공,제공,부착,제공,미제공,제공,가능
3910000,536,6410000,41220,사용,U,2026-08-03 09:22:37,2026-08-04 22:01:12,제공,제공,제공,부착,제공,미제공,제공,가능
3910000,537,6410000,41220,사용,U,2026-08-19 10:59:26,2026-08-20 22:01:14,제공,제공,제공,부착,제공,미제공,제공,가능
3910000,538,6410000,41220,사용,U,2026-08-19 10:44:31,2026-08-20 22:01:14,제공,제공,제공,부착,제공,미제공,제공,가능
3910000,539,6410000,41220,사용,U,2026-08-19 11:02:33,2026-08-20 22:01:14,제공,제공,제공,부착,제공,미제공,제공,가능
3910000,540,6410000,41220,사용,U,2026-08-19 10:53:15,2026-08-20 22:01:14,제공,제공,제공,부착,제공,미제공,제공,가능
3910000,541,6410000,41220,사용,U,2026-08-19 10:53:28,2026-08-20 22:01:14,제공,제공,제공,부착,제공,미제공,제공,가능
3910000,542,6410000,41220,사용,U,2026-08-19 10:53:41,2026-08-20 22:01:14,제공,제공,제공,부착,제공,미제공,제공,가능
3910000,543,6410000,41220,사용,U,2026-08-19 10:53:52,2026-08-20 22:01:14,제공,제공,제공,부착,제공,미제공,제공,가능
3910000,544,6410000,41220,사용,U,2026-08-19 10:54:08,2026-08-20 22:01:14,제공,제공,제공,부착,제공,미제공,제공,가능
3910000,545,6410000,41220,사용,U,2026-05-14 09:44:44,2026-05-15 03:03:03,제공,제공,제공,부착,제공,미제공,제공,가능
3910000,546,6410000,41220,사용,U,2026-08-19 10:54:44,2026-08-20 22:01:14,제공,제공,제공,부착,제공,미제공,제공,가능
3910000,547,6410000,41220,사용,U,2026-08-19 10:55:07,2026-08-20 22:01:14,제공,제공,제공,부착,제공,미제공,제공,가능
3910000,548,6410000,41220,사용,U,2026-09-30 11:36:07,2026-10-01 22:01:20,제공,제공,제공,부착,제공,제공,제공,가능
3920000,401,6410000,41250,사용,U,2026-09-01 11:24:06,2026-09-02 21:27:25,제공,제공,제공,부착,제공,제공,제공,가능
3920000,402,6410000,41250,사용,U,2026-08-18 16:49:24,2026-08-19 21:27:25,제공,제공,제공,부착,제공,제공,제공,가능
3920000,403,6410000,41250,사용,U,2026-04-16 10:24:03,2026-04-17 03:03:03,제공,제공,제공,부착,제공,제공,제공,가능
3920000,404,6410000,41250,사용,U,2026-04-16 10:24:14,2026-04-17 03:03:03,제공,제공,제공,부착,제공,제공,제공,가능
3920000,405,6410000,41250,사용,U,2026-08-18 16:48:54,2026-08-19 21:27:25,제공,제공,제공,부착,제공,제공,제공,가능
3920000,406,6410000,41250,사용,U,2026-08-18 16:49:03,2026-08-19 21:27:25,제공,제공,제공,부착,제공,제공,제공,가능
3920000,407,6410000,41250,사용,U,2026-08-18 16:49:15,2026-08-19 21:27:25,제공,제공,제공,부착,제공,제공,제공,가능
3920000,501,6410000,41250,사용,U,2026-08-18 16:49:20,2026-08-19 21:27:25,제공,제공,제공,부착,제공,제공,제공,가능
3920000,502,6410000,41250,사용,U,2026-08-18 16:48:37,2026-08-19 21:27:25,제공,제공,제공,부착,제공,제공,제공,가능
3930000,401,6410000,41273,사용,U,2026-08-25 09:17:18,2026-08-26 21:57:25,제공,제공,제공,부착,제공,미제공,제공,가능
3930000,402,6410000,41271,사용,U,2026-08-25 15:46:23,2026-08-26 21:57:25,제공,제공,제공,부착,제공,미제공,제공,가능
3930000,404,6410000,41271,사용,U,2026-08-25 15:47:31,2026-08-26 21:57:25,제공,제공,제공,부착,제공,미제공,제공,가능
3930000,411,6410000,41273,사용,I,2026-01-26 14:27:17,2026-01-27 21:57:25,제공,제공,제공,부착,제공,미제공,제공,가능
3930000,418,6410000,41271,사용,U,2026-08-25 15:47:49,2026-08-26 21:57:25,제공,제공,제공,부착,제공,미제공,제공,가능
3930000,420,6410000,41271,사용,U,2026-07-01 10:33:39,2026-07-02 21:57:25,제공,제공,제공,부착,제공,미제공,제공,가능
3930000,421,6410000,41271,사용,U,2026-07-01 10:33:39,2026-07-02 21:57:25,제공,제공,제공,부착,제공,미제공,제공,가능
3930000,422,6410000,41271,사용,U,2026-07-01 10:33:39,2026-07-02 21:57:26,제공,제공,제공,부착,제공,미제공,제공,가능
3930000,423,6410000,41271,사용,U,2026-08-25 15:48:28,2026-08-26 21:57:25,제공,제공,제공,부착,제공,미제공,제공,가능
3930000,425,6410000,41271,사용,U,2026-08-25 15:49:06,2026-08-26 21:57:25,제공,제공,제공,부착,제공,미제공,제공,가능
3930000,426,6410000,41273,사용,U,2026-08-25 09:17:27,2026-08-26 21:57:25,제공,제공,제공,부착,제공,미제공,제공,가능
3930000,427,6410000,41271,사용,U,2026-08-25 15:49:26,2026-08-26 21:57:25,제공,제공,제공,부착,제공,미제공,제공,가능
3930000,428,6410000,41271,사용,U,2026-08-25 15:49:40,2026-08-31 21:57:25,제공,제공,제공,부착,제공,미제공,제공,가능
3930000,429,6410000,41273,사용,U,2026-08-25 09:18:07,2026-08-26 21:57:25,제공,제공,제공,부착,제공,미제공,제공,가능
3930000,430,6410000,41271,사용,U,2026-08-25 15:49:56,2026-08-26 21:57:25,제공,제공,제공,부착,제공,미제공,제공,가능
3930000,501,6410000,41271,사용,U,2026-07-01 10:33:39,2026-07-02 21:57:26,제공,제공,제공,부착,제공,미제공,제공,가능
3930000,502,6410000,41271,사용,U,2026-08-25 15:50:14,2026-08-26 21:57:25,제공,제공,제공,부착,제공,미제공,제공,가능
3930000,503,6410000,41271,사용,U,2026-08-25 15:50:28,2026-08-26 21:57:25,제공,제공,제공,부착,제공,미제공,제공,가능
3930000,504,6410000,41271,사용,U,2026-08-25 15:50:40,2026-08-26 21:57:25,제공,제공,제공,부착,제공,미제공,제공,가능
3930000,505,6410000,41271,사용,U,2026-08-25 15:50:57,2026-08-26 21:57:25,제공,제공,제공,부착,제공,미제공,제공,가능
3930000,507,6410000,41271,사용,U,2026-07-01 10:33:39,2026-07-02 21:57:26,제공,제공,제공,부착,제공,미제공,제공,가능
3930000,508,6410000,41273,사용,U,2026-08-25 09:17:34,2026-08-26 21:57:25,제공,제공,제공,부착,제공,미제공,제공,가능
3930000,510,6410000,41273,사용,U,2026-08-25 09:17:46,2026-08-26 21:57:25,제공,제공,제공,부착,제공,미제공,제공,가능
3930000,511,6410000,41273,사용,I,2026-01-27 08:54:59,2026-01-28 21:57:25,제공,제공,제공,부착,제공,미제공,제공,가능
3930000,512,6410000,41273,사용,I,2026-01-27 08:55:14,2026-01-28 21:57:25,제공,제공,제공,부착,제공,미제공,제공,가능
3930000,514,6410000,41273,사용,I,2026-01-27 08:55:24,2026-01-28 21:57:25,제공,제공,제공,부착,제공,미제공,제공,가능
3930000,515,6410000,41273,사용,U,2026-08-25 09:18:34,2026-08-26 21:57:25,제공,제공,제공,부착,제공,미제공,제공,가능
3930000,516,6410000,41271,사용,U,2026-08-25 15:51:14,2026-08-26 21:57:25,제공,제공,제공,부착,제공,미제공,제공,가능
3930000,517,6410000,41273,사용,U,2026-08-25 09:18:41,2026-08-26 21:57:25,제공,제공,제공,부착,제공,미제공,제공,가능
3930000,518,6410000,41273,사용,I,2026-03-24 16:24:49,2026-03-25 21:57:26,제공,제공,제공,부착,제공,미제공,제공,가능
3930000,519,6410000,41273,사용,U,2026-08-25 09:18:52,2026-08-26 21:57:25,제공,제공,제공,부착,제공,미제공,제공,가능
3930000,520,6410000,41273,사용,I,2026-01-26 15:08:16,2026-01-27 21:57:25,제공,제공,제공,부착,제공,미제공,제공,가능
3930000,521,6410000,41273,사용,U,2026-08-25 09:19:03,2026-08-26 21:57:25,제공,제공,제공,부착,제공,미제공,제공,가능
3930000,522,6410000,41271,사용,U,2026-08-25 15:51:26,2026-08-26 21:57:25,제공,제공,제공,부착,제공,미제공,제공,가능
3930000,523,6410000,41273,사용,U,2026-08-25 09:19:10,2026-08-26 21:57:25,제공,제공,제공,부착,제공,미제공,제공,가능
3930000,524,6410000,41271,사용,U,2026-08-25 15:51:39,2026-08-26 21:57:25,제공,제공,제공,부착,제공,미제공,제공,가능
3930000,525,6410000,41271,사용,U,2026-08-25 15:51:50,2026-08-26 21:57:25,제공,제공,제공,부착,제공,미제공,제공,가능
3930000,526,6410000,41273,사용,I,2026-01-26 15:10:15,2026-01-27 21:57:25,제공,제공,제공,부착,제공,미제공,제공,가능
3930000,527,6410000,41271,사용,U,2026-08-25 15:53:49,2026-08-26 21:57:25,제공,제공,제공,부착,제공,미제공,제공,가능
3930000,529,6410000,41273,사용,U,2026-08-25 09:19:23,2026-08-26 21:57:25,제공,제공,제공,부착,제공,미제공,제공,가능
3930000,530,6410000,41271,사용,U,2026-08-25 15:54:08,2026-08-26 21:57:25,제공,제공,제공,부착,제공,미제공,제공,가능
3930000,531,6410000,41273,사용,U,2026-08-25 09:19:29,2026-08-26 21:57:25,제공,제공,제공,부착,제공,미제공,제공,가능
3930000,532,6410000,41271,사용,U,2026-08-25 15:54:25,2026-08-31 21:57:25,제공,제공,제공,부착,제공,미제공,제공,가능
3930000,533,6410000,41273,사용,U,2026-08-25 09:19:35,2026-08-26 21:57:25,제공,제공,제공,부착,제공,미제공,제공,가능
3930000,534,6410000,41273,사용,U,2026-08-25 09:19:41,2026-08-26 21:57:25,제공,제공,제공,부착,제공,미제공,제공,가능
3930000,535,6410000,41273,사용,U,2026-08-25 09:19:52,2026-08-26 21:57:25,제공,제공,제공,부착,제공,미제공,제공,가능
3930000,536,6410000,41273,사용,U,2026-08-25 09:19:57,2026-08-26 21:57:25,제공,제공,제공,부착,제공,미제공,제공,가능
3930000,537,6410000,41271,사용,U,2026-08-25 15:54:37,2026-08-26 21:57:25,제공,제공,제공,부착,제공,미제공,제공,가능
3930000,538,6410000,41271,사용,U,2026-08-25 15:54:49,2026-08-26 21:57:25,제공,제공,제공,부착,제공,미제공,제공,가능
3930000,539,6410000,41271,사용,U,2026-08-25 15:55:01,2026-08-26 21:57:25,제공,제공,제공,부착,제공,미제공,제공,가능
3930000,540,6410000,41271,사용,U,2026-08-25 15:55:12,2026-08-26 21:57:25,제공,제공,제공,부착,제공,미제공,제공,가능
3940000,102,6410000,41285,사용,U,2026-06-21 16:40:45,2026-06-22 21:27:25,제공,제공,제공,부착,제공,미제공,제공,불가능
3940000,103,6410000,41285,사용,U,2026-06-21 16:40:45,2026-06-22 21:27:25,제공,제공,제공,부착,제공,미제공,제공,불가능
3940000,104,6410000,41285,사용,U,2026-06-21 16:40:45,2026-06-22 21:27:25,제공,제공,제공,부착,제공,제공,제공,가능
3940000,105,6410000,41285,사용,U,2026-06-21 16:40:45,2026-06-22 21:27:25,제공,제공,제공,부착,제공,미제공,제공,불가능
3940000,107,6410000,41285,사용,U,2026-06-21 16:40:45,2026-06-22 21:27:25,제공,제공,제공,부착,제공,제공,제공,가능
3940000,401,6410000,41285,사용,I,2026-03-19 09:53:18,2026-03-20 21:27:25,제공,제공,제공,부착,제공,미제공,제공,가능
3940000,402,6410000,41285,사용,U,2026-08-07 17:02:31,2026-08-08 21:27:25,제공,제공,제공,부착,제공,제공,제공,가능
3940000,403,6410000,41281,사용,I,2026-01-22 16:51:12,2026-01-23 21:27:25,제공,제공,제공,부착,제공,제공,제공,가능
3940000,501,6410000,41285,사용,U,2026-06-21 16:40:45,2026-06-22 21:27:25,제공,제공,제공,부착,제공,제공,제공,가능
3940000,502,6410000,41281,사용,I,2026-01-22 16:52:00,2026-01-23 21:27:25,제공,제공,제공,부착,제공,제공,제공,가능
3940000,503,6410000,41281,사용,U,2026-08-13 11:18:42,2026-08-14 21:27:25,제공,제공,제공,부착,제공,제공,제공,가능
3940000,504,6410000,41281,사용,U,2026-08-10 10:34:54,2026-08-11 21:27:25,제공,제공,제공,부착,제공,제공,제공,가능
3940000,505,6410000,41281,사용,I,2026-01-22 16:54:21,2026-01-23 21:27:25,제공,제공,제공,부착,제공,미제공,제공,불가능
3940000,506,6410000,41281,사용,I,2026-01-22 17:00:20,2026-01-23 21:27:25,제공,제공,제공,부착,제공,미제공,제공,가능
3940000,507,6410000,41281,사용,U,2026-08-10 10:19:20,2026-08-11 21:27:25,제공,제공,제공,부착,제공,미제공,제공,가능
3940000,508,6410000,41285,사용,U,2026-06-21 16:40:45,2026-06-22 21:27:25,제공,제공,제공,부착,제공,제공,제공,가능
3940000,510,6410000,41287,사용,U,2026-08-10 11:16:52,2026-08-11 21:27:25,제공,제공,제공,부착,제공,미제공,제공,가능
3940000,511,6410000,41287,사용,I,2026-01-22 16:55:00,2026-01-23 21:27:25,제공,제공,제공,부착,제공,미제공,제공,가능
3940000,513,6410000,41287,사용,I,2026-01-22 17:18:46,2026-01-23 21:27:25,제공,제공,제공,부착,제공,제공,제공,가능
3940000,514,6410000,41287,사용,I,2026-02-03 14:52:48,2026-02-04 21:27:25,제공,제공,제공,부착,제공,제공,제공,가능
3940000,515,6410000,41285,사용,I,2026-01-23 16:13:42,2026-01-24 21:27:25,제공,제공,제공,부착,제공,제공,제공,가능
3940000,516,6410000,41285,사용,I,2026-03-16 16:57:24,2026-03-17 21:27:25,제공,제공,제공,부착,제공,제공,제공,가능
3940000,517,6410000,41285,사용,U,2026-06-21 16:40:45,2026-06-22 21:27:25,제공,제공,제공,부착,제공,제공,제공,가능
3940000,518,6410000,41281,사용,U,2026-08-10 14:50:19,2026-08-11 21:27:25,제공,제공,제공,부착,제공,미제공,제공,가능
3940000,520,6410000,41281,사용,I,2026-03-17 09:16:35,2026-03-18 21:27:26,제공,제공,제공,부착,제공,제공,제공,가능
3940000,521,6410000,41287,사용,I,2026-01-22 17:10:53,2026-01-23 21:27:25,제공,제공,제공,부착,제공,제공,제공,가능
3940000,522,6410000,41281,사용,U,2026-08-13 14:33:59,2026-08-14 21:27:25,제공,제공,제공,부착,제공,제공,제공,가능
3940000,523,6410000,41281,사용,U,2026-09-30 09:51:32,2026-10-01 21:27:25,제공,제공,제공,부착,제공,제공,제공,가능
3940000,524,6410000,41281,사용,I,2026-01-22 17:07:03,2026-01-23 21:27:25,제공,제공,제공,부착,제공,제공,제공,가능
3940000,525,6410000,41281,사용,U,2026-08-13 11:17:25,2026-08-14 21:27:25,제공,제공,제공,부착,제공,제공,제공,가능
3940000,526,6410000,41281,사용,I,2026-01-30 17:27:45,2026-01-31 21:27:25,제공,제공,제공,부착,제공,제공,제공,가능
3940000,527,6410000,41281,사용,U,2026-08-13 11:16:57,2026-08-14 21:27:25,제공,제공,제공,부착,제공,제공,제공,가능
3940000,528,6410000,41281,사용,I,2026-01-30 17:25:26,2026-01-31 21:27:25,제공,제공,제공,부착,제공,제공,제공,가능
3940000,529,6410000,41281,사용,I,2026-03-17 10:43:51,2026-03-18 21:27:26,제공,제공,제공,부착,제공,제공,제공,가능
3940000,530,6410000,41281,사용,I,2026-01-30 17:27:03,2026-01-31 21:27:25,제공,제공,제공,부착,제공,제공,제공,가능
3940000,531,6410000,41281,사용,I,2026-01-22 17:22:13,2026-01-23 21:27:25,제공,제공,제공,부착,제공,미제공,제공,가능
3940000,532,6410000,41287,사용,I,2026-01-22 17:00:38,2026-01-23 21:27:25,제공,제공,제공,부착,제공,미제공,제공,가능
3940000,533,6410000,41285,사용,U,2026-06-21 16:40:45,2026-06-22 21:27:25,제공,제공,제공,부착,제공,미제공,제공,불가능
3940000,534,6410000,41281,사용,I,2026-01-22 17:22:51,2026-01-23 21:27:25,제공,제공,제공,부착,제공,미제공,제공,가능
3940000,535,6410000,41281,사용,U,2026-08-11 10:04:22,2026-08-12 21:27:25,제공,제공,제공,부착,제공,미제공,제공,가능
3940000,536,6410000,41287,사용,I,2026-01-22 16:58:41,2026-01-23 21:27:25,제공,제공,제공,부착,제공,미제공,제공,가능
3940000,537,6410000,41281,사용,U,2026-04-13 16:46:52,2026-04-14 03:03:03,제공,제공,제공,부착,제공,미제공,제공,가능
3940000,538,6410000,41281,사용,U,2026-09-30 09:51:59,2026-10-01 21:27:25,제공,제공,제공,부착,제공,미제공,제공,가능
3940000,539,6410000,41287,사용,I,2026-03-12 09:59:37,2026-03-13 21:27:25,제공,제공,제공,부착,제공,미제공,제공,가능
3940000,540,6410000,41287,사용,U,2026-08-10 14:05:12,2026-08-11 21:27:25,제공,제공,제공,부착,제공,미제공,제공,가능
3940000,541,6410000,41281,사용,I,2026-01-22 17:24:20,2026-01-23 21:27:25,제공,제공,제공,부착,제공,미제공,제공,가능
3940000,542,6410000,41285,사용,U,2026-06-21 16:40:45,2026-06-22 21:27:25,제공,제공,제공,부착,제공,미제공,제공,불가능
3940000,543,6410000,41285,사용,U,2026-08-12 13:15:08,2026-08-13 21:27:25,제공,제공,제공,부착,제공,미제공,제공,불가능
3940000,544,6410000,41287,사용,U,2026-08-10 16:53:11,2026-08-11 21:27:25,제공,제공,제공,부착,제공,미제공,제공,가능
3940000,545,6410000,41281,사용,U,2026-08-11 10:03:44,2026-08-12 21:27:25,제공,제공,제공,부착,제공,미제공,제공,가능
3940000,546,6410000,41281,사용,U,2026-08-13 11:17:47,2026-08-14 21:27:25,제공,제공,제공,부착,제공,미제공,제공,가능
3940000,547,6410000,41287,사용,I,2026-03-12 10:00:27,2026-03-13 21:27:25,제공,제공,제공,부착,제공,미제공,제공,가능
3940000,548,6410000,41281,사용,U,2026-08-12 10:06:41,2026-08-13 21:27:25,제공,제공,제공,부착,제공,미제공,제공,가능
3940000,549,6410000,41287,사용,I,2026-01-22 17:01:06,2026-01-23 21:27:25,제공,제공,제공,부착,제공,미제공,제공,가능
3970000,401,6410000,41290,사용,U,2026-06-14 12:07:01,2026-06-15 21:27:25,제공,제공,제공,부착,제공,미제공,제공,가능
3970000,402,6410000,41290,사용,I,2025-01-20 13:18:48,2026-03-26 21:27:38,제공,제공,제공,부착,제공,미제공,제공,가능
3970000,403,6410000,41290,사용,I,2025-01-20 13:18:48,2026-03-26 21:27:39,제공,제공,제공,부착,제공,미제공,제공,가능
3970000,501,6410000,41290,사용,I,2025-01-20 13:18:48,2026-03-26 21:27:40,제공,제공,제공,부착,제공,미제공,제공,가능
3970000,502,6410000,41290,사용,I,2025-01-20 13:18:48,2026-03-26 21:27:40,제공,제공,제공,부착,제공,미제공,제공,가능
3970000,503,6410000,41290,사용,U,2026-07-28 14:19:33,2026-07-29 21:27:25,제공,제공,제공,부착,제공,미제공,제공,가능
3970000,504,6410000,41290,사용,I,2025-01-20 13:18:48,2026-03-26 21:27:41,제공,제공,제공,부착,제공,미제공,제공,가능
3970000,505,6410000,41290,사용,I,2025-01-20 13:18:48,2026-03-26 21:27:41,제공,제공,제공,부착,제공,미제공,제공,가능
3970000,507,6410000,41290,사용,I,2025-01-20 13:18:48,2026-03-26 21:27:43,제공,제공,제공,부착,제공,미제공,제공,가능
3970000,508,6410000,41290,사용,I,2025-01-20 13:18:48,2026-03-26 21:27:43,제공,제공,제공,부착,제공,미제공,제공,가능
3970000,510,6410000,41290,사용,I,2025-10-14 11:04:13,2026-03-26 21:27:44,제공,제공,제공,부착,제공,제공,제공,가능
3970000,512,6410000,41290,사용,I,2025-01-20 13:18:48,2026-03-26 21:27:45,제공,제공,제공,부착,제공,미제공,제공,가능
3970000,513,6410000,41290,사용,U,2026-07-28 14:16:58,2026-07-29 21:27:25,제공,제공,제공,부착,제공,미제공,제공,가능
3970000,514,6410000,41290,사용,I,2025-01-20 13:18:48,2026-03-26 21:27:46,제공,제공,제공,부착,제공,제공,제공,가능
3970000,515,6410000,41290,사용,I,2025-01-20 13:18:48,2026-03-26 21:27:46,제공,제공,제공,부착,제공,제공,제공,가능
3970000,516,6410000,41290,사용,I,2025-01-20 13:18:48,2026-03-26 21:27:47,제공,제공,제공,부착,제공,제공,제공,가능
3980000,501,6410000,41310,사용,U,2026-09-16 15:52:20,2026-09-17 21:27:25,제공,제공,제공,부착,제공,미제공,제공,가능
3980000,502,6410000,41310,사용,U,2026-08-27 17:18:40,2026-08-28 21:27:25,제공,제공,제공,부착,제공,미제공,제공,가능
3980000,503,6410000,41310,사용,U,2026-08-27 17:18:08,2026-08-28 21:27:25,제공,제공,제공,부착,제공,미제공,제공,가능
3980000,504,6410000,41310,사용,U,2026-09-16 15:52:45,2026-09-17 21:27:25,제공,제공,제공,부착,제공,미제공,제공,가능
3980000,505,6410000,41310,사용,U,2026-08-27 17:18:56,2026-08-28 21:27:25,제공,제공,제공,부착,제공,미제공,제공,가능
3980000,506,6410000,41310,사용,U,2026-09-16 15:55:23,2026-09-17 21:27:25,제공,제공,제공,부착,제공,미제공,제공,가능
3980000,507,6410000,41310,사용,U,2026-08-27 17:24:44,2026-08-28 21:27:25,제공,제공,제공,부착,제공,미제공,제공,가능
3980000,508,6410000,41310,사용,U,2026-08-27 17:25:02,2026-08-28 21:27:25,제공,제공,제공,부착,제공,미제공,제공,가능
3980000,509,6410000,41310,사용,U,2026-09-16 15:51:14,2026-09-17 21:27:25,제공,제공,제공,부착,제공,미제공,제공,가능
3980000,510,6410000,41310,사용,U,2026-09-16 15:53:12,2026-09-17 21:27:25,제공,제공,제공,부착,제공,미제공,제공,가능
3980000,511,6410000,41310,사용,U,2026-09-16 15:53:26,2026-09-17 21:27:25,제공,제공,제공,부착,제공,미제공,제공,가능
3980000,512,6410000,41310,사용,U,2026-08-27 17:22:27,2026-08-28 21:27:25,제공,제공,제공,부착,제공,미제공,제공,가능
3980000,513,6410000,41310,사용,U,2026-09-16 15:55:05,2026-09-17 21:27:25,제공,제공,제공,부착,제공,미제공,제공,가능
3980000,514,6410000,41310,사용,U,2026-09-16 15:53:48,2026-09-17 21:27:25,제공,제공,제공,부착,제공,미제공,제공,가능
3980000,515,6410000,41310,사용,U,2026-09-16 15:54:54,2026-09-17 21:27:25,제공,제공,제공,부착,제공,미제공,제공,가능
3980000,516,6410000,41310,사용,U,2026-09-16 15:54:12,2026-09-17 21:27:25,제공,제공,제공,부착,제공,미제공,제공,가능
3980000,517,6410000,41310,사용,U,2026-09-16 15:54:27,2026-09-17 21:27:25,제공,제공,제공,부착,제공,미제공,제공,가능
3980000,518,6410000,41310,사용,U,2026-09-16 15:56:07,2026-09-17 21:27:25,제공,제공,제공,부착,제공,미제공,제공,가능
3990000,501,6410000,41360,사용,U,2026-07-20 09:21:00,2026-07-21 21:27:24,제공,제공,제공,부착,제공,미제공,제공,가능
3990000,502,6410000,41360,사용,U,2026-08-18 11:12:44,2026-08-19 21:27:24,제공,제공,제공,부착,제공,미제공,제공,가능
3990000,503,6410000,41360,사용,I,2026-01-28 12:45:00,2026-01-29 21:27:24,제공,제공,제공,부착,제공,미제공,제공,불가능
3990000,504,6410000,41360,사용,U,2026-09-04 10:31:37,2026-09-05 21:27:20,제공,제공,제공,부착,제공,미제공,제공,가능
3990000,505,6410000,41360,사용,U,2026-08-20 16:52:06,2026-08-21 21:27:23,제공,제공,제공,부착,제공,미제공,제공,불가능
3990000,506,6410000,41360,사용,U,2026-08-21 17:00:18,2026-08-22 21:27:24,제공,제공,제공,부착,제공,미제공,제공,가능
3990000,507,6410000,41360,사용,I,2026-01-28 12:52:49,2026-01-29 21:27:24,제공,제공,제공,부착,제공,미제공,제공,가능
3990000,508,6410000,41360,사용,U,2026-09-04 10:28:11,2026-09-05 21:27:21,제공,제공,제공,부착,제공,미제공,제공,가능
3990000,509,6410000,41360,사용,U,2026-08-31 10:21:00,2026-09-01 21:27:24,제공,제공,제공,부착,제공,미제공,제공,가능
3990000,510,6410000,41360,사용,U,2026-08-20 16:53:32,2026-08-21 21:27:23,제공,제공,제공,부착,제공,미제공,제공,가능
3990000,511,6410000,41360,사용,I,2026-01-28 12:54:41,2026-01-29 21:27:24,제공,제공,제공,부착,제공,미제공,제공,가능
3990000,512,6410000,41360,사용,U,2026-08-20 16:54:55,2026-08-21 21:27:23,제공,제공,제공,부착,제공,미제공,제공,가능
3990000,513,6410000,41360,사용,I,2026-01-28 12:56:55,2026-01-29 21:27:24,제공,제공,제공,부착,제공,미제공,제공,가능
3990000,514,6410000,41360,사용,U,2026-09-11 12:43:26,2026-09-12 21:27:08,제공,제공,제공,부착,제공,미제공,제공,가능
3990000,515,6410000,41360,사용,I,2026-01-28 12:57:34,2026-01-29 21:27:24,제공,제공,제공,부착,제공,미제공,제공,가능
3990000,516,6410000,41360,사용,I,2026-01-28 12:58:01,2026-01-29 21:27:24,제공,제공,제공,부착,제공,미제공,제공,가능
3990000,517,6410000,41360,사용,U,2026-08-20 16:55:20,2026-08-21 21:27:23,제공,제공,제공,부착,제공,미제공,제공,가능
3990000,518,6410000,41360,사용,U,2026-08-20 16:55:58,2026-08-21 21:27:24,제공,제공,제공,부착,제공,미제공,제공,가능
3990000,519,6410000,41360,사용,U,2026-08-20 16:58:39,2026-08-21 21:27:24,제공,제공,제공,부착,제공,미제공,제공,가능
3990000,520,6410000,41360,사용,U,2026-09-04 10:32:05,2026-09-05 21:27:21,제공,제공,제공,부착,제공,미제공,제공,가능
3990000,521,6410000,41360,사용,U,2026-09-03 15:05:06,2026-09-04 21:27:22,제공,제공,제공,부착,제공,미제공,제공,가능
3990000,522,6410000,41360,사용,I,2026-01-28 13:00:35,2026-01-29 21:27:24,제공,제공,제공,부착,제공,미제공,제공,가능
3990000,523,6410000,41360,사용,U,2026-09-03 15:04:45,2026-09-04 21:27:22,제공,제공,제공,부착,제공,제공,제공,가능
3990000,524,6410000,41360,사용,U,2026-08-20 17:06:48,2026-08-21 21:27:24,제공,제공,제공,부착,제공,미제공,제공,가능
3990000,525,6410000,41360,사용,U,2026-08-20 17:08:00,2026-08-21 21:27:24,제공,제공,제공,부착,제공,미제공,제공,가능
3990000,527,6410000,41360,사용,U,2026-09-11 15:21:10,2026-09-12 21:27:08,제공,제공,제공,부착,제공,미제공,제공,가능
3990000,528,6410000,41360,사용,U,2026-08-28 16:52:55,2026-08-29 21:27:24,제공,제공,제공,부착,제공,제공,제공,가능
3990000,529,6410000,41360,사용,U,2026-08-20 17:32:48,2026-08-21 21:27:24,제공,제공,제공,부착,제공,미제공,제공,가능
3990000,531,6410000,41360,사용,U,2026-08-20 17:33:38,2026-08-21 21:27:24,제공,제공,제공,부착,제공,미제공,제공,가능
3990000,532,6410000,41360,사용,U,2026-08-20 18:06:35,2026-08-21 21:27:24,제공,제공,제공,부착,제공,미제공,제공,불가능
3990000,533,6410000,41360,사용,U,2026-09-11 15:22:05,2026-09-12 21:27:08,제공,제공,제공,부착,제공,제공,제공,가능
3990000,534,6410000,41360,사용,U,2026-08-20 17:36:22,2026-08-21 21:27:24,제공,제공,제공,부착,제공,미제공,제공,가능
3990000,535,6410000,41360,사용,U,2026-09-11 15:21:42,2026-09-12 21:27:08,제공,제공,제공,부착,제공,미제공,제공,가능
3990000,536,6410000,41360,사용,U,2026-08-20 17:38:11,2026-08-21 21:27:24,제공,제공,제공,부착,제공,미제공,제공,가능
3990000,537,6410000,41360,사용,I,2026-01-28 13:05:22,2026-01-29 21:27:24,제공,제공,제공,부착,제공,미제공,제공,가능
3990000,538,6410000,41360,사용,I,2026-03-12 13:57:27,2026-03-13 21:27:24,제공,제공,제공,부착,제공,미제공,제공,가능
3990000,539,6410000,41360,사용,I,2026-01-28 13:05:50,2026-01-29 21:27:24,제공,제공,제공,부착,제공,미제공,제공,가능
3990000,540,6410000,41360,사용,U,2026-05-06 14:14:03,2026-05-07 03:03:03,제공,제공,제공,부착,제공,미제공,제공,가능
3990000,541,6410000,41360,사용,I,2026-01-28 13:06:33,2026-01-29 21:27:24,제공,제공,제공,부착,제공,미제공,제공,가능
3990000,542,6410000,41360,사용,I,2026-01-28 13:06:45,2026-01-29 21:27:24,제공,제공,제공,부착,제공,미제공,제공,가능
3990000,543,6410000,41360,사용,I,2026-01-28 13:07:01,2026-01-29 21:27:24,제공,제공,제공,부착,제공,미제공,제공,가능
3990000,544,6410000,41360,사용,U,2026-09-04 11:32:25,2026-09-05 21:27:21,제공,제공,제공,부착,제공,미제공,제공,가능
3990000,545,6410000,41360,사용,I,2026-01-28 13:08:04,2026-01-29 21:27:24,제공,제공,제공,부착,제공,미제공,제공,가능
3990000,546,6410000,41360,사용,U,2026-08-20 17:47:06,2026-08-21 21:27:24,제공,제공,제공,부착,제공,미제공,제공,불가능
3990000,547,6410000,41360,사용,U,2026-09-03 14:38:58,2026-09-04 21:27:22,제공,제공,제공,부착,제공,미제공,제공,가능
3990000,548,6410000,41360,사용,U,2026-09-03 14:39:19,2026-09-04 21:27:22,제공,제공,제공,부착,제공,미제공,제공,불가능
3990000,549,6410000,41360,사용,U,2026-09-11 12:43:57,2026-09-12 21:27:08,제공,제공,제공,부착,제공,미제공,제공,가능
3990000,551,6410000,41360,사용,U,2026-08-20 17:49:18,2026-08-21 21:27:24,제공,제공,제공,부착,제공,미제공,제공,불가능
3990000,554,6410000,41360,사용,U,2026-08-20 17:49:53,2026-08-21 21:27:24,제공,제공,제공,부착,제공,미제공,제공,가능
3990000,555,6410000,41360,사용,I,2026-01-28 13:10:19,2026-01-29 21:27:24,제공,제공,제공,부착,제공,미제공,제공,가능
3990000,556,6410000,41360,사용,U,2026-05-06 14:14:03,2026-05-07 03:03:03,제공,제공,제공,부착,제공,미제공,제공,가능
3990000,558,6410000,41360,사용,I,2026-01-28 13:11:36,2026-01-29 21:27:24,제공,제공,제공,부착,제공,미제공,제공,가능
3990000,559,6410000,41360,사용,I,2026-01-28 12:49:16,2026-01-29 21:27:24,제공,제공,제공,부착,제공,미제공,제공,가능
3990000,560,6410000,41360,사용,I,2026-01-28 12:49:36,2026-01-29 21:27:24,제공,제공,제공,부착,제공,미제공,제공,가능
3990000,561,6410000,41360,사용,U,2026-04-29 17:35:51,2026-04-30 03:03:03,제공,제공,제공,부착,제공,미제공,제공,불가능
4000000,101,6410000,41370,사용,U,2026-08-21 17:24:27,2026-08-22 21:57:25,제공,제공,제공,부착,제공,미제공,제공,가능
4000000,102,6410000,41370,사용,U,2026-07-23 21:33:52,2026-07-24 21:57:25,제공,제공,제공,부착,제공,미제공,제공,가능
4000000,103,6410000,41370,사용,U,2026-07-23 21:37:53,2026-07-24 21:57:25,제공,제공,제공,부착,제공,미제공,제공,가능
4000000,104,6410000,41370,사용,U,2026-07-23 21:32:21,2026-07-24 21:57:25,제공,제공,제공,부착,제공,미제공,제공,가능
4000000,105,6410000,41370,사용,U,2026-07-23 21:32:30,2026-07-24 21:57:25,제공,제공,제공,부착,제공,미제공,제공,가능
4000000,106,6410000,41370,사용,U,2026-07-23 21:38:23,2026-07-24 21:57:25,제공,제공,제공,부착,제공,미제공,제공,가능
4000000,107,6410000,41370,사용,U,2026-07-23 21:38:29,2026-07-24 21:57:25,제공,제공,제공,부착,제공,미제공,제공,가능
4000000,108,6410000,41370,사용,U,2026-07-23 21:33:13,2026-07-24 21:57:25,제공,제공,제공,부착,제공,미제공,제공,가능
4000000,109,6410000,41370,사용,U,2026-07-23 21:33:22,2026-07-24 21:57:25,제공,제공,제공,부착,제공,미제공,제공,가능
4000000,111,6410000,41370,사용,U,2026-08-03 17:57:13,2026-08-04 21:57:25,제공,제공,제공,부착,제공,미제공,제공,가능
4000000,501,6410000,41370,사용,U,2026-08-21 17:24:39,2026-08-22 21:57:25,제공,제공,제공,부착,제공,미제공,제공,가능
4000000,504,6410000,41370,사용,U,2026-08-21 17:24:47,2026-08-22 21:57:25,제공,제공,제공,부착,제공,미제공,제공,가능
4000000,505,6410000,41370,사용,U,2026-07-23 21:39:03,2026-07-24 21:57:25,제공,제공,제공,부착,제공,미제공,제공,가능
4000000,506,6410000,41370,사용,U,2026-07-23 21:39:10,2026-07-24 21:57:25,제공,제공,제공,부착,제공,미제공,제공,가능
4000000,507,6410000,41370,사용,U,2026-07-23 21:39:28,2026-07-24 21:57:25,제공,제공,제공,부착,제공,미제공,제공,가능
4000000,508,6410000,41370,사용,U,2026-07-23 21:39:43,2026-07-24 21:57:25,제공,제공,제공,부착,제공,미제공,제공,가능
4000000,509,6410000,41370,사용,U,2026-07-23 21:39:53,2026-07-24 21:57:25,제공,제공,제공,부착,제공,미제공,제공,가능
4000000,510,6410000,41370,사용,U,2026-08-21 16:28:58,2026-08-22 21:57:25,제공,제공,제공,부착,제공,미제공,제공,가능
4000000,511,6410000,41370,사용,U,2026-07-23 21:40:07,2026-07-24 21:57:25,제공,제공,제공,부착,제공,미제공,제공,가능
4000000,512,6410000,41370,사용,U,2026-07-23 21:34:03,2026-07-24 21:57:25,제공,제공,제공,부착,제공,미제공,제공,가능
4000000,513,6410000,41370,사용,U,2026-07-23 21:34:12,2026-07-24 21:57:25,제공,제공,제공,부착,제공,미제공,제공,가능
4000000,514,6410000,41370,사용,U,2026-09-03 16:31:59,2026-09-04 21:57:25,제공,제공,제공,부착,제공,미제공,제공,가능
4010000,401,6410000,41390,사용,U,2026-09-28 10:27:20,2026-09-29 21:57:25,제공,제공,제공,부착,제공,미제공,제공,가능
4010000,402,6410000,41390,사용,U,2026-09-28 10:27:20,2026-09-29 21:57:25,제공,제공,제공,부착,제공,미제공,제공,가능
4010000,403,6410000,41390,사용,U,2026-09-28 10:27:20,2026-09-29 21:57:25,제공,제공,제공,부착,제공,미제공,제공,가능
4010000,404,6410000,41390,사용,U,2026-09-28 10:27:20,2026-09-29 21:57:25,제공,제공,제공,부착,제공,미제공,제공,가능
4010000,405,6410000,41390,사용,U,2026-09-28 10:27:20,2026-09-29 21:57:25,제공,제공,제공,부착,제공,미제공,제공,가능
4010000,406,6410000,41390,사용,U,2026-09-28 10:27:20,2026-09-29 21:57:25,제공,제공,제공,부착,제공,미제공,제공,가능
4010000,407,6410000,41390,사용,U,2026-09-28 10:27:20,2026-09-29 21:57:25,제공,제공,제공,부착,제공,미제공,제공,가능
4010000,408,6410000,41390,사용,U,2026-09-28 10:27:20,2026-09-29 21:57:25,제공,제공,제공,부착,제공,미제공,제공,불가능
4010000,409,6410000,41390,사용,U,2026-09-28 10:27:20,2026-09-29 21:57:25,제공,제공,제공,부착,제공,제공,제공,가능
4010000,410,6410000,41390,사용,U,2026-09-28 10:27:20,2026-09-29 21:57:25,제공,제공,제공,부착,제공,제공,제공,가능
4010000,411,6410000,41390,사용,U,2026-09-28 10:27:20,2026-09-29 21:57:25,제공,제공,제공,부착,제공,미제공,제공,가능
4010000,412,6410000,41390,사용,U,2026-09-28 10:27:20,2026-09-29 21:57:25,제공,제공,제공,부착,제공,미제공,제공,가능
4010000,413,6410000,41390,사용,U,2026-09-28 10:27:20,2026-09-29 21:57:25,제공,제공,제공,부착,제공,미제공,제공,가능
4010000,414,6410000,41390,사용,U,2026-09-28 10:27:20,2026-09-29 21:57:25,제공,제공,제공,부착,제공,미제공,제공,가능
4010000,416,6410000,41390,사용,U,2026-09-28 10:27:20,2026-09-29 21:57:25,제공,제공,제공,부착,제공,미제공,제공,가능
4010000,418,6410000,41390,사용,U,2026-09-28 10:27:20,2026-09-29 21:57:25,제공,제공,제공,부착,제공,미제공,제공,가능
4010000,419,6410000,41390,사용,U,2026-09-28 10:27:20,2026-09-29 21:57:25,제공,제공,제공,부착,제공,제공,제공,가능
4010000,420,6410000,41390,사용,U,2026-09-28 10:27:20,2026-09-29 21:57:25,제공,제공,제공,부착,제공,미제공,제공,가능
4010000,421,6410000,41390,사용,U,2026-09-28 10:27:20,2026-09-29 21:57:25,제공,제공,제공,부착,제공,미제공,제공,가능
4010000,422,6410000,41390,사용,U,2026-09-28 10:27:20,2026-09-29 21:57:25,제공,제공,제공,부착,제공,제공,제공,가능
4010000,423,6410000,41390,사용,U,2026-09-28 10:27:20,2026-09-29 21:57:25,제공,제공,제공,부착,제공,제공,제공,가능
4010000,424,6410000,41390,사용,U,2026-09-28 10:27:20,2026-09-29 21:57:25,제공,제공,제공,부착,제공,미제공,제공,가능
4010000,425,6410000,41390,사용,U,2026-09-28 10:27:20,2026-09-29 21:57:25,제공,제공,제공,부착,제공,미제공,제공,불가능
4010000,426,6410000,41390,사용,U,2026-09-28 10:27:20,2026-09-29 21:57:25,제공,제공,제공,부착,제공,제공,제공,가능
4010000,427,6410000,41390,사용,U,2026-09-28 10:27:20,2026-09-29 21:57:25,제공,제공,제공,부착,제공,미제공,제공,가능
4010000,428,6410000,41390,사용,U,2026-09-28 10:27:20,2026-09-29 21:57:25,제공,제공,제공,부착,제공,미제공,제공,가능
4010000,429,6410000,41390,사용,U,2026-09-28 10:27:20,2026-09-29 21:57:25,제공,제공,제공,부착,제공,미제공,제공,가능
4010000,430,6410000,41390,사용,U,2026-09-28 10:27:20,2026-09-29 21:57:25,제공,제공,제공,부착,제공,미제공,제공,가능
4010000,431,6410000,41390,사용,U,2026-09-28 10:27:20,2026-09-29 21:57:25,제공,제공,제공,부착,제공,미제공,제공,가능
4010000,432,6410000,41390,사용,U,2026-09-28 10:27:20,2026-09-29 21:57:25,제공,제공,제공,부착,제공,미제공,제공,가능
4010000,433,6410000,41390,사용,U,2026-09-28 10:27:20,2026-09-29 21:57:25,제공,제공,제공,부착,제공,미제공,제공,가능
4010000,434,6410000,41390,사용,U,2026-09-28 10:27:20,2026-09-29 21:57:25,제공,제공,제공,부착,제공,미제공,제공,가능
4010000,435,6410000,41390,사용,U,2026-09-28 10:27:20,2026-09-29 21:57:25,제공,제공,제공,부착,제공,미제공,제공,가능
4010000,436,6410000,41390,사용,U,2026-09-28 10:27:20,2026-09-29 21:57:25,제공,제공,제공,부착,제공,미제공,제공,가능
4010000,437,6410000,41390,사용,U,2026-09-28 10:27:20,2026-09-29 21:57:25,제공,제공,제공,부착,제공,미제공,제공,가능
4010000,438,6410000,41390,사용,U,2026-09-28 10:27:20,2026-09-29 21:57:25,제공,제공,제공,부착,제공,미제공,제공,가능
4010000,439,6410000,41390,사용,U,2026-09-28 10:27:20,2026-09-29 21:57:25,제공,제공,제공,부착,제공,미제공,제공,가능
4010000,440,6410000,41390,사용,U,2026-09-28 10:27:20,2026-09-29 21:57:25,제공,제공,제공,부착,제공,제공,제공,가능
4010000,501,6410000,41390,사용,U,2026-09-28 10:27:20,2026-09-29 21:57:25,제공,제공,제공,부착,제공,미제공,제공,가능
4010000,502,6410000,41390,사용,U,2026-09-28 10:27:20,2026-09-29 21:57:25,제공,제공,제공,부착,제공,미제공,제공,가능
4020000,401,6410000,41410,사용,U,2026-09-02 16:14:42,2026-09-03 21:27:25,제공,제공,제공,부착,제공,제공,제공,가능
4020000,402,6410000,41410,사용,U,2026-09-02 16:49:41,2026-09-03 21:27:25,제공,제공,제공,부착,제공,제공,제공,가능
4020000,403,6410000,41410,사용,U,2026-09-02 16:49:47,2026-09-03 21:27:25,제공,제공,제공,부착,제공,제공,제공,가능
4020000,404,6410000,41410,사용,U,2026-09-02 16:52:51,2026-09-03 21:27:25,제공,제공,제공,부착,제공,제공,제공,가능
4020000,405,6410000,41410,사용,U,2026-09-02 16:50:04,2026-09-03 21:27:25,제공,제공,제공,부착,제공,제공,제공,가능
4020000,406,6410000,41410,사용,U,2026-09-02 16:52:26,2026-09-03 21:27:25,제공,제공,제공,부착,제공,제공,제공,가능
4020000,407,6410000,41410,사용,U,2026-09-02 16:50:19,2026-09-03 21:27:25,제공,제공,제공,부착,제공,제공,제공,가능
4020000,408,6410000,41410,사용,U,2026-09-02 16:52:12,2026-09-03 21:27:25,제공,제공,제공,부착,제공,제공,제공,가능
4020000,409,6410000,41410,사용,U,2026-09-02 16:50:28,2026-09-03 21:27:25,제공,제공,제공,부착,제공,제공,제공,가능
4020000,501,6410000,41410,사용,U,2026-09-02 16:50:45,2026-09-03 21:27:25,제공,제공,제공,부착,제공,제공,제공,가능
4020000,502,6410000,41410,사용,U,2026-09-02 16:51:03,2026-09-03 21:27:25,제공,제공,제공,부착,제공,제공,제공,가능
4020000,503,6410000,41410,사용,U,2026-09-02 16:51:39,2026-09-03 21:27:25,제공,제공,제공,부착,제공,제공,제공,가능
4020000,504,6410000,41410,사용,U,2026-09-02 16:51:53,2026-09-03 21:27:25,제공,제공,제공,부착,제공,제공,제공,가능
4020000,505,6410000,41410,사용,U,2026-09-02 16:51:31,2026-09-03 21:27:25,제공,제공,제공,부착,제공,제공,제공,가능
4020000,506,6410000,41410,사용,U,2026-09-02 16:51:10,2026-09-03 21:27:25,제공,제공,제공,부착,제공,제공,제공,가능
4020000,507,6410000,41410,사용,U,2026-09-02 16:50:52,2026-09-03 21:27:25,제공,제공,제공,부착,제공,제공,제공,가능
4020000,508,6410000,41410,사용,U,2026-09-02 16:51:16,2026-09-03 21:27:25,제공,제공,제공,부착,제공,제공,제공,가능
4030000,501,6410000,41430,사용,U,2026-08-25 21:28:45,2026-08-26 21:57:25,제공,제공,제공,부착,제공,제공,제공,가능
4030000,502,6410000,41430,사용,U,2026-08-21 15:46:48,2026-08-22 21:57:25,제공,제공,제공,부착,제공,미제공,제공,가능
4030000,503,6410000,41430,사용,U,2026-08-21 16:27:40,2026-08-22 21:57:25,제공,제공,제공,부착,제공,미제공,제공,가능
4030000,504,6410000,41430,사용,U,2026-08-25 21:29:01,2026-08-26 21:57:25,제공,제공,제공,부착,제공,제공,제공,가능
4030000,505,6410000,41430,사용,U,2026-08-25 21:29:42,2026-08-26 21:57:25,제공,제공,제공,부착,제공,미제공,제공,가능
4030000,506,6410000,41430,사용,U,2026-08-25 21:29:52,2026-08-26 21:57:25,제공,제공,제공,부착,제공,미제공,제공,가능
4030000,507,6410000,41430,사용,I,2026-01-30 15:16:37,2026-05-08 22:02:47,제공,제공,제공,부착,제공,미제공,제공,가능
4030000,508,6410000,41430,사용,I,2026-01-30 15:16:52,2026-05-08 22:02:47,제공,제공,제공,부착,제공,미제공,제공,가능
4030000,509,6410000,41430,사용,I,2026-01-30 15:18:33,2026-05-08 22:02:47,제공,제공,제공,부착,제공,미제공,제공,가능
4030000,510,6410000,41430,사용,I,2026-01-30 15:18:50,2026-05-08 22:02:47,제공,제공,제공,부착,제공,미제공,제공,가능
4030000,511,6410000,41430,사용,I,2026-01-30 15:19:14,2026-05-08 22:02:47,제공,제공,제공,부착,제공,미제공,제공,가능
4030000,512,6410000,41430,사용,U,2026-08-25 21:30:01,2026-08-26 21:57:25,제공,제공,제공,부착,제공,미제공,제공,가능
4030000,513,6410000,41430,사용,U,2026-08-25 21:30:11,2026-08-26 21:57:25,제공,제공,제공,부착,제공,미제공,제공,가능
4030000,514,6410000,41430,사용,U,2026-08-25 21:30:18,2026-08-26 21:57:25,제공,제공,제공,부착,제공,미제공,제공,가능
4030000,515,6410000,41430,사용,U,2026-08-25 21:30:40,2026-08-26 21:57:25,제공,제공,제공,부착,제공,미제공,제공,가능
4030000,516,6410000,41430,사용,U,2026-08-25 21:30:47,2026-08-26 21:57:25,제공,제공,제공,부착,제공,미제공,제공,가능
4030000,517,6410000,41430,사용,I,2026-01-30 15:24:38,2026-05-08 22:02:47,제공,제공,제공,부착,제공,미제공,제공,가능
4030000,518,6410000,41430,사용,U,2026-08-25 21:31:03,2026-08-26 21:57:25,제공,제공,제공,부착,제공,미제공,제공,가능
4040000,501,6410000,41450,사용,U,2026-09-03 13:52:31,2026-09-04 21:57:25,제공,제공,제공,부착,제공,미제공,제공,가능
4040000,502,6410000,41450,사용,U,2026-09-03 13:52:40,2026-09-04 21:57:25,제공,제공,제공,부착,제공,미제공,제공,가능
4040000,503,6410000,41450,사용,U,2026-09-03 13:52:47,2026-09-04 21:57:25,제공,제공,제공,부착,제공,미제공,제공,가능
4040000,504,6410000,41450,사용,U,2026-09-28 10:38:55,2026-09-29 21:57:25,제공,제공,제공,부착,제공,미제공,제공,가능
4040000,505,6410000,41450,사용,U,2026-09-03 13:53:00,2026-09-04 21:57:25,제공,제공,제공,부착,제공,미제공,제공,가능
4040000,506,6410000,41450,사용,U,2026-09-03 13:53:09,2026-09-04 21:57:25,제공,제공,제공,부착,제공,미제공,제공,가능
4040000,507,6410000,41450,사용,U,2026-08-06 09:50:20,2026-08-07 21:57:25,제공,제공,제공,부착,제공,미제공,제공,가능
4040000,508,6410000,41450,사용,U,2026-09-03 13:53:20,2026-09-04 21:57:25,제공,제공,제공,부착,제공,미제공,제공,가능
4040000,509,6410000,41450,사용,U,2026-09-03 13:53:26,2026-09-04 21:57:25,제공,제공,제공,부착,제공,미제공,제공,가능
4040000,510,6410000,41450,사용,U,2026-09-03 13:53:32,2026-09-04 21:57:25,제공,제공,제공,부착,제공,미제공,제공,가능
4040000,512,6410000,41450,사용,U,2026-09-03 13:53:39,2026-09-04 21:57:25,제공,제공,제공,부착,제공,미제공,제공,가능
4040000,513,6410000,41450,사용,U,2026-09-03 13:53:45,2026-09-04 21:57:25,제공,제공,제공,부착,제공,미제공,제공,가능
4040000,514,6410000,41450,사용,U,2026-09-03 13:53:50,2026-09-04 21:57:25,제공,제공,제공,부착,제공,미제공,제공,가능
4040000,515,6410000,41450,사용,U,2026-09-03 13:53:56,2026-09-04 21:57:25,제공,제공,제공,부착,제공,미제공,제공,가능
4040000,516,6410000,41450,사용,U,2026-09-03 13:54:11,2026-09-04 21:57:25,제공,제공,제공,부착,제공,미제공,제공,가능
4040000,517,6410000,41450,사용,U,2026-09-03 13:54:19,2026-09-04 21:57:25,제공,제공,제공,부착,제공,미제공,제공,가능
4040000,518,6410000,41450,사용,U,2026-08-06 09:50:34,2026-08-07 21:57:25,제공,제공,제공,부착,제공,미제공,제공,가능
4040000,519,6410000,41450,사용,U,2026-09-28 15:52:33,2026-09-29 21:57:25,제공,제공,제공,부착,제공,미제공,제공,가능
4040000,520,6410000,41450,사용,U,2026-09-03 13:55:27,2026-09-04 21:57:25,제공,제공,제공,부착,제공,미제공,제공,가능
4040000,521,6410000,41450,사용,U,2026-09-03 13:55:36,2026-09-04 21:57:25,제공,제공,제공,부착,제공,미제공,제공,가능
4040000,522,6410000,41450,사용,U,2026-09-03 14:06:51,2026-09-04 21:57:25,제공,제공,제공,부착,제공,미제공,제공,가능
4040000,523,6410000,41450,사용,U,2026-09-03 14:06:57,2026-09-04 21:57:25,제공,제공,제공,부착,제공,미제공,제공,가능
4040000,524,6410000,41450,사용,U,2026-09-03 14:07:03,2026-09-04 21:57:25,제공,제공,제공,부착,제공,미제공,제공,가능
4040000,525,6410000,41450,사용,U,2026-09-03 14:07:09,2026-09-04 21:57:25,제공,제공,제공,부착,제공,미제공,제공,가능
4040000,526,6410000,41450,사용,U,2026-09-03 14:07:14,2026-09-04 21:57:25,제공,제공,제공,부착,제공,미제공,제공,가능
4040000,527,6410000,41450,사용,U,2026-09-03 14:07:21,2026-09-04 21:57:25,제공,제공,제공,부착,제공,미제공,제공,가능
4040000,528,6410000,41450,사용,U,2026-09-03 14:07:26,2026-09-04 21:57:25,제공,제공,제공,부착,제공,미제공,제공,가능
4040000,529,6410000,41450,사용,U,2026-08-21 10:04:21,2026-08-22 21:57:25,제공,제공,제공,부착,제공,미제공,제공,가능
4040000,530,6410000,41450,사용,U,2026-09-03 14:07:34,2026-09-04 21:57:25,제공,제공,제공,부착,제공,미제공,제공,가능
4040000,531,6410000,41450,사용,U,2026-09-03 14:07:44,2026-09-04 21:57:25,제공,제공,제공,부착,제공,미제공,제공,가능
4040000,532,6410000,41450,사용,U,2026-09-03 14:07:51,2026-09-04 21:57:25,제공,제공,제공,부착,제공,미제공,제공,가능
4040000,533,6410000,41450,사용,U,2026-09-03 14:08:28,2026-09-04 21:57:25,제공,제공,제공,부착,제공,미제공,제공,가능
4040000,534,6410000,41450,사용,I,2026-01-26 18:21:16,2026-05-14 21:57:28,제공,제공,제공,부착,제공,미제공,제공,가능
4040000,535,6410000,41450,사용,U,2026-08-06 09:50:45,2026-08-07 21:57:25,제공,제공,제공,부착,제공,미제공,제공,가능
4040000,536,6410000,41450,사용,I,2026-01-27 12:44:28,2026-05-14 21:57:28,제공,제공,제공,부착,제공,미제공,제공,가능
4050000,360,6410000,41465,사용,U,2026-08-24 09:43:21,2026-08-25 21:57:25,제공,제공,제공,부착,제공,미제공,제공,가능
4050000,361,6410000,41465,사용,I,2026-01-26 09:15:06,2026-03-10 21:57:41,제공,제공,제공,부착,제공,미제공,제공,가능
4050000,410,6410000,41461,사용,I,2026-01-27 10:27:26,2026-03-10 21:57:42,제공,제공,제공,부착,제공,미제공,제공,가능
4050000,411,6410000,41461,사용,I,2026-01-27 11:25:59,2026-03-10 21:57:43,제공,제공,제공,부착,제공,미제공,제공,가능
4050000,412,6410000,41461,사용,U,2026-08-24 09:43:29,2026-08-25 21:57:25,제공,제공,제공,부착,제공,미제공,제공,가능
4050000,413,6410000,41463,사용,U,2026-07-27 17:31:37,2026-07-28 21:57:25,제공,제공,제공,부착,제공,미제공,제공,가능
4050000,414,6410000,41463,사용,I,2026-01-23 14:49:34,2026-03-10 21:57:46,제공,제공,제공,부착,제공,미제공,제공,가능
4050000,415,6410000,41461,사용,U,2026-08-24 09:43:41,2026-08-25 21:57:25,제공,제공,제공,부착,제공,미제공,제공,가능
4050000,416,6410000,41461,사용,I,2026-01-23 15:59:19,2026-03-10 21:57:48,제공,제공,제공,부착,제공,미제공,제공,가능
4050000,417,6410000,41461,사용,U,2026-08-24 09:43:57,2026-08-25 21:57:25,제공,제공,제공,부착,제공,미제공,제공,가능
4050000,418,6410000,41465,사용,I,2026-01-23 10:41:43,2026-03-10 21:57:50,제공,제공,제공,부착,제공,제공,제공,가능
4050000,419,6410000,41461,사용,I,2026-01-27 10:25:09,2026-03-10 21:57:52,제공,제공,제공,부착,제공,미제공,제공,가능
4050000,420,6410000,41461,사용,I,2026-01-23 10:19:41,2026-03-10 21:57:53,제공,제공,제공,부착,제공,제공,제공,가능
4050000,421,6410000,41465,사용,I,2026-03-04 10:35:39,2026-03-10 21:57:54,제공,제공,제공,부착,제공,미제공,제공,가능
4050000,422,6410000,41463,사용,I,2026-01-23 14:46:31,2026-03-10 21:57:55,제공,제공,제공,부착,제공,제공,제공,가능
4050000,423,6410000,41461,사용,I,2026-01-26 16:50:28,2026-03-10 21:57:56,제공,제공,제공,부착,제공,제공,제공,가능
4050000,424,6410000,41463,사용,U,2026-04-01 09:01:13,2026-04-02 03:03:03,제공,제공,제공,부착,제공,미제공,제공,가능
4050000,425,6410000,41463,사용,U,2026-04-01 09:01:46,2026-04-02 03:03:03,제공,제공,제공,부착,제공,미제공,제공,가능
4050000,426,6410000,41461,사용,U,2026-08-24 09:44:04,2026-08-25 21:57:25,제공,제공,제공,부착,제공,미제공,제공,가능
4050000,427,6410000,41463,사용,U,2026-04-01 09:02:04,2026-04-02 03:03:03,제공,제공,제공,부착,제공,미제공,제공,가능
4050000,428,6410000,41463,사용,U,2026-09-08 13:41:21,2026-09-09 21:57:25,제공,제공,제공,부착,제공,미제공,제공,가능
4050000,429,6410000,41463,사용,I,2026-01-23 15:04:26,2026-03-10 21:58:01,제공,제공,제공,부착,제공,미제공,제공,가능
4050000,430,6410000,41461,사용,U,2026-08-24 09:44:10,2026-08-25 21:57:25,제공,제공,제공,부착,제공,미제공,제공,가능
4050000,431,6410000,41463,사용,I,2026-01-23 14:40:32,2026-03-10 21:58:02,제공,제공,제공,부착,제공,미제공,제공,가능
4050000,432,6410000,41461,사용,I,2026-01-27 10:27:42,2026-03-10 21:58:03,제공,제공,제공,부착,제공,미제공,제공,가능
4050000,433,6410000,41461,사용,U,2026-08-24 09:44:16,2026-08-25 21:57:25,제공,제공,제공,부착,제공,미제공,제공,가능
4050000,434,6410000,41461,사용,U,2026-08-24 09:44:21,2026-08-25 21:57:25,제공,제공,제공,부착,제공,미제공,제공,가능
4050000,435,6410000,41463,사용,U,2026-03-25 16:45:40,2026-03-26 03:03:03,제공,제공,제공,부착,제공,미제공,제공,가능
4050000,436,6410000,41463,사용,U,2026-09-04 10:26:23,2026-09-05 21:57:25,제공,제공,제공,부착,제공,미제공,제공,가능
4050000,437,6410000,41463,사용,U,2026-07-22 10:22:23,2026-07-23 21:57:25,제공,제공,제공,부착,제공,미제공,제공,가능
4050000,438,6410000,41463,사용,U,2026-07-28 10:34:23,2026-07-29 21:57:25,제공,제공,제공,부착,제공,미제공,제공,가능
4050000,439,6410000,41461,사용,U,2026-08-24 09:43:11,2026-08-25 21:57:25,제공,제공,제공,부착,제공,미제공,제공,가능
4050000,440,6410000,41461,사용,I,2026-01-26 16:20:35,2026-03-10 21:58:09,제공,제공,제공,부착,제공,미제공,제공,가능
4050000,441,6410000,41463,사용,U,2026-04-02 17:11:47,2026-04-03 03:03:03,제공,제공,제공,부착,제공,미제공,제공,가능
4050000,442,6410000,41461,사용,U,2026-08-24 09:44:26,2026-08-25 21:57:25,제공,제공,제공,부착,제공,미제공,제공,가능
4050000,501,6410000,41463,사용,U,2026-07-27 14:28:07,2026-07-28 21:57:25,제공,제공,제공,부착,제공,미제공,제공,가능
4050000,502,6410000,41463,사용,U,2026-04-20 14:43:00,2026-04-21 03:03:03,제공,제공,제공,부착,제공,미제공,제공,가능
4050000,503,6410000,41465,사용,I,2025-07-08 11:17:52,2026-03-10 21:58:13,제공,제공,제공,부착,제공,미제공,제공,가능
4050000,504,6410000,41465,사용,U,2026-08-24 09:44:32,2026-08-25 21:57:25,제공,제공,제공,부착,제공,미제공,제공,가능
4050000,505,6410000,41463,사용,I,2026-01-23 14:47:34,2026-03-10 21:58:14,제공,제공,제공,부착,제공,미제공,제공,가능
4050000,506,6410000,41461,사용,U,2026-08-24 09:44:39,2026-08-25 21:57:25,제공,제공,제공,부착,제공,미제공,제공,가능
4050000,507,6410000,41461,사용,U,2026-07-27 14:02:30,2026-07-28 21:57:25,제공,제공,제공,부착,제공,제공,제공,가능
4050000,508,6410000,41461,사용,U,2026-08-24 09:44:44,2026-08-25 21:57:25,제공,제공,제공,부착,제공,미제공,제공,가능
4050000,510,6410000,41461,사용,I,2026-01-23 09:08:43,2026-03-10 21:58:17,제공,제공,제공,부착,제공,미제공,제공,가능
4050000,511,6410000,41463,사용,U,2026-09-16 10:44:29,2026-09-17 21:57:25,제공,제공,제공,부착,제공,미제공,제공,가능
4050000,512,6410000,41463,사용,U,2026-08-24 09:44:53,2026-08-25 21:57:25,제공,제공,제공,부착,제공,미제공,제공,가능
4050000,513,6410000,41465,사용,U,2026-07-27 09:46:10,2026-07-28 21:57:25,제공,제공,제공,부착,제공,미제공,제공,가능
4050000,514,6410000,41465,사용,I,2026-01-23 14:15:58,2026-03-10 21:58:19,제공,제공,제공,부착,제공,미제공,제공,가능
4050000,515,6410000,41465,사용,I,2026-01-23 14:17:30,2026-03-10 21:58:20,제공,제공,제공,부착,제공,미제공,제공,가능
4050000,516,6410000,41463,사용,I,2026-01-23 16:09:51,2026-03-10 21:58:20,제공,제공,제공,부착,제공,미제공,제공,가능
4050000,517,6410000,41465,사용,U,2026-08-24 09:45:02,2026-08-25 21:57:25,제공,제공,제공,부착,제공,미제공,제공,가능
4050000,518,6410000,41465,사용,I,2026-01-26 14:46:13,2026-03-10 21:58:21,제공,제공,제공,부착,제공,제공,제공,가능
4050000,519,6410000,41465,사용,I,2026-01-23 14:21:47,2026-03-10 21:58:22,제공,제공,제공,부착,제공,미제공,제공,가능
4050000,520,6410000,41461,사용,I,2026-01-23 09:09:27,2026-03-10 21:58:22,제공,제공,제공,부착,제공,미제공,제공,가능
4050000,521,6410000,41463,사용,U,2026-04-02 17:12:38,2026-04-03 03:03:03,제공,제공,제공,부착,제공,미제공,제공,가능
4050000,522,6410000,41465,사용,U,2026-08-24 09:45:08,2026-08-25 21:57:25,제공,제공,제공,부착,제공,미제공,제공,가능
4050000,523,6410000,41465,사용,I,2026-01-26 09:16:41,2026-03-10 21:58:24,제공,제공,제공,부착,제공,미제공,제공,가능
4060000,401,6410000,41480,사용,U,2026-07-05 14:18:27,2026-07-06 21:57:25,제공,제공,제공,부착,제공,제공,제공,가능
4060000,402,6410000,41480,사용,U,2026-07-05 14:18:51,2026-07-06 21:57:25,제공,제공,제공,부착,제공,제공,제공,가능
4060000,403,6410000,41480,사용,I,2026-01-27 16:31:59,2026-01-28 21:57:25,제공,제공,제공,부착,제공,제공,제공,가능
4060000,404,6410000,41480,사용,U,2026-07-06 09:28:49,2026-07-07 21:57:25,제공,제공,제공,부착,제공,제공,제공,가능
4060000,405,6410000,41480,사용,U,2026-07-06 13:25:00,2026-07-07 21:57:25,제공,제공,제공,부착,제공,제공,제공,가능
4060000,406,6410000,41480,사용,U,2026-07-08 09:37:28,2026-07-09 21:57:25,제공,제공,제공,부착,제공,제공,제공,가능
4060000,407,6410000,41480,사용,U,2026-07-03 09:47:46,2026-07-04 21:57:25,제공,제공,제공,부착,제공,제공,제공,가능
4060000,408,6410000,41480,사용,U,2026-07-06 16:17:08,2026-07-07 21:57:25,제공,제공,제공,부착,제공,제공,제공,가능
4060000,409,6410000,41480,사용,I,2026-01-27 16:31:06,2026-01-28 21:57:25,제공,제공,제공,부착,제공,제공,제공,가능
4060000,410,6410000,41480,사용,U,2026-07-06 09:33:10,2026-07-07 21:57:25,제공,제공,제공,부착,제공,제공,제공,가능
4060000,411,6410000,41480,사용,I,2026-01-27 16:30:50,2026-01-28 21:57:25,제공,제공,제공,부착,제공,제공,제공,가능
4060000,412,6410000,41480,사용,U,2026-07-07 09:09:39,2026-07-08 21:57:25,제공,제공,제공,부착,제공,제공,제공,가능
4060000,413,6410000,41480,사용,I,2026-02-27 17:28:12,2026-02-28 21:57:28,제공,제공,제공,부착,제공,제공,제공,가능
4060000,414,6410000,41480,사용,U,2026-08-06 09:00:25,2026-08-07 21:57:25,제공,제공,제공,부착,제공,제공,제공,가능
4060000,415,6410000,41480,사용,U,2026-07-22 10:44:21,2026-07-23 21:57:25,제공,제공,제공,부착,제공,제공,제공,가능
4060000,416,6410000,41480,사용,U,2026-07-06 09:29:05,2026-07-07 21:57:25,제공,제공,제공,부착,제공,제공,제공,가능
4060000,417,6410000,41480,사용,I,2026-01-27 16:29:27,2026-01-28 21:57:25,제공,제공,제공,부착,제공,제공,제공,가능
4060000,419,6410000,41480,사용,I,2026-02-27 17:29:11,2026-02-28 21:57:28,제공,제공,제공,부착,제공,제공,제공,가능
4060000,421,6410000,41480,사용,U,2026-07-03 09:49:53,2026-07-04 21:57:25,제공,제공,제공,부착,제공,제공,제공,가능
4060000,422,6410000,41480,사용,U,2026-07-06 13:25:16,2026-07-07 21:57:25,제공,제공,제공,부착,제공,제공,제공,가능
4060000,423,6410000,41480,사용,I,2026-03-01 13:07:45,2026-03-02 21:57:26,제공,제공,제공,부착,제공,제공,제공,가능
4060000,424,6410000,41480,사용,I,2026-01-27 16:35:16,2026-01-28 21:57:25,제공,제공,제공,부착,제공,제공,제공,가능
4060000,425,6410000,41480,사용,U,2026-07-22 10:43:58,2026-07-23 21:57:25,제공,제공,제공,부착,제공,제공,제공,가능
4060000,426,6410000,41480,사용,U,2026-09-08 14:01:02,2026-09-09 21:57:25,제공,제공,제공,부착,제공,제공,제공,가능
4060000,427,6410000,41480,사용,U,2026-08-20 14:45:39,2026-08-21 21:57:25,제공,제공,제공,부착,제공,제공,제공,가능
4060000,428,6410000,41480,사용,I,2026-01-27 16:37:04,2026-01-28 21:57:25,제공,제공,제공,부착,제공,제공,제공,가능
4060000,429,6410000,41480,사용,U,2026-07-06 16:17:50,2026-07-07 21:57:25,제공,제공,제공,부착,제공,제공,제공,가능
4060000,430,6410000,41480,사용,U,2026-07-06 15:20:34,2026-07-07 21:57:25,제공,제공,제공,부착,제공,제공,제공,가능
4060000,431,6410000,41480,사용,U,2026-07-22 10:44:38,2026-07-23 21:57:25,제공,제공,제공,부착,제공,제공,제공,가능
4060000,432,6410000,41480,사용,I,2026-01-27 16:39:11,2026-01-28 21:57:25,제공,제공,제공,부착,제공,제공,제공,가능
4060000,433,6410000,41480,사용,U,2026-09-04 11:23:35,2026-09-05 21:57:25,제공,제공,제공,부착,제공,제공,제공,가능
4060000,434,6410000,41480,사용,U,2026-07-06 15:20:54,2026-07-07 21:57:25,제공,제공,제공,부착,제공,제공,제공,가능
4060000,435,6410000,41480,사용,U,2026-07-07 09:10:01,2026-07-08 21:57:25,제공,제공,제공,부착,제공,제공,제공,가능
4060000,436,6410000,41480,사용,U,2026-07-22 10:44:53,2026-07-23 21:57:25,제공,제공,제공,부착,제공,제공,제공,가능
4060000,437,6410000,41480,사용,U,2026-08-20 14:45:15,2026-08-21 21:57:25,제공,제공,제공,부착,제공,제공,제공,가능
4060000,438,6410000,41480,사용,U,2026-08-06 09:00:48,2026-08-07 21:57:25,제공,제공,제공,부착,제공,제공,제공,가능
4060000,439,6410000,41480,사용,U,2026-07-06 09:33:26,2026-07-07 21:57:25,제공,제공,제공,부착,제공,제공,제공,가능
4060000,440,6410000,41480,사용,U,2026-07-22 10:45:04,2026-07-23 21:57:25,제공,제공,제공,부착,제공,제공,제공,가능
4060000,441,6410000,41480,사용,U,2026-07-22 10:45:15,2026-07-23 21:57:25,제공,제공,제공,부착,제공,제공,제공,가능
4060000,442,6410000,41480,사용,U,2026-07-06 15:21:08,2026-07-07 21:57:25,제공,제공,제공,부착,제공,제공,제공,가능
4060000,443,6410000,41480,사용,I,2026-01-27 16:46:37,2026-01-28 21:57:25,제공,제공,제공,부착,제공,제공,제공,가능
4060000,444,6410000,41480,사용,I,2026-01-27 16:48:15,2026-01-28 21:57:25,제공,제공,제공,부착,제공,제공,제공,가능
4060000,445,6410000,41480,사용,I,2026-01-27 16:48:45,2026-01-28 21:57:25,제공,제공,제공,부착,제공,제공,제공,가능
4060000,446,6410000,41480,사용,U,2026-09-16 13:33:38,2026-09-17 21:57:25,제공,제공,제공,부착,제공,제공,제공,가능
4060000,501,6410000,41480,사용,I,2026-01-27 16:49:08,2026-01-28 21:57:25,제공,제공,제공,부착,제공,제공,제공,가능
4070000,102,6410000,41500,사용,U,2026-05-21 18:16:18,2026-05-22 03:03:03,제공,제공,제공,부착,제공,제공,제공,가능
4070000,301,6410000,41500,사용,U,2026-08-20 17:02:51,2026-08-21 21:57:25,제공,제공,제공,부착,제공,미제공,제공,가능
4070000,302,6410000,41500,사용,U,2026-05-21 18:16:39,2026-05-22 03:03:03,제공,제공,제공,부착,제공,미제공,제공,가능
4070000,305,6410000,41500,사용,U,2026-08-20 16:54:55,2026-08-21 21:57:25,제공,제공,제공,부착,제공,미제공,제공,가능
4070000,307,6410000,41500,사용,U,2026-05-21 18:17:29,2026-05-22 03:03:03,제공,제공,제공,부착,제공,미제공,제공,가능
4070000,308,6410000,41500,사용,U,2026-05-21 18:18:01,2026-05-22 03:03:03,제공,제공,제공,부착,제공,제공,제공,가능
4070000,310,6410000,41500,사용,U,2026-09-29 13:39:34,2026-09-30 21:57:25,제공,제공,제공,부착,제공,미제공,제공,가능
4070000,311,6410000,41500,사용,U,2026-08-20 17:08:56,2026-08-21 21:57:25,제공,제공,제공,부착,제공,미제공,제공,가능
4070000,312,6410000,41500,사용,U,2026-08-20 17:09:57,2026-08-21 21:57:25,제공,제공,제공,부착,제공,미제공,제공,가능
4070000,313,6410000,41500,사용,U,2026-08-20 17:02:51,2026-08-21 21:57:25,제공,제공,제공,부착,제공,미제공,제공,가능
4070000,315,6410000,41500,사용,U,2026-08-20 17:12:14,2026-08-21 21:57:25,제공,제공,제공,부착,제공,미제공,제공,가능
4070000,401,6410000,41500,사용,U,2026-08-20 17:19:34,2026-08-21 21:57:25,제공,제공,제공,부착,제공,미제공,제공,가능
4070000,402,6410000,41500,사용,U,2026-08-20 17:20:12,2026-08-21 21:57:25,제공,제공,제공,부착,제공,미제공,제공,가능
4070000,403,6410000,41500,사용,U,2026-08-20 17:21:17,2026-08-21 21:57:25,제공,제공,제공,부착,제공,미제공,제공,가능
4070000,404,6410000,41500,사용,U,2026-08-20 17:16:14,2026-08-21 21:57:25,제공,제공,제공,부착,제공,미제공,제공,가능
4070000,405,6410000,41500,사용,U,2026-08-20 17:21:46,2026-08-21 21:57:25,제공,제공,제공,부착,제공,미제공,제공,가능
4070000,409,6410000,41500,사용,U,2026-08-20 17:22:25,2026-08-21 21:57:25,제공,제공,제공,부착,제공,미제공,제공,가능
4070000,410,6410000,41500,사용,U,2026-08-20 17:22:53,2026-08-21 21:57:25,제공,제공,제공,부착,제공,미제공,제공,가능
4070000,411,6410000,41500,사용,U,2026-08-20 17:23:50,2026-08-21 21:57:25,제공,제공,제공,부착,제공,미제공,제공,가능
4070000,412,6410000,41500,사용,U,2026-08-20 17:26:32,2026-08-21 21:57:25,제공,제공,제공,부착,제공,미제공,제공,가능
4070000,413,6410000,41500,사용,U,2026-08-20 17:27:50,2026-08-21 21:57:25,제공,제공,제공,부착,제공,미제공,제공,가능
4070000,414,6410000,41500,사용,U,2026-08-20 17:28:47,2026-08-21 21:57:25,제공,제공,제공,부착,제공,미제공,제공,가능
4070000,415,6410000,41500,사용,U,2026-08-20 18:10:30,2026-08-21 21:57:25,제공,제공,제공,부착,제공,미제공,제공,가능
4070000,502,6410000,41500,사용,U,2026-08-20 18:11:48,2026-08-21 21:57:25,제공,제공,제공,부착,제공,미제공,제공,가능
4070000,504,6410000,41500,사용,U,2026-08-20 18:14:05,2026-08-21 21:57:25,제공,제공,제공,부착,제공,제공,제공,가능
4070000,505,6410000,41500,사용,U,2026-08-20 19:04:21,2026-08-21 21:57:25,제공,제공,제공,부착,제공,미제공,제공,가능
4070000,506,6410000,41500,사용,U,2026-08-20 19:04:34,2026-08-21 21:57:25,제공,제공,제공,부착,제공,미제공,제공,가능
4070000,507,6410000,41500,사용,U,2026-08-20 19:05:56,2026-08-21 21:57:25,제공,제공,제공,부착,제공,미제공,제공,가능
4070000,508,6410000,41500,사용,U,2026-08-20 19:07:18,2026-08-21 21:57:25,제공,제공,제공,부착,제공,미제공,제공,가능
4070000,509,6410000,41500,사용,U,2026-08-20 17:24:28,2026-08-21 21:57:25,제공,제공,제공,부착,제공,미제공,제공,가능
4070000,510,6410000,41500,사용,U,2026-05-21 18:17:52,2026-05-22 03:03:03,제공,제공,제공,부착,제공,미제공,제공,가능
4070000,511,6410000,41500,사용,U,2026-08-20 19:08:34,2026-08-21 21:57:25,제공,제공,제공,부착,제공,제공,제공,가능
4070000,512,6410000,41500,사용,I,2026-04-06 10:04:30,2026-04-26 22:00:15,제공,제공,제공,부착,제공,제공,제공,가능
4070000,513,6410000,41500,사용,U,2026-08-20 19:10:01,2026-08-21 21:57:25,제공,제공,제공,부착,제공,미제공,제공,가능
4070000,514,6410000,41500,사용,U,2026-08-20 19:11:38,2026-08-21 21:57:25,제공,제공,제공,부착,제공,미제공,제공,가능
4070000,599,6410000,41500,사용,U,2026-05-21 18:17:08,2026-05-22 03:03:03,제공,제공,제공,부착,제공,제공,제공,가능
4080000,101,6410000,41550,사용,I,2026-01-22 13:29:44,2026-04-26 22:00:25,제공,제공,제공,부착,제공,미제공,제공,가능
4080000,103,6410000,41550,사용,U,2026-07-02 15:06:31,2026-07-03 21:57:25,제공,제공,제공,부착,제공,미제공,제공,가능
4080000,104,6410000,41550,사용,U,2026-07-03 10:33:08,2026-07-04 21:57:25,제공,제공,제공,부착,제공,미제공,제공,가능
4080000,105,6410000,41550,사용,U,2026-07-03 10:33:33,2026-07-04 21:57:25,제공,제공,제공,부착,제공,미제공,제공,가능
4080000,107,6410000,41550,사용,U,2026-07-02 15:06:55,2026-07-03 21:57:25,제공,제공,제공,부착,제공,미제공,제공,가능
4080000,108,6410000,41550,사용,U,2026-08-18 11:09:03,2026-08-19 21:57:25,제공,제공,제공,부착,제공,미제공,제공,가능
4080000,109,6410000,41550,사용,U,2026-07-03 10:33:51,2026-07-04 21:57:25,제공,제공,제공,부착,제공,미제공,제공,가능
4080000,201,6410000,41550,사용,U,2026-08-18 11:09:16,2026-08-19 21:57:25,제공,제공,제공,부착,제공,미제공,제공,가능
4080000,202,6410000,41550,사용,U,2026-08-18 11:09:39,2026-08-19 21:57:25,제공,제공,제공,부착,제공,미제공,제공,가능
4080000,203,6410000,41550,사용,U,2026-08-18 11:09:54,2026-08-19 21:57:25,제공,제공,제공,부착,제공,미제공,제공,가능
4080000,401,6410000,41550,사용,U,2026-08-18 11:10:48,2026-08-19 21:57:25,제공,제공,제공,부착,제공,미제공,제공,가능
4080000,402,6410000,41550,사용,U,2026-08-18 11:11:20,2026-08-19 21:57:25,제공,제공,제공,부착,제공,미제공,제공,가능
4080000,403,6410000,41550,사용,I,2026-01-22 13:45:11,2026-04-26 22:00:25,제공,제공,제공,부착,제공,미제공,제공,불가능
4080000,404,6410000,41550,사용,I,2026-01-22 13:45:50,2026-04-26 22:00:25,제공,제공,제공,부착,제공,미제공,제공,가능
4080000,405,6410000,41550,사용,I,2026-01-22 13:46:27,2026-04-26 22:00:25,제공,제공,제공,부착,제공,미제공,제공,가능
4080000,406,6410000,41550,사용,I,2026-01-22 13:46:59,2026-04-26 22:00:25,제공,제공,제공,부착,제공,미제공,제공,가능
4080000,407,6410000,41550,사용,I,2026-01-22 13:47:32,2026-04-26 22:00:25,제공,제공,제공,부착,제공,미제공,제공,가능
4080000,408,6410000,41550,사용,U,2026-08-18 11:11:37,2026-08-19 21:57:25,제공,제공,제공,부착,제공,미제공,제공,가능
4080000,410,6410000,41550,사용,U,2026-08-18 11:11:57,2026-08-19 21:57:25,제공,제공,제공,부착,제공,미제공,제공,가능
4080000,501,6410000,41550,사용,U,2026-08-18 11:12:08,2026-08-19 21:57:25,제공,제공,제공,부착,제공,미제공,제공,가능
4080000,502,6410000,41550,사용,U,2026-08-18 11:12:19,2026-08-19 21:57:25,제공,제공,제공,부착,제공,미제공,제공,가능
4080000,503,6410000,41550,사용,U,2026-07-03 10:34:09,2026-07-04 21:57:25,제공,제공,제공,부착,제공,미제공,제공,가능
4080000,504,6410000,41550,사용,U,2026-08-18 11:12:33,2026-08-19 21:57:25,제공,제공,제공,부착,제공,미제공,제공,가능
4080000,505,6410000,41550,사용,U,2026-07-09 09:42:42,2026-07-10 21:57:25,제공,제공,제공,부착,제공,미제공,제공,가능
4080000,506,6410000,41550,사용,I,2026-01-22 13:55:05,2026-04-26 22:00:25,제공,제공,제공,부착,제공,미제공,제공,가능
4080000,507,6410000,41550,사용,U,2026-07-03 10:34:44,2026-07-04 21:57:25,제공,제공,제공,부착,제공,미제공,제공,가능
4080000,508,6410000,41550,사용,I,2026-01-22 13:56:20,2026-04-26 22:00:25,제공,제공,제공,부착,제공,미제공,제공,가능
4080000,510,6410000,41550,사용,U,2026-08-24 14:30:09,2026-08-25 21:57:25,제공,제공,제공,부착,제공,미제공,제공,가능
4080000,511,6410000,41550,사용,I,2026-01-19 13:38:20,2026-04-26 22:00:25,제공,제공,제공,부착,제공,미제공,제공,가능
4090000,501,6410000,41570,사용,U,2026-09-04 18:23:23,2026-09-05 21:27:25,제공,제공,제공,부착,제공,미제공,제공,가능
4090000,502,6410000,41570,사용,U,2026-09-04 18:23:30,2026-09-05 21:27:25,제공,제공,제공,부착,제공,미제공,제공,가능
4090000,503,6410000,41570,사용,U,2026-09-04 18:23:37,2026-09-05 21:27:25,제공,제공,제공,부착,제공,미제공,제공,가능
4090000,504,6410000,41570,사용,U,2026-09-04 18:23:52,2026-09-05 21:27:25,제공,제공,제공,부착,제공,제공,제공,가능
4090000,506,6410000,41570,사용,U,2026-08-31 11:39:08,2026-09-01 21:27:25,제공,제공,제공,부착,제공,제공,제공,가능
4090000,507,6410000,41570,사용,U,2026-09-04 18:24:03,2026-09-05 21:27:25,제공,제공,제공,부착,제공,미제공,제공,가능
4090000,508,6410000,41570,사용,U,2026-09-04 18:24:21,2026-09-05 21:27:25,제공,제공,제공,부착,제공,미제공,제공,가능
4090000,509,6410000,41570,사용,U,2026-09-04 18:24:33,2026-09-05 21:27:25,제공,제공,제공,부착,제공,제공,제공,가능
4090000,510,6410000,41570,사용,U,2026-08-31 11:41:06,2026-09-01 21:27:25,제공,제공,제공,부착,제공,제공,제공,가능
4090000,511,6410000,41570,사용,U,2026-09-04 18:24:58,2026-09-05 21:27:25,제공,제공,제공,부착,제공,제공,제공,가능
4090000,512,6410000,41570,사용,U,2026-09-04 18:25:06,2026-09-05 21:27:25,제공,제공,제공,부착,제공,미제공,제공,가능
4090000,513,6410000,41570,사용,U,2026-09-04 18:25:23,2026-09-05 21:27:25,제공,제공,제공,부착,제공,제공,제공,가능
4090000,515,6410000,41570,사용,U,2026-09-07 14:26:34,2026-09-08 21:27:25,제공,제공,제공,부착,제공,제공,제공,가능
4090000,516,6410000,41570,사용,U,2026-09-04 18:25:38,2026-09-05 21:27:25,제공,제공,제공,부착,제공,제공,제공,가능
4090000,517,6410000,41570,사용,U,2026-09-04 18:25:45,2026-09-05 21:27:25,제공,제공,제공,부착,제공,제공,제공,가능
4090000,518,6410000,41570,사용,U,2026-09-04 18:25:56,2026-09-05 21:27:25,제공,제공,제공,부착,제공,제공,제공,가능
4090000,519,6410000,41570,사용,U,2026-09-04 18:26:03,2026-09-05 21:27:25,제공,제공,제공,부착,제공,제공,제공,가능
4090000,520,6410000,41570,사용,U,2026-09-04 18:26:12,2026-09-05 21:27:25,제공,제공,제공,부착,제공,제공,제공,가능
4090000,521,6410000,41570,사용,U,2026-09-04 18:26:20,2026-09-05 21:27:25,제공,제공,제공,부착,제공,제공,제공,가능
4090000,522,6410000,41570,사용,U,2026-09-04 18:26:27,2026-09-05 21:27:25,제공,제공,제공,부착,제공,제공,제공,가능
4090000,523,6410000,41570,사용,U,2026-09-04 18:26:36,2026-09-05 21:27:25,제공,제공,제공,부착,제공,제공,제공,가능
4090000,525,6410000,41570,사용,U,2026-08-31 11:43:25,2026-09-01 21:27:25,제공,제공,제공,부착,제공,제공,제공,가능
4090000,526,6410000,41570,사용,U,2026-08-31 11:43:18,2026-09-01 21:27:25,제공,제공,제공,부착,제공,제공,제공,가능
4140000,101,6410000,41800,사용,I,2026-01-23 15:54:09,2026-01-24 21:57:25,제공,제공,제공,부착,제공,제공,제공,가능
4140000,301,6410000,41800,사용,U,2026-07-16 15:46:23,2026-07-17 21:57:25,제공,제공,제공,부착,제공,제공,제공,가능
4140000,302,6410000,41800,사용,U,2026-07-16 15:45:23,2026-07-17 21:57:25,제공,제공,제공,부착,제공,제공,제공,가능
4140000,303,6410000,41800,사용,I,2026-01-23 15:55:04,2026-01-24 21:57:25,제공,제공,제공,부착,제공,제공,제공,가능
4140000,304,6410000,41800,사용,U,2026-07-21 13:19:47,2026-07-22 21:57:25,제공,제공,제공,부착,제공,제공,제공,가능
4140000,305,6410000,41800,사용,U,2026-08-21 12:36:20,2026-08-22 21:57:25,제공,제공,제공,부착,제공,제공,제공,가능
4140000,306,6410000,41800,사용,U,2026-07-16 15:44:49,2026-07-17 21:57:25,제공,제공,제공,부착,제공,제공,제공,가능
4140000,501,6410000,41800,사용,U,2026-07-28 15:04:26,2026-07-29 21:57:25,제공,제공,제공,부착,제공,제공,제공,불가능
4140000,502,6410000,41800,사용,U,2026-07-22 15:11:06,2026-07-23 21:57:25,제공,제공,제공,부착,제공,제공,제공,가능
4140000,503,6410000,41800,사용,U,2026-07-22 15:11:23,2026-07-23 21:57:25,제공,제공,제공,부착,제공,제공,제공,가능
4140000,504,6410000,41800,사용,I,2026-01-23 15:56:41,2026-01-24 21:57:25,제공,제공,제공,부착,제공,제공,제공,가능
4140000,505,6410000,41800,사용,U,2026-06-19 17:11:47,2026-06-20 21:57:25,제공,제공,제공,부착,제공,제공,제공,가능
4140000,506,6410000,41800,사용,I,2026-01-23 15:57:26,2026-01-24 21:57:25,제공,제공,제공,부착,제공,제공,제공,가능
4140000,507,6410000,41800,사용,U,2026-08-18 14:13:31,2026-08-19 21:57:25,제공,제공,제공,부착,제공,제공,제공,가능
4140000,508,6410000,41800,사용,I,2026-01-23 15:57:57,2026-01-24 21:57:25,제공,제공,제공,부착,제공,제공,제공,가능
4140000,509,6410000,41800,사용,I,2026-01-23 15:58:17,2026-01-24 21:57:25,제공,제공,제공,부착,제공,제공,제공,가능
4160000,103,6410000,41820,사용,I,2026-01-28 11:47:55,2026-01-29 21:27:25,제공,제공,제공,부착,제공,미제공,제공,가능
4160000,104,6410000,41820,사용,U,2026-08-12 15:25:36,2026-08-13 21:27:25,제공,제공,제공,부착,제공,미제공,제공,가능
4160000,105,6410000,41820,사용,I,2026-01-28 11:47:07,2026-01-29 21:27:25,제공,제공,제공,부착,제공,미제공,제공,가능
4160000,106,6410000,41820,사용,I,2026-01-28 11:45:54,2026-01-29 21:27:25,제공,제공,제공,부착,제공,제공,제공,가능
4160000,107,6410000,41820,사용,U,2026-08-10 11:27:52,2026-08-11 21:27:25,제공,제공,제공,부착,제공,제공,제공,가능
4160000,108,6410000,41820,사용,I,2026-01-28 11:42:45,2026-01-29 21:27:25,제공,제공,제공,부착,제공,미제공,제공,가능
4160000,109,6410000,41820,사용,U,2026-08-25 11:14:19,2026-08-26 21:27:25,제공,제공,제공,부착,제공,미제공,제공,가능
4160000,110,6410000,41820,사용,U,2026-08-25 11:14:44,2026-08-26 21:27:25,제공,제공,제공,부착,제공,미제공,제공,가능
4160000,111,6410000,41820,사용,I,2026-01-28 11:50:45,2026-01-29 21:27:25,제공,제공,제공,부착,제공,미제공,제공,가능
4160000,112,6410000,41820,사용,I,2026-01-28 11:51:11,2026-01-29 21:27:25,제공,제공,제공,부착,제공,미제공,제공,가능
4160000,113,6410000,41820,사용,I,2026-01-28 11:51:48,2026-01-29 21:27:25,제공,제공,제공,부착,제공,미제공,제공,가능
4160000,114,6410000,41820,사용,I,2026-01-28 11:52:08,2026-01-29 21:27:25,제공,제공,제공,부착,제공,제공,제공,가능
4170000,501,6410000,41830,사용,I,2026-03-03 13:22:08,2026-05-04 22:02:52,제공,제공,제공,부착,제공,미제공,제공,가능
4170000,502,6410000,41830,사용,U,2026-06-25 10:34:23,2026-06-26 21:57:25,제공,제공,제공,부착,제공,미제공,제공,가능
4170000,503,6410000,41830,사용,U,2026-08-20 16:33:00,2026-08-21 21:57:25,제공,제공,제공,부착,제공,미제공,제공,가능
4170000,504,6410000,41830,사용,I,2026-01-26 13:15:52,2026-05-04 22:02:52,제공,제공,제공,부착,제공,미제공,제공,가능
4170000,505,6410000,41830,사용,U,2026-08-21 11:09:04,2026-08-22 21:57:25,제공,제공,제공,부착,제공,미제공,제공,가능
4170000,506,6410000,41830,사용,I,2026-03-04 10:39:17,2026-05-04 22:02:52,제공,제공,제공,부착,제공,제공,제공,가능
4170000,507,6410000,41830,사용,I,2026-01-26 11:11:25,2026-05-04 22:02:52,제공,제공,제공,부착,제공,미제공,제공,가능
4170000,508,6410000,41830,사용,U,2026-08-21 13:12:52,2026-08-22 21:57:25,제공,제공,제공,부착,제공,미제공,제공,가능
4170000,509,6410000,41830,사용,I,2026-01-26 13:16:36,2026-05-04 22:02:52,제공,제공,제공,부착,제공,제공,제공,가능
4170000,510,6410000,41830,사용,U,2026-08-20 16:33:12,2026-08-21 21:57:25,제공,제공,제공,부착,제공,미제공,제공,가능
4170000,511,6410000,41830,사용,I,2026-03-09 08:54:34,2026-05-04 22:02:52,제공,제공,제공,부착,제공,미제공,제공,가능
4170000,512,6410000,41830,사용,U,2026-07-07 11:27:59,2026-07-08 21:57:25,제공,제공,제공,부착,제공,미제공,제공,가능
4170000,513,6410000,41830,사용,U,2026-07-06 09:55:28,2026-07-07 21:57:25,제공,제공,제공,부착,제공,미제공,제공,가능
4170000,514,6410000,41830,사용,I,2026-03-03 21:52:32,2026-05-04 22:02:52,제공,제공,제공,부착,제공,미제공,제공,가능
4170000,515,6410000,41830,사용,I,2026-03-03 17:23:28,2026-05-04 22:02:52,제공,제공,제공,부착,제공,미제공,제공,가능
4170000,517,6410000,41830,사용,U,2026-08-21 15:11:11,2026-08-22 21:57:25,제공,제공,제공,부착,제공,미제공,제공,가능
4170000,518,6410000,41830,사용,U,2026-07-07 11:27:43,2026-07-08 21:57:25,제공,제공,제공,부착,제공,미제공,제공,가능
4170000,519,6410000,41830,사용,I,2026-01-26 13:29:37,2026-05-04 22:02:53,제공,제공,제공,부착,제공,미제공,제공,가능
4170000,520,6410000,41830,사용,I,2026-03-03 16:33:24,2026-05-04 22:02:53,제공,제공,제공,부착,제공,미제공,제공,가능
4170000,521,6410000,41830,사용,U,2026-08-21 13:44:41,2026-08-22 21:57:25,제공,제공,제공,부착,제공,미제공,제공,가능
4170000,522,6410000,41830,사용,I,2026-03-03 16:34:54,2026-05-04 22:02:53,제공,제공,제공,부착,제공,미제공,제공,가능
4170000,523,6410000,41830,사용,I,2026-03-04 10:37:51,2026-05-04 22:02:53,제공,제공,제공,부착,제공,미제공,제공,가능
4170000,524,6410000,41830,사용,I,2026-03-04 10:38:04,2026-05-04 22:02:53,제공,제공,제공,부착,제공,미제공,제공,가능
4170000,525,6410000,41830,사용,I,2026-03-04 10:37:08,2026-05-04 22:02:53,제공,제공,제공,부착,제공,미제공,제공,가능
4170000,526,6410000,41830,사용,I,2026-03-03 17:11:46,2026-05-04 22:02:53,제공,제공,제공,부착,제공,제공,제공,가능
4170000,527,6410000,41830,사용,I,2026-03-12 14:59:25,2026-05-04 22:02:53,제공,제공,제공,부착,제공,미제공,제공,가능
4181000,501,6530000,51110,사용,U,2026-04-15 10:25:23,2026-04-16 03:03:03,제공,제공,제공,부착,제공,미제공,제공,가능
4181000,502,6530000,51110,사용,U,2026-08-24 16:36:58,2026-08-25 21:27:25,제공,제공,제공,부착,제공,미제공,제공,가능
4181000,503,6530000,51110,사용,U,2026-08-24 16:37:18,2026-08-25 21:27:25,제공,제공,제공,부착,제공,미제공,제공,가능
4181000,504,6530000,51110,사용,U,2026-08-24 16:37:26,2026-08-25 21:27:25,제공,제공,제공,부착,제공,미제공,제공,가능
4181000,505,6530000,51110,사용,U,2026-08-27 14:12:57,2026-08-28 21:27:25,제공,제공,제공,부착,제공,미제공,제공,가능
4181000,506,6530000,51110,사용,U,2026-08-27 14:13:39,2026-08-28 21:27:25,제공,제공,제공,부착,제공,미제공,제공,가능
4181000,507,6530000,51110,사용,U,2026-08-27 14:13:50,2026-08-28 21:27:25,제공,제공,제공,부착,제공,미제공,제공,가능
4181000,508,6530000,51110,사용,U,2026-08-27 14:14:09,2026-08-28 21:27:25,제공,제공,제공,부착,제공,미제공,제공,가능
4181000,509,6530000,51110,사용,U,2026-08-27 14:14:18,2026-08-28 21:27:25,제공,제공,제공,부착,제공,미제공,제공,가능
4181000,510,6530000,51110,사용,U,2026-08-27 14:14:27,2026-08-28 21:27:25,제공,제공,제공,부착,제공,미제공,제공,가능
4181000,511,6530000,51110,사용,U,2026-08-27 14:14:01,2026-08-28 21:27:25,제공,제공,제공,부착,제공,미제공,제공,가능
4181000,512,6530000,51110,사용,U,2026-08-27 14:14:36,2026-08-28 21:27:25,제공,제공,제공,부착,제공,미제공,제공,가능
4181000,513,6530000,51110,사용,U,2026-08-27 14:14:44,2026-08-28 21:27:25,제공,제공,제공,부착,제공,미제공,제공,가능
4181000,514,6530000,51110,사용,U,2026-08-27 14:14:56,2026-08-28 21:27:25,제공,제공,제공,부착,제공,미제공,제공,가능
4181000,515,6530000,51110,사용,U,2026-08-27 14:15:04,2026-08-28 21:27:25,제공,제공,제공,부착,제공,미제공,제공,가능
4181000,516,6530000,51110,사용,U,2026-08-27 14:15:14,2026-08-28 21:27:25,제공,제공,제공,부착,제공,미제공,제공,가능
4181000,517,6530000,51110,사용,U,2026-08-27 14:15:24,2026-08-28 21:27:25,제공,제공,제공,부착,제공,미제공,제공,가능
4181000,518,6530000,51110,사용,U,2026-08-27 14:15:33,2026-08-28 21:27:25,제공,제공,제공,부착,제공,미제공,제공,가능
4181000,519,6530000,51110,사용,U,2026-08-27 14:15:43,2026-08-28 21:27:25,제공,제공,제공,부착,제공,미제공,제공,가능
4181000,520,6530000,51110,사용,U,2026-08-27 14:15:52,2026-08-28 21:27:25,제공,제공,제공,부착,제공,미제공,제공,가능
4181000,521,6530000,51110,사용,U,2026-08-27 14:16:00,2026-08-28 21:27:25,제공,제공,제공,부착,제공,미제공,제공,가능
4181000,522,6530000,51110,사용,U,2026-08-27 14:16:08,2026-08-28 21:27:25,제공,제공,제공,부착,제공,미제공,제공,가능
4181000,523,6530000,51110,사용,U,2026-08-27 14:16:26,2026-08-28 21:27:25,제공,제공,제공,부착,제공,미제공,제공,가능
4181000,524,6530000,51110,사용,U,2026-08-27 14:16:34,2026-08-28 21:27:25,제공,제공,제공,부착,제공,미제공,제공,가능
4181000,525,6530000,51110,사용,U,2026-08-27 14:16:47,2026-08-28 21:27:25,제공,제공,제공,부착,제공,미제공,제공,가능
4181000,526,6530000,51110,사용,U,2026-08-27 14:16:55,2026-08-28 21:27:25,제공,제공,제공,부착,제공,미제공,제공,가능
4181000,527,6530000,51110,사용,U,2026-08-27 14:17:08,2026-08-28 21:27:25,제공,제공,제공,부착,제공,미제공,제공,가능
4181000,528,6530000,51110,사용,U,2026-08-27 14:17:16,2026-08-28 21:27:25,제공,제공,제공,부착,제공,미제공,제공,가능
4181000,529,6530000,51110,사용,U,2026-08-27 14:17:24,2026-08-28 21:27:25,제공,제공,제공,부착,제공,미제공,제공,가능
4181000,530,6530000,51110,사용,U,2026-08-27 14:17:32,2026-08-28 21:27:25,제공,제공,제공,부착,제공,미제공,제공,가능
4181000,531,6530000,51110,사용,U,2026-08-27 14:17:39,2026-08-28 21:27:25,제공,제공,제공,부착,제공,미제공,제공,가능
4181000,532,6530000,51110,사용,U,2026-08-27 14:17:46,2026-08-28 21:27:25,제공,제공,제공,부착,제공,미제공,제공,가능
4181000,533,6530000,51110,사용,U,2026-04-07 16:41:58,2026-04-08 03:03:03,제공,제공,제공,부착,제공,제공,제공,가능
4181000,535,6530000,51110,사용,U,2026-05-14 09:57:54,2026-05-15 03:03:03,제공,제공,제공,부착,제공,미제공,제공,가능
4191000,402,6530000,51130,사용,U,2026-08-25 14:36:48,2026-08-26 21:27:25,제공,제공,제공,부착,제공,미제공,제공,불가능
4191000,407,6530000,51130,사용,I,2026-01-29 11:12:47,2026-03-26 21:27:39,제공,제공,제공,부착,제공,미제공,제공,불가능
4191000,408,6530000,51130,사용,U,2026-06-01 11:35:10,2026-06-02 03:03:03,제공,제공,제공,부착,제공,미제공,제공,불가능
4191000,501,6530000,51130,사용,U,2026-08-24 17:31:20,2026-08-25 21:27:25,제공,제공,제공,부착,제공,미제공,제공,가능
4191000,502,6530000,51130,사용,I,2026-01-29 10:54:09,2026-03-26 21:27:40,제공,제공,제공,부착,제공,미제공,제공,불가능
4191000,503,6530000,51130,사용,U,2026-07-10 10:13:41,2026-07-11 21:27:25,제공,제공,제공,부착,제공,미제공,제공,불가능
4191000,504,6530000,51130,사용,U,2026-08-25 14:37:40,2026-08-26 21:27:25,제공,제공,제공,부착,제공,미제공,제공,불가능
4191000,505,6530000,51130,사용,I,2026-01-29 10:50:20,2026-03-26 21:27:41,제공,제공,제공,부착,제공,미제공,제공,불가능
4191000,506,6530000,51130,사용,I,2026-01-22 13:56:46,2026-03-26 21:27:41,제공,제공,제공,부착,제공,미제공,제공,불가능
4191000,507,6530000,51130,사용,U,2026-07-01 15:32:54,2026-07-02 21:27:25,제공,제공,제공,부착,제공,미제공,제공,불가능
4191000,508,6530000,51130,사용,I,2026-02-04 16:44:08,2026-03-26 21:27:42,제공,제공,제공,부착,제공,미제공,제공,불가능
4191000,509,6530000,51130,사용,I,2026-01-29 11:19:39,2026-03-26 21:27:43,제공,제공,제공,부착,제공,미제공,제공,불가능
4191000,510,6530000,51130,사용,U,2026-07-10 11:10:13,2026-07-11 21:27:25,제공,제공,제공,부착,제공,미제공,제공,불가능
4191000,514,6530000,51130,사용,U,2026-08-27 13:18:38,2026-08-28 21:27:25,제공,제공,제공,부착,제공,미제공,제공,가능
4191000,515,6530000,51130,사용,U,2026-06-01 11:03:29,2026-06-02 03:03:03,제공,제공,제공,부착,제공,미제공,제공,불가능
4191000,516,6530000,51130,사용,U,2026-07-01 15:33:09,2026-07-02 21:27:25,제공,제공,제공,부착,제공,미제공,제공,불가능
4191000,517,6530000,51130,사용,I,2026-01-29 13:10:05,2026-03-26 21:27:45,제공,제공,제공,부착,제공,미제공,제공,불가능
4191000,518,6530000,51130,사용,U,2026-06-10 14:04:01,2026-06-11 21:27:25,제공,제공,제공,부착,제공,미제공,제공,불가능
4191000,519,6530000,51130,사용,U,2026-06-02 10:50:59,2026-06-03 03:03:03,제공,제공,제공,부착,제공,미제공,제공,불가능
4191000,520,6530000,51130,사용,I,2026-06-05 10:28:12,2026-06-06 21:27:25,제공,제공,제공,부착,제공,미제공,제공,불가능
4191000,521,6530000,51130,사용,I,2026-06-25 10:19:43,2026-06-26 21:27:25,제공,제공,제공,부착,제공,미제공,제공,가능
4191000,591,6530000,51130,사용,U,2026-08-24 17:31:52,2026-08-25 21:27:25,제공,제공,제공,부착,제공,미제공,제공,가능
4191000,592,6530000,51130,사용,I,2026-01-29 13:13:41,2026-03-26 21:27:47,제공,제공,제공,부착,제공,미제공,제공,불가능
4191000,593,6530000,51130,사용,U,2026-06-01 13:20:39,2026-06-02 03:03:03,제공,제공,제공,부착,제공,미제공,제공,가능
4191000,594,6530000,51130,사용,U,2026-08-24 17:30:46,2026-08-25 21:27:25,제공,제공,제공,부착,제공,미제공,제공,가능
4191000,595,6530000,51130,사용,U,2026-08-27 13:41:06,2026-08-28 21:27:25,제공,제공,제공,부착,제공,제공,제공,가능
4191000,596,6530000,51130,사용,U,2026-08-25 14:37:20,2026-08-26 21:27:25,제공,제공,제공,부착,제공,미제공,제공,가능
4191000,597,6530000,51130,사용,I,2026-01-29 13:20:13,2026-03-26 21:27:49,제공,제공,제공,부착,제공,제공,제공,가능
4191000,599,6530000,51130,사용,U,2026-05-07 11:14:40,2026-05-08 03:03:03,제공,제공,제공,부착,제공,미제공,제공,가능
4201000,501,6530000,51150,사용,I,2026-01-22 10:50:52,2026-01-23 21:27:38,제공,제공,제공,부착,제공,미제공,제공,가능
4201000,502,6530000,51150,사용,I,2026-01-22 10:51:18,2026-01-23 21:27:38,제공,제공,제공,부착,제공,미제공,제공,가능
4201000,503,6530000,51150,사용,I,2026-01-22 10:55:06,2026-01-23 21:27:38,제공,제공,제공,부착,제공,미제공,제공,가능
4201000,504,6530000,51150,사용,U,2026-09-22 09:19:35,2026-09-23 21:27:34,제공,제공,제공,부착,제공,미제공,제공,가능
4201000,505,6530000,51150,사용,I,2026-01-22 10:55:30,2026-01-23 21:27:38,제공,제공,제공,부착,제공,미제공,제공,가능
4201000,506,6530000,51150,사용,I,2026-01-22 10:55:52,2026-01-23 21:27:38,제공,제공,제공,부착,제공,미제공,제공,가능
4201000,507,6530000,51150,사용,U,2026-06-01 09:31:42,2026-06-02 03:03:03,제공,제공,제공,부착,제공,미제공,제공,가능
4201000,508,6530000,51150,사용,I,2026-01-22 10:56:31,2026-01-23 21:27:38,제공,제공,제공,부착,제공,미제공,제공,가능
4201000,509,6530000,51150,사용,I,2026-01-22 10:56:49,2026-01-23 21:27:38,제공,제공,제공,부착,제공,미제공,제공,가능
4201000,510,6530000,51150,사용,I,2026-03-20 17:14:54,2026-03-21 21:29:01,제공,제공,제공,부착,제공,미제공,제공,가능
4201000,511,6530000,51150,사용,I,2026-01-22 11:01:24,2026-01-23 21:27:38,제공,제공,제공,부착,제공,미제공,제공,가능
4201000,512,6530000,51150,사용,U,2026-09-22 09:19:56,2026-09-23 21:27:34,제공,제공,제공,부착,제공,미제공,제공,가능
4201000,513,6530000,51150,사용,I,2026-01-22 11:02:03,2026-01-23 21:27:38,제공,제공,제공,부착,제공,미제공,제공,가능
4201000,514,6530000,51150,사용,I,2026-01-22 11:02:16,2026-01-23 21:27:38,제공,제공,제공,부착,제공,미제공,제공,가능
4201000,515,6530000,51150,사용,I,2026-01-22 11:02:35,2026-01-23 21:27:38,제공,제공,제공,부착,제공,미제공,제공,가능
4201000,516,6530000,51150,사용,I,2026-03-17 15:15:30,2026-03-18 21:28:54,제공,제공,제공,부착,제공,미제공,제공,가능
4201000,517,6530000,51150,사용,U,2026-09-22 09:26:28,2026-09-23 21:27:34,제공,제공,제공,부착,제공,미제공,제공,가능
4201000,518,6530000,51150,사용,U,2026-05-27 10:20:40,2026-05-28 03:03:03,제공,제공,제공,부착,제공,미제공,제공,가능
4201000,519,6530000,51150,사용,I,2026-01-22 11:03:48,2026-01-23 21:27:38,제공,제공,제공,부착,제공,미제공,제공,가능
4201000,520,6530000,51150,사용,U,2026-07-16 10:00:57,2026-07-17 21:27:38,제공,제공,제공,부착,제공,미제공,제공,가능
4201000,521,6530000,51150,사용,I,2026-01-22 11:04:32,2026-01-23 21:27:38,제공,제공,제공,부착,제공,미제공,제공,가능
4201000,522,6530000,51150,사용,I,2026-03-20 13:09:01,2026-03-21 21:29:01,제공,제공,제공,부착,제공,미제공,제공,가능
4201000,523,6530000,51150,사용,I,2026-01-22 11:05:05,2026-01-23 21:27:38,제공,제공,제공,부착,제공,미제공,제공,가능
4201000,524,6530000,51150,사용,U,2026-04-02 13:45:23,2026-04-03 03:03:03,제공,제공,제공,부착,제공,미제공,제공,가능
4201000,525,6530000,51150,사용,U,2026-08-04 11:02:57,2026-08-05 21:27:34,제공,제공,제공,부착,제공,미제공,제공,가능
4201000,526,6530000,51150,사용,I,2026-01-22 11:06:13,2026-01-23 21:27:38,제공,제공,제공,부착,제공,미제공,제공,가능
4201000,527,6530000,51150,사용,U,2026-07-16 11:10:36,2026-07-17 21:27:38,제공,제공,제공,부착,제공,미제공,제공,가능
4201000,528,6530000,51150,사용,I,2026-01-22 11:06:51,2026-01-23 21:27:38,제공,제공,제공,부착,제공,미제공,제공,가능
4201000,529,6530000,51150,사용,U,2026-06-30 11:42:38,2026-07-01 21:27:34,제공,제공,제공,부착,제공,미제공,제공,가능
4201000,530,6530000,51150,사용,U,2026-07-13 17:47:30,2026-07-14 21:27:31,제공,제공,제공,부착,제공,미제공,제공,가능
4201000,531,6530000,51150,사용,I,2026-01-22 11:07:37,2026-01-23 21:27:38,제공,제공,제공,부착,제공,미제공,제공,가능
4201000,532,6530000,51150,사용,I,2026-01-22 11:07:52,2026-01-23 21:27:38,제공,제공,제공,부착,제공,미제공,제공,가능
4211000,101,6530000,51170,사용,U,2026-08-25 10:01:52,2026-08-26 21:28:09,제공,제공,제공,부착,제공,미제공,제공,가능
4211000,102,6530000,51170,사용,U,2026-08-25 10:05:34,2026-08-26 21:28:09,제공,제공,제공,부착,제공,미제공,제공,가능
4211000,103,6530000,51170,사용,U,2026-08-25 10:05:49,2026-08-26 21:28:09,제공,제공,제공,부착,제공,미제공,제공,가능
4211000,104,6530000,51170,사용,U,2026-08-25 13:15:42,2026-08-26 21:28:09,제공,제공,제공,부착,제공,미제공,제공,가능
4211000,106,6530000,51170,사용,U,2026-08-25 10:06:15,2026-08-26 21:28:09,제공,제공,제공,부착,제공,미제공,제공,가능
4211000,107,6530000,51170,사용,U,2026-08-25 10:06:21,2026-08-26 21:28:09,제공,제공,제공,부착,제공,미제공,제공,가능
4211000,108,6530000,51170,사용,U,2026-08-25 10:06:26,2026-08-26 21:28:09,제공,제공,제공,부착,제공,미제공,제공,가능
4211000,109,6530000,51170,사용,U,2026-08-25 10:06:31,2026-08-26 21:28:09,제공,제공,제공,부착,제공,미제공,제공,가능
4211000,110,6530000,51170,사용,U,2026-08-25 10:03:16,2026-08-26 21:28:09,제공,제공,제공,부착,제공,미제공,제공,가능
4211000,111,6530000,51170,사용,I,2026-01-28 13:10:55,2026-01-29 21:27:26,제공,제공,제공,부착,제공,미제공,제공,가능
4221000,501,6530000,51190,사용,I,2026-02-11 17:15:16,2026-02-12 21:27:42,제공,제공,제공,부착,제공,미제공,제공,가능
4221000,502,6530000,51190,사용,I,2026-01-23 11:37:23,2026-01-24 21:27:49,제공,제공,제공,부착,제공,미제공,제공,가능
4221000,503,6530000,51190,사용,I,2026-02-11 17:15:38,2026-02-12 21:27:42,제공,제공,제공,부착,제공,미제공,제공,가능
4221000,504,6530000,51190,사용,I,2026-01-23 11:37:49,2026-01-24 21:27:49,제공,제공,제공,부착,제공,미제공,제공,가능
4221000,505,6530000,51190,사용,I,2026-02-11 17:15:56,2026-02-12 21:27:42,제공,제공,제공,부착,제공,미제공,제공,가능
4221000,506,6530000,51190,사용,I,2026-01-23 11:42:07,2026-01-24 21:27:49,제공,제공,제공,부착,제공,미제공,제공,가능
4221000,507,6530000,51190,사용,I,2026-01-23 11:38:11,2026-01-24 21:27:49,제공,제공,제공,부착,제공,미제공,제공,가능
4221000,508,6530000,51190,사용,I,2026-02-11 17:16:12,2026-02-12 21:27:42,제공,제공,제공,부착,제공,제공,제공,가능
4231000,401,6530000,51210,사용,U,2026-08-20 14:21:40,2026-08-21 21:27:25,제공,제공,제공,부착,제공,미제공,제공,가능
4231000,402,6530000,51210,사용,U,2026-08-20 14:21:51,2026-08-21 21:27:25,제공,제공,제공,부착,제공,미제공,제공,가능
4231000,403,6530000,51210,사용,U,2026-08-20 14:22:00,2026-08-21 21:27:25,제공,제공,제공,부착,제공,미제공,제공,가능
4231000,404,6530000,51210,사용,U,2026-08-20 14:26:00,2026-08-21 21:27:25,제공,제공,제공,부착,제공,미제공,제공,가능
4231000,407,6530000,51210,사용,U,2026-08-31 16:26:33,2026-09-01 21:27:25,제공,제공,제공,부착,제공,미제공,제공,불가능
4231000,408,6530000,51210,사용,U,2026-08-20 14:26:32,2026-08-21 21:27:25,제공,제공,제공,부착,제공,미제공,제공,가능
4231000,409,6530000,51210,사용,U,2026-08-20 14:26:40,2026-08-21 21:27:25,제공,제공,제공,부착,제공,미제공,제공,가능
4231000,410,6530000,51210,사용,U,2026-08-20 14:26:48,2026-08-21 21:27:25,제공,제공,제공,부착,제공,미제공,제공,가능
4231000,411,6530000,51210,사용,U,2026-08-20 14:26:54,2026-08-21 21:27:25,제공,제공,제공,부착,제공,미제공,제공,가능
4231000,412,6530000,51210,사용,U,2026-08-20 14:27:05,2026-08-21 21:27:25,제공,제공,제공,부착,제공,미제공,제공,가능
4231000,413,6530000,51210,사용,U,2026-08-20 14:27:10,2026-08-21 21:27:25,제공,제공,제공,부착,제공,미제공,제공,가능
4231000,414,6530000,51210,사용,U,2026-08-20 14:27:24,2026-08-21 21:27:25,제공,제공,제공,부착,제공,미제공,제공,가능
4231000,415,6530000,51210,사용,U,2026-08-20 14:27:33,2026-08-21 21:27:25,제공,제공,제공,부착,제공,미제공,제공,가능
4231000,416,6530000,51210,사용,U,2026-08-20 14:27:43,2026-08-21 21:27:25,제공,제공,제공,부착,제공,미제공,제공,가능
4231000,417,6530000,51210,사용,U,2026-08-20 14:27:54,2026-08-21 21:27:25,제공,제공,제공,부착,제공,미제공,제공,가능
4231000,418,6530000,51210,사용,U,2026-08-20 14:27:59,2026-08-21 21:27:25,제공,제공,제공,부착,제공,미제공,제공,가능
4231000,419,6530000,51210,사용,U,2026-04-01 17:24:30,2026-04-02 03:03:03,제공,제공,제공,부착,제공,미제공,제공,가능
4231000,420,6530000,51210,사용,U,2026-04-01 17:24:30,2026-04-02 03:03:03,제공,제공,제공,부착,제공,미제공,제공,가능
4231000,421,6530000,51210,사용,U,2026-04-01 17:24:30,2026-04-02 03:03:03,제공,제공,제공,부착,제공,미제공,제공,가능
4241000,402,6530000,51230,사용,U,2026-09-01 11:08:14,2026-09-02 21:28:14,제공,제공,제공,부착,제공,제공,제공,가능
4241000,403,6530000,51230,사용,U,2026-09-01 11:08:14,2026-09-02 21:28:14,제공,제공,제공,부착,제공,미제공,제공,가능
4241000,404,6530000,51230,사용,U,2026-09-01 11:08:14,2026-09-02 21:28:14,제공,제공,제공,부착,제공,제공,제공,가능
4241000,405,6530000,51230,사용,U,2026-09-01 11:08:14,2026-09-02 21:28:14,제공,제공,제공,부착,제공,미제공,제공,가능
4241000,406,6530000,51230,사용,U,2026-07-06 10:53:38,2026-07-07 21:28:01,제공,제공,제공,부착,제공,제공,제공,가능
4241000,407,6530000,51230,사용,I,2026-03-09 14:28:30,2026-03-10 21:32:35,제공,제공,제공,부착,제공,제공,제공,가능
4241000,408,6530000,51230,사용,I,2026-01-22 11:08:30,2026-01-23 21:27:26,제공,제공,제공,부착,제공,제공,제공,가능
4241000,409,6530000,51230,사용,I,2026-01-22 11:01:15,2026-01-23 21:27:26,제공,제공,제공,부착,제공,제공,제공,가능
4241000,410,6530000,51230,사용,U,2026-09-01 11:08:14,2026-09-02 21:28:14,제공,제공,제공,부착,제공,제공,제공,가능
4241000,411,6530000,51230,사용,U,2026-09-01 11:08:14,2026-09-02 21:28:14,제공,제공,제공,부착,제공,제공,제공,가능
4241000,412,6530000,51230,사용,U,2026-04-07 11:30:01,2026-04-08 03:03:03,제공,제공,제공,부착,제공,제공,제공,가능
4241000,413,6530000,51230,사용,U,2026-04-07 11:30:12,2026-04-08 03:03:03,제공,제공,제공,부착,제공,제공,제공,가능
4241000,414,6530000,51230,사용,U,2026-09-01 11:08:14,2026-09-02 21:28:14,제공,제공,제공,부착,제공,제공,제공,가능
4251000,402,6530000,51720,사용,I,2026-01-27 11:46:15,2026-01-28 21:27:25,제공,제공,제공,부착,제공,제공,제공,가능
4251000,403,6530000,51720,사용,I,2026-01-23 11:20:27,2026-01-24 21:27:25,제공,제공,제공,부착,제공,제공,제공,가능
4251000,404,6530000,51720,사용,I,2026-01-27 16:03:23,2026-01-28 21:27:25,제공,제공,제공,부착,제공,제공,제공,가능
4251000,405,6530000,51720,사용,U,2026-07-01 11:41:06,2026-07-02 21:27:25,제공,제공,제공,부착,제공,제공,제공,가능
4251000,406,6530000,51720,사용,U,2026-08-31 14:32:18,2026-09-01 21:27:25,제공,제공,제공,부착,제공,미제공,제공,가능
4251000,407,6530000,51720,사용,I,2026-03-10 10:01:48,2026-03-11 21:27:25,제공,제공,제공,부착,제공,제공,제공,가능
4251000,408,6530000,51720,사용,I,2026-01-27 16:04:06,2026-01-28 21:27:25,제공,제공,제공,부착,제공,제공,제공,가능
4251000,409,6530000,51720,사용,U,2026-07-01 11:41:06,2026-07-02 21:27:25,제공,제공,제공,부착,제공,제공,제공,가능
4251000,410,6530000,51720,사용,I,2026-01-27 11:07:41,2026-01-28 21:27:25,제공,제공,제공,부착,제공,제공,제공,가능
4251000,411,6530000,51720,사용,U,2026-07-01 11:41:06,2026-07-02 21:27:25,제공,제공,제공,부착,제공,제공,제공,가능
4251000,412,6530000,51720,사용,I,2026-01-25 13:28:19,2026-01-26 21:27:25,제공,제공,제공,부착,제공,제공,제공,가능
4251000,413,6530000,51720,사용,U,2026-07-01 11:41:06,2026-07-02 21:27:25,제공,제공,제공,부착,제공,제공,제공,가능
4251000,414,6530000,51720,사용,U,2026-07-01 11:41:06,2026-07-02 21:27:25,제공,제공,제공,부착,제공,제공,제공,가능
4251000,415,6530000,51720,사용,I,2026-01-27 11:08:12,2026-01-28 21:27:25,제공,제공,제공,부착,제공,제공,제공,가능
4251000,420,6530000,51720,사용,U,2026-07-01 11:41:06,2026-07-02 21:27:25,제공,제공,제공,부착,제공,제공,제공,가능
4251000,421,6530000,51720,사용,U,2026-08-31 14:33:13,2026-09-01 21:27:25,제공,제공,제공,부착,제공,미제공,제공,가능
4251000,501,6530000,51720,사용,U,2026-07-13 17:27:31,2026-07-14 21:27:25,제공,제공,제공,부착,제공,제공,제공,가능
4251000,502,6530000,51720,사용,U,2026-07-01 11:41:06,2026-07-02 21:27:25,제공,제공,제공,부착,제공,제공,제공,가능
4251000,503,6530000,51720,사용,I,2026-03-11 14:01:17,2026-03-12 21:27:26,제공,제공,제공,부착,제공,제공,제공,가능
4251000,504,6530000,51720,사용,I,2026-01-27 11:51:38,2026-01-28 21:27:25,제공,제공,제공,부착,제공,제공,제공,가능
4251000,505,6530000,51720,사용,I,2026-01-27 11:08:49,2026-01-28 21:27:25,제공,제공,제공,부착,제공,제공,제공,가능
4251000,506,6530000,51720,사용,U,2026-07-01 11:41:06,2026-07-02 21:27:25,제공,제공,제공,부착,제공,제공,제공,가능
4251000,507,6530000,51720,사용,U,2026-07-13 17:27:03,2026-07-14 21:27:25,제공,제공,제공,부착,제공,제공,제공,가능
4251000,508,6530000,51720,사용,U,2026-08-31 14:34:28,2026-09-01 21:27:25,제공,제공,제공,부착,제공,미제공,제공,가능
4251000,509,6530000,51720,미사용,U,2026-07-01 11:41:06,2026-07-02 21:27:25,미제공,미제공,미제공,미부착,미제공,미제공,미제공,불가능
4251000,510,6530000,51720,미사용,U,2026-07-01 11:41:06,2026-07-02 21:27:25,미제공,미제공,미제공,미부착,미제공,미제공,미제공,불가능
4261000,101,6530000,51730,사용,U,2026-08-26 16:55:28,2026-08-27 21:27:25,제공,제공,제공,부착,제공,제공,제공,가능
4261000,102,6530000,51730,사용,U,2026-08-26 16:55:37,2026-08-27 21:27:25,제공,제공,제공,부착,제공,제공,제공,가능
4261000,103,6530000,51730,사용,U,2026-08-26 16:55:57,2026-08-27 21:27:25,제공,제공,제공,부착,제공,제공,제공,가능
4261000,401,6530000,51730,사용,U,2026-08-26 16:56:08,2026-08-27 21:27:25,제공,제공,제공,부착,제공,제공,제공,가능
4261000,402,6530000,51730,사용,U,2026-08-26 15:14:33,2026-08-27 21:27:25,제공,제공,제공,부착,제공,제공,제공,가능
4261000,403,6530000,51730,사용,U,2026-08-26 16:56:38,2026-08-27 21:27:25,제공,제공,제공,부착,제공,제공,제공,가능
4261000,405,6530000,51730,사용,U,2026-08-26 16:56:52,2026-08-27 21:27:25,제공,제공,제공,부착,제공,제공,제공,가능
4261000,406,6530000,51730,사용,I,2026-03-09 17:43:47,2026-03-10 21:32:18,제공,제공,제공,부착,제공,제공,제공,가능
4261000,407,6530000,51730,사용,U,2026-08-26 16:57:06,2026-08-27 21:27:26,제공,제공,제공,부착,제공,제공,제공,가능
4261000,408,6530000,51730,사용,U,2026-08-26 16:57:16,2026-08-27 21:27:26,제공,제공,제공,부착,제공,제공,제공,가능
4261000,409,6530000,51730,사용,U,2026-08-26 16:57:25,2026-08-27 21:27:26,제공,제공,제공,부착,제공,제공,제공,가능
4261000,410,6530000,51730,사용,U,2026-08-26 16:57:33,2026-08-27 21:27:26,제공,제공,제공,부착,제공,제공,제공,가능
4261000,411,6530000,51730,사용,U,2026-08-26 16:57:49,2026-08-27 21:27:26,제공,제공,제공,부착,제공,제공,제공,가능
4261000,412,6530000,51730,사용,U,2026-08-26 16:57:56,2026-08-27 21:27:26,제공,제공,제공,부착,제공,제공,제공,가능
4261000,413,6530000,51730,사용,U,2026-08-26 16:58:09,2026-08-27 21:27:26,제공,제공,제공,부착,제공,제공,제공,가능
4261000,414,6530000,51730,사용,U,2026-08-26 16:58:18,2026-08-27 21:27:26,제공,제공,제공,부착,제공,제공,제공,가능
4261000,415,6530000,51730,사용,U,2026-08-26 16:58:31,2026-08-27 21:27:26,제공,제공,제공,부착,제공,제공,제공,가능
4261000,416,6530000,51730,사용,U,2026-08-26 16:58:39,2026-08-27 21:27:26,제공,제공,제공,부착,제공,제공,제공,가능
4261000,417,6530000,51730,사용,U,2026-08-26 16:58:47,2026-08-27 21:27:26,제공,제공,제공,부착,제공,제공,제공,가능
4261000,418,6530000,51730,사용,U,2026-08-26 16:58:57,2026-08-27 21:27:26,제공,제공,제공,부착,제공,제공,제공,가능
4261000,419,6530000,51730,사용,U,2026-08-26 16:59:04,2026-08-27 21:27:26,제공,제공,제공,부착,제공,미제공,제공,가능
4261000,420,6530000,51730,사용,U,2026-08-26 16:59:12,2026-08-27 21:27:26,제공,제공,제공,부착,제공,제공,제공,가능
4261000,421,6530000,51730,사용,U,2026-08-26 16:59:21,2026-08-27 21:27:26,제공,제공,제공,부착,제공,제공,제공,가능
4261000,422,6530000,51730,사용,U,2026-08-26 16:12:12,2026-08-27 21:27:26,제공,제공,제공,부착,제공,제공,제공,가능
4261000,423,6530000,51730,사용,U,2026-08-26 16:59:53,2026-08-27 21:27:26,제공,제공,제공,부착,제공,제공,제공,가능
4261000,424,6530000,51730,사용,U,2026-08-26 17:00:01,2026-08-27 21:27:27,제공,제공,제공,부착,제공,제공,제공,가능
4271000,101,6530000,51750,사용,U,2026-08-06 10:35:08,2026-08-07 21:27:25,제공,제공,제공,부착,제공,미제공,제공,가능
4271000,103,6530000,51750,사용,U,2026-08-06 10:35:15,2026-08-07 21:27:25,제공,제공,제공,부착,제공,미제공,제공,가능
4271000,104,6530000,51750,사용,U,2026-08-06 10:35:24,2026-08-07 21:27:25,제공,제공,제공,부착,제공,미제공,제공,가능
4271000,105,6530000,51750,사용,U,2026-08-06 10:35:30,2026-08-07 21:27:25,제공,제공,제공,부착,제공,미제공,제공,가능
4271000,106,6530000,51750,사용,U,2026-08-06 10:35:36,2026-08-07 21:27:25,제공,제공,제공,부착,제공,미제공,제공,가능
4271000,107,6530000,51750,사용,U,2026-08-06 10:35:44,2026-08-07 21:27:25,제공,제공,제공,부착,제공,미제공,제공,가능
4271000,501,6530000,51750,사용,U,2026-08-06 10:35:50,2026-08-07 21:27:25,제공,제공,제공,부착,제공,미제공,제공,가능
4271000,502,6530000,51750,사용,U,2026-08-06 10:36:02,2026-08-07 21:27:25,제공,제공,제공,부착,제공,미제공,제공,가능
4271000,503,6530000,51750,사용,U,2026-08-06 10:36:10,2026-08-07 21:27:25,제공,제공,제공,부착,제공,미제공,제공,가능
4271000,504,6530000,51750,사용,U,2026-08-06 10:36:14,2026-08-07 21:27:25,제공,제공,제공,부착,제공,미제공,제공,가능
4271000,505,6530000,51750,사용,U,2026-08-06 10:36:33,2026-08-07 21:27:25,제공,제공,제공,부착,제공,미제공,제공,가능
4271000,506,6530000,51750,사용,U,2026-08-26 12:16:35,2026-08-27 21:27:25,제공,제공,제공,부착,제공,미제공,제공,가능
4271000,507,6530000,51750,사용,U,2026-08-06 10:36:44,2026-08-07 21:27:25,제공,제공,제공,부착,제공,미제공,제공,가능
4271000,508,6530000,51750,사용,U,2026-08-26 12:16:57,2026-08-27 21:27:25,제공,제공,제공,부착,제공,미제공,제공,가능
4271000,509,6530000,51750,사용,U,2026-08-06 10:30:45,2026-08-07 21:27:25,제공,제공,제공,부착,제공,미제공,제공,가능
4271000,510,6530000,51750,사용,U,2026-08-06 10:33:44,2026-08-07 21:27:25,제공,제공,제공,부착,제공,미제공,제공,가능
4271000,511,6530000,51750,사용,U,2026-08-06 10:33:58,2026-08-07 21:27:25,제공,제공,제공,부착,제공,미제공,제공,가능
4271000,512,6530000,51750,사용,U,2026-08-06 10:34:05,2026-08-07 21:27:25,제공,제공,제공,부착,제공,미제공,제공,가능
4281000,501,6530000,51760,사용,U,2026-08-19 10:02:15,2026-08-20 21:27:25,제공,제공,제공,부착,제공,제공,제공,가능
4281000,502,6530000,51760,사용,U,2026-08-19 10:06:57,2026-08-20 21:27:25,제공,제공,제공,부착,제공,미제공,제공,가능
4281000,503,6530000,51760,사용,U,2026-08-19 10:06:52,2026-08-20 21:27:25,제공,제공,제공,부착,제공,미제공,제공,가능
4281000,504,6530000,51760,사용,U,2026-08-19 10:07:13,2026-08-20 21:27:25,제공,제공,제공,부착,제공,미제공,제공,가능
4281000,505,6530000,51760,사용,U,2026-07-02 10:09:59,2026-07-03 21:27:25,제공,제공,제공,부착,제공,미제공,제공,가능
4281000,506,6530000,51760,사용,U,2026-08-19 10:07:09,2026-08-20 21:27:25,제공,제공,제공,부착,제공,미제공,제공,가능
4281000,507,6530000,51760,사용,U,2026-08-20 13:11:54,2026-08-21 21:27:25,제공,제공,제공,부착,제공,제공,제공,가능
4281000,508,6530000,51760,사용,U,2026-08-11 15:43:53,2026-08-12 21:27:25,제공,제공,제공,부착,제공,미제공,제공,가능
4281000,509,6530000,51760,사용,U,2026-08-19 10:02:03,2026-08-20 21:27:25,제공,제공,제공,부착,제공,제공,제공,가능
4281000,510,6530000,51760,사용,U,2026-08-19 10:09:25,2026-08-20 21:27:25,제공,제공,제공,부착,제공,제공,제공,가능
4281000,511,6530000,51760,사용,U,2026-08-19 10:02:33,2026-08-20 21:27:25,제공,제공,제공,부착,제공,제공,제공,가능
4281000,513,6530000,51760,사용,U,2026-08-19 10:06:36,2026-08-20 21:27:25,제공,제공,제공,부착,제공,미제공,제공,가능
4291000,301,6530000,51770,사용,U,2026-07-22 15:49:39,2026-07-23 21:27:25,제공,제공,제공,부착,제공,제공,제공,가능
4291000,401,6530000,51770,사용,U,2026-09-14 13:31:19,2026-09-15 21:27:25,제공,제공,제공,부착,제공,제공,제공,가능
4291000,501,6530000,51770,사용,U,2026-08-24 09:50:58,2026-08-25 21:27:25,제공,제공,제공,부착,제공,제공,제공,가능
4291000,502,6530000,51770,사용,U,2026-09-14 13:31:35,2026-09-15 21:27:25,제공,제공,제공,부착,제공,제공,제공,가능
4291000,503,6530000,51770,사용,U,2026-08-24 09:55:26,2026-08-25 21:27:25,제공,제공,제공,부착,제공,제공,제공,가능
4291000,504,6530000,51770,사용,U,2026-08-24 09:55:37,2026-08-25 21:27:25,제공,제공,제공,부착,제공,제공,제공,가능
4291000,505,6530000,51770,사용,U,2026-09-14 13:34:32,2026-09-15 21:27:25,제공,제공,제공,부착,제공,제공,제공,가능
4291000,506,6530000,51770,사용,U,2026-08-24 09:55:59,2026-08-25 21:27:25,제공,제공,제공,부착,제공,제공,제공,가능
4291000,507,6530000,51770,사용,U,2026-08-24 09:56:21,2026-08-25 21:27:25,제공,제공,제공,부착,제공,제공,제공,가능
4291000,508,6530000,51770,사용,U,2026-09-14 13:36:13,2026-09-15 21:27:25,제공,제공,제공,부착,제공,제공,제공,가능
4291000,510,6530000,51770,사용,I,2026-03-11 14:33:22,2026-03-12 21:27:26,제공,제공,제공,부착,제공,제공,제공,가능
4291000,511,6530000,51770,사용,U,2026-08-24 09:58:38,2026-08-25 21:27:25,제공,제공,제공,부착,제공,제공,제공,가능
4291000,512,6530000,51770,사용,U,2026-08-24 09:59:35,2026-08-25 21:27:25,제공,제공,제공,부착,제공,제공,제공,가능
4291000,513,6530000,51770,사용,U,2026-09-14 13:32:44,2026-09-15 21:27:25,제공,제공,제공,부착,제공,제공,제공,가능
4291000,514,6530000,51770,사용,U,2026-09-14 13:32:57,2026-09-15 21:27:25,제공,제공,제공,부착,제공,제공,제공,가능
4301000,101,6530000,51780,사용,U,2026-09-28 09:54:08,2026-09-29 21:27:25,제공,제공,제공,부착,제공,미제공,제공,가능
4301000,102,6530000,51780,사용,U,2026-09-17 17:01:34,2026-09-18 21:27:25,제공,제공,제공,부착,제공,미제공,제공,가능
4301000,103,6530000,51780,사용,U,2026-09-23 09:00:04,2026-09-24 21:27:25,제공,제공,제공,부착,제공,미제공,제공,가능
4301000,104,6530000,51780,사용,U,2026-07-13 14:40:23,2026-07-14 21:27:25,제공,제공,제공,부착,제공,미제공,제공,가능
4301000,105,6530000,51780,사용,I,2026-03-04 09:25:22,2026-03-05 21:27:25,제공,제공,제공,부착,제공,미제공,제공,가능
4301000,106,6530000,51780,사용,U,2026-07-13 14:40:39,2026-07-14 21:27:25,제공,제공,제공,부착,제공,미제공,제공,가능
4301000,501,6530000,51780,사용,U,2026-09-22 15:24:17,2026-09-23 21:27:25,제공,제공,제공,부착,제공,미제공,제공,가능
4301000,502,6530000,51780,사용,I,2026-01-23 14:21:46,2026-01-24 21:27:25,제공,제공,제공,부착,제공,미제공,제공,가능
4301000,503,6530000,51780,사용,I,2026-01-23 14:22:48,2026-01-24 21:27:25,제공,제공,제공,부착,제공,미제공,제공,가능
4301000,504,6530000,51780,사용,U,2026-09-23 09:00:04,2026-09-24 21:27:25,제공,제공,제공,부착,제공,미제공,제공,가능
4301000,505,6530000,51780,사용,U,2026-09-23 10:44:19,2026-09-24 21:27:25,제공,제공,제공,부착,제공,미제공,제공,가능
4301000,506,6530000,51780,사용,I,2026-03-11 14:59:59,2026-03-12 21:27:26,제공,제공,제공,부착,제공,미제공,제공,가능
4301000,507,6530000,51780,사용,U,2026-09-28 16:01:43,2026-09-29 21:27:25,제공,제공,제공,부착,제공,미제공,제공,가능
4301000,508,6530000,51780,사용,U,2026-09-17 17:02:13,2026-09-18 21:27:25,제공,제공,제공,부착,제공,미제공,제공,가능
4301000,509,6530000,51780,사용,U,2026-09-22 15:22:46,2026-09-23 21:27:25,제공,제공,제공,부착,제공,미제공,제공,가능
4301000,510,6530000,51780,사용,I,2026-01-23 14:24:25,2026-01-24 21:27:25,제공,제공,제공,부착,제공,미제공,제공,가능
4301000,511,6530000,51780,사용,U,2026-09-23 10:45:08,2026-09-24 21:27:25,제공,제공,제공,부착,제공,미제공,제공,가능
4311000,501,6530000,51790,사용,U,2026-09-23 09:23:22,2026-09-24 21:27:25,제공,제공,제공,부착,제공,제공,제공,가능
4311000,502,6530000,51790,사용,U,2026-09-21 15:53:22,2026-09-22 21:27:25,제공,제공,제공,부착,제공,제공,제공,가능
4311000,503,6530000,51790,사용,U,2026-09-21 16:00:19,2026-09-22 21:27:25,제공,제공,제공,부착,제공,미제공,제공,가능
4311000,504,6530000,51790,사용,U,2026-09-28 15:36:46,2026-09-29 21:27:25,제공,제공,제공,부착,제공,제공,제공,가능
4311000,505,6530000,51790,사용,I,2026-03-12 17:42:16,2026-03-13 21:27:26,제공,제공,제공,부착,제공,제공,제공,가능
4311000,506,6530000,51790,사용,U,2026-04-27 14:04:56,2026-04-28 03:03:03,제공,제공,제공,부착,제공,제공,제공,가능
4311000,507,6530000,51790,사용,I,2026-03-12 17:42:30,2026-03-13 21:27:26,제공,제공,제공,부착,제공,제공,제공,가능
4321000,501,6530000,51800,사용,U,2026-09-03 17:13:39,2026-09-04 21:27:25,제공,제공,제공,부착,제공,미제공,제공,불가능
4321000,502,6530000,51800,사용,U,2026-08-18 16:58:01,2026-08-19 21:27:25,제공,제공,제공,부착,제공,제공,제공,가능
4321000,503,6530000,51800,사용,U,2026-08-18 16:50:48,2026-08-19 21:27:25,제공,제공,제공,부착,제공,미제공,제공,불가능
4321000,504,6530000,51800,사용,U,2026-08-18 16:50:55,2026-08-19 21:27:25,제공,제공,제공,부착,제공,미제공,제공,불가능
4321000,505,6530000,51800,사용,U,2026-09-03 17:25:32,2026-09-04 21:27:25,제공,제공,제공,부착,제공,미제공,제공,불가능
4321000,506,6530000,51800,사용,U,2026-08-18 16:57:13,2026-08-19 21:27:25,제공,제공,제공,부착,제공,미제공,제공,불가능
4321000,507,6530000,51800,사용,U,2026-08-18 16:51:01,2026-08-19 21:27:25,제공,제공,제공,부착,제공,미제공,제공,불가능
4331000,301,6530000,51810,사용,U,2026-08-24 16:52:45,2026-08-25 21:27:27,제공,제공,제공,부착,제공,미제공,제공,가능
4331000,501,6530000,51810,사용,I,2026-01-28 15:12:14,2026-03-10 21:31:45,제공,제공,제공,부착,제공,미제공,제공,가능
4331000,502,6530000,51810,사용,U,2026-08-24 16:52:32,2026-08-25 21:27:27,제공,제공,제공,부착,제공,미제공,제공,가능
4331000,503,6530000,51810,사용,I,2026-01-28 15:12:59,2026-03-10 21:31:47,제공,제공,제공,부착,제공,미제공,제공,가능
4331000,504,6530000,51810,사용,I,2026-01-28 15:13:16,2026-03-10 21:31:47,제공,제공,제공,부착,제공,미제공,제공,가능
4331000,505,6530000,51810,사용,U,2026-08-24 11:20:40,2026-08-25 21:27:27,제공,제공,제공,부착,제공,미제공,제공,가능
4331000,507,6530000,51810,사용,I,2026-01-28 15:14:29,2026-03-10 21:31:49,제공,제공,제공,부착,제공,미제공,제공,가능
4331000,508,6530000,51810,사용,U,2026-08-24 16:52:54,2026-08-25 21:27:27,제공,제공,제공,부착,제공,미제공,제공,가능
4331000,509,6530000,51810,사용,I,2026-01-28 15:15:18,2026-03-10 21:31:50,제공,제공,제공,부착,제공,미제공,제공,가능
4331000,510,6530000,51810,사용,U,2026-09-30 10:01:38,2026-10-01 21:27:27,제공,제공,제공,부착,제공,미제공,제공,가능
4341000,501,6530000,51820,사용,U,2026-07-13 11:15:04,2026-07-14 21:27:28,제공,제공,제공,부착,제공,미제공,제공,가능
4341000,502,6530000,51820,사용,U,2026-08-25 10:09:27,2026-08-26 21:27:28,제공,제공,제공,부착,제공,미제공,제공,가능
4341000,503,6530000,51820,사용,U,2026-08-25 10:21:52,2026-08-26 21:27:28,제공,제공,제공,부착,제공,미제공,제공,가능
4341000,504,6530000,51820,사용,U,2026-08-25 10:11:15,2026-08-26 21:27:28,제공,제공,제공,부착,제공,미제공,제공,가능
4341000,505,6530000,51820,사용,U,2026-08-25 10:11:26,2026-08-26 21:27:28,제공,제공,제공,부착,제공,미제공,제공,가능
4341000,506,6530000,51820,사용,U,2026-08-25 09:55:14,2026-08-26 21:27:28,제공,제공,제공,부착,제공,미제공,제공,가능
4341000,507,6530000,51820,사용,U,2026-08-25 09:55:23,2026-08-26 21:27:28,제공,제공,제공,부착,제공,미제공,제공,가능
4341000,508,6530000,51820,사용,U,2026-08-25 09:55:33,2026-08-26 21:27:28,제공,제공,제공,부착,제공,미제공,제공,가능
4351000,501,6530000,51830,사용,U,2026-08-03 09:48:17,2026-08-04 21:28:00,제공,제공,제공,부착,제공,미제공,제공,불가능
4351000,502,6530000,51830,사용,U,2026-08-31 14:09:41,2026-09-01 21:28:02,제공,제공,제공,부착,제공,미제공,제공,가능
4351000,503,6530000,51830,사용,U,2026-05-18 16:06:10,2026-05-19 03:03:03,제공,제공,제공,부착,제공,미제공,제공,가능
4351000,504,6530000,51830,사용,U,2026-08-03 09:45:40,2026-08-04 21:28:00,제공,제공,제공,부착,제공,미제공,제공,가능
4351000,505,6530000,51830,사용,U,2026-08-03 09:48:28,2026-08-04 21:28:00,제공,제공,제공,부착,제공,미제공,제공,불가능
4351000,506,6530000,51830,사용,U,2026-05-18 16:06:28,2026-05-19 03:03:03,제공,제공,제공,부착,제공,미제공,제공,불가능
4351000,507,6530000,51830,사용,U,2026-05-18 16:06:35,2026-05-19 03:03:03,제공,제공,제공,부착,제공,미제공,제공,불가능
4351000,508,6530000,51830,사용,U,2026-08-21 13:47:28,2026-08-22 21:28:01,제공,제공,제공,부착,제공,미제공,제공,불가능
4351000,509,6530000,51830,사용,U,2026-09-09 15:38:31,2026-09-10 21:28:02,제공,제공,제공,부착,제공,미제공,제공,가능
4351000,510,6530000,51830,사용,U,2026-08-31 14:09:50,2026-09-01 21:28:02,제공,제공,제공,부착,제공,미제공,제공,가능
4351000,511,6530000,51830,사용,U,2026-08-03 09:48:04,2026-08-04 21:28:00,제공,제공,제공,부착,제공,미제공,제공,가능
4351000,512,6530000,51830,사용,U,2026-08-21 13:54:24,2026-08-22 21:28:01,제공,제공,제공,부착,제공,미제공,제공,가능
4390000,401,6430000,43130,사용,U,2026-08-19 16:00:20,2026-08-20 22:57:25,제공,제공,제공,부착,제공,제공,제공,가능
4390000,402,6430000,43130,사용,U,2026-07-24 15:11:25,2026-07-25 22:57:25,제공,제공,제공,부착,제공,제공,제공,가능
4390000,403,6430000,43130,사용,I,2026-04-01 17:22:52,2026-04-05 22:57:43,제공,제공,제공,부착,제공,제공,제공,가능
4390000,404,6430000,43130,사용,I,2026-01-26 08:45:28,2026-04-05 22:57:44,제공,제공,제공,부착,제공,제공,제공,가능
4390000,405,6430000,43130,사용,U,2026-09-30 17:25:29,2026-10-01 22:57:25,제공,제공,제공,부착,제공,제공,제공,가능
4390000,406,6430000,43130,사용,I,2026-03-03 17:22:13,2026-04-05 22:57:46,제공,제공,제공,부착,제공,제공,제공,가능
4390000,407,6430000,43130,사용,I,2026-01-26 08:46:07,2026-04-05 22:57:47,제공,제공,제공,부착,제공,제공,제공,가능
4390000,408,6430000,43130,사용,I,2026-01-26 08:46:26,2026-04-05 22:57:47,제공,제공,제공,부착,제공,제공,제공,가능
4390000,409,6430000,43130,사용,U,2026-07-24 15:12:59,2026-07-25 22:57:25,제공,제공,제공,부착,제공,제공,제공,가능
4390000,411,6430000,43130,사용,U,2026-07-24 15:17:22,2026-07-25 22:57:25,제공,제공,제공,부착,제공,제공,제공,가능
4390000,412,6430000,43130,사용,I,2026-01-26 08:49:52,2026-04-05 22:57:49,제공,제공,제공,부착,제공,제공,제공,가능
4390000,413,6430000,43130,사용,U,2026-07-24 15:12:59,2026-07-25 22:57:25,제공,제공,제공,부착,제공,제공,제공,가능
4390000,414,6430000,43130,사용,U,2026-07-24 15:17:22,2026-07-25 22:57:25,제공,제공,제공,부착,제공,제공,제공,가능
4390000,415,6430000,43130,사용,U,2026-09-30 17:33:38,2026-10-01 22:57:25,제공,제공,제공,부착,제공,제공,제공,가능
4390000,416,6430000,43130,사용,I,2026-01-26 08:52:03,2026-04-05 22:57:49,제공,제공,제공,부착,제공,제공,제공,가능
4390000,417,6430000,43130,사용,I,2026-01-26 08:52:17,2026-04-05 22:57:49,제공,제공,제공,부착,제공,제공,제공,가능
4390000,418,6430000,43130,사용,I,2026-01-26 08:52:29,2026-04-05 22:57:49,제공,제공,제공,부착,제공,제공,제공,가능
4390000,419,6430000,43130,사용,U,2026-09-30 10:20:11,2026-10-01 22:57:25,제공,제공,제공,부착,제공,제공,제공,가능
4390000,420,6430000,43130,사용,U,2026-07-13 16:51:58,2026-07-14 22:57:25,제공,제공,제공,부착,제공,제공,제공,가능
4390000,421,6430000,43130,사용,U,2026-07-24 15:12:59,2026-07-25 22:57:25,제공,제공,제공,부착,제공,제공,제공,가능
4390000,422,6430000,43130,사용,I,2026-01-26 08:53:52,2026-04-05 22:57:50,제공,제공,제공,부착,제공,제공,제공,가능
4390000,423,6430000,43130,사용,I,2026-02-02 16:05:35,2026-04-05 22:57:50,제공,제공,제공,부착,제공,제공,제공,가능
4390000,424,6430000,43130,사용,U,2026-04-30 16:40:21,2026-05-01 03:03:03,제공,제공,제공,부착,제공,제공,제공,가능
4390000,425,6430000,43130,사용,U,2026-07-24 15:15:20,2026-07-25 22:57:25,제공,제공,제공,부착,제공,제공,제공,가능
4390000,426,6430000,43130,사용,I,2026-03-03 17:20:23,2026-04-05 22:57:50,제공,제공,제공,부착,제공,제공,제공,가능
4390000,427,6430000,43130,사용,I,2026-01-26 08:55:06,2026-04-05 22:57:50,제공,제공,제공,부착,제공,제공,제공,가능
4390000,428,6430000,43130,사용,U,2026-07-24 15:12:59,2026-07-25 22:57:25,제공,제공,제공,부착,제공,제공,제공,가능
4390000,429,6430000,43130,사용,I,2026-01-26 08:44:31,2026-04-05 22:57:50,제공,제공,제공,부착,제공,제공,제공,가능
4390000,430,6430000,43130,사용,I,2026-01-26 08:44:12,2026-04-05 22:57:50,제공,제공,제공,부착,제공,제공,제공,가능
4400000,401,6430000,43150,사용,U,2026-08-22 08:34:08,2026-08-24 22:57:25,제공,제공,제공,부착,제공,미제공,제공,가능
4400000,402,6430000,43150,사용,U,2026-08-22 08:34:19,2026-08-24 22:57:25,제공,제공,제공,부착,제공,미제공,제공,가능
4400000,403,6430000,43150,사용,U,2026-08-22 08:34:32,2026-08-24 22:57:25,제공,제공,제공,부착,제공,미제공,제공,가능
4400000,404,6430000,43150,사용,U,2026-08-22 08:34:39,2026-08-24 22:57:25,제공,제공,제공,부착,제공,미제공,제공,가능
4400000,405,6430000,43150,사용,U,2026-08-22 08:34:45,2026-08-24 22:57:25,제공,제공,제공,부착,제공,미제공,제공,가능
4400000,406,6430000,43150,사용,I,2026-03-03 11:36:52,2026-04-05 22:57:43,제공,제공,제공,부착,제공,미제공,제공,가능
4400000,407,6430000,43150,사용,U,2026-08-22 08:34:54,2026-08-24 22:57:25,제공,제공,제공,부착,제공,미제공,제공,가능
4400000,408,6430000,43150,사용,U,2026-08-22 08:35:00,2026-08-24 22:57:25,제공,제공,제공,부착,제공,미제공,제공,가능
4400000,409,6430000,43150,사용,U,2026-08-22 08:35:05,2026-08-24 22:57:25,제공,제공,제공,부착,제공,미제공,제공,가능
4400000,410,6430000,43150,사용,U,2026-08-22 08:35:10,2026-08-24 22:57:25,제공,제공,제공,부착,제공,미제공,제공,가능
4400000,411,6430000,43150,사용,U,2026-09-18 13:35:53,2026-09-19 22:57:25,제공,제공,제공,부착,제공,미제공,제공,가능
4400000,412,6430000,43150,사용,U,2026-08-22 08:35:20,2026-08-24 22:57:25,제공,제공,제공,부착,제공,미제공,제공,가능
4400000,413,6430000,43150,사용,U,2026-09-18 13:35:53,2026-09-19 22:57:25,제공,제공,제공,부착,제공,미제공,제공,가능
4400000,414,6430000,43150,사용,U,2026-08-22 08:35:32,2026-08-24 22:57:25,제공,제공,제공,부착,제공,미제공,제공,가능
4400000,415,6430000,43150,사용,U,2026-09-18 13:35:53,2026-09-19 22:57:25,제공,제공,제공,부착,제공,미제공,제공,가능
4400000,416,6430000,43150,사용,U,2026-09-18 13:35:53,2026-09-19 22:57:25,제공,제공,제공,부착,제공,미제공,제공,가능
4400000,417,6430000,43150,사용,U,2026-08-22 08:35:50,2026-08-24 22:57:25,제공,제공,제공,부착,제공,미제공,제공,가능
4400000,418,6430000,43150,사용,U,2026-08-22 08:35:56,2026-08-24 22:57:25,제공,제공,제공,부착,제공,미제공,제공,가능
4400000,419,6430000,43150,사용,U,2026-08-22 08:36:01,2026-08-24 22:57:25,제공,제공,제공,부착,제공,미제공,제공,가능
4400000,501,6430000,43150,사용,U,2026-08-22 08:36:05,2026-08-24 22:57:25,제공,제공,제공,부착,제공,미제공,제공,가능
4400000,502,6430000,43150,사용,U,2026-08-22 08:36:10,2026-08-24 22:57:25,제공,제공,제공,부착,제공,미제공,제공,가능
4400000,503,6430000,43150,사용,U,2026-08-22 08:36:14,2026-08-24 22:57:25,제공,제공,제공,부착,제공,미제공,제공,가능
4400000,504,6430000,43150,사용,U,2026-08-22 08:36:18,2026-08-24 22:57:25,제공,제공,제공,부착,제공,미제공,제공,가능
4400000,505,6430000,43150,사용,U,2026-08-22 08:36:22,2026-08-24 22:57:25,제공,제공,제공,부착,제공,미제공,제공,가능
4400000,506,6430000,43150,사용,U,2026-08-22 08:36:26,2026-08-24 22:57:25,제공,제공,제공,부착,제공,미제공,제공,가능
4400000,507,6430000,43150,사용,U,2026-08-22 08:36:36,2026-08-24 22:57:25,제공,제공,제공,부착,제공,미제공,제공,가능
4400000,508,6430000,43150,사용,U,2026-08-23 08:43:10,2026-08-24 22:57:25,제공,제공,제공,부착,제공,미제공,제공,가능
4400000,509,6430000,43150,사용,U,2026-08-23 08:42:50,2026-08-24 22:57:25,제공,제공,제공,부착,제공,미제공,제공,가능
4400000,510,6430000,43150,사용,U,2026-09-26 09:21:48,2026-09-27 22:57:25,제공,제공,제공,부착,제공,미제공,제공,가능
4400000,511,6430000,43150,사용,U,2026-08-23 08:42:28,2026-08-24 22:57:25,제공,제공,제공,부착,제공,미제공,제공,가능
4400000,512,6430000,43150,사용,U,2026-08-23 08:41:51,2026-08-24 22:57:25,제공,제공,제공,부착,제공,미제공,제공,가능
4400000,513,6430000,43150,사용,U,2026-08-22 09:25:55,2026-08-24 22:57:25,제공,제공,제공,부착,제공,미제공,제공,가능
4420000,401,6430000,43720,사용,U,2026-08-20 14:35:34,2026-08-21 22:57:25,제공,제공,제공,부착,제공,미제공,제공,가능
4420000,402,6430000,43720,사용,U,2026-08-20 16:08:11,2026-08-21 22:57:25,제공,제공,제공,부착,제공,미제공,제공,가능
4420000,403,6430000,43720,사용,U,2026-09-04 13:53:37,2026-09-05 22:57:25,제공,제공,제공,부착,제공,미제공,제공,가능
4420000,404,6430000,43720,사용,U,2026-08-20 16:08:26,2026-08-21 22:57:25,제공,제공,제공,부착,제공,미제공,제공,가능
4420000,405,6430000,43720,사용,U,2026-08-20 16:08:55,2026-08-21 22:57:25,제공,제공,제공,부착,제공,미제공,제공,불가능
4420000,406,6430000,43720,사용,U,2026-08-20 16:08:32,2026-08-21 22:57:25,제공,제공,제공,부착,제공,미제공,제공,가능
4420000,407,6430000,43720,사용,I,2026-01-17 13:17:50,2026-01-18 22:57:25,제공,제공,제공,부착,제공,미제공,제공,불가능
4420000,408,6430000,43720,사용,I,2026-01-30 14:15:46,2026-01-31 22:57:25,제공,제공,제공,부착,제공,미제공,제공,가능
4420000,501,6430000,43720,사용,U,2026-08-20 14:23:56,2026-08-21 22:57:25,제공,제공,제공,부착,제공,미제공,제공,가능
4420000,502,6430000,43720,사용,I,2026-01-30 14:14:49,2026-01-31 22:57:25,제공,제공,제공,부착,제공,미제공,제공,가능
4420000,503,6430000,43720,사용,U,2026-07-02 10:13:52,2026-07-03 22:57:25,제공,제공,제공,부착,제공,미제공,제공,가능
4420000,504,6430000,43720,사용,U,2026-08-20 15:51:16,2026-08-21 22:57:25,제공,제공,제공,부착,제공,미제공,제공,가능
4420000,505,6430000,43720,사용,U,2026-07-02 10:31:59,2026-07-03 22:57:25,제공,제공,제공,부착,제공,미제공,제공,가능
4420000,506,6430000,43720,사용,I,2026-01-17 13:18:21,2026-01-18 22:57:25,제공,제공,제공,부착,제공,미제공,제공,불가능
4420000,507,6430000,43720,사용,U,2026-08-20 15:03:16,2026-08-21 22:57:25,제공,제공,제공,부착,제공,미제공,제공,가능
4420000,508,6430000,43720,사용,I,2026-01-17 13:19:24,2026-01-18 22:57:25,제공,제공,제공,부착,제공,미제공,제공,불가능
4430000,401,6430000,43730,사용,I,2026-03-03 10:26:55,2026-03-04 22:55:07,제공,제공,제공,부착,제공,미제공,제공,가능
4430000,402,6430000,43730,사용,U,2026-07-01 09:26:12,2026-07-02 22:55:05,제공,제공,제공,부착,제공,미제공,제공,가능
4430000,403,6430000,43730,사용,U,2026-07-01 09:31:41,2026-07-02 22:55:05,제공,제공,제공,부착,제공,미제공,제공,가능
4430000,404,6430000,43730,사용,U,2026-05-20 17:08:38,2026-05-21 03:03:03,제공,제공,제공,부착,제공,미제공,제공,가능
4430000,405,6430000,43730,사용,U,2026-07-01 09:26:31,2026-07-02 22:55:05,제공,제공,제공,부착,제공,제공,제공,가능
4430000,406,6430000,43730,사용,U,2026-07-01 09:27:01,2026-07-02 22:55:05,제공,제공,제공,부착,제공,제공,제공,가능
4430000,407,6430000,43730,사용,U,2026-07-01 09:27:22,2026-07-02 22:55:05,제공,제공,제공,부착,제공,제공,제공,가능
4430000,506,6430000,43730,사용,I,2026-01-28 16:12:57,2026-01-29 22:55:07,제공,제공,제공,부착,제공,미제공,제공,가능
4430000,507,6430000,43730,사용,U,2026-07-01 09:38:21,2026-07-02 22:55:05,제공,제공,제공,부착,제공,미제공,제공,가능
4430000,508,6430000,43730,사용,I,2026-01-28 16:13:25,2026-01-29 22:55:07,제공,제공,제공,부착,제공,미제공,제공,가능
4430000,509,6430000,43730,사용,I,2026-01-28 16:13:43,2026-01-29 22:55:07,제공,제공,제공,부착,제공,미제공,제공,가능
4430000,510,6430000,43730,사용,I,2026-01-28 16:14:07,2026-01-29 22:55:07,제공,제공,제공,부착,제공,미제공,제공,가능
4430000,511,6430000,43730,사용,I,2026-01-28 16:14:32,2026-01-29 22:55:07,제공,제공,제공,부착,제공,미제공,제공,가능
4430000,512,6430000,43730,사용,U,2026-07-01 09:27:47,2026-07-02 22:55:05,제공,제공,제공,부착,제공,미제공,제공,가능
4430000,513,6430000,43730,사용,U,2026-07-01 09:25:34,2026-07-02 22:55:05,제공,제공,제공,부착,제공,제공,제공,가능
4440000,101,6430000,43740,사용,I,2026-01-30 13:58:36,2026-04-05 22:57:36,제공,제공,제공,부착,제공,미제공,제공,가능
4440000,401,6430000,43740,사용,I,2026-02-12 10:26:45,2026-04-05 22:57:38,제공,제공,제공,부착,제공,미제공,제공,가능
4440000,402,6430000,43740,사용,I,2026-01-30 14:12:15,2026-04-05 22:57:39,제공,제공,제공,부착,제공,미제공,제공,가능
4440000,403,6430000,43740,사용,U,2026-05-13 09:24:44,2026-05-14 03:03:03,제공,제공,제공,부착,제공,미제공,제공,가능
4440000,404,6430000,43740,사용,U,2026-05-13 09:24:15,2026-05-14 03:03:03,제공,제공,제공,부착,제공,미제공,제공,가능
4440000,405,6430000,43740,사용,U,2026-05-13 09:23:52,2026-05-14 03:03:03,제공,제공,제공,부착,제공,미제공,제공,가능
4440000,406,6430000,43740,사용,U,2026-08-19 16:02:00,2026-08-20 22:57:25,제공,제공,제공,부착,제공,미제공,제공,가능
4440000,407,6430000,43740,사용,U,2026-08-19 16:02:11,2026-08-20 22:57:25,제공,제공,제공,부착,제공,미제공,제공,가능
4440000,408,6430000,43740,사용,U,2026-08-19 16:02:55,2026-08-20 22:57:25,제공,제공,제공,부착,제공,미제공,제공,가능
4440000,409,6430000,43740,사용,I,2026-01-30 14:16:30,2026-04-05 22:57:46,제공,제공,제공,부착,제공,미제공,제공,가능
4440000,410,6430000,43740,사용,I,2026-01-30 14:16:47,2026-04-05 22:57:47,제공,제공,제공,부착,제공,미제공,제공,가능
4440000,411,6430000,43740,사용,U,2026-07-01 13:31:12,2026-07-02 22:57:25,제공,제공,제공,부착,제공,미제공,제공,가능
4440000,412,6430000,43740,사용,I,2026-01-30 14:17:16,2026-04-05 22:57:48,제공,제공,제공,부착,제공,미제공,제공,가능
4440000,413,6430000,43740,사용,U,2026-06-30 11:49:41,2026-07-01 22:57:25,제공,제공,제공,부착,제공,미제공,제공,가능
4440000,414,6430000,43740,사용,U,2026-08-21 14:18:28,2026-08-22 22:57:25,제공,제공,제공,부착,제공,미제공,제공,가능
4440000,415,6430000,43740,사용,I,2026-03-02 12:17:45,2026-04-05 22:57:49,제공,제공,제공,부착,제공,미제공,제공,가능
4450000,222,6430000,43750,사용,U,2026-08-28 14:32:00,2026-08-29 22:57:25,제공,제공,제공,부착,제공,미제공,제공,가능
4450000,303,6430000,43750,사용,U,2026-08-28 14:32:20,2026-08-29 22:57:25,제공,제공,제공,부착,제공,미제공,제공,가능
4450000,305,6430000,43750,사용,U,2026-08-28 14:32:31,2026-08-29 22:57:25,제공,제공,제공,부착,제공,미제공,제공,가능
4450000,306,6430000,43750,사용,U,2026-08-28 14:32:40,2026-08-29 22:57:25,제공,제공,제공,부착,제공,미제공,제공,가능
4450000,307,6430000,43750,사용,U,2026-08-28 14:32:48,2026-08-29 22:57:25,제공,제공,제공,부착,제공,미제공,제공,가능
4450000,308,6430000,43750,사용,U,2026-08-28 14:32:57,2026-08-29 22:57:25,제공,제공,제공,부착,제공,미제공,제공,가능
4450000,315,6430000,43750,사용,U,2026-08-28 14:33:07,2026-08-29 22:57:25,제공,제공,제공,부착,제공,미제공,제공,가능
4450000,401,6430000,43750,사용,U,2026-08-28 14:33:35,2026-08-29 22:57:25,제공,제공,제공,부착,제공,미제공,제공,가능
4450000,402,6430000,43750,사용,U,2026-08-28 14:33:46,2026-08-29 22:57:25,제공,제공,제공,부착,제공,미제공,제공,가능
4450000,403,6430000,43750,사용,U,2026-08-28 14:33:54,2026-08-29 22:57:25,제공,제공,제공,부착,제공,미제공,제공,가능
4450000,404,6430000,43750,사용,U,2026-08-28 14:34:03,2026-08-29 22:57:25,제공,제공,제공,부착,제공,미제공,제공,가능
4450000,501,6430000,43750,사용,U,2026-08-28 14:34:10,2026-08-29 22:57:25,제공,제공,제공,부착,제공,미제공,제공,가능
4450000,502,6430000,43750,사용,U,2026-08-28 14:34:19,2026-08-29 22:57:25,제공,제공,제공,부착,제공,미제공,제공,가능
4450000,503,6430000,43750,사용,U,2026-08-28 14:34:26,2026-08-29 22:57:25,제공,제공,제공,부착,제공,미제공,제공,가능
4450000,504,6430000,43750,사용,I,2026-01-19 11:16:53,2026-04-05 22:57:49,제공,제공,제공,부착,제공,미제공,제공,불가능
4450000,505,6430000,43750,사용,I,2026-01-02 14:36:11,2026-04-05 22:57:49,제공,제공,제공,부착,제공,제공,제공,가능
4460000,306,6430000,43760,사용,U,2026-08-27 16:27:33,2026-08-28 22:57:25,제공,제공,제공,부착,제공,미제공,제공,가능
4460000,401,6430000,43760,사용,I,2025-08-07 13:02:30,2026-01-16 18:46:14,제공,제공,제공,부착,제공,제공,제공,가능
4460000,402,6430000,43760,사용,U,2026-04-14 09:43:19,2026-04-15 03:03:03,제공,제공,제공,부착,제공,미제공,제공,불가능
4460000,403,6430000,43760,사용,I,2025-07-10 16:58:26,2026-01-16 18:46:14,제공,제공,제공,부착,제공,제공,제공,가능
4460000,404,6430000,43760,사용,I,2026-05-12 10:29:17,2026-05-13 22:57:25,제공,제공,제공,부착,제공,미제공,제공,불가능
4460000,405,6430000,43760,사용,I,2026-01-28 17:23:15,2026-01-29 22:57:25,제공,제공,제공,부착,제공,미제공,제공,불가능
4460000,406,6430000,43760,사용,I,2026-01-28 18:29:52,2026-01-29 22:57:25,제공,제공,제공,부착,제공,미제공,제공,불가능
4460000,407,6430000,43760,사용,I,2026-03-10 17:29:37,2026-03-11 22:57:36,제공,제공,제공,부착,제공,미제공,제공,불가능
4460000,408,6430000,43760,사용,U,2026-04-09 10:48:17,2026-04-10 03:03:03,제공,제공,제공,부착,제공,미제공,제공,가능
4460000,409,6430000,43760,사용,I,2025-12-05 17:23:54,2026-01-16 18:46:14,제공,제공,제공,부착,제공,제공,제공,가능
4460000,410,6430000,43760,사용,I,2026-01-13 14:25:22,2026-01-16 18:46:14,제공,제공,제공,부착,제공,제공,제공,가능
4460000,411,6430000,43760,사용,I,2025-10-21 10:31:54,2026-01-16 18:46:14,제공,제공,제공,부착,제공,제공,제공,가능
4460000,412,6430000,43760,사용,I,2023-07-14 17:37:55,2026-01-16 18:46:14,제공,제공,제공,부착,제공,제공,제공,가능
4460000,413,6430000,43760,사용,U,2026-09-21 13:15:31,2026-09-22 22:57:25,제공,제공,제공,부착,제공,미제공,제공,불가능
4460000,414,6430000,43760,사용,U,2026-07-01 15:36:43,2026-07-02 22:57:25,제공,제공,제공,부착,제공,미제공,제공,불가능
4460000,415,6430000,43760,사용,U,2026-07-21 09:28:15,2026-07-22 22:57:25,제공,제공,제공,부착,제공,미제공,제공,가능
4460000,416,6430000,43760,사용,U,2026-08-27 16:27:06,2026-08-28 22:57:25,제공,제공,제공,부착,제공,미제공,제공,가능
4470000,401,6430000,43770,사용,U,2026-08-20 14:21:27,2026-08-21 22:57:25,제공,제공,제공,부착,제공,제공,제공,가능
4470000,402,6430000,43770,사용,U,2026-08-20 14:21:36,2026-08-21 22:57:25,제공,제공,제공,부착,제공,제공,제공,가능
4470000,403,6430000,43770,사용,U,2026-08-20 14:21:43,2026-08-21 22:57:25,제공,제공,제공,부착,제공,제공,제공,가능
4470000,404,6430000,43770,사용,U,2026-08-20 14:21:51,2026-08-21 22:57:25,제공,제공,제공,부착,제공,제공,제공,가능
4470000,405,6430000,43770,사용,U,2026-08-20 14:21:59,2026-08-21 22:57:25,제공,제공,제공,부착,제공,제공,제공,가능
4470000,406,6430000,43770,사용,U,2026-08-20 14:22:06,2026-08-21 22:57:25,제공,제공,제공,부착,제공,제공,제공,가능
4470000,407,6430000,43770,사용,U,2026-08-20 14:22:12,2026-08-21 22:57:25,제공,제공,제공,부착,제공,제공,제공,가능
4470000,408,6430000,43770,사용,U,2026-08-20 14:22:18,2026-08-21 22:57:25,제공,제공,제공,부착,제공,제공,제공,가능
4470000,409,6430000,43770,사용,U,2026-08-20 14:22:26,2026-08-21 22:57:25,제공,제공,제공,부착,제공,제공,제공,가능
4470000,410,6430000,43770,사용,U,2026-08-20 14:22:32,2026-08-21 22:57:25,제공,제공,제공,부착,제공,제공,제공,가능
4470000,411,6430000,43770,사용,U,2026-08-20 14:22:38,2026-08-21 22:57:25,제공,제공,제공,부착,제공,제공,제공,가능
4470000,412,6430000,43770,사용,U,2026-08-20 14:22:44,2026-08-21 22:57:25,제공,제공,제공,부착,제공,제공,제공,가능
4470000,413,6430000,43770,사용,U,2026-08-20 14:22:50,2026-08-21 22:57:25,제공,제공,제공,부착,제공,제공,제공,가능
4470000,414,6430000,43770,사용,U,2026-08-20 14:22:56,2026-08-21 22:57:25,제공,제공,제공,부착,제공,제공,제공,가능
4470000,415,6430000,43770,사용,U,2026-08-20 14:23:03,2026-08-21 22:57:25,제공,제공,제공,부착,제공,제공,제공,가능
4470000,416,6430000,43770,사용,U,2026-08-20 14:23:09,2026-08-21 22:57:25,제공,제공,제공,부착,제공,제공,제공,가능
4470000,417,6430000,43770,사용,U,2026-08-20 14:23:14,2026-08-21 22:57:25,제공,제공,제공,부착,제공,제공,제공,가능
4470000,418,6430000,43770,사용,U,2026-08-20 14:23:20,2026-08-21 22:57:25,제공,제공,제공,부착,제공,제공,제공,가능
4470000,419,6430000,43770,사용,U,2026-08-20 14:23:26,2026-08-21 22:57:25,제공,제공,제공,부착,제공,제공,제공,가능
4470000,420,6430000,43770,사용,U,2026-08-14 14:43:58,2026-08-15 22:57:25,제공,제공,제공,부착,제공,제공,제공,가능
4470000,421,6430000,43770,사용,U,2026-08-14 14:44:25,2026-08-15 22:57:25,제공,제공,제공,부착,제공,제공,제공,가능
4470000,422,6430000,43770,사용,U,2026-08-14 14:44:33,2026-08-15 22:57:25,제공,제공,제공,부착,제공,제공,제공,가능
4480000,501,6430000,43800,사용,U,2026-08-25 10:19:17,2026-08-26 22:57:20,제공,제공,제공,부착,제공,미제공,제공,가능
4480000,503,6430000,43800,사용,U,2026-08-25 10:19:12,2026-08-26 22:57:20,제공,제공,제공,부착,제공,미제공,제공,가능
4480000,504,6430000,43800,사용,U,2026-08-25 10:19:07,2026-08-26 22:57:20,제공,제공,제공,부착,제공,미제공,제공,가능
4480000,505,6430000,43800,사용,U,2026-08-25 10:18:58,2026-08-26 22:57:20,제공,제공,제공,부착,제공,미제공,제공,가능
4480000,506,6430000,43800,사용,U,2026-08-25 10:18:47,2026-08-26 22:57:20,제공,제공,제공,부착,제공,미제공,제공,가능
4480000,507,6430000,43800,사용,U,2026-08-25 10:18:37,2026-08-26 22:57:20,제공,제공,제공,부착,제공,미제공,제공,가능
4480000,508,6430000,43800,사용,I,2026-01-28 11:07:53,2026-01-29 22:57:27,제공,제공,제공,부착,제공,미제공,제공,가능
4480000,509,6430000,43800,사용,I,2026-01-28 11:08:19,2026-01-29 22:57:27,제공,제공,제공,부착,제공,미제공,제공,가능
4480000,510,6430000,43800,사용,I,2026-02-24 13:45:46,2026-02-25 22:57:27,제공,제공,제공,부착,제공,미제공,제공,가능
4480000,511,6430000,43800,사용,I,2026-02-24 13:45:37,2026-02-25 22:57:27,제공,제공,제공,부착,제공,미제공,제공,가능
4490000,201,6440000,44133,사용,U,2026-08-19 10:38:02,2026-08-20 22:57:25,제공,제공,제공,부착,제공,제공,제공,가능
4490000,202,6440000,44133,사용,U,2026-08-19 10:38:22,2026-08-20 22:57:25,제공,제공,제공,부착,제공,제공,제공,가능
4490000,203,6440000,44133,사용,U,2026-08-19 10:22:45,2026-08-20 22:57:25,제공,제공,제공,부착,제공,제공,제공,가능
4490000,204,6440000,44133,사용,I,2026-02-24 11:28:31,2026-02-25 22:57:27,제공,제공,제공,부착,제공,제공,제공,가능
4490000,205,6440000,44133,사용,U,2026-08-19 10:39:00,2026-08-20 22:57:25,제공,제공,제공,부착,제공,미제공,제공,가능
4490000,302,6440000,44133,사용,U,2026-08-19 11:01:40,2026-08-20 22:57:25,제공,제공,제공,부착,제공,제공,제공,가능
4490000,303,6440000,44133,사용,U,2026-08-19 10:39:30,2026-08-20 22:57:25,제공,제공,제공,부착,제공,제공,제공,가능
4490000,304,6440000,44133,사용,U,2026-08-19 10:39:44,2026-08-20 22:57:25,제공,제공,제공,부착,제공,제공,제공,가능
4490000,305,6440000,44133,사용,U,2026-08-19 10:39:57,2026-08-20 22:57:25,제공,제공,제공,부착,제공,제공,제공,가능
4490000,306,6440000,44133,사용,U,2026-08-19 10:40:19,2026-08-20 22:57:25,제공,제공,제공,부착,제공,제공,제공,가능
4490000,307,6440000,44133,사용,U,2026-08-19 10:40:38,2026-08-20 22:57:25,제공,제공,제공,부착,제공,제공,제공,가능
4490000,402,6440000,44133,사용,U,2026-08-19 10:40:54,2026-08-20 22:57:25,제공,제공,제공,부착,제공,제공,제공,가능
4490000,403,6440000,44133,사용,U,2026-08-19 10:41:53,2026-08-20 22:57:25,제공,제공,제공,부착,제공,제공,제공,가능
4490000,404,6440000,44131,사용,I,2026-03-03 15:56:44,2026-03-04 22:57:31,제공,제공,제공,부착,제공,제공,제공,가능
4490000,406,6440000,44133,사용,U,2026-08-19 10:36:56,2026-08-20 22:57:25,제공,제공,제공,부착,제공,제공,제공,가능
4490000,408,6440000,44131,사용,I,2026-01-26 11:11:04,2026-01-27 22:57:25,제공,제공,제공,부착,제공,제공,제공,가능
4490000,409,6440000,44131,사용,I,2026-01-26 11:11:58,2026-01-27 22:57:25,제공,제공,제공,부착,제공,제공,제공,가능
4490000,410,6440000,44133,사용,U,2026-08-19 10:42:39,2026-08-20 22:57:25,제공,제공,제공,부착,제공,제공,제공,가능
4490000,411,6440000,44133,사용,U,2026-08-19 10:43:32,2026-08-20 22:57:25,제공,제공,제공,부착,제공,제공,제공,가능
4490000,412,6440000,44131,사용,I,2026-01-26 11:12:32,2026-01-27 22:57:25,제공,제공,제공,부착,제공,제공,제공,가능
4490000,413,6440000,44133,사용,U,2026-08-19 10:44:50,2026-08-20 22:57:25,제공,제공,제공,부착,제공,제공,제공,가능
4490000,414,6440000,44131,사용,U,2026-08-19 17:20:00,2026-08-20 22:57:25,제공,제공,제공,부착,제공,제공,제공,가능
4490000,415,6440000,44131,사용,U,2026-08-19 17:20:56,2026-08-20 22:57:25,제공,제공,제공,부착,제공,제공,제공,가능
4490000,416,6440000,44131,사용,U,2026-08-19 17:21:12,2026-08-20 22:57:25,제공,제공,제공,부착,제공,제공,제공,가능
4490000,417,6440000,44131,사용,I,2026-01-26 11:21:30,2026-01-27 22:57:25,제공,제공,제공,부착,제공,제공,제공,가능
4490000,418,6440000,44133,사용,U,2026-08-19 10:45:22,2026-08-20 22:57:25,제공,제공,제공,부착,제공,제공,제공,가능
4490000,419,6440000,44131,사용,U,2026-08-19 17:21:27,2026-08-20 22:57:25,제공,제공,제공,부착,제공,제공,제공,가능
4490000,421,6440000,44133,사용,U,2026-08-19 10:46:11,2026-08-20 22:57:25,제공,제공,제공,부착,제공,제공,제공,가능
4490000,422,6440000,44131,사용,U,2026-08-19 17:21:48,2026-08-20 22:57:25,제공,제공,제공,부착,제공,제공,제공,가능
4490000,423,6440000,44133,사용,U,2026-08-19 10:46:47,2026-08-20 22:57:25,제공,제공,제공,부착,제공,제공,제공,가능
4490000,424,6440000,44131,사용,U,2026-08-19 17:21:55,2026-08-20 22:57:25,제공,제공,제공,부착,제공,제공,제공,가능
4490000,425,6440000,44133,사용,U,2026-08-19 10:47:46,2026-08-20 22:57:25,제공,제공,제공,부착,제공,제공,제공,가능
4490000,426,6440000,44133,사용,U,2026-08-19 10:48:17,2026-08-20 22:57:25,제공,제공,제공,부착,제공,제공,제공,가능
4490000,427,6440000,44131,사용,I,2026-01-26 11:29:36,2026-01-27 22:57:25,제공,제공,제공,부착,제공,제공,제공,가능
4490000,428,6440000,44131,사용,I,2026-03-03 15:55:37,2026-03-04 22:57:31,제공,제공,제공,부착,제공,제공,제공,가능
4490000,430,6440000,44131,사용,I,2026-03-03 15:58:59,2026-03-04 22:57:31,제공,제공,제공,부착,제공,제공,제공,가능
4490000,431,6440000,44133,사용,U,2026-08-19 10:48:51,2026-08-20 22:57:25,제공,제공,제공,부착,제공,제공,제공,가능
4490000,432,6440000,44131,사용,I,2026-03-03 15:58:11,2026-03-04 22:57:31,제공,제공,제공,부착,제공,제공,제공,가능
4490000,433,6440000,44131,사용,U,2026-08-19 17:22:49,2026-08-20 22:57:25,제공,제공,제공,부착,제공,제공,제공,가능
4490000,434,6440000,44131,사용,U,2026-08-19 17:23:04,2026-08-20 22:57:25,제공,제공,제공,부착,제공,제공,제공,가능
4490000,435,6440000,44133,사용,U,2026-08-19 10:49:29,2026-08-20 22:57:25,제공,제공,제공,부착,제공,제공,제공,가능
4490000,436,6440000,44133,사용,U,2026-08-19 10:50:00,2026-08-20 22:57:25,제공,제공,제공,부착,제공,제공,제공,가능
4490000,437,6440000,44133,사용,U,2026-08-19 10:50:48,2026-08-20 22:57:25,제공,제공,제공,부착,제공,제공,제공,가능
4490000,500,6440000,44131,사용,U,2026-08-19 17:23:27,2026-08-20 22:57:25,제공,제공,제공,부착,제공,제공,제공,가능
4490000,501,6440000,44131,사용,U,2026-08-19 17:23:39,2026-08-20 22:57:25,제공,제공,제공,부착,제공,제공,제공,가능
4490000,502,6440000,44133,사용,U,2026-08-19 10:51:20,2026-08-20 22:57:25,제공,제공,제공,부착,제공,제공,제공,가능
4490000,503,6440000,44131,사용,U,2026-08-19 17:23:54,2026-08-20 22:57:25,제공,제공,제공,부착,제공,제공,제공,가능
4490000,504,6440000,44131,사용,U,2026-08-19 17:24:04,2026-08-20 22:57:25,제공,제공,제공,부착,제공,제공,제공,가능
4490000,506,6440000,44133,사용,U,2026-08-19 10:51:47,2026-08-20 22:57:25,제공,제공,제공,부착,제공,제공,제공,가능
4490000,507,6440000,44133,사용,U,2026-08-19 10:52:15,2026-08-20 22:57:25,제공,제공,제공,부착,제공,제공,제공,가능
4490000,508,6440000,44131,사용,I,2026-01-26 13:08:38,2026-01-27 22:57:25,제공,제공,제공,부착,제공,제공,제공,가능
4490000,509,6440000,44131,사용,I,2026-03-03 16:01:48,2026-03-04 22:57:31,제공,제공,제공,부착,제공,제공,제공,가능
4490000,510,6440000,44133,사용,I,2026-03-17 16:51:53,2026-03-18 22:57:31,제공,제공,제공,부착,제공,미제공,제공,가능
4490000,511,6440000,44131,사용,U,2026-08-19 17:24:17,2026-08-20 22:57:25,제공,제공,제공,부착,제공,제공,제공,가능
4490000,512,6440000,44133,사용,U,2026-08-19 10:53:11,2026-08-20 22:57:25,제공,제공,제공,부착,제공,제공,제공,가능
4490000,513,6440000,44133,사용,U,2026-08-19 10:56:17,2026-08-20 22:57:25,제공,제공,제공,부착,제공,제공,제공,가능
4490000,514,6440000,44131,사용,U,2026-08-19 17:24:28,2026-08-20 22:57:25,제공,제공,제공,부착,제공,제공,제공,가능
4490000,515,6440000,44131,사용,U,2026-08-19 17:24:36,2026-08-20 22:57:25,제공,제공,제공,부착,제공,제공,제공,가능
4490000,516,6440000,44131,사용,U,2026-08-19 17:24:47,2026-08-20 22:57:25,제공,제공,제공,부착,제공,제공,제공,가능
4490000,517,6440000,44131,사용,U,2026-08-19 17:24:56,2026-08-20 22:57:25,제공,제공,제공,부착,제공,제공,제공,가능
4490000,518,6440000,44131,사용,U,2026-08-19 17:25:08,2026-08-20 22:57:25,제공,제공,제공,부착,제공,제공,제공,가능
4490000,519,6440000,44131,사용,U,2026-08-19 17:25:41,2026-08-20 22:57:25,제공,제공,제공,부착,제공,제공,제공,가능
4490000,520,6440000,44131,사용,U,2026-08-19 17:25:50,2026-08-20 22:57:25,제공,제공,제공,부착,제공,제공,제공,가능
4490000,521,6440000,44131,사용,U,2026-08-19 17:26:40,2026-08-20 22:57:25,제공,제공,제공,부착,제공,제공,제공,가능
4490000,522,6440000,44131,사용,U,2026-08-19 17:26:01,2026-08-20 22:57:25,제공,제공,제공,부착,제공,제공,제공,가능
4490000,523,6440000,44131,사용,U,2026-08-19 17:26:10,2026-08-20 22:57:25,제공,제공,제공,부착,제공,제공,제공,가능
4490000,524,6440000,44131,사용,U,2026-08-19 17:26:26,2026-08-20 22:57:25,제공,제공,제공,부착,제공,제공,제공,가능
4490000,525,6440000,44133,사용,I,2025-07-04 17:32:46,2026-01-16 18:45:34,제공,제공,제공,부착,제공,제공,제공,가능
4500000,401,6440000,44150,사용,U,2026-07-13 13:08:26,2026-07-14 22:57:25,제공,제공,제공,부착,제공,미제공,제공,가능
4500000,402,6440000,44150,사용,U,2026-08-18 17:50:23,2026-08-19 22:57:25,제공,제공,제공,부착,제공,미제공,제공,가능
4500000,403,6440000,44150,사용,I,2026-01-26 17:45:48,2026-01-27 22:57:25,제공,제공,제공,부착,제공,미제공,제공,가능
4500000,404,6440000,44150,사용,U,2026-07-16 15:09:18,2026-07-17 22:57:25,제공,제공,제공,부착,제공,미제공,제공,가능
4500000,406,6440000,44150,사용,U,2026-07-15 09:30:17,2026-07-16 22:57:25,제공,제공,제공,부착,제공,제공,제공,가능
4500000,407,6440000,44150,사용,I,2026-01-26 17:55:23,2026-01-27 22:57:25,제공,제공,제공,부착,제공,제공,제공,가능
4500000,408,6440000,44150,사용,I,2026-01-26 17:36:23,2026-01-27 22:57:25,제공,제공,제공,부착,제공,제공,제공,가능
4500000,409,6440000,44150,사용,I,2026-01-26 17:41:58,2026-01-27 22:57:25,제공,제공,제공,부착,제공,미제공,제공,가능
4500000,410,6440000,44150,사용,I,2026-01-27 14:21:13,2026-01-28 22:57:25,제공,제공,제공,부착,제공,미제공,제공,가능
4500000,411,6440000,44150,사용,I,2026-01-26 17:51:44,2026-01-27 22:57:25,제공,제공,제공,부착,제공,미제공,제공,가능
4500000,412,6440000,44150,사용,I,2026-01-26 17:32:00,2026-01-27 22:57:25,제공,제공,제공,부착,제공,미제공,제공,가능
4500000,413,6440000,44150,사용,U,2026-04-08 17:42:12,2026-04-09 03:03:03,제공,제공,제공,부착,제공,미제공,제공,가능
4500000,414,6440000,44150,사용,U,2026-04-28 10:02:53,2026-04-29 03:03:03,제공,제공,제공,부착,제공,미제공,제공,가능
4500000,415,6440000,44150,사용,I,2026-03-04 15:05:40,2026-03-05 22:57:33,제공,제공,제공,부착,제공,미제공,제공,가능
4500000,416,6440000,44150,사용,U,2026-07-16 14:25:46,2026-07-17 22:57:25,제공,제공,제공,부착,제공,미제공,제공,가능
4500000,417,6440000,44150,사용,U,2026-07-15 09:30:17,2026-07-16 22:57:25,제공,제공,제공,부착,제공,제공,제공,가능
4500000,418,6440000,44150,사용,U,2026-07-15 09:30:17,2026-07-16 22:57:25,제공,제공,제공,부착,제공,제공,제공,가능
4500000,419,6440000,44150,사용,I,2026-01-27 14:21:59,2026-01-28 22:57:25,제공,제공,제공,부착,제공,미제공,제공,가능
4500000,421,6440000,44150,사용,U,2026-09-09 14:07:26,2026-09-10 22:57:40,제공,제공,제공,부착,제공,미제공,제공,가능
4500000,422,6440000,44150,사용,U,2026-07-16 14:27:06,2026-07-17 22:57:25,제공,제공,제공,부착,제공,미제공,제공,가능
4500000,423,6440000,44150,사용,U,2026-04-28 10:04:09,2026-04-29 03:03:03,제공,제공,제공,부착,제공,미제공,제공,가능
4500000,501,6440000,44150,사용,I,2026-01-26 18:44:33,2026-01-27 22:57:25,제공,제공,제공,부착,제공,미제공,제공,가능
4500000,503,6440000,44150,사용,I,2026-03-04 15:05:40,2026-03-05 22:57:33,제공,제공,제공,부착,제공,미제공,제공,가능
4500000,504,6440000,44150,사용,I,2026-01-27 16:44:07,2026-01-28 22:57:25,제공,제공,제공,부착,제공,미제공,제공,가능
4500000,507,6440000,44150,사용,U,2026-08-06 16:26:49,2026-08-07 22:57:25,제공,제공,제공,부착,제공,미제공,제공,가능
4500000,508,6440000,44150,사용,I,2026-01-27 11:23:18,2026-01-28 22:57:25,제공,제공,제공,부착,제공,미제공,제공,불가능
4500000,509,6440000,44150,사용,U,2026-07-15 09:30:17,2026-07-16 22:57:25,제공,제공,제공,부착,제공,제공,제공,가능
4500000,510,6440000,44150,사용,I,2026-01-27 14:22:15,2026-01-28 22:57:25,제공,제공,제공,부착,제공,미제공,제공,가능
4510000,114,6440000,44180,사용,U,2026-06-22 16:00:37,2026-06-23 22:57:25,제공,제공,제공,부착,제공,미제공,제공,가능
4510000,401,6440000,44180,사용,U,2026-06-22 15:42:41,2026-06-23 22:57:25,제공,제공,제공,부착,제공,미제공,제공,가능
4510000,402,6440000,44180,사용,U,2026-07-14 16:45:50,2026-07-15 22:57:25,제공,제공,제공,부착,제공,미제공,제공,가능
4510000,403,6440000,44180,사용,U,2026-06-22 15:52:57,2026-06-23 22:57:25,제공,제공,제공,부착,제공,미제공,제공,가능
4510000,404,6440000,44180,사용,U,2026-07-08 10:22:04,2026-07-09 22:57:25,제공,제공,제공,부착,제공,미제공,제공,가능
4510000,405,6440000,44180,사용,U,2026-07-15 09:53:32,2026-07-16 22:57:25,제공,제공,제공,부착,제공,미제공,제공,가능
4510000,406,6440000,44180,사용,U,2026-06-22 15:53:19,2026-06-23 22:57:25,제공,제공,제공,부착,제공,미제공,제공,가능
4510000,407,6440000,44180,사용,U,2026-06-22 15:53:48,2026-06-23 22:57:25,제공,제공,제공,부착,제공,미제공,제공,가능
4510000,408,6440000,44180,사용,U,2026-06-22 15:54:05,2026-06-23 22:57:25,제공,제공,제공,부착,제공,미제공,제공,가능
4510000,409,6440000,44180,사용,U,2026-06-22 15:54:39,2026-06-23 22:57:25,제공,제공,제공,부착,제공,미제공,제공,가능
4510000,410,6440000,44180,사용,U,2026-06-22 15:54:59,2026-06-23 22:57:25,제공,제공,제공,부착,제공,미제공,제공,가능
4510000,411,6440000,44180,사용,U,2026-06-22 15:55:15,2026-06-23 22:57:25,제공,제공,제공,부착,제공,미제공,제공,가능
4510000,412,6440000,44180,사용,U,2026-06-22 16:00:16,2026-06-23 22:57:25,제공,제공,제공,부착,제공,미제공,제공,가능
4510000,413,6440000,44180,사용,U,2026-06-22 15:58:32,2026-06-23 22:57:25,제공,제공,제공,부착,제공,미제공,제공,가능
4510000,415,6440000,44180,사용,U,2026-04-06 09:52:10,2026-04-07 03:03:03,제공,제공,제공,부착,제공,미제공,제공,가능
4510000,416,6440000,44180,사용,U,2026-06-22 16:01:03,2026-06-23 22:57:25,제공,제공,제공,부착,제공,미제공,제공,가능
4510000,418,6440000,44180,사용,U,2026-06-22 16:01:28,2026-06-23 22:57:25,제공,제공,제공,부착,제공,미제공,제공,가능
4510000,419,6440000,44180,사용,U,2026-06-22 16:01:41,2026-06-23 22:57:25,제공,제공,제공,부착,제공,미제공,제공,가능
4510000,420,6440000,44180,사용,U,2026-06-22 16:01:51,2026-06-23 22:57:25,제공,제공,제공,부착,제공,미제공,제공,가능
4510000,421,6440000,44180,사용,U,2026-06-22 16:02:01,2026-06-23 22:57:25,제공,제공,제공,부착,제공,미제공,제공,가능
4510000,422,6440000,44180,사용,U,2026-06-22 16:02:20,2026-06-23 22:57:25,제공,제공,제공,부착,제공,미제공,제공,가능
4510000,501,6440000,44180,사용,U,2026-07-14 16:46:18,2026-07-15 22:57:25,제공,제공,제공,부착,제공,미제공,제공,가능
4510000,502,6440000,44180,사용,U,2026-07-13 13:08:34,2026-07-14 22:57:25,제공,제공,제공,부착,제공,미제공,제공,가능
4510000,503,6440000,44180,사용,U,2026-07-14 16:46:33,2026-07-15 22:57:25,제공,제공,제공,부착,제공,미제공,제공,가능
4510000,504,6440000,44180,사용,U,2026-06-22 16:03:38,2026-06-23 22:57:25,제공,제공,제공,부착,제공,미제공,제공,가능
4510000,505,6440000,44180,사용,U,2026-07-14 16:46:47,2026-07-15 22:57:25,제공,제공,제공,부착,제공,미제공,제공,가능
4510000,506,6440000,44180,사용,U,2026-07-14 16:47:01,2026-07-15 22:57:25,제공,제공,제공,부착,제공,미제공,제공,가능
4510000,507,6440000,44180,사용,U,2026-06-22 16:04:19,2026-06-23 22:57:25,제공,제공,제공,부착,제공,미제공,제공,가능
4510000,508,6440000,44180,사용,U,2026-06-22 16:04:31,2026-06-23 22:57:25,제공,제공,제공,부착,제공,미제공,제공,가능
4510000,509,6440000,44180,사용,U,2026-07-14 16:47:19,2026-07-15 22:57:25,제공,제공,제공,부착,제공,미제공,제공,가능
4510000,510,6440000,44180,사용,U,2026-06-22 16:23:37,2026-06-23 22:57:25,제공,제공,제공,부착,제공,미제공,제공,가능
4510000,511,6440000,44180,사용,U,2026-06-22 16:04:50,2026-06-23 22:57:25,제공,제공,제공,부착,제공,미제공,제공,가능
4520000,301,6440000,44200,사용,U,2026-08-20 16:51:54,2026-08-21 22:57:25,제공,제공,제공,부착,제공,미제공,제공,가능
4520000,302,6440000,44200,사용,U,2026-08-20 13:11:05,2026-08-21 22:57:25,제공,제공,제공,부착,제공,미제공,제공,가능
4520000,401,6440000,44200,사용,U,2026-08-20 13:14:19,2026-08-21 22:57:25,제공,제공,제공,부착,제공,미제공,제공,가능
4520000,403,6440000,44200,사용,U,2026-08-20 13:09:57,2026-08-21 22:57:25,제공,제공,제공,부착,제공,미제공,제공,가능
4520000,410,6440000,44200,사용,U,2026-08-20 13:13:54,2026-08-21 22:57:25,제공,제공,제공,부착,제공,미제공,제공,가능
4520000,412,6440000,44200,사용,U,2026-08-20 13:15:45,2026-08-21 22:57:25,제공,제공,제공,부착,제공,미제공,제공,가능
4520000,413,6440000,44200,사용,U,2026-08-20 13:13:23,2026-08-21 22:57:25,제공,제공,제공,부착,제공,미제공,제공,가능
4520000,414,6440000,44200,사용,I,2026-01-26 10:43:33,2026-01-27 22:57:25,제공,제공,제공,부착,제공,미제공,제공,불가능
4520000,415,6440000,44200,사용,U,2026-08-20 13:17:04,2026-08-21 22:57:25,제공,제공,제공,부착,제공,미제공,제공,가능
4520000,416,6440000,44200,사용,U,2026-04-13 11:04:39,2026-04-14 03:03:03,제공,제공,제공,부착,제공,미제공,제공,가능
4520000,501,6440000,44200,사용,U,2026-08-20 13:20:03,2026-08-21 22:57:25,제공,제공,제공,부착,제공,미제공,제공,가능
4520000,502,6440000,44200,사용,U,2026-08-20 13:22:59,2026-08-21 22:57:25,제공,제공,제공,부착,제공,미제공,제공,가능
4520000,504,6440000,44200,사용,U,2026-08-20 13:31:14,2026-08-21 22:57:25,제공,제공,제공,부착,제공,미제공,제공,불가능
4520000,505,6440000,44200,사용,I,2026-01-26 16:32:44,2026-01-27 22:57:25,제공,제공,제공,부착,제공,미제공,제공,불가능
4520000,506,6440000,44200,사용,U,2026-08-20 13:31:38,2026-08-21 22:57:25,제공,제공,제공,부착,제공,미제공,제공,가능
4520000,507,6440000,44200,사용,U,2026-08-20 13:15:20,2026-08-21 22:57:25,제공,제공,제공,부착,제공,미제공,제공,불가능
4520000,509,6440000,44200,사용,U,2026-08-20 13:32:08,2026-08-21 22:57:25,제공,제공,제공,부착,제공,미제공,제공,가능
4520000,510,6440000,44200,사용,U,2026-08-20 13:35:50,2026-08-21 22:57:25,제공,제공,제공,부착,제공,미제공,제공,불가능
4520000,511,6440000,44200,사용,U,2026-08-20 13:38:24,2026-08-21 22:57:25,제공,제공,제공,부착,제공,미제공,제공,가능
4520000,512,6440000,44200,사용,U,2026-08-21 15:56:43,2026-08-22 22:57:25,제공,제공,제공,부착,제공,미제공,제공,가능
4520000,514,6440000,44200,사용,U,2026-08-20 13:48:06,2026-08-21 22:57:25,제공,제공,제공,부착,제공,미제공,제공,가능
4520000,516,6440000,44200,사용,U,2026-08-20 13:48:43,2026-08-21 22:57:25,제공,제공,제공,부착,제공,미제공,제공,가능
4520000,517,6440000,44200,사용,U,2026-08-20 13:50:12,2026-08-21 22:57:25,제공,제공,제공,부착,제공,미제공,제공,가능
4520000,518,6440000,44200,사용,U,2026-08-20 13:50:39,2026-08-21 22:57:25,제공,제공,제공,부착,제공,미제공,제공,가능
4520000,519,6440000,44200,사용,U,2026-08-20 13:50:58,2026-08-21 22:57:25,제공,제공,제공,부착,제공,미제공,제공,가능
4520000,520,6440000,44200,사용,U,2026-08-20 13:51:34,2026-08-21 22:57:25,제공,제공,제공,부착,제공,미제공,제공,가능
4520000,521,6440000,44200,사용,U,2026-08-20 14:21:33,2026-08-21 22:57:25,제공,제공,제공,부착,제공,미제공,제공,가능
4520000,522,6440000,44200,사용,U,2026-08-20 14:22:47,2026-08-21 22:57:25,제공,제공,제공,부착,제공,미제공,제공,가능
4520000,523,6440000,44200,사용,U,2026-08-20 14:23:18,2026-08-21 22:57:25,제공,제공,제공,부착,제공,미제공,제공,가능
4520000,524,6440000,44200,사용,U,2026-08-20 14:24:16,2026-08-21 22:57:25,제공,제공,제공,부착,제공,미제공,제공,가능
4520000,525,6440000,44200,사용,U,2026-08-20 14:25:18,2026-08-21 22:57:25,제공,제공,제공,부착,제공,미제공,제공,가능
4520000,526,6440000,44200,사용,U,2026-09-17 13:49:05,2026-09-18 22:57:25,제공,제공,제공,부착,제공,미제공,제공,가능
4520000,527,6440000,44200,사용,U,2026-08-20 14:26:33,2026-08-21 22:57:25,제공,제공,제공,부착,제공,미제공,제공,가능
4520000,528,6440000,44200,사용,U,2026-08-20 14:27:05,2026-08-21 22:57:25,제공,제공,제공,부착,제공,미제공,제공,가능
4520000,529,6440000,44200,사용,U,2026-08-21 15:59:00,2026-08-22 22:57:25,제공,제공,제공,부착,제공,제공,제공,가능
4520000,530,6440000,44200,사용,U,2026-07-09 11:09:24,2026-07-10 22:57:25,제공,제공,제공,부착,제공,미제공,제공,불가능
4520000,531,6440000,44200,사용,U,2026-08-20 14:32:38,2026-08-21 22:57:25,제공,제공,제공,부착,제공,미제공,제공,가능
4520000,532,6440000,44200,사용,I,2026-01-23 14:36:24,2026-01-24 22:57:25,제공,제공,제공,부착,제공,미제공,제공,가능
4520000,533,6440000,44200,사용,U,2026-08-20 14:34:37,2026-08-21 22:57:25,제공,제공,제공,부착,제공,미제공,제공,가능
4520000,534,6440000,44200,사용,U,2026-08-23 13:28:01,2026-08-24 22:57:25,제공,제공,제공,부착,제공,미제공,제공,불가능
4520000,535,6440000,44200,사용,U,2026-08-20 14:36:56,2026-08-21 22:57:25,제공,제공,제공,부착,제공,미제공,제공,가능
4520000,536,6440000,44200,사용,I,2026-01-23 17:17:02,2026-01-24 22:57:25,제공,제공,제공,부착,제공,미제공,제공,가능
4520000,537,6440000,44200,사용,U,2026-08-20 14:42:02,2026-08-21 22:57:25,제공,제공,제공,부착,제공,제공,제공,가능
4520000,538,6440000,44200,사용,I,2026-01-26 09:07:23,2026-01-27 22:57:25,제공,제공,제공,부착,제공,미제공,제공,불가능
4520000,540,6440000,44200,사용,U,2026-08-20 14:42:41,2026-08-21 22:57:25,제공,제공,제공,부착,제공,미제공,제공,가능
4520000,541,6440000,44200,사용,I,2026-01-23 17:16:25,2026-01-24 22:57:25,제공,제공,제공,부착,제공,미제공,제공,가능
4520000,542,6440000,44200,사용,I,2026-02-05 10:46:44,2026-02-06 22:57:25,제공,제공,제공,부착,제공,미제공,제공,불가능
4520000,543,6440000,44200,사용,U,2026-07-06 16:09:28,2026-07-07 22:57:25,제공,제공,제공,부착,제공,미제공,제공,불가능
4520000,544,6440000,44200,사용,U,2026-08-20 14:43:47,2026-08-21 22:57:25,제공,제공,제공,부착,제공,미제공,제공,가능
4520000,545,6440000,44200,사용,U,2026-08-20 14:44:29,2026-08-21 22:57:25,제공,제공,제공,부착,제공,미제공,제공,가능
4520000,546,6440000,44200,사용,U,2026-08-20 14:44:58,2026-08-21 22:57:25,제공,제공,제공,부착,제공,미제공,제공,가능
4520000,547,6440000,44200,사용,U,2026-09-17 13:49:19,2026-09-18 22:57:25,제공,제공,제공,부착,제공,미제공,제공,가능
4520000,548,6440000,44200,사용,U,2026-08-20 14:45:55,2026-08-21 22:57:25,제공,제공,제공,부착,제공,미제공,제공,가능
4520000,549,6440000,44200,사용,U,2026-08-20 14:46:12,2026-08-21 22:57:25,제공,제공,제공,부착,제공,미제공,제공,가능
4520000,550,6440000,44200,사용,U,2026-08-20 14:46:27,2026-08-21 22:57:25,제공,제공,제공,부착,제공,미제공,제공,가능
4520000,551,6440000,44200,사용,U,2026-08-20 14:46:59,2026-08-21 22:57:25,제공,제공,제공,부착,제공,미제공,제공,가능
4520000,552,6440000,44200,사용,U,2026-08-20 14:47:25,2026-08-21 22:57:25,제공,제공,제공,부착,제공,미제공,제공,가능
4520000,553,6440000,44200,사용,U,2026-08-20 14:48:42,2026-08-21 22:57:25,제공,제공,제공,부착,제공,미제공,제공,가능
4520000,554,6440000,44200,사용,U,2026-08-20 15:02:44,2026-08-21 22:57:25,제공,제공,제공,부착,제공,미제공,제공,가능
4520000,555,6440000,44200,사용,U,2026-08-20 15:03:25,2026-08-21 22:57:25,제공,제공,제공,부착,제공,미제공,제공,가능
4520000,556,6440000,44200,사용,I,2026-01-26 10:18:04,2026-01-27 22:57:25,제공,제공,제공,부착,제공,미제공,제공,불가능
4520000,557,6440000,44200,사용,I,2026-01-29 09:10:14,2026-01-30 22:57:25,제공,제공,제공,부착,제공,미제공,제공,불가능
4520000,558,6440000,44200,사용,U,2026-08-20 15:04:48,2026-08-21 22:57:25,제공,제공,제공,부착,제공,미제공,제공,가능
4520000,559,6440000,44200,사용,U,2026-08-20 15:08:49,2026-08-21 22:57:25,제공,제공,제공,부착,제공,미제공,제공,가능
4520000,560,6440000,44200,사용,U,2026-09-17 13:50:06,2026-09-18 22:57:25,제공,제공,제공,부착,제공,미제공,제공,가능
4520000,561,6440000,44200,사용,U,2026-09-17 13:51:02,2026-09-18 22:57:25,제공,제공,제공,부착,제공,미제공,제공,불가능
4520000,562,6440000,44200,사용,U,2026-08-20 15:11:08,2026-08-21 22:57:25,제공,제공,제공,부착,제공,미제공,제공,가능
4520000,563,6440000,44200,사용,U,2026-08-20 15:11:22,2026-08-21 22:57:25,제공,제공,제공,부착,제공,미제공,제공,가능
4520000,564,6440000,44200,사용,U,2026-05-21 16:42:43,2026-05-22 03:03:03,제공,제공,제공,부착,제공,미제공,제공,가능
4530000,401,6440000,44210,사용,U,2026-07-09 15:13:05,2026-07-10 22:57:25,제공,제공,제공,부착,제공,미제공,제공,가능
4530000,404,6440000,44210,사용,U,2026-06-17 13:44:07,2026-06-18 22:57:25,제공,제공,제공,부착,제공,미제공,제공,가능
4530000,501,6440000,44210,사용,U,2026-07-09 15:13:21,2026-07-10 22:57:25,제공,제공,제공,부착,제공,미제공,제공,가능
4530000,502,6440000,44210,사용,U,2026-07-09 15:19:59,2026-07-10 22:57:25,제공,제공,제공,부착,제공,미제공,제공,가능
4530000,503,6440000,44210,사용,U,2026-06-17 13:44:35,2026-06-18 22:57:25,제공,제공,제공,부착,제공,미제공,제공,가능
4530000,504,6440000,44210,사용,U,2026-07-08 17:37:07,2026-07-09 22:57:25,제공,제공,제공,부착,제공,미제공,제공,가능
4530000,505,6440000,44210,사용,U,2026-06-17 13:44:49,2026-06-18 22:57:25,제공,제공,제공,부착,제공,미제공,제공,가능
4530000,506,6440000,44210,사용,U,2026-06-17 13:44:55,2026-06-18 22:57:25,제공,제공,제공,부착,제공,미제공,제공,가능
4530000,507,6440000,44210,사용,U,2026-07-09 09:30:59,2026-07-10 22:57:25,제공,제공,제공,부착,제공,미제공,제공,가능
4530000,508,6440000,44210,사용,U,2026-06-17 13:45:09,2026-06-18 22:57:25,제공,제공,제공,부착,제공,미제공,제공,가능
4530000,509,6440000,44210,사용,U,2026-07-08 14:43:58,2026-07-09 22:57:25,제공,제공,제공,부착,제공,미제공,제공,가능
4530000,510,6440000,44210,사용,U,2026-07-08 13:34:46,2026-07-09 22:57:25,제공,제공,제공,부착,제공,미제공,제공,가능
4530000,511,6440000,44210,사용,U,2026-06-17 13:45:29,2026-06-18 22:57:25,제공,제공,제공,부착,제공,미제공,제공,가능
4530000,512,6440000,44210,사용,U,2026-07-07 17:22:49,2026-07-08 22:57:25,제공,제공,제공,부착,제공,미제공,제공,가능
4530000,513,6440000,44210,사용,U,2026-06-17 13:45:41,2026-06-18 22:57:25,제공,제공,제공,부착,제공,미제공,제공,가능
4530000,514,6440000,44210,사용,U,2026-06-17 13:45:48,2026-06-18 22:57:25,제공,제공,제공,부착,제공,미제공,제공,가능
4530000,515,6440000,44210,사용,U,2026-06-17 13:45:54,2026-06-18 22:57:25,제공,제공,제공,부착,제공,미제공,제공,가능
4530000,516,6440000,44210,사용,U,2026-06-08 10:35:46,2026-06-09 22:57:25,제공,제공,제공,부착,제공,미제공,제공,가능
4530000,517,6440000,44210,사용,U,2026-06-08 10:35:55,2026-06-09 22:57:25,제공,제공,제공,부착,제공,미제공,제공,가능
4530000,518,6440000,44210,사용,U,2026-07-09 15:20:35,2026-07-10 22:57:25,제공,제공,제공,부착,제공,미제공,제공,가능
4530000,519,6440000,44210,사용,U,2026-07-09 15:20:45,2026-07-10 22:57:25,제공,제공,제공,부착,제공,미제공,제공,가능
4530000,520,6440000,44210,사용,U,2026-07-09 15:20:56,2026-07-10 22:57:25,제공,제공,제공,부착,제공,미제공,제공,가능
4530000,521,6440000,44210,사용,U,2026-07-09 15:21:08,2026-07-10 22:57:25,제공,제공,제공,부착,제공,미제공,제공,가능
4530000,522,6440000,44210,사용,U,2026-07-09 15:21:20,2026-07-10 22:57:25,제공,제공,제공,부착,제공,미제공,제공,가능
4530000,523,6440000,44210,사용,U,2026-06-17 13:46:39,2026-06-18 22:57:25,제공,제공,제공,부착,제공,미제공,제공,가능
4530000,524,6440000,44210,사용,U,2026-06-17 13:46:44,2026-06-18 22:57:25,제공,제공,제공,부착,제공,미제공,제공,가능
4530000,525,6440000,44210,사용,U,2026-07-09 15:21:31,2026-07-10 22:57:25,제공,제공,제공,부착,제공,미제공,제공,가능
4540000,401,6440000,44230,사용,U,2026-09-22 10:39:00,2026-09-23 22:57:35,제공,제공,제공,부착,제공,미제공,제공,가능
4540000,402,6440000,44230,사용,I,2026-01-26 10:34:13,2026-01-27 22:57:25,제공,제공,제공,부착,제공,미제공,제공,가능
4540000,403,6440000,44230,사용,U,2026-08-19 10:39:31,2026-08-20 22:57:29,제공,제공,제공,부착,제공,미제공,제공,가능
4540000,404,6440000,44230,사용,U,2026-08-19 11:07:44,2026-08-20 22:57:29,제공,제공,제공,부착,제공,미제공,제공,가능
4540000,405,6440000,44230,사용,U,2026-08-19 11:08:18,2026-08-20 22:57:29,제공,제공,제공,부착,제공,미제공,제공,가능
4540000,406,6440000,44230,사용,U,2026-09-10 11:49:52,2026-09-11 22:57:33,제공,제공,제공,부착,제공,미제공,제공,가능
4540000,407,6440000,44230,사용,U,2026-09-10 11:50:07,2026-09-11 22:57:33,제공,제공,제공,부착,제공,미제공,제공,가능
4540000,408,6440000,44230,사용,I,2026-01-26 14:20:24,2026-01-27 22:57:25,제공,제공,제공,부착,제공,미제공,제공,가능
4540000,409,6440000,44230,사용,U,2026-08-24 13:31:04,2026-08-25 22:57:30,제공,제공,제공,부착,제공,미제공,제공,가능
4540000,410,6440000,44230,사용,U,2026-08-24 13:31:10,2026-08-25 22:57:30,제공,제공,제공,부착,제공,미제공,제공,가능
4540000,411,6440000,44230,사용,U,2026-08-24 13:31:16,2026-08-25 22:57:30,제공,제공,제공,부착,제공,미제공,제공,가능
4540000,412,6440000,44230,사용,U,2026-08-24 13:31:30,2026-08-25 22:57:30,제공,제공,제공,부착,제공,미제공,제공,가능
4540000,413,6440000,44230,사용,U,2026-09-20 13:53:08,2026-09-21 22:57:35,제공,제공,제공,부착,제공,미제공,제공,가능
4540000,414,6440000,44230,사용,U,2026-08-24 13:31:42,2026-08-25 22:57:30,제공,제공,제공,부착,제공,미제공,제공,가능
4540000,415,6440000,44230,사용,U,2026-08-24 13:31:47,2026-08-25 22:57:30,제공,제공,제공,부착,제공,미제공,제공,가능
4540000,416,6440000,44230,사용,U,2026-08-24 13:31:53,2026-08-25 22:57:30,제공,제공,제공,부착,제공,미제공,제공,가능
4540000,417,6440000,44230,사용,I,2026-01-26 10:27:15,2026-01-27 22:57:25,제공,제공,제공,부착,제공,미제공,제공,가능
4540000,418,6440000,44230,사용,I,2026-01-26 10:21:37,2026-01-27 22:57:25,제공,제공,제공,부착,제공,미제공,제공,가능
4540000,420,6440000,44230,사용,I,2026-01-26 10:26:59,2026-01-27 22:57:25,제공,제공,제공,부착,제공,미제공,제공,가능
4540000,421,6440000,44230,사용,I,2026-01-26 10:23:15,2026-01-27 22:57:25,제공,제공,제공,부착,제공,미제공,제공,가능
4540000,422,6440000,44230,사용,U,2026-09-10 13:17:33,2026-09-11 22:57:33,제공,제공,제공,부착,제공,미제공,제공,가능
4540000,423,6440000,44230,사용,U,2026-08-24 13:32:19,2026-08-25 22:57:30,제공,제공,제공,부착,제공,미제공,제공,가능
4540000,424,6440000,44230,사용,U,2026-08-24 13:32:26,2026-08-25 22:57:30,제공,제공,제공,부착,제공,미제공,제공,가능
4540000,425,6440000,44230,사용,I,2026-01-26 10:24:55,2026-01-27 22:57:25,제공,제공,제공,부착,제공,미제공,제공,가능
4540000,426,6440000,44230,사용,I,2026-01-26 10:25:14,2026-01-27 22:57:25,제공,제공,제공,부착,제공,미제공,제공,가능
4540000,427,6440000,44230,사용,I,2026-01-26 10:25:40,2026-01-27 22:57:25,제공,제공,제공,부착,제공,미제공,제공,가능
4540000,428,6440000,44230,사용,U,2026-08-24 13:32:45,2026-08-25 22:57:30,제공,제공,제공,부착,제공,미제공,제공,가능
4540000,429,6440000,44230,사용,U,2026-09-10 13:17:56,2026-09-11 22:57:33,제공,제공,제공,부착,제공,미제공,제공,가능
4550000,101,6440000,44710,사용,I,2026-01-28 09:58:38,2026-04-05 22:57:36,제공,제공,제공,부착,제공,미제공,제공,불가능
4550000,401,6440000,44710,사용,U,2026-09-21 15:51:09,2026-09-22 22:58:02,제공,제공,제공,부착,제공,미제공,제공,가능
4550000,402,6440000,44710,사용,I,2026-01-28 09:59:49,2026-04-05 22:57:37,제공,제공,제공,부착,제공,미제공,제공,가능
4550000,403,6440000,44710,사용,U,2026-09-22 10:38:23,2026-09-23 22:58:03,제공,제공,제공,부착,제공,미제공,제공,불가능
4550000,404,6440000,44710,사용,U,2026-07-27 16:57:31,2026-07-28 22:57:25,제공,제공,제공,부착,제공,미제공,제공,가능
4550000,406,6440000,44710,사용,I,2026-01-28 10:05:11,2026-04-05 22:57:41,제공,제공,제공,부착,제공,제공,제공,가능
4550000,407,6440000,44710,사용,I,2026-03-16 14:16:59,2026-04-05 22:57:42,제공,제공,제공,부착,제공,제공,제공,가능
4550000,408,6440000,44710,사용,U,2026-07-15 17:22:52,2026-07-16 22:57:25,제공,제공,제공,부착,제공,제공,제공,가능
4550000,409,6440000,44710,사용,U,2026-07-16 16:41:27,2026-07-17 22:57:25,제공,제공,제공,부착,제공,제공,제공,가능
4550000,410,6440000,44710,사용,I,2026-01-28 10:07:24,2026-04-05 22:57:45,제공,제공,제공,부착,제공,제공,제공,가능
4550000,411,6440000,44710,사용,I,2026-01-28 10:07:44,2026-04-05 22:57:46,제공,제공,제공,부착,제공,제공,제공,가능
4550000,412,6440000,44710,사용,U,2026-07-16 16:47:48,2026-07-17 22:57:25,제공,제공,제공,부착,제공,제공,제공,가능
4550000,413,6440000,44710,사용,U,2026-09-22 10:32:27,2026-09-23 22:58:03,제공,제공,제공,부착,제공,제공,제공,가능
4570000,402,6440000,44760,사용,U,2026-09-09 14:14:02,2026-09-10 22:57:25,제공,제공,제공,부착,제공,미제공,제공,가능
4570000,405,6440000,44760,사용,U,2026-09-09 14:17:14,2026-09-10 22:57:25,제공,제공,제공,부착,제공,미제공,제공,가능
4570000,406,6440000,44760,사용,U,2026-09-09 14:18:35,2026-09-10 22:57:25,제공,제공,제공,부착,제공,미제공,제공,가능
4570000,407,6440000,44760,사용,U,2026-09-21 10:14:38,2026-09-22 22:57:25,제공,제공,제공,부착,제공,미제공,제공,불가능
4570000,408,6440000,44760,사용,U,2026-09-09 14:20:24,2026-09-10 22:57:25,제공,제공,제공,부착,제공,미제공,제공,가능
4570000,409,6440000,44760,사용,U,2026-09-21 10:14:38,2026-09-22 22:57:25,제공,제공,제공,부착,제공,미제공,제공,가능
4570000,501,6440000,44760,사용,U,2026-09-21 10:14:38,2026-09-22 22:57:25,제공,제공,제공,부착,제공,미제공,제공,가능
4570000,502,6440000,44760,사용,U,2026-09-21 10:14:38,2026-09-22 22:57:25,제공,제공,제공,부착,제공,미제공,제공,가능
4570000,503,6440000,44760,사용,U,2026-09-09 14:21:44,2026-09-10 22:57:25,제공,제공,제공,부착,제공,미제공,제공,가능
4570000,504,6440000,44760,사용,U,2026-09-09 14:23:02,2026-09-10 22:57:25,제공,제공,제공,부착,제공,미제공,제공,가능
4570000,505,6440000,44760,사용,U,2026-09-09 14:23:29,2026-09-10 22:57:25,제공,제공,제공,부착,제공,미제공,제공,가능
4570000,506,6440000,44760,사용,U,2026-09-21 10:14:38,2026-09-22 22:57:25,제공,제공,제공,부착,제공,미제공,제공,가능
4570000,507,6440000,44760,사용,U,2026-09-09 14:26:11,2026-09-10 22:57:25,제공,제공,제공,부착,제공,미제공,제공,가능
4570000,508,6440000,44760,사용,U,2026-09-09 14:26:42,2026-09-10 22:57:25,제공,제공,제공,부착,제공,미제공,제공,가능
4570000,509,6440000,44760,사용,U,2026-09-21 11:26:32,2026-09-22 22:57:25,제공,제공,제공,부착,제공,미제공,제공,가능
4570000,510,6440000,44760,사용,U,2026-09-21 10:14:38,2026-09-22 22:57:25,제공,제공,제공,부착,제공,미제공,제공,가능
4570000,511,6440000,44760,사용,U,2026-09-21 10:14:38,2026-09-22 22:57:25,제공,제공,제공,부착,제공,미제공,제공,가능
4570000,512,6440000,44760,사용,U,2026-09-21 10:14:38,2026-09-22 22:57:25,제공,제공,제공,부착,제공,미제공,제공,가능
4570000,513,6440000,44760,사용,U,2026-09-21 10:14:38,2026-09-22 22:57:25,제공,제공,제공,부착,제공,미제공,제공,가능
4570000,514,6440000,44760,사용,U,2026-09-21 11:24:49,2026-09-22 22:57:25,제공,제공,제공,부착,제공,미제공,제공,가능
4570000,515,6440000,44760,사용,U,2026-09-16 14:09:25,2026-09-17 22:57:25,제공,제공,제공,부착,제공,미제공,제공,가능
4570000,516,6440000,44760,사용,U,2026-09-09 14:28:25,2026-09-10 22:57:25,제공,제공,제공,부착,제공,미제공,제공,가능
4570000,517,6440000,44760,사용,U,2026-09-09 14:28:51,2026-09-10 22:57:25,제공,제공,제공,부착,제공,미제공,제공,가능
4570000,518,6440000,44760,사용,U,2026-09-22 09:34:12,2026-09-23 22:57:25,제공,제공,제공,부착,제공,미제공,제공,가능
4570000,519,6440000,44760,사용,U,2026-09-09 14:29:44,2026-09-10 22:57:25,제공,제공,제공,부착,제공,미제공,제공,가능
4580000,401,6440000,44770,사용,U,2026-09-02 16:13:19,2026-09-03 22:57:25,제공,제공,제공,부착,제공,미제공,제공,불가능
4580000,402,6440000,44770,사용,I,2026-02-27 17:26:08,2026-02-28 22:57:30,제공,제공,제공,부착,제공,제공,제공,가능
4580000,403,6440000,44770,사용,U,2026-09-08 15:54:53,2026-09-09 22:57:25,제공,제공,제공,부착,제공,미제공,제공,불가능
4580000,404,6440000,44770,사용,U,2026-09-02 16:13:44,2026-09-03 22:57:25,제공,제공,제공,부착,제공,미제공,제공,불가능
4580000,405,6440000,44770,사용,U,2026-09-02 16:13:52,2026-09-03 22:57:25,제공,제공,제공,부착,제공,미제공,제공,불가능
4580000,406,6440000,44770,사용,U,2026-09-02 16:14:03,2026-09-03 22:57:25,제공,제공,제공,부착,제공,미제공,제공,불가능
4580000,407,6440000,44770,사용,U,2026-09-02 16:14:26,2026-09-03 22:57:25,제공,제공,제공,부착,제공,미제공,제공,불가능
4580000,408,6440000,44770,사용,U,2026-09-02 16:14:44,2026-09-03 22:57:25,제공,제공,제공,부착,제공,미제공,제공,가능
4580000,501,6440000,44770,사용,U,2026-09-02 16:15:03,2026-09-03 22:57:25,제공,제공,제공,부착,제공,미제공,제공,불가능
4580000,502,6440000,44770,사용,U,2026-09-02 16:15:12,2026-09-03 22:57:25,제공,제공,제공,부착,제공,미제공,제공,불가능
4580000,503,6440000,44770,사용,U,2026-09-02 16:15:19,2026-09-03 22:57:25,제공,제공,제공,부착,제공,미제공,제공,불가능
4590000,501,6440000,44790,사용,U,2026-08-18 10:53:03,2026-08-19 22:58:25,제공,제공,제공,부착,제공,미제공,제공,가능
4590000,502,6440000,44790,사용,U,2026-08-19 11:23:01,2026-08-20 22:58:26,제공,제공,제공,부착,제공,미제공,제공,가능
4590000,503,6440000,44790,사용,U,2026-08-21 09:31:07,2026-08-22 22:58:26,제공,제공,제공,부착,제공,미제공,제공,가능
4590000,504,6440000,44790,사용,U,2026-08-19 13:15:14,2026-08-20 22:58:26,제공,제공,제공,부착,제공,미제공,제공,가능
4590000,505,6440000,44790,사용,U,2026-08-21 09:24:40,2026-08-22 22:58:26,제공,제공,제공,부착,제공,미제공,제공,가능
4590000,506,6440000,44790,사용,U,2026-08-21 09:28:36,2026-08-22 22:58:26,제공,제공,제공,부착,제공,미제공,제공,가능
4590000,507,6440000,44790,사용,U,2026-08-20 10:19:40,2026-08-21 22:58:26,제공,제공,제공,부착,제공,미제공,제공,가능
4590000,508,6440000,44790,사용,U,2026-08-21 09:25:02,2026-08-22 22:58:26,제공,제공,제공,부착,제공,미제공,제공,가능
4590000,509,6440000,44790,사용,U,2026-08-21 09:32:08,2026-08-22 22:58:26,제공,제공,제공,부착,제공,미제공,제공,가능
4590000,510,6440000,44790,사용,U,2026-08-21 09:32:16,2026-08-22 22:58:26,제공,제공,제공,부착,제공,미제공,제공,가능
4590000,511,6440000,44790,사용,U,2026-08-21 09:32:23,2026-08-22 22:58:26,제공,제공,제공,부착,제공,미제공,제공,가능
4590000,512,6440000,44790,사용,U,2026-08-20 10:20:20,2026-08-21 22:58:26,제공,제공,제공,부착,제공,미제공,제공,가능
4590000,513,6440000,44790,사용,U,2026-08-21 09:32:31,2026-08-22 22:58:26,제공,제공,제공,부착,제공,미제공,제공,가능
4590000,514,6440000,44790,사용,U,2026-08-21 09:32:40,2026-08-22 22:58:26,제공,제공,제공,부착,제공,미제공,제공,가능
4590000,515,6440000,44790,사용,U,2026-08-18 10:20:45,2026-08-19 22:58:25,제공,제공,제공,부착,제공,미제공,제공,가능
4590000,516,6440000,44790,사용,U,2026-08-18 10:20:52,2026-08-19 22:58:26,제공,제공,제공,부착,제공,미제공,제공,가능
4600000,401,6440000,44800,사용,U,2026-07-22 09:25:37,2026-07-23 22:57:25,제공,제공,제공,부착,제공,미제공,제공,가능
4600000,402,6440000,44800,사용,U,2026-07-22 09:26:58,2026-07-23 22:57:25,제공,제공,제공,부착,제공,미제공,제공,가능
4600000,403,6440000,44800,사용,U,2026-07-22 09:27:41,2026-07-23 22:57:25,제공,제공,제공,부착,제공,미제공,제공,가능
4600000,404,6440000,44800,사용,U,2026-05-29 16:14:41,2026-05-30 03:03:03,제공,제공,제공,부착,제공,미제공,제공,가능
4600000,405,6440000,44800,사용,U,2026-09-29 09:00:01,2026-09-30 22:57:37,제공,제공,제공,부착,제공,미제공,제공,가능
4600000,406,6440000,44800,사용,U,2026-09-29 08:58:58,2026-09-30 22:57:37,제공,제공,제공,부착,제공,미제공,제공,가능
4600000,407,6440000,44800,사용,U,2026-06-29 10:19:38,2026-06-30 22:57:25,제공,제공,제공,부착,제공,미제공,제공,가능
4600000,408,6440000,44800,사용,U,2026-09-29 09:04:28,2026-09-30 22:57:37,제공,제공,제공,부착,제공,미제공,제공,가능
4600000,409,6440000,44800,사용,U,2026-05-29 16:16:03,2026-05-30 03:03:03,제공,제공,제공,부착,제공,미제공,제공,가능
4600000,410,6440000,44800,사용,U,2026-05-29 16:16:11,2026-05-30 03:03:03,제공,제공,제공,부착,제공,미제공,제공,가능
4600000,411,6440000,44800,사용,U,2026-04-01 15:43:58,2026-04-02 03:03:03,제공,제공,제공,부착,제공,제공,제공,가능
4600000,412,6440000,44800,사용,U,2026-09-29 08:57:36,2026-09-30 22:57:37,제공,제공,제공,부착,제공,제공,제공,가능
4600000,413,6440000,44800,사용,U,2026-05-29 16:16:51,2026-05-30 03:03:03,제공,제공,제공,부착,제공,미제공,제공,가능
4600000,501,6440000,44800,사용,U,2026-05-29 16:14:47,2026-05-30 03:03:03,제공,제공,제공,부착,제공,미제공,제공,가능
4600000,502,6440000,44800,사용,U,2026-07-08 17:23:02,2026-07-09 22:57:25,제공,제공,제공,부착,제공,미제공,제공,가능
4600000,503,6440000,44800,사용,U,2026-09-30 14:56:29,2026-10-01 22:57:38,제공,제공,제공,부착,제공,미제공,제공,가능
4600000,504,6440000,44800,사용,U,2026-04-18 08:25:05,2026-04-19 03:03:03,제공,제공,제공,부착,제공,제공,제공,가능
4600000,505,6440000,44800,사용,I,2026-02-27 17:26:26,2026-02-28 22:57:32,제공,제공,제공,부착,제공,미제공,제공,가능
4600000,506,6440000,44800,사용,U,2026-06-29 10:19:50,2026-06-30 22:57:25,제공,제공,제공,부착,제공,미제공,제공,가능
4600000,507,6440000,44800,사용,I,2026-03-19 09:25:20,2026-03-20 22:57:31,제공,제공,제공,부착,제공,미제공,제공,가능
4600000,510,6440000,44800,사용,U,2026-09-29 08:59:37,2026-09-30 22:57:37,제공,제공,제공,부착,제공,미제공,제공,가능
4610000,301,6440000,44810,사용,U,2026-09-16 10:37:28,2026-09-17 22:57:25,제공,제공,제공,부착,제공,미제공,제공,가능
4610000,402,6440000,44810,사용,U,2026-08-31 15:08:06,2026-09-01 22:57:25,제공,제공,제공,부착,제공,미제공,제공,가능
4610000,403,6440000,44810,사용,U,2026-09-04 07:45:07,2026-09-05 22:57:25,제공,제공,제공,부착,제공,미제공,제공,가능
4610000,404,6440000,44810,사용,U,2026-09-04 14:09:49,2026-09-05 22:57:25,제공,제공,제공,부착,제공,미제공,제공,가능
4610000,405,6440000,44810,사용,U,2026-09-04 14:10:00,2026-09-05 22:57:25,제공,제공,제공,부착,제공,미제공,제공,가능
4610000,406,6440000,44810,사용,I,2026-01-27 16:22:01,2026-04-05 22:57:40,제공,제공,제공,부착,제공,미제공,제공,가능
4610000,501,6440000,44810,사용,U,2026-07-22 16:51:16,2026-07-23 22:57:25,제공,제공,제공,부착,제공,미제공,제공,가능
4610000,502,6440000,44810,사용,U,2026-09-04 14:10:06,2026-09-05 22:57:25,제공,제공,제공,부착,제공,미제공,제공,가능
4610000,503,6440000,44810,사용,U,2026-07-10 15:20:05,2026-07-11 22:57:25,제공,제공,제공,부착,제공,미제공,제공,가능
4610000,504,6440000,44810,사용,U,2026-08-31 15:13:19,2026-09-01 22:57:25,제공,제공,제공,부착,제공,미제공,제공,가능
4610000,505,6440000,44810,사용,U,2026-08-31 15:13:04,2026-09-01 22:57:25,제공,제공,제공,부착,제공,미제공,제공,가능
4610000,506,6440000,44810,사용,U,2026-08-31 15:12:54,2026-09-01 22:57:25,제공,제공,제공,부착,제공,미제공,제공,가능
4610000,507,6440000,44810,사용,U,2026-09-04 14:10:15,2026-09-05 22:57:25,제공,제공,제공,부착,제공,미제공,제공,가능
4610000,508,6440000,44810,사용,U,2026-08-31 15:12:02,2026-09-01 22:57:25,제공,제공,제공,부착,제공,미제공,제공,가능
4610000,509,6440000,44810,사용,U,2026-08-31 15:13:12,2026-09-01 22:57:25,제공,제공,제공,부착,제공,미제공,제공,가능
4610000,510,6440000,44810,사용,U,2026-08-31 15:08:30,2026-09-01 22:57:25,제공,제공,제공,부착,제공,미제공,제공,가능
4610000,511,6440000,44810,사용,U,2026-08-31 15:06:35,2026-09-01 22:57:25,제공,제공,제공,부착,제공,미제공,제공,가능
4610000,512,6440000,44810,사용,U,2026-08-31 15:09:59,2026-09-01 22:57:25,제공,제공,제공,부착,제공,미제공,제공,가능
4610000,513,6440000,44810,사용,U,2026-08-31 15:06:59,2026-09-01 22:57:25,제공,제공,제공,부착,제공,미제공,제공,가능
4610000,514,6440000,44810,사용,U,2026-08-31 15:12:19,2026-09-01 22:57:25,제공,제공,제공,부착,제공,미제공,제공,가능
4610000,515,6440000,44810,사용,U,2026-08-31 15:08:52,2026-09-01 22:57:25,제공,제공,제공,부착,제공,미제공,제공,가능
4610000,516,6440000,44810,사용,U,2026-08-31 15:10:25,2026-09-01 22:57:25,제공,제공,제공,부착,제공,미제공,제공,가능
4610000,517,6440000,44810,사용,U,2026-08-31 15:12:26,2026-09-01 22:57:25,제공,제공,제공,부착,제공,미제공,제공,가능
4610000,518,6440000,44810,사용,U,2026-07-22 16:51:16,2026-07-23 22:57:25,제공,제공,제공,부착,제공,제공,제공,가능
4610000,519,6440000,44810,사용,U,2026-06-10 17:32:48,2026-06-11 22:57:25,제공,제공,제공,부착,제공,미제공,제공,가능
4610000,520,6440000,44810,사용,U,2026-08-31 14:25:58,2026-09-01 22:57:25,제공,제공,제공,부착,제공,미제공,제공,가능
4620000,101,6440000,44825,사용,I,2026-01-23 14:52:10,2026-04-05 22:57:40,제공,제공,제공,부착,제공,제공,제공,가능
4620000,103,6440000,44825,사용,U,2026-09-06 13:49:14,2026-09-07 22:57:25,제공,제공,제공,부착,제공,제공,제공,가능
4620000,501,6440000,44825,사용,I,2026-01-23 14:51:27,2026-04-05 22:57:42,제공,제공,제공,부착,제공,제공,제공,가능
4620000,502,6440000,44825,사용,U,2026-07-22 11:39:38,2026-07-23 22:57:25,제공,제공,제공,부착,제공,제공,제공,가능
4620000,503,6440000,44825,사용,I,2026-01-23 14:54:15,2026-04-05 22:57:45,제공,제공,제공,부착,제공,제공,제공,가능
4620000,504,6440000,44825,사용,U,2026-09-01 17:59:46,2026-09-02 22:57:25,제공,제공,제공,부착,제공,제공,제공,가능
4620000,505,6440000,44825,사용,U,2026-09-17 16:07:11,2026-09-18 22:57:25,제공,제공,제공,부착,제공,제공,제공,가능
4620000,506,6440000,44825,사용,I,2026-01-23 14:55:23,2026-04-05 22:57:47,제공,제공,제공,부착,제공,제공,제공,가능
4620000,507,6440000,44825,사용,U,2026-07-21 14:16:00,2026-07-22 22:57:25,제공,제공,제공,부착,제공,제공,제공,가능
4620000,508,6440000,44825,사용,U,2026-07-28 15:30:23,2026-07-29 22:57:25,제공,제공,제공,부착,제공,제공,제공,가능
4620000,509,6440000,44825,사용,U,2026-09-06 13:48:56,2026-09-07 22:57:25,제공,제공,제공,부착,제공,제공,제공,가능
4620000,510,6440000,44825,사용,I,2026-01-28 09:27:48,2026-04-05 22:57:49,제공,제공,제공,부착,제공,제공,제공,가능
4620000,511,6440000,44825,사용,I,2026-01-28 09:27:57,2026-04-05 22:57:49,제공,제공,제공,부착,제공,제공,제공,가능
4620000,513,6440000,44825,사용,I,2026-01-23 15:00:35,2026-04-05 22:57:49,제공,제공,제공,부착,제공,제공,제공,가능
4620000,514,6440000,44825,사용,I,2026-01-23 15:02:09,2026-04-05 22:57:49,제공,제공,제공,부착,제공,제공,제공,가능
4620000,515,6440000,44825,사용,U,2026-08-10 17:25:08,2026-08-11 22:57:25,제공,제공,제공,부착,제공,제공,제공,가능
4641000,103,6540000,52111,사용,I,2026-03-03 11:52:10,2026-04-05 22:57:40,제공,제공,제공,부착,제공,미제공,제공,불가능
4641000,104,6540000,52111,사용,I,2026-01-27 10:56:40,2026-04-05 22:57:41,제공,제공,제공,부착,제공,미제공,제공,불가능
4641000,105,6540000,52111,사용,U,2026-04-20 09:46:39,2026-04-21 03:03:03,제공,제공,제공,부착,제공,제공,제공,가능
4641000,301,6540000,52111,사용,I,2026-03-03 11:52:23,2026-04-05 22:57:43,제공,제공,제공,부착,제공,미제공,제공,불가능
4641000,302,6540000,52113,사용,I,2026-01-26 15:01:45,2026-04-05 22:57:45,제공,제공,제공,부착,제공,미제공,제공,불가능
4641000,303,6540000,52113,사용,I,2026-01-26 15:02:10,2026-04-05 22:57:46,제공,제공,제공,부착,제공,미제공,제공,불가능
4641000,304,6540000,52111,사용,I,2026-01-27 10:57:30,2026-04-05 22:57:47,제공,제공,제공,부착,제공,미제공,제공,불가능
4641000,305,6540000,52113,사용,I,2026-01-26 15:02:30,2026-04-05 22:57:47,제공,제공,제공,부착,제공,미제공,제공,불가능
4641000,306,6540000,52113,사용,I,2026-01-26 15:02:56,2026-04-05 22:57:47,제공,제공,제공,부착,제공,미제공,제공,불가능
4641000,401,6540000,52111,사용,I,2026-01-27 10:58:15,2026-04-05 22:57:48,제공,제공,제공,부착,제공,미제공,제공,불가능
4641000,402,6540000,52113,사용,I,2026-01-26 15:03:44,2026-04-05 22:57:49,제공,제공,제공,부착,제공,미제공,제공,불가능
4641000,403,6540000,52113,사용,I,2026-01-26 15:03:59,2026-04-05 22:57:49,제공,제공,제공,부착,제공,미제공,제공,불가능
4641000,404,6540000,52111,사용,I,2026-01-27 10:58:31,2026-04-05 22:57:49,제공,제공,제공,부착,제공,미제공,제공,불가능
4641000,405,6540000,52111,사용,I,2026-03-03 11:52:34,2026-04-05 22:57:49,제공,제공,제공,부착,제공,미제공,제공,불가능
4641000,406,6540000,52113,사용,I,2026-01-26 15:04:24,2026-04-05 22:57:49,제공,제공,제공,부착,제공,미제공,제공,불가능
4641000,407,6540000,52111,사용,I,2026-01-27 10:59:08,2026-04-05 22:57:49,제공,제공,제공,부착,제공,미제공,제공,가능
4641000,408,6540000,52113,사용,I,2026-01-26 15:05:55,2026-04-05 22:57:49,제공,제공,제공,부착,제공,미제공,제공,가능
4641000,409,6540000,52113,사용,I,2026-01-26 15:05:04,2026-04-05 22:57:49,제공,제공,제공,부착,제공,미제공,제공,가능
4641000,410,6540000,52113,사용,I,2026-01-26 15:05:38,2026-04-05 22:57:49,제공,제공,제공,부착,제공,미제공,제공,불가능
4641000,411,6540000,52111,사용,I,2026-01-27 11:14:04,2026-04-05 22:57:50,제공,제공,제공,부착,제공,미제공,제공,불가능
4641000,412,6540000,52111,사용,I,2026-01-27 10:59:30,2026-04-05 22:57:50,제공,제공,제공,부착,제공,미제공,제공,불가능
4641000,413,6540000,52113,사용,I,2026-01-26 12:58:28,2026-04-05 22:57:50,제공,제공,제공,부착,제공,미제공,제공,불가능
4641000,414,6540000,52113,사용,I,2026-01-26 15:41:29,2026-04-05 22:57:50,제공,제공,제공,부착,제공,미제공,제공,불가능
4641000,415,6540000,52111,사용,I,2026-01-27 10:59:40,2026-04-05 22:57:50,제공,제공,제공,부착,제공,미제공,제공,불가능
4641000,416,6540000,52113,사용,I,2026-01-26 15:42:19,2026-04-05 22:57:50,제공,제공,제공,부착,제공,미제공,제공,불가능
4641000,417,6540000,52111,사용,I,2026-01-27 11:00:16,2026-04-05 22:57:50,제공,제공,제공,부착,제공,미제공,제공,불가능
4641000,418,6540000,52113,사용,I,2026-01-26 15:42:50,2026-04-05 22:57:50,제공,제공,제공,부착,제공,미제공,제공,불가능
4641000,501,6540000,52113,사용,I,2026-01-26 15:43:06,2026-04-05 22:57:50,제공,제공,제공,부착,제공,미제공,제공,불가능
4641000,502,6540000,52111,사용,I,2026-03-03 11:51:45,2026-04-05 22:57:50,제공,제공,제공,부착,제공,미제공,제공,가능
4641000,503,6540000,52111,사용,I,2026-01-27 11:00:53,2026-04-05 22:57:50,제공,제공,제공,부착,제공,미제공,제공,불가능
4641000,504,6540000,52111,사용,U,2026-09-28 09:18:39,2026-09-29 22:57:25,제공,제공,제공,부착,제공,미제공,제공,가능
4641000,505,6540000,52113,사용,I,2026-01-26 15:43:24,2026-04-05 22:57:50,제공,제공,제공,부착,제공,미제공,제공,불가능
4641000,506,6540000,52111,사용,I,2026-01-27 11:01:26,2026-04-05 22:57:50,제공,제공,제공,부착,제공,미제공,제공,불가능
4641000,507,6540000,52113,사용,I,2026-01-26 15:44:04,2026-04-05 22:57:50,제공,제공,제공,부착,제공,미제공,제공,가능
4641000,508,6540000,52113,사용,I,2026-01-26 15:44:28,2026-04-05 22:57:50,제공,제공,제공,부착,제공,미제공,제공,불가능
4641000,509,6540000,52113,사용,I,2026-01-26 15:44:46,2026-04-05 22:57:50,제공,제공,제공,부착,제공,미제공,제공,불가능
4641000,510,6540000,52111,사용,I,2026-01-27 11:01:54,2026-04-05 22:57:50,제공,제공,제공,부착,제공,미제공,제공,가능
4641000,511,6540000,52111,사용,U,2026-04-20 09:47:16,2026-04-21 03:03:03,제공,제공,제공,부착,제공,미제공,제공,불가능
4641000,512,6540000,52113,사용,I,2026-01-26 15:45:04,2026-04-05 22:57:50,제공,제공,제공,부착,제공,미제공,제공,불가능
4641000,513,6540000,52113,사용,I,2026-01-26 15:45:28,2026-04-05 22:57:50,제공,제공,제공,부착,제공,미제공,제공,불가능
4641000,514,6540000,52113,사용,I,2026-01-26 15:45:46,2026-04-05 22:57:50,제공,제공,제공,부착,제공,미제공,제공,불가능
4641000,515,6540000,52111,사용,I,2026-01-27 11:03:05,2026-04-05 22:57:50,제공,제공,제공,부착,제공,미제공,제공,가능
4641000,516,6540000,52111,사용,U,2026-04-20 09:47:01,2026-04-21 03:03:03,제공,제공,제공,부착,제공,미제공,제공,불가능
4641000,517,6540000,52111,사용,I,2026-01-27 13:26:46,2026-04-05 22:57:50,제공,제공,제공,부착,제공,미제공,제공,불가능
4641000,518,6540000,52111,사용,I,2026-01-27 13:27:43,2026-04-05 22:57:50,제공,제공,제공,부착,제공,미제공,제공,불가능
4641000,519,6540000,52113,사용,I,2026-01-26 15:46:13,2026-04-05 22:57:50,제공,제공,제공,부착,제공,미제공,제공,불가능
4641000,520,6540000,52111,사용,I,2026-01-27 13:28:07,2026-04-05 22:57:50,제공,제공,제공,부착,제공,미제공,제공,불가능
4641000,521,6540000,52111,사용,I,2026-01-26 16:59:27,2026-04-05 22:57:50,제공,제공,제공,부착,제공,미제공,제공,불가능
4641000,522,6540000,52111,사용,I,2026-01-26 16:55:15,2026-04-05 22:57:50,제공,제공,제공,부착,제공,미제공,제공,불가능
4641000,524,6540000,52111,사용,I,2026-01-27 13:28:28,2026-04-05 22:57:50,제공,제공,제공,부착,제공,미제공,제공,가능
4641000,525,6540000,52113,사용,I,2026-01-26 15:46:51,2026-04-05 22:57:50,제공,제공,제공,부착,제공,미제공,제공,불가능
4641000,526,6540000,52113,사용,I,2026-01-26 15:47:06,2026-04-05 22:57:50,제공,제공,제공,부착,제공,미제공,제공,가능
4641000,527,6540000,52113,사용,I,2026-02-13 09:56:59,2026-04-05 22:57:50,제공,제공,제공,부착,제공,미제공,제공,가능
4671000,301,6540000,52130,사용,U,2026-08-03 11:19:53,2026-08-04 22:57:25,제공,제공,제공,부착,제공,미제공,제공,가능
4671000,403,6540000,52130,사용,I,2026-05-11 11:17:18,2026-05-12 22:57:25,제공,제공,제공,부착,제공,미제공,제공,가능
4671000,407,6540000,52130,사용,I,2026-05-11 11:22:14,2026-05-12 22:57:25,제공,제공,제공,부착,제공,미제공,제공,가능
4671000,408,6540000,52130,사용,U,2026-08-26 15:46:56,2026-08-27 22:57:25,제공,제공,제공,부착,제공,미제공,제공,가능
4671000,409,6540000,52130,사용,U,2026-09-10 14:46:52,2026-09-11 22:57:25,제공,제공,제공,부착,제공,미제공,제공,가능
4671000,410,6540000,52130,사용,U,2026-08-04 14:52:51,2026-08-05 22:57:25,제공,제공,제공,부착,제공,미제공,제공,가능
4671000,411,6540000,52130,사용,U,2026-08-29 14:00:11,2026-08-30 22:57:25,제공,제공,제공,부착,제공,미제공,제공,가능
4671000,412,6540000,52130,사용,U,2026-09-10 14:46:04,2026-09-11 22:57:25,제공,제공,제공,부착,제공,미제공,제공,가능
4671000,413,6540000,52130,사용,U,2026-08-29 14:00:27,2026-08-30 22:57:25,제공,제공,제공,부착,제공,미제공,제공,가능
4671000,414,6540000,52130,사용,U,2026-05-14 16:06:22,2026-05-15 03:03:03,제공,제공,제공,부착,제공,미제공,제공,가능
4671000,416,6540000,52130,사용,U,2026-05-14 16:09:48,2026-05-15 03:03:03,제공,제공,제공,부착,제공,미제공,제공,가능
4671000,417,6540000,52130,사용,U,2026-08-26 15:46:56,2026-08-27 22:57:25,제공,제공,제공,부착,제공,미제공,제공,가능
4671000,418,6540000,52130,사용,U,2026-09-09 17:58:54,2026-09-10 22:57:25,제공,제공,제공,부착,제공,미제공,제공,가능
4671000,419,6540000,52130,사용,I,2026-05-11 11:25:40,2026-05-12 22:57:25,제공,제공,제공,부착,제공,미제공,제공,가능
4671000,420,6540000,52130,사용,U,2026-09-01 13:58:00,2026-09-02 22:57:25,제공,제공,제공,부착,제공,미제공,제공,가능
4671000,421,6540000,52130,사용,U,2026-08-29 14:00:40,2026-08-30 22:57:25,제공,제공,제공,부착,제공,미제공,제공,가능
4671000,422,6540000,52130,사용,U,2026-08-04 17:53:42,2026-08-05 22:57:25,제공,제공,제공,부착,제공,미제공,제공,가능
4671000,423,6540000,52130,사용,U,2026-06-29 10:33:25,2026-06-30 22:57:25,제공,제공,제공,부착,제공,미제공,제공,가능
4671000,501,6540000,52130,사용,U,2026-08-04 14:52:31,2026-08-05 22:57:25,제공,제공,제공,부착,제공,미제공,제공,가능
4671000,502,6540000,52130,사용,U,2026-08-05 09:08:17,2026-08-06 22:57:25,제공,제공,제공,부착,제공,미제공,제공,가능
4671000,503,6540000,52130,사용,U,2026-08-04 14:50:19,2026-08-05 22:57:25,제공,제공,제공,부착,제공,미제공,제공,가능
4671000,504,6540000,52130,사용,U,2026-08-26 15:46:56,2026-08-27 22:57:25,제공,제공,제공,부착,제공,미제공,제공,가능
4671000,506,6540000,52130,사용,U,2026-08-04 16:20:39,2026-08-05 22:57:25,제공,제공,제공,부착,제공,미제공,제공,가능
4671000,507,6540000,52130,사용,U,2026-08-14 17:35:58,2026-08-15 22:57:25,제공,제공,제공,부착,제공,미제공,제공,가능
4671000,508,6540000,52130,사용,U,2026-08-29 13:59:47,2026-08-30 22:57:25,제공,제공,제공,부착,제공,미제공,제공,가능
4681000,401,6540000,52140,사용,U,2026-08-24 17:41:50,2026-08-25 22:57:25,제공,제공,제공,부착,제공,미제공,제공,가능
4681000,402,6540000,52140,사용,U,2026-08-24 17:42:24,2026-08-25 22:57:25,제공,제공,제공,부착,제공,미제공,제공,가능
4681000,403,6540000,52140,사용,U,2026-08-24 17:42:47,2026-08-25 22:57:25,제공,제공,제공,부착,제공,미제공,제공,가능
4681000,404,6540000,52140,사용,U,2026-08-24 17:43:10,2026-08-25 22:57:25,제공,제공,제공,부착,제공,미제공,제공,가능
4681000,405,6540000,52140,사용,U,2026-08-24 17:43:34,2026-08-25 22:57:25,제공,제공,제공,부착,제공,미제공,제공,가능
4681000,406,6540000,52140,사용,U,2026-08-24 17:43:55,2026-08-25 22:57:25,제공,제공,제공,부착,제공,미제공,제공,가능
4681000,407,6540000,52140,사용,U,2026-08-24 17:44:22,2026-08-25 22:57:25,제공,제공,제공,부착,제공,미제공,제공,가능
4681000,408,6540000,52140,사용,U,2026-08-24 17:44:45,2026-08-25 22:57:25,제공,제공,제공,부착,제공,미제공,제공,가능
4681000,409,6540000,52140,사용,U,2026-08-24 17:45:40,2026-08-25 22:57:25,제공,제공,제공,부착,제공,미제공,제공,가능
4681000,410,6540000,52140,사용,U,2026-08-24 17:46:23,2026-08-25 22:57:25,제공,제공,제공,부착,제공,미제공,제공,가능
4681000,411,6540000,52140,사용,U,2026-08-24 17:47:05,2026-08-25 22:57:25,제공,제공,제공,부착,제공,미제공,제공,가능
4681000,412,6540000,52140,사용,U,2026-08-24 17:47:31,2026-08-25 22:57:25,제공,제공,제공,부착,제공,미제공,제공,가능
4681000,413,6540000,52140,사용,U,2026-08-24 17:47:51,2026-08-25 22:57:25,제공,제공,제공,부착,제공,미제공,제공,가능
4681000,414,6540000,52140,사용,U,2026-08-24 17:48:13,2026-08-25 22:57:25,제공,제공,제공,부착,제공,미제공,제공,가능
4681000,415,6540000,52140,사용,U,2026-08-24 17:48:36,2026-08-25 22:57:25,제공,제공,제공,부착,제공,미제공,제공,가능
4681000,416,6540000,52140,사용,U,2026-08-24 17:48:54,2026-08-25 22:57:25,제공,제공,제공,부착,제공,미제공,제공,가능
4681000,417,6540000,52140,사용,U,2026-08-24 17:49:12,2026-08-25 22:57:25,제공,제공,제공,부착,제공,미제공,제공,가능
4681000,418,6540000,52140,사용,U,2026-08-24 17:49:38,2026-08-25 22:57:25,제공,제공,제공,부착,제공,미제공,제공,가능
4681000,420,6540000,52140,사용,U,2026-08-24 17:49:56,2026-08-25 22:57:25,제공,제공,제공,부착,제공,미제공,제공,가능
4681000,421,6540000,52140,사용,U,2026-08-24 17:50:14,2026-08-25 22:57:25,제공,제공,제공,부착,제공,미제공,제공,가능
4681000,422,6540000,52140,사용,U,2026-08-24 17:50:34,2026-08-25 22:57:25,제공,제공,제공,부착,제공,미제공,제공,가능
4681000,423,6540000,52140,사용,U,2026-08-24 17:50:52,2026-08-25 22:57:25,제공,제공,제공,부착,제공,미제공,제공,가능
4681000,425,6540000,52140,사용,U,2026-08-24 17:51:12,2026-08-25 22:57:25,제공,제공,제공,부착,제공,미제공,제공,가능
4681000,426,6540000,52140,사용,U,2026-08-24 17:51:44,2026-08-25 22:57:25,제공,제공,제공,부착,제공,미제공,제공,가능
4681000,427,6540000,52140,사용,U,2026-08-24 17:52:01,2026-08-25 22:57:25,제공,제공,제공,부착,제공,미제공,제공,가능
4681000,428,6540000,52140,사용,U,2026-08-24 17:52:18,2026-08-25 22:57:25,제공,제공,제공,부착,제공,미제공,제공,가능
4691000,301,6540000,52180,사용,U,2026-08-03 17:56:32,2026-08-04 22:57:25,제공,제공,제공,부착,제공,미제공,제공,가능
4691000,401,6540000,52180,사용,I,2026-01-23 15:51:16,2026-04-05 22:57:40,제공,제공,제공,부착,제공,미제공,제공,가능
4691000,402,6540000,52180,사용,U,2026-07-09 09:34:17,2026-07-10 22:57:25,제공,제공,제공,부착,제공,미제공,제공,가능
4691000,403,6540000,52180,사용,U,2026-08-03 17:54:10,2026-08-04 22:57:25,제공,제공,제공,부착,제공,미제공,제공,가능
4691000,404,6540000,52180,사용,U,2026-08-03 17:54:43,2026-08-04 22:57:25,제공,제공,제공,부착,제공,미제공,제공,가능
4691000,405,6540000,52180,사용,U,2026-08-21 08:46:35,2026-08-22 22:57:25,제공,제공,제공,부착,제공,미제공,제공,가능
4691000,406,6540000,52180,사용,U,2026-09-09 11:26:44,2026-09-10 22:57:25,제공,제공,제공,부착,제공,미제공,제공,가능
4691000,407,6540000,52180,사용,U,2026-08-03 17:54:55,2026-08-04 22:57:25,제공,제공,제공,부착,제공,미제공,제공,가능
4691000,408,6540000,52180,사용,U,2026-08-03 17:55:02,2026-08-04 22:57:25,제공,제공,제공,부착,제공,미제공,제공,가능
4691000,409,6540000,52180,사용,U,2026-08-03 17:52:22,2026-08-04 22:57:25,제공,제공,제공,부착,제공,미제공,제공,가능
4691000,410,6540000,52180,사용,U,2026-08-03 17:52:33,2026-08-04 22:57:25,제공,제공,제공,부착,제공,미제공,제공,가능
4691000,411,6540000,52180,사용,U,2026-09-09 11:27:16,2026-09-10 22:57:25,제공,제공,제공,부착,제공,미제공,제공,가능
4691000,412,6540000,52180,사용,U,2026-08-18 09:25:26,2026-08-19 22:57:25,제공,제공,제공,부착,제공,미제공,제공,가능
4691000,413,6540000,52180,사용,U,2026-07-09 09:30:11,2026-07-10 22:57:25,제공,제공,제공,부착,제공,미제공,제공,가능
4691000,414,6540000,52180,사용,U,2026-08-26 09:03:55,2026-08-27 22:57:25,제공,제공,제공,부착,제공,미제공,제공,가능
4691000,415,6540000,52180,사용,U,2026-07-06 09:22:26,2026-07-07 22:57:25,제공,제공,제공,부착,제공,미제공,제공,가능
4691000,416,6540000,52180,사용,U,2026-04-15 11:03:43,2026-04-16 03:03:03,제공,제공,제공,부착,제공,미제공,제공,가능
4691000,417,6540000,52180,사용,U,2026-08-11 15:03:02,2026-08-12 22:57:25,제공,제공,제공,부착,제공,미제공,제공,가능
4691000,418,6540000,52180,사용,U,2026-04-15 10:53:41,2026-04-16 03:03:03,제공,제공,제공,부착,제공,미제공,제공,가능
4691000,419,6540000,52180,사용,U,2026-04-15 11:03:09,2026-04-16 03:03:03,제공,제공,제공,부착,제공,미제공,제공,가능
4691000,501,6540000,52180,사용,U,2026-09-09 11:26:56,2026-09-10 22:57:25,제공,제공,제공,부착,제공,미제공,제공,가능
4691000,502,6540000,52180,사용,U,2026-08-03 17:55:43,2026-08-04 22:57:25,제공,제공,제공,부착,제공,미제공,제공,가능
4691000,503,6540000,52180,사용,U,2026-08-03 17:55:35,2026-08-04 22:57:25,제공,제공,제공,부착,제공,미제공,제공,가능
4701000,101,6540000,52190,사용,U,2026-03-23 13:24:31,2026-03-24 03:03:03,제공,제공,제공,부착,제공,미제공,제공,가능
4701000,102,6540000,52190,사용,U,2026-03-23 13:25:25,2026-03-24 03:03:03,제공,제공,제공,부착,제공,미제공,제공,가능
4701000,103,6540000,52190,사용,U,2026-07-28 12:42:24,2026-07-29 22:57:25,제공,제공,제공,부착,제공,미제공,제공,가능
4701000,201,6540000,52190,사용,U,2026-08-24 11:40:12,2026-08-25 22:57:25,제공,제공,제공,부착,제공,제공,제공,가능
4701000,202,6540000,52190,사용,U,2026-08-24 11:41:59,2026-08-25 22:57:25,제공,제공,제공,부착,제공,제공,제공,가능
4701000,203,6540000,52190,사용,U,2026-03-23 15:11:43,2026-03-24 03:03:03,제공,제공,제공,부착,제공,제공,제공,가능
4701000,204,6540000,52190,사용,U,2026-03-23 15:11:49,2026-03-24 03:03:03,제공,제공,제공,부착,제공,제공,제공,가능
4701000,401,6540000,52190,사용,U,2026-07-28 12:41:52,2026-07-29 22:57:25,제공,제공,제공,부착,제공,제공,제공,가능
4701000,402,6540000,52190,사용,U,2026-07-28 12:41:52,2026-07-29 22:57:25,제공,제공,제공,부착,제공,제공,제공,가능
4701000,403,6540000,52190,사용,U,2026-09-22 17:27:23,2026-09-23 22:57:25,제공,제공,제공,부착,제공,제공,제공,가능
4701000,404,6540000,52190,사용,U,2026-07-28 12:41:52,2026-07-29 22:57:25,제공,제공,제공,부착,제공,제공,제공,가능
4701000,405,6540000,52190,사용,U,2026-07-28 12:41:52,2026-07-29 22:57:25,제공,제공,제공,부착,제공,제공,제공,가능
4701000,406,6540000,52190,사용,U,2026-08-24 11:44:29,2026-08-25 22:57:25,제공,제공,제공,부착,제공,제공,제공,가능
4701000,407,6540000,52190,사용,U,2026-09-22 15:24:10,2026-09-23 22:57:25,제공,제공,제공,부착,제공,제공,제공,가능
4701000,408,6540000,52190,사용,U,2026-08-03 17:09:06,2026-08-04 22:57:25,제공,제공,제공,부착,제공,제공,제공,가능
4701000,409,6540000,52190,사용,U,2026-06-29 13:13:46,2026-06-30 22:57:25,제공,제공,제공,부착,제공,제공,제공,가능
4701000,410,6540000,52190,사용,U,2026-07-30 10:15:47,2026-07-31 22:57:25,제공,제공,제공,부착,제공,제공,제공,가능
4701000,411,6540000,52190,사용,U,2026-03-23 15:42:06,2026-03-24 03:03:03,제공,제공,제공,부착,제공,제공,제공,가능
4701000,501,6540000,52190,사용,U,2026-08-05 15:55:11,2026-08-06 22:57:25,제공,제공,제공,부착,제공,제공,제공,가능
4701000,502,6540000,52190,사용,U,2026-03-23 15:44:16,2026-03-24 03:03:03,제공,제공,제공,부착,제공,제공,제공,가능
4701000,503,6540000,52190,사용,U,2026-07-28 12:42:53,2026-07-29 22:57:25,제공,제공,제공,부착,제공,제공,제공,가능
4701000,504,6540000,52190,사용,U,2026-07-28 12:42:53,2026-07-29 22:57:25,제공,제공,제공,부착,제공,제공,제공,가능
4701000,505,6540000,52190,사용,U,2026-09-22 17:27:48,2026-09-23 22:57:25,제공,제공,제공,부착,제공,제공,제공,가능
4701000,506,6540000,52190,사용,U,2026-08-11 15:49:47,2026-08-12 22:57:25,제공,제공,제공,부착,제공,제공,제공,가능
4701000,507,6540000,52190,사용,U,2026-03-25 15:19:39,2026-03-26 03:03:03,제공,제공,제공,부착,제공,제공,제공,가능
4701000,508,6540000,52190,사용,U,2026-03-25 15:20:26,2026-03-26 03:03:03,제공,제공,제공,부착,제공,제공,제공,가능
4701000,509,6540000,52190,사용,U,2026-07-28 12:41:12,2026-07-29 22:57:25,제공,제공,제공,부착,제공,제공,제공,가능
4701000,510,6540000,52190,사용,U,2026-09-04 10:14:16,2026-09-05 22:57:25,제공,제공,제공,부착,제공,제공,제공,가능
4701000,511,6540000,52190,사용,U,2026-07-27 15:52:25,2026-07-28 22:57:25,제공,제공,제공,부착,제공,제공,제공,가능
4701000,512,6540000,52190,사용,U,2026-03-25 15:24:42,2026-03-26 03:03:03,제공,제공,제공,부착,제공,제공,제공,가능
4701000,513,6540000,52190,사용,U,2026-08-07 15:30:15,2026-08-08 22:57:25,제공,제공,제공,부착,제공,제공,제공,가능
4711000,401,6540000,52210,사용,U,2026-08-26 20:25:42,2026-08-27 22:57:38,제공,제공,제공,부착,제공,미제공,제공,가능
4711000,402,6540000,52210,사용,U,2026-08-26 20:24:40,2026-08-27 22:57:38,제공,제공,제공,부착,제공,미제공,제공,가능
4711000,403,6540000,52210,사용,U,2026-08-26 20:24:50,2026-08-27 22:57:38,제공,제공,제공,부착,제공,미제공,제공,가능
4711000,404,6540000,52210,사용,U,2026-08-26 20:24:56,2026-08-27 22:57:38,제공,제공,제공,부착,제공,미제공,제공,가능
4711000,405,6540000,52210,사용,U,2026-09-02 13:53:03,2026-09-03 22:57:40,제공,제공,제공,부착,제공,미제공,제공,가능
4711000,406,6540000,52210,사용,U,2026-09-02 13:53:25,2026-09-03 22:57:40,제공,제공,제공,부착,제공,미제공,제공,가능
4711000,407,6540000,52210,사용,U,2026-08-26 20:25:08,2026-08-27 22:57:38,제공,제공,제공,부착,제공,미제공,제공,가능
4711000,408,6540000,52210,사용,U,2026-08-26 20:25:15,2026-08-27 22:57:38,제공,제공,제공,부착,제공,미제공,제공,가능
4711000,409,6540000,52210,사용,U,2026-08-26 20:25:26,2026-08-27 22:57:38,제공,제공,제공,부착,제공,미제공,제공,가능
4711000,501,6540000,52210,사용,U,2026-09-04 14:29:22,2026-09-05 22:57:41,제공,제공,제공,부착,제공,미제공,제공,가능
4711000,502,6540000,52210,사용,U,2026-08-26 20:25:37,2026-08-27 22:57:38,제공,제공,제공,부착,제공,미제공,제공,가능
4711000,510,6540000,52210,사용,U,2026-08-26 20:25:50,2026-08-27 22:57:39,제공,제공,제공,부착,제공,미제공,제공,가능
4711000,511,6540000,52210,사용,U,2026-08-26 20:25:55,2026-08-27 22:57:39,제공,제공,제공,부착,제공,미제공,제공,가능
4711000,512,6540000,52210,사용,U,2026-08-26 20:26:01,2026-08-27 22:57:39,제공,제공,제공,부착,제공,미제공,제공,가능
4721000,302,6540000,52710,사용,U,2026-09-08 15:27:06,2026-09-09 22:57:25,제공,제공,제공,부착,제공,미제공,제공,가능
4721000,401,6540000,52710,사용,U,2026-09-08 15:28:32,2026-09-09 22:57:25,제공,제공,제공,부착,제공,미제공,제공,가능
4721000,501,6540000,52710,사용,U,2026-09-08 15:27:15,2026-09-09 22:57:25,제공,제공,제공,부착,제공,미제공,제공,가능
4721000,502,6540000,52710,사용,U,2026-09-08 15:27:38,2026-09-09 22:57:25,제공,제공,제공,부착,제공,미제공,제공,가능
4721000,503,6540000,52710,사용,U,2026-09-02 09:27:35,2026-09-03 22:57:25,제공,제공,제공,부착,제공,미제공,제공,가능
4721000,504,6540000,52710,사용,I,2026-02-26 09:48:33,2026-04-05 22:57:39,제공,제공,제공,부착,제공,미제공,제공,불가능
4721000,506,6540000,52710,사용,U,2026-09-08 15:28:00,2026-09-09 22:57:25,제공,제공,제공,부착,제공,미제공,제공,가능
4721000,507,6540000,52710,사용,U,2026-09-08 15:28:16,2026-09-09 22:57:25,제공,제공,제공,부착,제공,미제공,제공,가능
4721000,508,6540000,52710,사용,U,2026-09-08 15:28:22,2026-09-09 22:57:25,제공,제공,제공,부착,제공,미제공,제공,가능
4721000,509,6540000,52710,사용,U,2026-07-03 14:34:08,2026-07-04 22:57:25,제공,제공,제공,부착,제공,미제공,제공,불가능
4721000,510,6540000,52710,사용,I,2026-02-26 09:35:47,2026-04-05 22:57:46,제공,제공,제공,부착,제공,미제공,제공,가능
4721000,511,6540000,52710,사용,U,2026-08-21 15:04:55,2026-08-22 22:57:25,제공,제공,제공,부착,제공,미제공,제공,불가능
4721000,512,6540000,52710,사용,U,2026-07-01 10:46:18,2026-07-02 22:57:25,제공,제공,제공,부착,제공,미제공,제공,불가능
4721000,513,6540000,52710,사용,U,2026-09-09 13:29:50,2026-09-10 22:57:25,제공,제공,제공,부착,제공,미제공,제공,불가능
4721000,514,6540000,52710,사용,U,2026-07-03 16:56:36,2026-07-04 22:57:25,제공,제공,제공,부착,제공,미제공,제공,불가능
4721000,515,6540000,52710,사용,I,2026-02-26 09:57:30,2026-04-05 22:57:49,제공,제공,제공,부착,제공,미제공,제공,불가능
4721000,516,6540000,52710,사용,U,2026-05-21 10:00:23,2026-05-22 03:03:03,제공,제공,제공,부착,제공,미제공,제공,불가능
4731000,401,6540000,52720,사용,U,2026-09-07 15:28:05,2026-09-08 22:57:25,제공,제공,제공,부착,제공,미제공,제공,가능
4731000,402,6540000,52720,사용,U,2026-09-07 15:28:13,2026-09-08 22:57:25,제공,제공,제공,부착,제공,미제공,제공,가능
4731000,403,6540000,52720,사용,U,2026-09-07 15:28:22,2026-09-08 22:57:25,제공,제공,제공,부착,제공,미제공,제공,가능
4731000,404,6540000,52720,사용,U,2026-09-07 15:28:29,2026-09-08 22:57:25,제공,제공,제공,부착,제공,미제공,제공,가능
4731000,405,6540000,52720,사용,U,2026-09-07 15:28:36,2026-09-08 22:57:25,제공,제공,제공,부착,제공,미제공,제공,가능
4731000,406,6540000,52720,사용,U,2026-09-07 15:28:42,2026-09-08 22:57:25,제공,제공,제공,부착,제공,미제공,제공,가능
4731000,407,6540000,52720,사용,U,2026-09-07 15:28:50,2026-09-08 22:57:25,제공,제공,제공,부착,제공,미제공,제공,가능
4731000,408,6540000,52720,사용,U,2026-09-07 15:28:56,2026-09-08 22:57:25,제공,제공,제공,부착,제공,미제공,제공,가능
4731000,409,6540000,52720,사용,U,2026-09-07 15:29:03,2026-09-08 22:57:25,제공,제공,제공,부착,제공,미제공,제공,가능
4731000,410,6540000,52720,사용,U,2026-09-07 15:29:11,2026-09-08 22:57:25,제공,제공,제공,부착,제공,미제공,제공,가능
4731000,411,6540000,52720,사용,U,2026-09-07 15:29:21,2026-09-08 22:57:25,제공,제공,제공,부착,제공,미제공,제공,가능
4731000,412,6540000,52720,사용,U,2026-09-07 15:29:28,2026-09-08 22:57:25,제공,제공,제공,부착,제공,미제공,제공,가능
4731000,413,6540000,52720,사용,U,2026-09-07 15:29:37,2026-09-08 22:57:25,제공,제공,제공,부착,제공,미제공,제공,가능
4731000,414,6540000,52720,사용,U,2026-09-07 15:29:45,2026-09-08 22:57:25,제공,제공,제공,부착,제공,미제공,제공,가능
4731000,427,6540000,52720,사용,U,2026-09-07 15:29:57,2026-09-08 22:57:25,제공,제공,제공,부착,제공,미제공,제공,가능
4731000,439,6540000,52720,사용,U,2026-09-07 15:30:06,2026-09-08 22:57:25,제공,제공,제공,부착,제공,미제공,제공,가능
4731000,440,6540000,52720,사용,U,2026-09-07 15:30:15,2026-09-08 22:57:25,제공,제공,제공,부착,제공,미제공,제공,가능
4741000,401,6540000,52730,사용,U,2026-09-11 16:49:33,2026-09-12 22:57:25,제공,제공,제공,부착,제공,미제공,제공,가능
4741000,402,6540000,52730,사용,U,2026-09-11 17:27:49,2026-09-12 22:57:25,제공,제공,제공,부착,제공,미제공,제공,가능
4741000,403,6540000,52730,사용,U,2026-09-11 16:34:39,2026-09-12 22:57:25,제공,제공,제공,부착,제공,미제공,제공,가능
4741000,404,6540000,52730,사용,U,2026-09-11 17:27:58,2026-09-12 22:57:25,제공,제공,제공,부착,제공,미제공,제공,가능
4741000,405,6540000,52730,사용,U,2026-09-11 16:54:23,2026-09-12 22:57:25,제공,제공,제공,부착,제공,미제공,제공,가능
4741000,406,6540000,52730,사용,U,2026-09-11 17:11:47,2026-09-12 22:57:25,제공,제공,제공,부착,제공,미제공,제공,가능
4741000,407,6540000,52730,사용,U,2026-09-11 17:11:56,2026-09-12 22:57:25,제공,제공,제공,부착,제공,미제공,제공,가능
4741000,408,6540000,52730,사용,U,2026-09-11 17:12:08,2026-09-12 22:57:25,제공,제공,제공,부착,제공,미제공,제공,가능
4741000,409,6540000,52730,사용,U,2026-09-11 17:12:25,2026-09-12 22:57:25,제공,제공,제공,부착,제공,미제공,제공,가능
4751000,401,6540000,52740,사용,U,2026-07-28 20:50:41,2026-07-29 22:57:25,제공,제공,제공,부착,제공,제공,제공,가능
4751000,402,6540000,52740,사용,U,2026-04-07 13:37:59,2026-04-08 03:03:03,제공,제공,제공,부착,제공,제공,제공,가능
4751000,403,6540000,52740,사용,U,2026-05-19 14:51:48,2026-05-20 03:03:03,제공,제공,제공,부착,제공,제공,제공,가능
4751000,404,6540000,52740,사용,U,2026-04-14 10:56:00,2026-04-15 03:03:03,제공,제공,제공,부착,제공,제공,제공,가능
4751000,405,6540000,52740,사용,U,2026-04-14 10:55:25,2026-04-15 03:03:03,제공,제공,제공,부착,제공,제공,제공,가능
4751000,501,6540000,52740,사용,U,2026-04-14 10:54:28,2026-04-15 03:03:03,제공,제공,제공,부착,제공,제공,제공,가능
4751000,502,6540000,52740,사용,U,2026-07-28 20:50:29,2026-07-29 22:57:25,제공,제공,제공,부착,제공,제공,제공,가능
4751000,503,6540000,52740,사용,U,2026-04-14 10:55:14,2026-04-15 03:03:03,제공,제공,제공,부착,제공,제공,제공,가능
4761000,101,6540000,52750,사용,I,2026-01-23 09:22:06,2026-01-24 23:00:00,제공,제공,제공,부착,제공,미제공,제공,가능
4761000,501,6540000,52750,사용,I,2026-01-23 09:22:45,2026-01-24 23:00:00,제공,제공,제공,부착,제공,미제공,제공,가능
4761000,503,6540000,52750,사용,I,2026-01-23 09:23:21,2026-01-24 23:00:00,제공,제공,제공,부착,제공,미제공,제공,가능
4761000,504,6540000,52750,사용,I,2026-01-23 09:24:42,2026-01-24 23:00:00,제공,제공,제공,부착,제공,미제공,제공,가능
4771000,404,6540000,52770,사용,U,2026-09-30 15:53:36,2026-10-01 22:57:25,제공,제공,제공,부착,제공,미제공,제공,불가능
4771000,405,6540000,52770,사용,I,2026-02-02 00:00:59,2026-04-05 22:57:38,제공,제공,제공,부착,제공,제공,제공,가능
4771000,406,6540000,52770,사용,I,2026-03-17 20:53:12,2026-04-05 22:57:38,제공,제공,제공,부착,제공,미제공,제공,불가능
4771000,407,6540000,52770,사용,U,2026-09-30 15:56:40,2026-10-01 22:57:25,제공,제공,제공,부착,제공,미제공,제공,불가능
4771000,408,6540000,52770,사용,I,2024-01-17 21:08:45,2026-04-05 22:57:40,제공,제공,제공,부착,제공,미제공,제공,가능
4771000,409,6540000,52770,사용,I,2026-03-17 20:53:50,2026-04-05 22:57:42,제공,제공,제공,부착,제공,미제공,제공,불가능
4771000,410,6540000,52770,사용,U,2026-07-14 16:51:51,2026-07-15 22:57:25,제공,제공,제공,부착,제공,미제공,제공,불가능
4771000,411,6540000,52770,사용,U,2026-05-08 17:01:09,2026-05-09 03:03:03,제공,제공,제공,부착,제공,제공,제공,가능
4781000,401,6540000,52790,사용,U,2026-08-27 10:18:32,2026-08-28 22:57:25,제공,제공,제공,부착,제공,미제공,제공,가능
4781000,402,6540000,52790,사용,U,2026-08-27 10:18:55,2026-08-28 22:57:25,제공,제공,제공,부착,제공,미제공,제공,가능
4781000,403,6540000,52790,사용,U,2026-08-27 10:19:03,2026-08-28 22:57:25,제공,제공,제공,부착,제공,미제공,제공,가능
4781000,404,6540000,52790,사용,U,2026-08-27 10:19:10,2026-08-28 22:57:25,제공,제공,제공,부착,제공,미제공,제공,가능
4781000,405,6540000,52790,사용,U,2026-08-27 10:19:18,2026-08-28 22:57:25,제공,제공,제공,부착,제공,제공,제공,가능
4781000,406,6540000,52790,사용,U,2026-07-19 15:39:20,2026-07-20 22:57:25,제공,제공,제공,부착,제공,제공,제공,가능
4781000,501,6540000,52790,사용,U,2026-08-27 10:19:31,2026-08-28 22:57:25,제공,제공,제공,부착,제공,미제공,제공,가능
4781000,502,6540000,52790,사용,U,2026-08-27 10:19:39,2026-08-28 22:57:25,제공,제공,제공,부착,제공,미제공,제공,가능
4781000,503,6540000,52790,사용,U,2026-08-27 10:19:46,2026-08-28 22:57:25,제공,제공,제공,부착,제공,미제공,제공,가능
4781000,504,6540000,52790,사용,U,2026-08-27 10:19:54,2026-08-28 22:57:25,제공,제공,제공,부착,제공,미제공,제공,가능
4791000,401,6540000,52800,사용,U,2026-08-07 13:40:07,2026-08-08 22:57:25,제공,제공,제공,부착,제공,제공,제공,가능
4791000,402,6540000,52800,사용,U,2026-08-07 13:40:07,2026-08-08 22:57:25,제공,제공,제공,부착,제공,제공,제공,가능
4791000,403,6540000,52800,사용,U,2026-08-07 13:40:07,2026-08-08 22:57:25,제공,제공,제공,부착,제공,제공,제공,가능
4791000,404,6540000,52800,사용,U,2026-08-24 11:26:01,2026-08-25 22:57:25,제공,제공,제공,부착,제공,제공,제공,가능
4791000,405,6540000,52800,사용,U,2026-08-24 11:26:08,2026-08-25 22:57:25,제공,제공,제공,부착,제공,제공,제공,가능
4791000,406,6540000,52800,사용,U,2026-08-24 11:26:15,2026-08-25 22:57:25,제공,제공,제공,부착,제공,제공,제공,가능
4791000,407,6540000,52800,사용,U,2026-08-24 11:26:21,2026-08-25 22:57:25,제공,제공,제공,부착,제공,제공,제공,가능
4791000,408,6540000,52800,사용,U,2026-08-24 11:26:33,2026-08-25 22:57:25,제공,제공,제공,부착,제공,제공,제공,가능
4791000,409,6540000,52800,사용,U,2026-08-24 11:28:42,2026-08-25 22:57:25,제공,제공,제공,부착,제공,제공,제공,가능
4791000,410,6540000,52800,사용,U,2026-08-24 11:26:41,2026-08-25 22:57:25,제공,제공,제공,부착,제공,제공,제공,가능
4791000,411,6540000,52800,사용,U,2026-08-24 11:28:52,2026-08-25 22:57:25,제공,제공,제공,부착,제공,제공,제공,가능
4791000,412,6540000,52800,사용,U,2026-08-24 11:26:47,2026-08-25 22:57:25,제공,제공,제공,부착,제공,제공,제공,가능
4791000,413,6540000,52800,사용,U,2026-08-24 11:26:53,2026-08-25 22:57:25,제공,제공,제공,부착,제공,제공,제공,가능
4791000,414,6540000,52800,사용,U,2026-08-24 11:26:58,2026-08-25 22:57:25,제공,제공,제공,부착,제공,제공,제공,가능
4791000,415,6540000,52800,사용,U,2026-08-24 11:27:03,2026-08-25 22:57:25,제공,제공,제공,부착,제공,제공,제공,가능
4791000,416,6540000,52800,사용,U,2026-08-24 11:28:59,2026-08-25 22:57:25,제공,제공,제공,부착,제공,제공,제공,가능
5020000,123,6470000,47113,사용,U,2026-08-25 14:29:26,2026-08-26 22:27:25,제공,제공,제공,부착,제공,미제공,제공,가능
5020000,124,6470000,47113,사용,U,2026-08-25 14:29:35,2026-08-26 22:27:25,제공,제공,제공,부착,제공,미제공,제공,가능
5020000,125,6470000,47113,사용,U,2026-08-25 14:29:43,2026-08-26 22:27:25,제공,제공,제공,부착,제공,미제공,제공,가능
5020000,401,6470000,47111,사용,U,2026-08-25 14:36:24,2026-08-26 22:27:25,제공,제공,제공,부착,제공,미제공,제공,가능
5020000,404,6470000,47111,사용,U,2026-08-25 14:36:30,2026-08-26 22:27:25,제공,제공,제공,부착,제공,미제공,제공,가능
5020000,406,6470000,47111,사용,U,2026-08-03 14:45:47,2026-08-04 22:27:25,제공,제공,제공,부착,제공,미제공,제공,불가능
5020000,407,6470000,47111,사용,I,2026-02-02 09:26:00,2026-02-03 22:27:25,제공,제공,제공,부착,제공,미제공,제공,가능
5020000,408,6470000,47111,사용,U,2026-08-25 14:36:46,2026-08-26 22:27:25,제공,제공,제공,부착,제공,미제공,제공,가능
5020000,411,6470000,47113,사용,U,2026-08-25 14:36:59,2026-08-26 22:27:25,제공,제공,제공,부착,제공,미제공,제공,가능
5020000,412,6470000,47111,사용,I,2026-02-05 08:52:19,2026-02-06 22:27:25,제공,제공,제공,부착,제공,미제공,제공,가능
5020000,413,6470000,47113,사용,I,2026-02-02 10:03:57,2026-02-03 22:27:25,제공,제공,제공,부착,제공,미제공,제공,가능
5020000,414,6470000,47113,사용,U,2026-07-30 17:51:20,2026-07-31 22:27:25,제공,제공,제공,부착,제공,미제공,제공,불가능
5020000,415,6470000,47111,사용,U,2026-08-25 14:44:59,2026-08-26 22:27:25,제공,제공,제공,부착,제공,미제공,제공,가능
5020000,416,6470000,47111,사용,U,2026-08-25 14:38:53,2026-08-26 22:27:25,제공,제공,제공,부착,제공,미제공,제공,가능
5020000,417,6470000,47113,사용,U,2026-08-25 14:39:00,2026-08-26 22:27:25,제공,제공,제공,부착,제공,미제공,제공,가능
5020000,418,6470000,47113,사용,I,2026-02-02 09:48:01,2026-02-03 22:27:25,제공,제공,제공,부착,제공,미제공,제공,가능
5020000,419,6470000,47113,사용,U,2026-08-25 14:39:13,2026-08-26 22:27:25,제공,제공,제공,부착,제공,미제공,제공,가능
5020000,421,6470000,47111,사용,U,2026-08-03 14:45:47,2026-08-04 22:27:25,제공,제공,제공,부착,제공,미제공,제공,불가능
5020000,422,6470000,47113,사용,U,2026-08-25 14:39:47,2026-08-26 22:27:25,제공,제공,제공,부착,제공,미제공,제공,가능
5020000,423,6470000,47113,사용,U,2026-08-25 14:39:56,2026-08-26 22:27:25,제공,제공,제공,부착,제공,미제공,제공,가능
5020000,424,6470000,47113,사용,U,2026-05-13 10:25:04,2026-05-14 03:03:03,제공,제공,제공,부착,제공,미제공,제공,불가능
5020000,425,6470000,47111,사용,U,2026-08-25 14:40:09,2026-08-26 22:27:25,제공,제공,제공,부착,제공,미제공,제공,가능
5020000,426,6470000,47113,사용,U,2026-08-24 15:39:41,2026-08-25 22:27:25,제공,제공,제공,부착,제공,미제공,제공,가능
5020000,427,6470000,47111,사용,U,2026-08-25 14:40:22,2026-08-26 22:27:25,제공,제공,제공,부착,제공,미제공,제공,가능
5020000,429,6470000,47111,사용,U,2026-08-25 14:41:38,2026-08-26 22:27:25,제공,제공,제공,부착,제공,미제공,제공,가능
5020000,430,6470000,47113,사용,I,2026-02-02 10:02:27,2026-02-03 22:27:25,제공,제공,제공,부착,제공,미제공,제공,가능
5020000,431,6470000,47111,사용,U,2026-08-25 14:41:53,2026-08-26 22:27:25,제공,제공,제공,부착,제공,미제공,제공,가능
5020000,432,6470000,47111,사용,U,2026-08-25 14:42:09,2026-08-26 22:27:25,제공,제공,제공,부착,제공,미제공,제공,가능
5020000,433,6470000,47113,사용,U,2026-08-25 14:42:20,2026-08-26 22:27:25,제공,제공,제공,부착,제공,미제공,제공,가능
5020000,434,6470000,47111,사용,U,2026-08-25 14:42:27,2026-08-26 22:27:25,제공,제공,제공,부착,제공,미제공,제공,가능
5020000,435,6470000,47113,사용,U,2026-08-25 14:42:37,2026-08-26 22:27:25,제공,제공,제공,부착,제공,미제공,제공,가능
5020000,436,6470000,47113,사용,U,2026-08-25 14:42:44,2026-08-26 22:27:25,제공,제공,제공,부착,제공,미제공,제공,가능
5020000,437,6470000,47111,사용,I,2026-02-05 08:52:19,2026-02-06 22:27:25,제공,제공,제공,부착,제공,미제공,제공,가능
5020000,438,6470000,47111,사용,I,2026-02-05 13:44:50,2026-02-06 22:27:25,제공,제공,제공,부착,제공,미제공,제공,가능
5020000,501,6470000,47111,사용,U,2026-07-30 09:07:45,2026-07-31 22:27:25,제공,제공,제공,부착,제공,미제공,제공,불가능
5020000,502,6470000,47113,사용,I,2026-02-02 09:19:47,2026-02-03 22:27:25,제공,제공,제공,부착,제공,미제공,제공,불가능
5020000,503,6470000,47113,사용,U,2026-08-24 15:47:34,2026-08-25 22:27:25,제공,제공,제공,부착,제공,미제공,제공,가능
5020000,504,6470000,47111,사용,U,2026-09-10 13:20:11,2026-09-11 22:27:25,제공,제공,제공,부착,제공,제공,제공,가능
5020000,505,6470000,47111,사용,U,2026-08-25 14:31:37,2026-08-26 22:27:25,제공,제공,제공,부착,제공,미제공,제공,가능
5020000,506,6470000,47111,사용,U,2026-09-10 13:23:24,2026-09-11 22:27:25,제공,제공,제공,부착,제공,미제공,제공,가능
5020000,507,6470000,47111,사용,U,2026-08-25 14:32:08,2026-08-26 22:27:25,제공,제공,제공,부착,제공,미제공,제공,가능
5020000,508,6470000,47113,사용,U,2026-07-30 09:28:39,2026-07-31 22:27:25,제공,제공,제공,부착,제공,미제공,제공,가능
5020000,509,6470000,47111,사용,I,2026-02-02 09:40:56,2026-02-03 22:27:25,제공,제공,제공,부착,제공,미제공,제공,가능
5020000,510,6470000,47113,사용,I,2026-02-27 10:39:35,2026-02-28 22:27:28,제공,제공,제공,부착,제공,미제공,제공,가능
5020000,511,6470000,47113,사용,U,2026-08-25 14:29:56,2026-08-26 22:27:25,제공,제공,제공,부착,제공,미제공,제공,가능
5020000,512,6470000,47113,사용,U,2026-08-24 15:55:10,2026-08-25 22:27:25,제공,제공,제공,부착,제공,미제공,제공,가능
5020000,513,6470000,47113,사용,I,2026-02-02 09:58:10,2026-02-03 22:27:25,제공,제공,제공,부착,제공,미제공,제공,불가능
5020000,514,6470000,47113,사용,U,2026-08-25 14:30:08,2026-08-26 22:27:25,제공,제공,제공,부착,제공,미제공,제공,가능
5020000,515,6470000,47111,사용,U,2026-08-25 14:32:36,2026-08-26 22:27:25,제공,제공,제공,부착,제공,미제공,제공,가능
5020000,516,6470000,47113,사용,U,2026-08-25 14:32:50,2026-08-26 22:27:25,제공,제공,제공,부착,제공,미제공,제공,가능
5020000,517,6470000,47113,사용,U,2026-08-25 14:30:17,2026-08-26 22:27:25,제공,제공,제공,부착,제공,미제공,제공,가능
5020000,518,6470000,47111,사용,U,2026-09-10 13:20:35,2026-09-11 22:27:25,제공,제공,제공,부착,제공,미제공,제공,가능
5020000,519,6470000,47111,사용,U,2026-08-25 14:34:40,2026-08-26 22:27:25,제공,제공,제공,부착,제공,미제공,제공,가능
5020000,520,6470000,47111,사용,U,2026-08-25 14:30:25,2026-08-26 22:27:25,제공,제공,제공,부착,제공,미제공,제공,가능
5020000,521,6470000,47113,사용,U,2026-08-03 09:49:35,2026-08-04 22:27:25,제공,제공,제공,부착,제공,미제공,제공,가능
5020000,522,6470000,47113,사용,I,2026-02-02 09:49:27,2026-02-03 22:27:25,제공,제공,제공,부착,제공,미제공,제공,가능
5020000,523,6470000,47111,사용,I,2026-01-19 16:05:31,2026-01-20 22:27:25,제공,제공,제공,부착,제공,미제공,제공,가능
5050000,401,6470000,47130,사용,U,2026-09-16 11:12:31,2026-09-17 21:57:25,제공,제공,제공,부착,제공,미제공,제공,가능
5050000,402,6470000,47130,사용,U,2026-08-26 11:24:30,2026-08-27 21:57:25,제공,제공,제공,부착,제공,미제공,제공,가능
5050000,404,6470000,47130,사용,U,2026-08-26 11:24:52,2026-08-27 21:57:25,제공,제공,제공,부착,제공,미제공,제공,가능
5050000,405,6470000,47130,사용,U,2026-08-26 11:25:45,2026-08-27 21:57:25,제공,제공,제공,부착,제공,미제공,제공,가능
5050000,406,6470000,47130,사용,U,2026-08-26 11:27:31,2026-08-27 21:57:25,제공,제공,제공,부착,제공,미제공,제공,가능
5050000,407,6470000,47130,사용,U,2026-09-14 17:00:16,2026-09-15 21:57:25,제공,제공,제공,부착,제공,미제공,제공,가능
5050000,409,6470000,47130,사용,U,2026-08-26 11:28:03,2026-08-27 21:57:25,제공,제공,제공,부착,제공,미제공,제공,가능
5050000,410,6470000,47130,사용,U,2026-08-26 11:28:16,2026-08-27 21:57:25,제공,제공,제공,부착,제공,미제공,제공,가능
5050000,411,6470000,47130,사용,U,2026-08-26 11:28:29,2026-08-27 21:57:25,제공,제공,제공,부착,제공,미제공,제공,가능
5050000,412,6470000,47130,사용,U,2026-08-26 11:28:49,2026-08-27 21:57:25,제공,제공,제공,부착,제공,미제공,제공,가능
5050000,413,6470000,47130,사용,U,2026-08-26 11:55:57,2026-08-27 21:57:25,제공,제공,제공,부착,제공,미제공,제공,가능
5050000,414,6470000,47130,사용,U,2026-08-26 11:56:11,2026-08-27 21:57:26,제공,제공,제공,부착,제공,미제공,제공,가능
5050000,415,6470000,47130,사용,U,2026-08-26 11:56:21,2026-08-27 21:57:26,제공,제공,제공,부착,제공,미제공,제공,가능
5050000,416,6470000,47130,사용,U,2026-08-26 11:56:34,2026-08-27 21:57:26,제공,제공,제공,부착,제공,미제공,제공,가능
5050000,418,6470000,47130,사용,U,2026-08-26 11:56:45,2026-08-27 21:57:26,제공,제공,제공,부착,제공,미제공,제공,가능
5050000,419,6470000,47130,사용,U,2026-06-17 09:34:31,2026-06-18 21:57:25,제공,제공,제공,부착,제공,미제공,제공,가능
5050000,420,6470000,47130,사용,I,2026-08-13 15:06:55,2026-08-14 21:57:27,제공,제공,제공,부착,제공,미제공,제공,가능
5050000,501,6470000,47130,사용,U,2026-08-26 11:30:46,2026-08-27 21:57:26,제공,제공,제공,부착,제공,미제공,제공,가능
5050000,502,6470000,47130,사용,I,2026-03-03 13:11:06,2026-03-04 21:57:28,제공,제공,제공,부착,제공,미제공,제공,가능
5050000,503,6470000,47130,사용,U,2026-08-26 11:30:58,2026-08-27 21:57:26,제공,제공,제공,부착,제공,미제공,제공,가능
5050000,504,6470000,47130,사용,U,2026-08-26 11:31:17,2026-08-27 21:57:26,제공,제공,제공,부착,제공,미제공,제공,가능
5050000,505,6470000,47130,사용,U,2026-08-26 11:28:43,2026-08-27 21:57:26,제공,제공,제공,부착,제공,미제공,제공,가능
5050000,506,6470000,47130,사용,U,2026-09-04 09:14:51,2026-09-05 21:57:25,제공,제공,제공,부착,제공,미제공,제공,가능
5050000,507,6470000,47130,사용,U,2026-08-26 11:32:21,2026-08-27 21:57:26,제공,제공,제공,부착,제공,미제공,제공,가능
5050000,508,6470000,47130,사용,U,2026-08-26 11:33:59,2026-08-27 21:57:26,제공,제공,제공,부착,제공,미제공,제공,가능
5050000,509,6470000,47130,사용,U,2026-08-26 11:34:23,2026-08-27 21:57:26,제공,제공,제공,부착,제공,미제공,제공,가능
5050000,510,6470000,47130,사용,U,2026-08-26 11:34:33,2026-08-27 21:57:26,제공,제공,제공,부착,제공,미제공,제공,가능
5050000,511,6470000,47130,사용,U,2026-08-26 11:34:55,2026-08-27 21:57:26,제공,제공,제공,부착,제공,미제공,제공,가능
5050000,512,6470000,47130,사용,U,2026-08-26 11:35:08,2026-08-27 21:57:26,제공,제공,제공,부착,제공,미제공,제공,가능
5050000,513,6470000,47130,사용,U,2026-08-26 11:35:20,2026-08-27 21:57:26,제공,제공,제공,부착,제공,미제공,제공,가능
5050000,514,6470000,47130,사용,U,2026-08-26 11:35:33,2026-08-27 21:57:26,제공,제공,제공,부착,제공,미제공,제공,가능
5050000,515,6470000,47130,사용,U,2026-09-04 09:15:06,2026-09-05 21:57:25,제공,제공,제공,부착,제공,미제공,제공,가능
5050000,516,6470000,47130,사용,U,2026-08-26 11:59:41,2026-08-27 21:57:26,제공,제공,제공,부착,제공,미제공,제공,가능
5050000,517,6470000,47130,사용,U,2026-08-26 11:59:51,2026-08-27 21:57:26,제공,제공,제공,부착,제공,미제공,제공,가능
5050000,518,6470000,47130,사용,U,2026-08-26 12:00:02,2026-08-27 21:57:26,제공,제공,제공,부착,제공,미제공,제공,가능
5050000,519,6470000,47130,사용,U,2026-08-26 12:00:13,2026-08-27 21:57:26,제공,제공,제공,부착,제공,미제공,제공,가능
5050000,520,6470000,47130,사용,U,2026-09-04 09:14:33,2026-09-05 21:57:25,제공,제공,제공,부착,제공,미제공,제공,가능
5050000,521,6470000,47130,사용,U,2026-08-26 12:00:35,2026-08-27 21:57:26,제공,제공,제공,부착,제공,미제공,제공,가능
5050000,522,6470000,47130,사용,U,2026-08-26 11:37:27,2026-08-27 21:57:26,제공,제공,제공,부착,제공,미제공,제공,가능
5060000,301,6470000,47150,사용,U,2026-08-21 15:04:08,2026-08-22 21:57:25,제공,제공,제공,부착,제공,제공,제공,가능
5060000,302,6470000,47150,사용,U,2026-08-21 15:04:19,2026-08-22 21:57:25,제공,제공,제공,부착,제공,제공,제공,가능
5060000,303,6470000,47150,사용,U,2026-07-24 13:22:27,2026-07-25 21:57:25,제공,제공,제공,부착,제공,미제공,제공,가능
5060000,304,6470000,47150,사용,U,2026-08-21 15:14:33,2026-08-22 21:57:25,제공,제공,제공,부착,제공,미제공,제공,가능
5060000,402,6470000,47150,사용,U,2026-06-11 15:57:47,2026-06-12 21:57:25,제공,제공,제공,부착,제공,미제공,제공,가능
5060000,403,6470000,47150,사용,U,2026-08-21 15:14:58,2026-08-22 21:57:25,제공,제공,제공,부착,제공,미제공,제공,가능
5060000,404,6470000,47150,사용,U,2026-08-21 15:15:11,2026-08-22 21:57:25,제공,제공,제공,부착,제공,미제공,제공,가능
5060000,405,6470000,47150,사용,U,2026-08-21 15:15:42,2026-08-22 21:57:25,제공,제공,제공,부착,제공,미제공,제공,가능
5060000,406,6470000,47150,사용,U,2026-08-21 15:15:54,2026-08-22 21:57:25,제공,제공,제공,부착,제공,미제공,제공,가능
5060000,407,6470000,47150,사용,U,2026-08-19 11:19:41,2026-08-20 21:57:25,제공,제공,제공,부착,제공,제공,제공,가능
5060000,408,6470000,47150,사용,U,2026-08-21 15:23:57,2026-08-22 21:57:25,제공,제공,제공,부착,제공,미제공,제공,가능
5060000,409,6470000,47150,사용,U,2026-08-19 13:55:39,2026-08-20 21:57:25,제공,제공,제공,부착,제공,미제공,제공,가능
5060000,410,6470000,47150,사용,U,2026-06-11 15:59:45,2026-06-12 21:57:25,제공,제공,제공,부착,제공,미제공,제공,가능
5060000,411,6470000,47150,사용,U,2026-07-24 13:22:44,2026-07-25 21:57:25,제공,제공,제공,부착,제공,미제공,제공,가능
5060000,412,6470000,47150,사용,U,2026-07-01 10:13:51,2026-07-02 21:57:25,제공,제공,제공,부착,제공,미제공,제공,가능
5060000,413,6470000,47150,사용,U,2026-08-19 13:57:20,2026-08-20 21:57:25,제공,제공,제공,부착,제공,미제공,제공,가능
5060000,414,6470000,47150,사용,U,2026-08-21 15:26:00,2026-08-22 21:57:25,제공,제공,제공,부착,제공,미제공,제공,가능
5060000,415,6470000,47150,사용,U,2026-06-11 16:01:12,2026-06-12 21:57:25,제공,제공,제공,부착,제공,미제공,제공,가능
5060000,416,6470000,47150,사용,U,2026-06-11 16:01:39,2026-06-12 21:57:25,제공,제공,제공,부착,제공,미제공,제공,가능
5060000,417,6470000,47150,사용,U,2026-08-21 15:27:00,2026-08-22 21:57:25,제공,제공,제공,부착,제공,제공,제공,가능
5060000,418,6470000,47150,사용,U,2026-08-05 17:31:51,2026-08-06 21:57:25,제공,제공,제공,부착,제공,미제공,제공,가능
5060000,419,6470000,47150,사용,U,2026-08-19 17:07:05,2026-08-20 21:57:25,제공,제공,제공,부착,제공,제공,제공,가능
5060000,420,6470000,47150,사용,U,2026-08-19 17:06:51,2026-08-20 21:57:25,제공,제공,제공,부착,제공,제공,제공,가능
5060000,421,6470000,47150,사용,U,2026-08-19 13:56:31,2026-08-20 21:57:25,제공,제공,제공,부착,제공,제공,제공,가능
5060000,422,6470000,47150,사용,U,2026-08-21 15:27:34,2026-08-22 21:57:25,제공,제공,제공,부착,제공,미제공,제공,가능
5060000,423,6470000,47150,사용,U,2026-07-24 13:24:24,2026-07-25 21:57:25,제공,제공,제공,부착,제공,미제공,제공,가능
5060000,424,6470000,47150,사용,U,2026-08-05 17:32:08,2026-08-06 21:57:25,제공,제공,제공,부착,제공,제공,제공,가능
5060000,425,6470000,47150,사용,U,2026-08-21 15:28:00,2026-08-22 21:57:25,제공,제공,제공,부착,제공,제공,제공,가능
5070000,401,6470000,47170,사용,U,2026-08-19 16:23:03,2026-08-20 21:57:25,제공,제공,제공,부착,제공,미제공,제공,가능
5070000,402,6470000,47170,사용,I,2026-04-01 16:57:13,2026-05-14 21:57:25,제공,제공,제공,부착,제공,미제공,제공,가능
5070000,403,6470000,47170,사용,I,2026-04-01 16:59:05,2026-05-14 21:57:25,제공,제공,제공,부착,제공,미제공,제공,가능
5070000,404,6470000,47170,사용,I,2026-01-27 10:26:11,2026-05-14 21:57:25,제공,제공,제공,부착,제공,미제공,제공,불가능
5070000,405,6470000,47170,사용,I,2026-04-01 16:56:16,2026-05-14 21:57:25,제공,제공,제공,부착,제공,제공,제공,가능
5070000,406,6470000,47170,사용,I,2026-04-01 16:58:02,2026-05-14 21:57:25,제공,제공,제공,부착,제공,미제공,제공,가능
5070000,407,6470000,47170,사용,I,2026-04-01 16:57:43,2026-05-14 21:57:25,제공,제공,제공,부착,제공,미제공,제공,가능
5070000,408,6470000,47170,사용,I,2026-04-01 17:07:41,2026-05-14 21:57:26,제공,제공,제공,부착,제공,제공,제공,가능
5070000,409,6470000,47170,사용,I,2026-04-01 17:02:49,2026-05-14 21:57:26,제공,제공,제공,부착,제공,제공,제공,가능
5070000,410,6470000,47170,사용,U,2026-05-13 15:50:14,2026-05-14 03:03:03,제공,제공,제공,부착,제공,미제공,제공,가능
5070000,411,6470000,47170,사용,I,2026-04-01 17:04:50,2026-05-14 21:57:26,제공,제공,제공,부착,제공,미제공,제공,가능
5070000,412,6470000,47170,사용,I,2026-04-01 17:02:33,2026-05-14 21:57:26,제공,제공,제공,부착,제공,미제공,제공,가능
5070000,413,6470000,47170,사용,U,2026-08-19 16:23:18,2026-08-20 21:57:25,제공,제공,제공,부착,제공,미제공,제공,가능
5070000,414,6470000,47170,사용,I,2026-04-01 17:02:12,2026-05-14 21:57:26,제공,제공,제공,부착,제공,미제공,제공,가능
5070000,415,6470000,47170,사용,U,2026-08-31 15:32:27,2026-09-01 21:57:25,제공,제공,제공,부착,제공,미제공,제공,가능
5070000,416,6470000,47170,사용,I,2026-04-01 17:07:56,2026-05-14 21:57:26,제공,제공,제공,부착,제공,미제공,제공,가능
5070000,417,6470000,47170,사용,I,2026-04-01 17:06:37,2026-05-14 21:57:27,제공,제공,제공,부착,제공,미제공,제공,가능
5070000,418,6470000,47170,사용,U,2026-07-13 15:45:25,2026-07-14 21:57:25,제공,제공,제공,부착,제공,미제공,제공,가능
5070000,419,6470000,47170,사용,U,2026-08-31 15:33:00,2026-09-01 21:57:25,제공,제공,제공,부착,제공,미제공,제공,가능
5070000,420,6470000,47170,사용,I,2026-04-01 16:58:25,2026-05-14 21:57:27,제공,제공,제공,부착,제공,미제공,제공,가능
5070000,421,6470000,47170,사용,I,2026-04-01 16:59:47,2026-05-14 21:57:27,제공,제공,제공,부착,제공,미제공,제공,가능
5070000,422,6470000,47170,사용,I,2026-04-01 16:56:33,2026-05-14 21:57:27,제공,제공,제공,부착,제공,미제공,제공,가능
5070000,423,6470000,47170,사용,U,2026-08-19 16:52:09,2026-08-20 21:57:25,제공,제공,제공,부착,제공,미제공,제공,가능
5070000,424,6470000,47170,사용,U,2026-08-19 16:51:57,2026-08-20 21:57:25,제공,제공,제공,부착,제공,미제공,제공,가능
5070000,425,6470000,47170,사용,I,2026-04-01 17:06:53,2026-05-14 21:57:27,제공,제공,제공,부착,제공,미제공,제공,가능
5070000,426,6470000,47170,사용,I,2026-04-01 16:54:57,2026-05-14 21:57:28,제공,제공,제공,부착,제공,미제공,제공,가능
5070000,427,6470000,47170,사용,I,2026-01-27 16:31:02,2026-05-14 21:57:28,제공,제공,제공,부착,제공,제공,제공,가능
5070000,428,6470000,47170,사용,I,2025-10-22 17:38:51,2026-05-14 21:57:28,제공,제공,제공,부착,제공,제공,제공,가능
5070000,429,6470000,47170,사용,I,2026-01-27 16:31:47,2026-05-14 21:57:28,제공,제공,제공,부착,제공,제공,제공,가능
5070000,430,6470000,47170,사용,U,2026-07-13 15:44:50,2026-07-14 21:57:25,제공,제공,제공,부착,제공,제공,제공,가능
5070000,431,6470000,47170,사용,I,2026-01-27 16:32:56,2026-05-14 21:57:28,제공,제공,제공,부착,제공,제공,제공,가능
5070000,432,6470000,47170,사용,U,2026-07-13 15:44:32,2026-07-14 21:57:25,제공,제공,제공,부착,제공,제공,제공,가능
5070000,433,6470000,47170,사용,I,2026-04-01 16:52:30,2026-05-14 21:57:28,제공,제공,제공,부착,제공,제공,제공,가능
5070000,434,6470000,47170,사용,I,2026-01-27 16:48:34,2026-05-14 21:57:28,제공,제공,제공,부착,제공,제공,제공,가능
5070000,435,6470000,47170,사용,U,2026-08-19 16:24:58,2026-08-20 21:57:25,제공,제공,제공,부착,제공,미제공,제공,가능
5080000,301,6470000,47190,사용,U,2026-08-26 17:41:17,2026-08-27 21:57:25,제공,제공,제공,부착,제공,제공,제공,가능
5080000,303,6470000,47190,사용,U,2026-08-26 17:43:27,2026-08-27 21:57:25,제공,제공,제공,부착,제공,제공,제공,가능
5080000,401,6470000,47190,사용,U,2026-08-26 17:44:34,2026-08-27 21:57:25,제공,제공,제공,부착,제공,제공,제공,가능
5080000,402,6470000,47190,사용,U,2026-08-26 17:48:09,2026-08-27 21:57:25,제공,제공,제공,부착,제공,제공,제공,가능
5080000,403,6470000,47190,사용,U,2026-08-26 19:37:46,2026-08-27 21:57:25,제공,제공,제공,부착,제공,제공,제공,가능
5080000,405,6470000,47190,사용,U,2026-07-20 10:31:52,2026-07-21 21:57:25,제공,제공,제공,부착,제공,미제공,제공,불가능
5080000,406,6470000,47190,사용,I,2026-04-21 11:12:21,2026-04-24 21:59:28,제공,제공,제공,부착,제공,제공,제공,가능
5080000,407,6470000,47190,사용,U,2026-08-26 17:51:56,2026-08-27 21:57:25,제공,제공,제공,부착,제공,제공,제공,가능
5080000,408,6470000,47190,사용,U,2026-08-26 17:56:50,2026-08-27 21:57:26,제공,제공,제공,부착,제공,제공,제공,가능
5080000,410,6470000,47190,사용,U,2026-08-26 17:58:54,2026-08-27 21:57:26,제공,제공,제공,부착,제공,미제공,제공,불가능
5080000,411,6470000,47190,사용,U,2026-08-26 18:03:50,2026-08-27 21:57:26,제공,제공,제공,부착,제공,미제공,제공,불가능
5080000,412,6470000,47190,사용,U,2026-08-26 18:05:21,2026-08-27 21:57:26,제공,제공,제공,부착,제공,미제공,제공,불가능
5080000,413,6470000,47190,사용,U,2026-08-26 18:06:05,2026-08-27 21:57:26,제공,제공,제공,부착,제공,제공,제공,가능
5080000,414,6470000,47190,사용,U,2026-08-22 16:27:50,2026-08-23 21:57:25,제공,제공,제공,부착,제공,제공,제공,가능
5080000,415,6470000,47190,사용,U,2026-08-26 18:07:42,2026-08-27 21:57:26,제공,제공,제공,부착,제공,미제공,제공,가능
5080000,416,6470000,47190,사용,U,2026-08-26 18:08:25,2026-08-27 21:57:26,제공,제공,제공,부착,제공,제공,제공,가능
5080000,417,6470000,47190,사용,U,2026-08-26 18:10:05,2026-08-27 21:57:26,제공,제공,제공,부착,제공,제공,제공,가능
5080000,418,6470000,47190,사용,U,2026-08-26 18:11:49,2026-08-27 21:57:26,제공,제공,제공,부착,제공,제공,제공,가능
5080000,419,6470000,47190,사용,U,2026-08-26 18:12:54,2026-08-27 21:57:26,제공,제공,제공,부착,제공,제공,제공,가능
5080000,420,6470000,47190,사용,U,2026-07-20 10:26:27,2026-07-21 21:57:25,제공,제공,제공,부착,제공,제공,제공,가능
5080000,421,6470000,47190,사용,U,2026-08-26 18:14:10,2026-08-27 21:57:26,제공,제공,제공,부착,제공,제공,제공,가능
5080000,422,6470000,47190,사용,U,2026-08-26 18:15:18,2026-08-27 21:57:26,제공,제공,제공,부착,제공,제공,제공,가능
5080000,423,6470000,47190,사용,U,2026-08-26 18:15:55,2026-08-27 21:57:26,제공,제공,제공,부착,제공,제공,제공,가능
5080000,424,6470000,47190,사용,U,2026-07-22 20:25:48,2026-07-23 21:57:25,제공,제공,제공,부착,제공,제공,제공,가능
5080000,425,6470000,47190,사용,U,2026-09-03 14:31:51,2026-09-04 21:57:25,제공,제공,제공,부착,제공,제공,제공,가능
5080000,426,6470000,47190,사용,U,2026-07-22 14:54:01,2026-07-23 21:57:25,제공,제공,제공,부착,제공,제공,제공,가능
5080000,502,6470000,47190,사용,U,2026-08-26 18:25:37,2026-08-27 21:57:26,제공,제공,제공,부착,제공,미제공,제공,불가능
5080000,503,6470000,47190,사용,U,2026-07-09 10:38:19,2026-07-10 21:57:25,제공,제공,제공,부착,제공,제공,제공,가능
5080000,504,6470000,47190,사용,U,2026-08-26 18:27:51,2026-08-27 21:57:26,제공,제공,제공,부착,제공,제공,제공,가능
5080000,505,6470000,47190,사용,U,2026-08-26 18:28:37,2026-08-27 21:57:26,제공,제공,제공,부착,제공,제공,제공,가능
5080000,507,6470000,47190,사용,U,2026-08-26 18:29:26,2026-08-27 21:57:26,제공,제공,제공,부착,제공,미제공,제공,가능
5080000,508,6470000,47190,사용,U,2026-08-26 18:30:23,2026-08-27 21:57:26,제공,제공,제공,부착,제공,제공,제공,가능
5080000,509,6470000,47190,사용,U,2026-09-04 10:22:57,2026-09-05 21:57:25,제공,제공,제공,부착,제공,미제공,제공,가능
5080000,510,6470000,47190,사용,I,2026-01-29 20:30:59,2026-01-30 21:57:25,제공,제공,제공,부착,제공,제공,제공,가능
5080000,511,6470000,47190,사용,U,2026-08-26 18:35:53,2026-08-27 21:57:26,제공,제공,제공,부착,제공,제공,제공,가능
5080000,512,6470000,47190,사용,U,2026-08-26 18:36:25,2026-08-27 21:57:26,제공,제공,제공,부착,제공,제공,제공,가능
5080000,513,6470000,47190,사용,U,2026-08-26 18:36:54,2026-08-27 21:57:26,제공,제공,제공,부착,제공,제공,제공,가능
5080000,514,6470000,47190,사용,U,2026-08-26 18:37:25,2026-08-27 21:57:26,제공,제공,제공,부착,제공,제공,제공,가능
5080000,515,6470000,47190,사용,U,2026-08-26 18:37:53,2026-08-27 21:57:26,제공,제공,제공,부착,제공,제공,제공,가능
5080000,516,6470000,47190,사용,U,2026-08-26 18:38:22,2026-08-27 21:57:26,제공,제공,제공,부착,제공,미제공,제공,가능
5090000,401,6470000,47210,사용,U,2026-09-09 09:18:24,2026-09-10 21:57:25,제공,제공,제공,부착,제공,미제공,제공,가능
5090000,402,6470000,47210,사용,U,2026-07-29 09:38:36,2026-07-30 21:57:25,제공,제공,제공,부착,제공,미제공,제공,가능
5090000,403,6470000,47210,사용,U,2026-08-25 21:32:09,2026-08-26 21:57:25,제공,제공,제공,부착,제공,미제공,제공,가능
5090000,501,6470000,47210,사용,U,2026-07-29 09:38:58,2026-07-30 21:57:25,제공,제공,제공,부착,제공,미제공,제공,가능
5090000,502,6470000,47210,사용,U,2026-08-25 21:58:49,2026-08-26 21:57:25,제공,제공,제공,부착,제공,미제공,제공,가능
5090000,503,6470000,47210,사용,U,2026-08-25 21:58:57,2026-08-26 21:57:25,제공,제공,제공,부착,제공,미제공,제공,가능
5090000,504,6470000,47210,사용,U,2026-08-25 21:33:23,2026-08-26 21:57:25,제공,제공,제공,부착,제공,미제공,제공,불가능
5090000,505,6470000,47210,사용,U,2026-07-29 09:42:47,2026-07-30 21:57:25,제공,제공,제공,부착,제공,미제공,제공,가능
5090000,506,6470000,47210,사용,U,2026-07-29 09:43:20,2026-07-30 21:57:25,제공,제공,제공,부착,제공,미제공,제공,가능
5090000,507,6470000,47210,사용,U,2026-07-29 09:43:04,2026-07-30 21:57:25,제공,제공,제공,부착,제공,미제공,제공,가능
5090000,508,6470000,47210,사용,U,2026-07-29 09:43:45,2026-07-30 21:57:25,제공,제공,제공,부착,제공,미제공,제공,가능
5090000,509,6470000,47210,사용,U,2026-07-29 09:43:55,2026-07-30 21:57:25,제공,제공,제공,부착,제공,미제공,제공,가능
5090000,510,6470000,47210,사용,U,2026-07-29 09:44:01,2026-07-30 21:57:25,제공,제공,제공,부착,제공,미제공,제공,가능
5090000,511,6470000,47210,사용,U,2026-07-29 09:44:19,2026-07-30 21:57:25,제공,제공,제공,부착,제공,미제공,제공,가능
5090000,512,6470000,47210,사용,U,2026-08-25 21:46:13,2026-08-26 21:57:25,제공,제공,제공,부착,제공,미제공,제공,가능
5090000,513,6470000,47210,사용,U,2026-08-25 21:53:06,2026-08-26 21:57:25,제공,제공,제공,부착,제공,미제공,제공,가능
5090000,514,6470000,47210,사용,U,2026-08-25 21:54:17,2026-08-26 21:57:25,제공,제공,제공,부착,제공,미제공,제공,가능
5090000,515,6470000,47210,사용,U,2026-08-25 21:54:31,2026-08-26 21:57:25,제공,제공,제공,부착,제공,미제공,제공,가능
5090000,516,6470000,47210,사용,U,2026-08-25 21:55:12,2026-08-26 21:57:25,제공,제공,제공,부착,제공,미제공,제공,가능
5090000,517,6470000,47210,사용,U,2026-08-25 21:55:29,2026-08-26 21:57:25,제공,제공,제공,부착,제공,미제공,제공,가능
5090000,518,6470000,47210,사용,U,2026-08-25 21:55:42,2026-08-26 21:57:25,제공,제공,제공,부착,제공,미제공,제공,가능
5090000,519,6470000,47210,사용,U,2026-08-25 21:55:59,2026-08-26 21:57:25,제공,제공,제공,부착,제공,미제공,제공,가능
5090000,520,6470000,47210,사용,U,2026-08-25 21:56:12,2026-08-26 21:57:25,제공,제공,제공,부착,제공,미제공,제공,가능
5090000,521,6470000,47210,사용,U,2026-08-25 21:56:25,2026-08-26 21:57:25,제공,제공,제공,부착,제공,미제공,제공,가능
5090000,522,6470000,47210,사용,U,2026-08-25 21:56:38,2026-08-26 21:57:25,제공,제공,제공,부착,제공,미제공,제공,가능
5090000,523,6470000,47210,사용,U,2026-08-25 21:57:01,2026-08-26 21:57:25,제공,제공,제공,부착,제공,미제공,제공,가능
5090000,524,6470000,47210,사용,U,2026-07-29 09:46:31,2026-07-30 21:57:25,제공,제공,제공,부착,제공,미제공,제공,가능
5100000,401,6470000,47230,사용,U,2026-07-28 09:41:48,2026-07-29 21:57:25,제공,제공,제공,부착,제공,미제공,제공,불가능
5100000,402,6470000,47230,사용,U,2026-08-04 11:15:40,2026-08-05 21:57:25,제공,제공,제공,부착,제공,미제공,제공,불가능
5100000,403,6470000,47230,사용,U,2026-06-24 13:40:52,2026-06-25 21:57:25,제공,제공,제공,부착,제공,미제공,제공,불가능
5100000,404,6470000,47230,사용,U,2026-06-24 13:40:59,2026-06-25 21:57:25,제공,제공,제공,부착,제공,미제공,제공,불가능
5100000,405,6470000,47230,사용,U,2026-07-28 15:47:41,2026-07-29 21:57:25,제공,제공,제공,부착,제공,미제공,제공,불가능
5100000,501,6470000,47230,사용,U,2026-07-28 09:43:16,2026-07-29 21:57:25,제공,제공,제공,부착,제공,제공,제공,가능
5100000,502,6470000,47230,사용,U,2026-06-24 13:42:22,2026-06-25 21:57:25,제공,제공,제공,부착,제공,미제공,제공,불가능
5100000,503,6470000,47230,사용,U,2026-06-24 13:42:31,2026-06-25 21:57:25,제공,제공,제공,부착,제공,미제공,제공,불가능
5100000,504,6470000,47230,사용,U,2026-06-24 13:42:38,2026-06-25 21:57:25,제공,제공,제공,부착,제공,미제공,제공,불가능
5100000,505,6470000,47230,사용,U,2026-06-24 13:42:43,2026-06-25 21:57:25,제공,제공,제공,부착,제공,미제공,제공,불가능
5100000,506,6470000,47230,사용,U,2026-07-28 10:55:08,2026-07-29 21:57:25,제공,제공,제공,부착,제공,미제공,제공,불가능
5100000,507,6470000,47230,사용,U,2026-06-24 13:42:53,2026-06-25 21:57:25,제공,제공,제공,부착,제공,미제공,제공,불가능
5100000,508,6470000,47230,사용,U,2026-06-24 13:42:59,2026-06-25 21:57:25,제공,제공,제공,부착,제공,미제공,제공,불가능
5100000,509,6470000,47230,사용,U,2026-07-28 10:56:38,2026-07-29 21:57:25,제공,제공,제공,부착,제공,미제공,제공,불가능
5100000,510,6470000,47230,사용,U,2026-07-28 11:00:02,2026-07-29 21:57:25,제공,제공,제공,부착,제공,미제공,제공,불가능
5100000,511,6470000,47230,사용,U,2026-06-24 13:43:53,2026-06-25 21:57:25,제공,제공,제공,부착,제공,미제공,제공,불가능
5100000,512,6470000,47230,사용,U,2026-06-24 13:43:48,2026-06-25 21:57:25,제공,제공,제공,부착,제공,미제공,제공,불가능
5100000,513,6470000,47230,사용,U,2026-06-24 13:43:43,2026-06-25 21:57:25,제공,제공,제공,부착,제공,미제공,제공,불가능
5100000,514,6470000,47230,사용,U,2026-06-24 13:43:38,2026-06-25 21:57:25,제공,제공,제공,부착,제공,미제공,제공,불가능
5100000,515,6470000,47230,사용,U,2026-08-04 11:20:45,2026-08-05 21:57:25,제공,제공,제공,부착,제공,미제공,제공,불가능
5100000,516,6470000,47230,사용,U,2026-06-24 13:43:28,2026-06-25 21:57:25,제공,제공,제공,부착,제공,미제공,제공,불가능
5100000,517,6470000,47230,사용,U,2026-07-28 10:54:41,2026-07-29 21:57:25,제공,제공,제공,부착,제공,미제공,제공,불가능
5100000,518,6470000,47230,사용,U,2026-07-28 10:54:22,2026-07-29 21:57:25,제공,제공,제공,부착,제공,제공,제공,가능
5100000,519,6470000,47230,사용,U,2026-07-28 10:54:04,2026-07-29 21:57:25,제공,제공,제공,부착,제공,미제공,제공,불가능
5100000,520,6470000,47230,사용,U,2026-07-28 10:53:30,2026-07-29 21:57:25,제공,제공,제공,부착,제공,제공,제공,가능
5110000,402,6470000,47250,사용,U,2026-09-16 10:32:51,2026-09-17 21:57:25,제공,제공,제공,부착,제공,미제공,제공,가능
5110000,403,6470000,47250,사용,U,2026-09-16 10:33:06,2026-09-17 21:57:25,제공,제공,제공,부착,제공,미제공,제공,가능
5110000,406,6470000,47250,사용,I,2026-01-28 11:02:04,2026-05-07 22:03:34,제공,제공,제공,부착,제공,미제공,제공,가능
5110000,407,6470000,47250,사용,U,2026-08-24 09:09:34,2026-08-25 21:57:25,제공,제공,제공,부착,제공,미제공,제공,가능
5110000,408,6470000,47250,사용,U,2026-09-16 10:33:15,2026-09-17 21:57:25,제공,제공,제공,부착,제공,미제공,제공,가능
5110000,409,6470000,47250,사용,U,2026-08-24 20:23:31,2026-08-25 21:57:25,제공,제공,제공,부착,제공,미제공,제공,가능
5110000,410,6470000,47250,사용,U,2026-08-31 20:39:29,2026-09-01 21:57:25,제공,제공,제공,부착,제공,미제공,제공,가능
5110000,411,6470000,47250,사용,U,2026-09-16 10:33:27,2026-09-17 21:57:25,제공,제공,제공,부착,제공,미제공,제공,가능
5110000,412,6470000,47250,사용,U,2026-08-24 20:24:48,2026-08-25 21:57:25,제공,제공,제공,부착,제공,미제공,제공,가능
5110000,413,6470000,47250,사용,U,2026-08-24 20:24:33,2026-08-25 21:57:25,제공,제공,제공,부착,제공,미제공,제공,가능
5110000,414,6470000,47250,사용,U,2026-08-24 15:56:45,2026-08-25 21:57:25,제공,제공,제공,부착,제공,미제공,제공,가능
5110000,415,6470000,47250,사용,U,2026-08-24 20:25:19,2026-08-25 21:57:25,제공,제공,제공,부착,제공,미제공,제공,가능
5110000,416,6470000,47250,사용,U,2026-08-24 20:25:48,2026-08-25 21:57:25,제공,제공,제공,부착,제공,미제공,제공,가능
5110000,417,6470000,47250,사용,I,2026-01-28 11:49:40,2026-05-07 22:03:34,제공,제공,제공,부착,제공,미제공,제공,가능
5110000,418,6470000,47250,사용,U,2026-08-24 20:26:14,2026-08-25 21:57:25,제공,제공,제공,부착,제공,미제공,제공,가능
5110000,419,6470000,47250,사용,I,2026-01-28 11:55:20,2026-05-07 22:03:35,제공,제공,제공,부착,제공,미제공,제공,가능
5110000,420,6470000,47250,사용,U,2026-08-24 20:26:44,2026-08-25 21:57:25,제공,제공,제공,부착,제공,미제공,제공,가능
5110000,421,6470000,47250,사용,U,2026-08-24 20:27:12,2026-08-25 21:57:25,제공,제공,제공,부착,제공,미제공,제공,가능
5110000,422,6470000,47250,사용,U,2026-08-24 20:27:30,2026-08-25 21:57:25,제공,제공,제공,부착,제공,미제공,제공,가능
5110000,423,6470000,47250,사용,U,2026-06-16 17:25:34,2026-06-17 21:57:25,제공,제공,제공,부착,제공,미제공,제공,가능
5110000,424,6470000,47250,사용,I,2026-01-28 11:56:45,2026-05-07 22:03:35,제공,제공,제공,부착,제공,미제공,제공,가능
5110000,425,6470000,47250,사용,I,2026-01-28 11:56:57,2026-05-07 22:03:35,제공,제공,제공,부착,제공,미제공,제공,가능
5110000,426,6470000,47250,사용,U,2026-08-24 20:28:25,2026-08-25 21:57:25,제공,제공,제공,부착,제공,미제공,제공,가능
5110000,427,6470000,47250,사용,U,2026-09-16 10:31:37,2026-09-17 21:57:25,제공,제공,제공,부착,제공,미제공,제공,가능
5110000,428,6470000,47250,사용,U,2026-08-24 20:29:17,2026-08-25 21:57:25,제공,제공,제공,부착,제공,미제공,제공,가능
5110000,429,6470000,47250,사용,U,2026-08-24 20:29:40,2026-08-25 21:57:25,제공,제공,제공,부착,제공,미제공,제공,가능
5110000,430,6470000,47250,사용,U,2026-08-24 20:30:14,2026-08-25 21:57:25,제공,제공,제공,부착,제공,미제공,제공,가능
5110000,431,6470000,47250,사용,U,2026-08-24 20:30:29,2026-08-25 21:57:25,제공,제공,제공,부착,제공,미제공,제공,가능
5110000,432,6470000,47250,사용,U,2026-08-24 20:30:46,2026-08-25 21:57:25,제공,제공,제공,부착,제공,미제공,제공,가능
5110000,433,6470000,47250,사용,U,2026-08-31 10:46:27,2026-09-01 21:57:25,제공,제공,제공,부착,제공,미제공,제공,가능
5120000,401,6470000,47280,사용,U,2026-08-24 19:16:59,2026-08-25 21:57:25,제공,제공,제공,부착,제공,제공,제공,가능
5120000,501,6470000,47280,사용,U,2026-08-24 19:26:57,2026-08-25 21:57:25,제공,제공,제공,부착,제공,제공,제공,가능
5120000,504,6470000,47280,사용,U,2026-08-28 17:21:10,2026-08-29 21:57:25,제공,제공,제공,부착,제공,제공,제공,가능
5120000,505,6470000,47280,사용,U,2026-08-24 20:09:38,2026-08-25 21:57:25,제공,제공,제공,부착,제공,제공,제공,가능
5120000,506,6470000,47280,사용,U,2026-08-24 19:42:16,2026-08-25 21:57:25,제공,제공,제공,부착,제공,제공,제공,가능
5120000,507,6470000,47280,사용,U,2026-08-24 19:45:27,2026-08-25 21:57:25,제공,제공,제공,부착,제공,제공,제공,가능
5120000,508,6470000,47280,사용,U,2026-08-24 19:46:02,2026-08-25 21:57:25,제공,제공,제공,부착,제공,제공,제공,가능
5120000,509,6470000,47280,사용,U,2026-08-24 19:47:11,2026-08-25 21:57:25,제공,제공,제공,부착,제공,제공,제공,가능
5120000,510,6470000,47280,사용,U,2026-08-24 19:47:29,2026-08-25 21:57:25,제공,제공,제공,부착,제공,제공,제공,가능
5120000,511,6470000,47280,사용,U,2026-08-24 19:47:52,2026-08-25 21:57:25,제공,제공,제공,부착,제공,제공,제공,가능
5120000,512,6470000,47280,사용,U,2026-08-24 19:48:07,2026-08-25 21:57:25,제공,제공,제공,부착,제공,제공,제공,가능
5120000,513,6470000,47280,사용,U,2026-08-24 20:03:29,2026-08-25 21:57:25,제공,제공,제공,부착,제공,제공,제공,가능
5120000,514,6470000,47280,사용,U,2026-08-24 20:01:32,2026-08-25 21:57:25,제공,제공,제공,부착,제공,제공,제공,가능
5120000,515,6470000,47280,사용,U,2026-08-24 20:02:11,2026-08-25 21:57:25,제공,제공,제공,부착,제공,제공,제공,가능
5120000,516,6470000,47280,사용,U,2026-08-24 20:03:47,2026-08-25 21:57:25,제공,제공,제공,부착,제공,제공,제공,가능
5120000,517,6470000,47280,사용,U,2026-08-24 20:04:24,2026-08-25 21:57:25,제공,제공,제공,부착,제공,제공,제공,가능
5120000,518,6470000,47280,사용,U,2026-08-24 20:04:57,2026-08-25 21:57:25,제공,제공,제공,부착,제공,제공,제공,가능
5120000,519,6470000,47280,사용,U,2026-08-24 20:05:15,2026-08-25 21:57:25,제공,제공,제공,부착,제공,제공,제공,가능
5120000,520,6470000,47280,사용,U,2026-08-24 20:05:40,2026-08-25 21:57:25,제공,제공,제공,부착,제공,제공,제공,가능
5120000,521,6470000,47280,사용,U,2026-08-24 20:06:32,2026-08-25 21:57:25,제공,제공,제공,부착,제공,제공,제공,가능
5120000,522,6470000,47280,사용,U,2026-08-24 20:10:48,2026-08-25 21:57:25,제공,제공,제공,부착,제공,제공,제공,가능
5120000,523,6470000,47280,사용,U,2026-08-24 20:08:22,2026-08-25 21:57:25,제공,제공,제공,부착,제공,제공,제공,가능
5120000,524,6470000,47280,사용,U,2026-08-24 20:08:48,2026-08-25 21:57:25,제공,제공,제공,부착,제공,제공,제공,가능
5120000,525,6470000,47280,사용,U,2026-07-15 12:03:59,2026-07-16 21:57:25,제공,제공,제공,부착,제공,제공,제공,가능
5120000,526,6470000,47280,사용,U,2026-07-15 12:04:10,2026-07-16 21:57:25,제공,제공,제공,부착,제공,제공,제공,가능
5120000,527,6470000,47280,사용,U,2026-07-15 12:04:22,2026-07-16 21:57:25,제공,제공,제공,부착,제공,미제공,제공,가능
5130000,401,6470000,47290,사용,U,2026-08-24 13:39:15,2026-08-25 21:57:25,제공,제공,제공,부착,제공,미제공,제공,가능
5130000,402,6470000,47290,사용,U,2026-04-13 11:01:13,2026-04-14 03:03:03,제공,제공,제공,부착,제공,미제공,제공,가능
5130000,403,6470000,47290,사용,U,2026-08-24 15:56:48,2026-08-25 21:57:25,제공,제공,제공,부착,제공,미제공,제공,가능
5130000,404,6470000,47290,사용,U,2026-08-24 18:08:20,2026-08-25 21:57:25,제공,제공,제공,부착,제공,미제공,제공,가능
5130000,405,6470000,47290,사용,U,2026-08-24 16:00:38,2026-08-25 21:57:25,제공,제공,제공,부착,제공,미제공,제공,가능
5130000,406,6470000,47290,사용,U,2026-07-09 13:42:47,2026-07-10 21:57:24,제공,제공,제공,부착,제공,미제공,제공,가능
5130000,407,6470000,47290,사용,U,2026-08-24 18:08:34,2026-08-25 21:57:25,제공,제공,제공,부착,제공,미제공,제공,가능
5130000,408,6470000,47290,사용,U,2026-08-24 16:04:18,2026-08-25 21:57:25,제공,제공,제공,부착,제공,미제공,제공,가능
5130000,409,6470000,47290,사용,I,2026-03-05 12:56:45,2026-03-06 21:57:25,제공,제공,제공,부착,제공,미제공,제공,가능
5130000,410,6470000,47290,사용,U,2026-08-24 16:06:24,2026-08-25 21:57:25,제공,제공,제공,부착,제공,미제공,제공,가능
5130000,411,6470000,47290,사용,U,2026-08-24 16:07:54,2026-08-25 21:57:25,제공,제공,제공,부착,제공,미제공,제공,가능
5130000,412,6470000,47290,사용,I,2026-03-05 12:55:55,2026-03-06 21:57:25,제공,제공,제공,부착,제공,미제공,제공,가능
5130000,413,6470000,47290,사용,I,2026-03-05 12:55:41,2026-03-06 21:57:25,제공,제공,제공,부착,제공,미제공,제공,가능
5130000,414,6470000,47290,사용,U,2026-08-24 18:08:41,2026-08-25 21:57:25,제공,제공,제공,부착,제공,미제공,제공,가능
5130000,415,6470000,47290,사용,U,2026-08-24 15:54:17,2026-08-25 21:57:25,제공,제공,제공,부착,제공,미제공,제공,가능
5130000,416,6470000,47290,사용,U,2026-07-09 13:42:47,2026-07-10 21:57:24,제공,제공,제공,부착,제공,미제공,제공,가능
5130000,417,6470000,47290,사용,I,2026-03-05 12:54:22,2026-03-06 21:57:25,제공,제공,제공,부착,제공,미제공,제공,가능
5130000,418,6470000,47290,사용,U,2026-07-07 13:01:08,2026-07-08 21:57:25,제공,제공,제공,부착,제공,제공,제공,가능
5130000,501,6470000,47290,사용,U,2026-03-27 09:35:46,2026-03-28 03:03:03,제공,제공,제공,부착,제공,미제공,제공,가능
5130000,502,6470000,47290,사용,U,2026-08-24 15:52:36,2026-08-25 21:57:25,제공,제공,제공,부착,제공,미제공,제공,가능
5130000,503,6470000,47290,사용,I,2026-03-15 16:05:55,2026-03-16 21:57:25,제공,제공,제공,부착,제공,미제공,제공,가능
5130000,504,6470000,47290,사용,U,2026-07-09 13:42:47,2026-07-10 21:57:24,제공,제공,제공,부착,제공,미제공,제공,가능
5130000,505,6470000,47290,사용,I,2026-03-05 12:53:52,2026-03-06 21:57:25,제공,제공,제공,부착,제공,미제공,제공,가능
5130000,506,6470000,47290,사용,U,2026-03-27 09:35:23,2026-03-28 03:03:03,제공,제공,제공,부착,제공,미제공,제공,가능
5130000,507,6470000,47290,사용,U,2026-07-09 13:42:47,2026-07-10 21:57:24,제공,제공,제공,부착,제공,미제공,제공,가능
5130000,508,6470000,47290,사용,I,2026-01-27 17:19:36,2026-01-28 21:57:24,제공,제공,제공,부착,제공,미제공,제공,가능
5130000,509,6470000,47290,사용,U,2026-04-03 15:42:58,2026-04-04 03:03:03,제공,제공,제공,부착,제공,제공,제공,가능
5141000,401,6270000,27720,사용,U,2026-08-19 11:21:12,2026-08-20 22:27:25,제공,제공,제공,부착,제공,미제공,제공,가능
5141000,402,6270000,27720,사용,I,2026-04-01 09:51:46,2026-05-07 22:34:48,제공,제공,제공,부착,제공,미제공,제공,가능
5141000,403,6270000,27720,사용,U,2026-08-21 11:04:17,2026-08-22 22:27:25,제공,제공,제공,부착,제공,미제공,제공,가능
5141000,404,6270000,27720,사용,U,2026-08-21 11:04:05,2026-08-22 22:27:25,제공,제공,제공,부착,제공,미제공,제공,가능
5141000,405,6270000,27720,사용,U,2026-08-21 10:32:01,2026-08-22 22:27:25,제공,제공,제공,부착,제공,미제공,제공,가능
5141000,406,6270000,27720,사용,U,2026-08-21 10:31:52,2026-08-22 22:27:25,제공,제공,제공,부착,제공,미제공,제공,가능
5141000,407,6270000,27720,사용,U,2026-09-30 09:33:20,2026-10-01 22:27:25,제공,제공,제공,부착,제공,미제공,제공,가능
5141000,408,6270000,27720,사용,U,2026-08-21 10:31:39,2026-08-22 22:27:25,제공,제공,제공,부착,제공,미제공,제공,가능
5141000,409,6270000,27720,사용,U,2026-08-21 10:31:33,2026-08-22 22:27:25,제공,제공,제공,부착,제공,미제공,제공,가능
5150000,401,6470000,47730,사용,U,2026-07-28 10:18:10,2026-07-29 21:57:25,제공,제공,제공,부착,제공,미제공,제공,가능
5150000,402,6470000,47730,사용,U,2026-08-04 14:29:39,2026-08-05 21:57:25,제공,제공,제공,부착,제공,미제공,제공,가능
5150000,403,6470000,47730,사용,U,2026-07-28 10:18:39,2026-07-29 21:57:25,제공,제공,제공,부착,제공,미제공,제공,가능
5150000,404,6470000,47730,사용,U,2026-07-28 10:17:57,2026-07-29 21:57:25,제공,제공,제공,부착,제공,미제공,제공,가능
5150000,405,6470000,47730,사용,U,2026-07-28 10:18:59,2026-07-29 21:57:25,제공,제공,제공,부착,제공,미제공,제공,가능
5150000,406,6470000,47730,사용,U,2026-07-28 10:19:34,2026-07-29 21:57:25,제공,제공,제공,부착,제공,미제공,제공,가능
5150000,407,6470000,47730,사용,U,2026-07-28 10:20:30,2026-07-29 21:57:25,제공,제공,제공,부착,제공,미제공,제공,가능
5150000,408,6470000,47730,사용,U,2026-07-28 10:24:21,2026-07-29 21:57:25,제공,제공,제공,부착,제공,미제공,제공,가능
5150000,409,6470000,47730,사용,U,2026-07-28 10:24:33,2026-07-29 21:57:25,제공,제공,제공,부착,제공,미제공,제공,가능
5150000,410,6470000,47730,사용,U,2026-08-04 14:30:06,2026-08-05 21:57:25,제공,제공,제공,부착,제공,미제공,제공,가능
5150000,411,6470000,47730,사용,U,2026-07-28 10:25:01,2026-07-29 21:57:25,제공,제공,제공,부착,제공,미제공,제공,가능
5150000,412,6470000,47730,사용,U,2026-07-28 10:25:14,2026-07-29 21:57:25,제공,제공,제공,부착,제공,미제공,제공,가능
5150000,413,6470000,47730,사용,U,2026-07-28 10:25:47,2026-07-29 21:57:25,제공,제공,제공,부착,제공,미제공,제공,가능
5150000,414,6470000,47730,사용,U,2026-08-25 11:01:03,2026-08-26 21:57:25,제공,제공,제공,부착,제공,미제공,제공,가능
5150000,415,6470000,47730,사용,U,2026-07-28 10:26:11,2026-07-29 21:57:25,제공,제공,제공,부착,제공,미제공,제공,가능
5150000,416,6470000,47730,사용,U,2026-07-28 10:26:25,2026-07-29 21:57:25,제공,제공,제공,부착,제공,미제공,제공,가능
5150000,417,6470000,47730,사용,U,2026-07-28 10:26:39,2026-07-29 21:57:25,제공,제공,제공,부착,제공,미제공,제공,가능
5150000,418,6470000,47730,사용,U,2026-07-28 10:26:50,2026-07-29 21:57:25,제공,제공,제공,부착,제공,미제공,제공,가능
5150000,419,6470000,47730,사용,U,2026-08-07 15:24:52,2026-08-08 21:57:25,제공,제공,제공,부착,제공,미제공,제공,가능
5150000,420,6470000,47730,사용,U,2026-07-28 10:27:19,2026-07-29 21:57:25,제공,제공,제공,부착,제공,미제공,제공,가능
5150000,421,6470000,47730,사용,U,2026-07-28 10:27:36,2026-07-29 21:57:25,제공,제공,제공,부착,제공,미제공,제공,가능
5150000,422,6470000,47730,사용,U,2026-07-28 10:27:47,2026-07-29 21:57:25,제공,제공,제공,부착,제공,미제공,제공,가능
5150000,423,6470000,47730,사용,U,2026-08-25 10:50:27,2026-08-26 21:57:25,제공,제공,제공,부착,제공,미제공,제공,가능
5160000,401,6470000,47750,사용,U,2026-08-27 11:48:26,2026-08-28 21:57:25,제공,제공,제공,부착,제공,미제공,제공,가능
5160000,402,6470000,47750,사용,I,2026-01-28 10:13:10,2026-05-02 22:04:03,제공,제공,제공,부착,제공,미제공,제공,가능
5160000,403,6470000,47750,사용,U,2026-06-16 13:54:23,2026-06-17 21:57:25,제공,제공,제공,부착,제공,미제공,제공,가능
5160000,404,6470000,47750,사용,I,2026-04-28 13:39:53,2026-05-02 22:04:03,제공,제공,제공,부착,제공,미제공,제공,가능
5160000,405,6470000,47750,사용,I,2026-01-28 10:13:30,2026-05-02 22:04:03,제공,제공,제공,부착,제공,미제공,제공,가능
5160000,406,6470000,47750,사용,U,2026-08-27 11:48:34,2026-08-28 21:57:25,제공,제공,제공,부착,제공,미제공,제공,가능
5160000,407,6470000,47750,사용,U,2026-08-27 11:48:42,2026-08-28 21:57:25,제공,제공,제공,부착,제공,미제공,제공,가능
5160000,408,6470000,47750,사용,U,2026-08-27 11:48:49,2026-08-28 21:57:25,제공,제공,제공,부착,제공,미제공,제공,가능
5160000,409,6470000,47750,사용,U,2026-08-27 11:48:56,2026-08-28 21:57:25,제공,제공,제공,부착,제공,미제공,제공,가능
5160000,411,6470000,47750,사용,U,2026-09-09 17:45:01,2026-09-10 21:57:25,제공,제공,제공,부착,제공,미제공,제공,가능
5170000,401,6470000,47760,사용,U,2026-08-25 14:18:03,2026-08-26 21:57:25,제공,제공,제공,부착,제공,미제공,제공,가능
5170000,402,6470000,47760,사용,U,2026-08-25 14:18:36,2026-08-26 21:57:25,제공,제공,제공,부착,제공,미제공,제공,가능
5170000,403,6470000,47760,사용,I,2026-01-28 15:51:33,2026-03-10 21:57:38,제공,제공,제공,부착,제공,미제공,제공,불가능
5170000,404,6470000,47760,사용,I,2026-01-28 15:51:46,2026-03-10 21:57:39,제공,제공,제공,부착,제공,미제공,제공,불가능
5170000,405,6470000,47760,사용,I,2026-03-12 14:47:04,2026-03-13 21:57:28,제공,제공,제공,부착,제공,미제공,제공,불가능
5170000,406,6470000,47760,사용,I,2026-01-28 15:52:47,2026-03-10 21:57:41,제공,제공,제공,부착,제공,미제공,제공,불가능
5170000,407,6470000,47760,사용,U,2026-07-22 10:25:31,2026-07-23 21:57:25,제공,제공,제공,부착,제공,미제공,제공,불가능
5180000,401,6470000,47770,사용,U,2026-08-11 14:47:34,2026-08-12 21:57:25,제공,제공,제공,부착,제공,제공,제공,가능
5180000,402,6470000,47770,사용,U,2026-03-25 15:46:48,2026-03-26 03:03:03,제공,제공,제공,부착,제공,제공,제공,가능
5180000,403,6470000,47770,사용,U,2026-03-25 16:17:35,2026-03-26 03:03:03,제공,제공,제공,부착,제공,제공,제공,가능
5180000,404,6470000,47770,사용,U,2026-09-04 10:40:07,2026-09-05 21:57:25,제공,제공,제공,부착,제공,제공,제공,가능
5180000,405,6470000,47770,사용,U,2026-09-04 10:40:31,2026-09-05 21:57:25,제공,제공,제공,부착,제공,제공,제공,가능
5180000,406,6470000,47770,사용,U,2026-08-26 15:59:07,2026-08-27 21:57:25,제공,제공,제공,부착,제공,제공,제공,가능
5180000,407,6470000,47770,사용,U,2026-08-26 15:58:59,2026-08-27 21:57:25,제공,제공,제공,부착,제공,제공,제공,가능
5180000,408,6470000,47770,사용,U,2026-09-04 10:39:11,2026-09-05 21:57:25,제공,제공,제공,부착,제공,제공,제공,가능
5180000,409,6470000,47770,사용,U,2026-08-26 16:00:04,2026-08-27 21:57:25,제공,제공,제공,부착,제공,제공,제공,가능
5180000,410,6470000,47770,사용,U,2026-08-26 16:01:17,2026-08-27 21:57:25,제공,제공,제공,부착,제공,제공,제공,가능
5180000,411,6470000,47770,사용,U,2026-08-26 16:01:34,2026-08-27 21:57:25,제공,제공,제공,부착,제공,제공,제공,가능
5180000,412,6470000,47770,사용,U,2026-08-26 16:02:06,2026-08-27 21:57:25,제공,제공,제공,부착,제공,제공,제공,가능
5180000,413,6470000,47770,사용,U,2026-09-04 10:39:54,2026-09-05 21:57:25,제공,제공,제공,부착,제공,제공,제공,가능
5180000,415,6470000,47770,사용,U,2026-08-26 16:03:26,2026-08-27 21:57:25,제공,제공,제공,부착,제공,미제공,제공,가능
5180000,416,6470000,47770,사용,U,2026-08-26 16:04:15,2026-08-27 21:57:26,제공,제공,제공,부착,제공,제공,제공,가능
5180000,506,6470000,47770,사용,U,2026-08-11 14:45:51,2026-08-12 21:57:25,제공,제공,제공,부착,제공,제공,제공,가능
5190000,401,6470000,47820,사용,U,2026-08-31 14:33:17,2026-09-01 21:57:25,제공,제공,제공,부착,제공,미제공,제공,가능
5190000,402,6470000,47820,사용,U,2026-08-31 14:33:23,2026-09-01 21:57:25,제공,제공,제공,부착,제공,미제공,제공,가능
5190000,403,6470000,47820,사용,U,2026-08-31 14:33:29,2026-09-01 21:57:25,제공,제공,제공,부착,제공,미제공,제공,가능
5190000,404,6470000,47820,사용,U,2026-08-31 14:33:34,2026-09-01 21:57:25,제공,제공,제공,부착,제공,미제공,제공,가능
5190000,405,6470000,47820,사용,U,2026-08-20 16:21:44,2026-08-21 21:57:25,제공,제공,제공,부착,제공,미제공,제공,가능
5190000,406,6470000,47820,사용,U,2026-08-31 14:33:40,2026-09-01 21:57:25,제공,제공,제공,부착,제공,미제공,제공,가능
5190000,407,6470000,47820,사용,U,2026-08-31 14:33:44,2026-09-01 21:57:25,제공,제공,제공,부착,제공,미제공,제공,가능
5190000,408,6470000,47820,사용,U,2026-08-31 14:33:49,2026-09-01 21:57:25,제공,제공,제공,부착,제공,미제공,제공,가능
5190000,409,6470000,47820,사용,U,2026-08-31 14:33:54,2026-09-01 21:57:25,제공,제공,제공,부착,제공,미제공,제공,가능
5190000,410,6470000,47820,사용,U,2026-08-31 14:33:59,2026-09-01 21:57:25,제공,제공,제공,부착,제공,미제공,제공,가능
5190000,411,6470000,47820,사용,U,2026-08-31 14:34:03,2026-09-01 21:57:25,제공,제공,제공,부착,제공,미제공,제공,가능
5190000,412,6470000,47820,사용,U,2026-08-31 14:34:09,2026-09-01 21:57:25,제공,제공,제공,부착,제공,미제공,제공,가능
5200000,310,6470000,47830,사용,U,2026-08-19 15:12:48,2026-08-20 21:57:25,제공,제공,제공,부착,제공,제공,제공,가능
5200000,320,6470000,47830,사용,U,2026-08-19 15:13:00,2026-08-20 21:57:25,제공,제공,제공,부착,제공,제공,제공,가능
5200000,340,6470000,47830,사용,U,2026-08-19 15:12:41,2026-08-20 21:57:25,제공,제공,제공,부착,제공,제공,제공,가능
5200000,360,6470000,47830,사용,U,2026-08-19 15:13:18,2026-08-20 21:57:25,제공,제공,제공,부착,제공,제공,제공,가능
5200000,370,6470000,47830,사용,U,2026-08-19 15:13:24,2026-08-20 21:57:25,제공,제공,제공,부착,제공,제공,제공,가능
5200000,401,6470000,47830,사용,U,2026-08-19 15:12:54,2026-08-20 21:57:25,제공,제공,제공,부착,제공,제공,제공,가능
5200000,402,6470000,47830,사용,U,2026-08-19 15:13:29,2026-08-20 21:57:25,제공,제공,제공,부착,제공,제공,제공,가능
5200000,403,6470000,47830,사용,U,2026-08-19 15:13:42,2026-08-20 21:57:25,제공,제공,제공,부착,제공,제공,제공,가능
5200000,501,6470000,47830,사용,U,2026-08-19 15:13:09,2026-08-20 21:57:25,제공,제공,제공,부착,제공,제공,제공,가능
5210000,401,6470000,47840,사용,U,2026-05-13 17:38:37,2026-05-14 03:03:03,제공,제공,제공,부착,제공,미제공,제공,가능
5210000,402,6470000,47840,사용,U,2026-05-13 17:38:48,2026-05-14 03:03:03,제공,제공,제공,부착,제공,미제공,제공,가능
5210000,403,6470000,47840,사용,U,2026-05-13 17:38:59,2026-05-14 03:03:03,제공,제공,제공,부착,제공,미제공,제공,가능
5210000,404,6470000,47840,사용,U,2026-09-02 11:23:40,2026-09-03 21:57:25,제공,제공,제공,부착,제공,미제공,제공,가능
5210000,405,6470000,47840,사용,U,2026-07-14 11:12:43,2026-07-15 21:57:25,제공,제공,제공,부착,제공,미제공,제공,가능
5210000,406,6470000,47840,사용,U,2026-05-13 17:39:27,2026-05-14 03:03:03,제공,제공,제공,부착,제공,미제공,제공,가능
5210000,407,6470000,47840,사용,U,2026-05-13 17:39:44,2026-05-14 03:03:03,제공,제공,제공,부착,제공,미제공,제공,가능
5210000,408,6470000,47840,사용,U,2026-05-13 17:39:36,2026-05-14 03:03:03,제공,제공,제공,부착,제공,미제공,제공,가능
5210000,409,6470000,47840,사용,U,2026-05-13 17:39:53,2026-05-14 03:03:03,제공,제공,제공,부착,제공,미제공,제공,가능
5210000,410,6470000,47840,사용,U,2026-05-13 17:40:04,2026-05-14 03:03:03,제공,제공,제공,부착,제공,미제공,제공,가능
5210000,411,6470000,47840,사용,U,2026-05-13 17:40:12,2026-05-14 03:03:03,제공,제공,제공,부착,제공,미제공,제공,가능
5210000,412,6470000,47840,사용,U,2026-06-23 10:59:12,2026-06-24 21:57:25,제공,제공,제공,부착,제공,미제공,제공,가능
5210000,413,6470000,47840,사용,U,2026-07-13 16:48:49,2026-07-14 21:57:25,제공,제공,제공,부착,제공,미제공,제공,가능
5210000,414,6470000,47840,사용,I,2026-03-13 09:34:42,2026-03-14 21:57:27,제공,제공,제공,부착,제공,제공,제공,가능
5210000,415,6470000,47840,사용,I,2026-03-13 09:19:37,2026-03-14 21:57:27,제공,제공,제공,부착,제공,제공,제공,가능
5220000,101,6470000,47850,사용,U,2026-08-24 17:19:39,2026-08-25 22:27:25,제공,제공,제공,부착,제공,미제공,제공,가능
5220000,401,6470000,47850,사용,U,2026-07-30 14:01:57,2026-07-31 22:27:25,제공,제공,제공,부착,제공,미제공,제공,가능
5220000,402,6470000,47850,사용,U,2026-06-16 09:59:32,2026-06-17 22:27:25,제공,제공,제공,부착,제공,미제공,제공,가능
5220000,403,6470000,47850,사용,U,2026-07-02 14:55:12,2026-07-03 22:27:25,제공,제공,제공,부착,제공,미제공,제공,가능
5220000,404,6470000,47850,사용,I,2026-02-03 15:36:09,2026-04-22 22:31:52,제공,제공,제공,부착,제공,미제공,제공,가능
5220000,406,6470000,47850,사용,U,2026-07-20 10:43:45,2026-07-21 22:27:25,제공,제공,제공,부착,제공,미제공,제공,가능
5220000,407,6470000,47850,사용,I,2026-02-03 15:37:29,2026-04-22 22:31:52,제공,제공,제공,부착,제공,미제공,제공,가능
5220000,408,6470000,47850,사용,U,2026-07-06 09:55:39,2026-07-07 22:27:25,제공,제공,제공,부착,제공,미제공,제공,가능
5220000,409,6470000,47850,사용,U,2026-06-24 16:37:04,2026-06-25 22:27:25,제공,제공,제공,부착,제공,미제공,제공,가능
5220000,410,6470000,47850,사용,I,2026-02-03 15:39:32,2026-04-22 22:31:52,제공,제공,제공,부착,제공,미제공,제공,가능
5220000,411,6470000,47850,사용,I,2026-02-03 15:39:05,2026-04-22 22:31:52,제공,제공,제공,부착,제공,미제공,제공,가능
5220000,412,6470000,47850,사용,I,2026-02-03 15:37:43,2026-04-22 22:31:53,제공,제공,제공,부착,제공,미제공,제공,가능
5220000,413,6470000,47850,사용,U,2026-08-24 17:20:02,2026-08-25 22:27:25,제공,제공,제공,부착,제공,미제공,제공,가능
5220000,414,6470000,47850,사용,I,2026-02-03 15:35:56,2026-04-22 22:31:53,제공,제공,제공,부착,제공,미제공,제공,가능
5220000,415,6470000,47850,사용,U,2026-07-02 14:54:53,2026-07-03 22:27:25,제공,제공,제공,부착,제공,미제공,제공,가능
5220000,416,6470000,47850,사용,U,2026-07-20 10:45:19,2026-07-21 22:27:25,제공,제공,제공,부착,제공,미제공,제공,가능
5220000,417,6470000,47850,사용,I,2026-02-03 15:36:26,2026-04-22 22:31:53,제공,제공,제공,부착,제공,미제공,제공,가능
5230000,302,6470000,47900,사용,U,2026-08-21 14:52:55,2026-08-22 21:57:25,제공,제공,제공,부착,제공,미제공,제공,가능
5230000,401,6470000,47900,사용,U,2026-08-19 17:20:20,2026-08-20 21:57:25,제공,제공,제공,부착,제공,미제공,제공,가능
5230000,402,6470000,47900,사용,I,2026-01-27 11:02:39,2026-01-28 21:57:25,제공,제공,제공,부착,제공,미제공,제공,가능
5230000,403,6470000,47900,사용,I,2026-01-27 11:03:41,2026-01-28 21:57:25,제공,제공,제공,부착,제공,미제공,제공,가능
5230000,404,6470000,47900,사용,U,2026-07-08 16:53:01,2026-07-09 21:57:25,제공,제공,제공,부착,제공,미제공,제공,가능
5230000,405,6470000,47900,사용,U,2026-08-19 17:21:11,2026-08-20 21:57:25,제공,제공,제공,부착,제공,미제공,제공,가능
5230000,501,6470000,47900,사용,U,2026-08-26 13:19:15,2026-08-27 21:57:25,제공,제공,제공,부착,제공,미제공,제공,가능
5230000,502,6470000,47900,사용,U,2026-07-08 16:56:30,2026-07-09 21:57:25,제공,제공,제공,부착,제공,미제공,제공,가능
5230000,503,6470000,47900,사용,U,2026-07-08 16:56:07,2026-07-09 21:57:25,제공,제공,제공,부착,제공,미제공,제공,가능
5230000,504,6470000,47900,사용,U,2026-07-08 16:56:00,2026-07-09 21:57:25,제공,제공,제공,부착,제공,미제공,제공,가능
5230000,505,6470000,47900,사용,U,2026-07-08 16:54:48,2026-07-09 21:57:25,제공,제공,제공,부착,제공,미제공,제공,가능
5230000,506,6470000,47900,사용,U,2026-08-19 17:24:18,2026-08-20 21:57:25,제공,제공,제공,부착,제공,미제공,제공,가능
5230000,507,6470000,47900,사용,U,2026-07-08 16:55:24,2026-07-09 21:57:25,제공,제공,제공,부착,제공,미제공,제공,가능
5230000,508,6470000,47900,사용,I,2026-01-27 11:12:41,2026-01-28 21:57:25,제공,제공,제공,부착,제공,미제공,제공,가능
5230000,509,6470000,47900,사용,U,2026-07-08 16:55:39,2026-07-09 21:57:25,제공,제공,제공,부착,제공,미제공,제공,가능
5230000,510,6470000,47900,사용,I,2026-01-27 11:15:10,2026-01-28 21:57:25,제공,제공,제공,부착,제공,미제공,제공,가능
5240000,401,6470000,47920,사용,U,2026-08-24 15:24:08,2026-08-25 21:57:25,제공,제공,제공,부착,제공,제공,제공,가능
5240000,402,6470000,47920,사용,U,2026-08-24 15:24:13,2026-08-25 21:57:25,제공,제공,제공,부착,제공,제공,제공,가능
5240000,403,6470000,47920,사용,U,2026-08-26 11:24:51,2026-08-27 21:57:25,제공,제공,제공,부착,제공,제공,제공,가능
5240000,404,6470000,47920,사용,U,2026-08-24 15:39:13,2026-08-25 21:57:25,제공,제공,제공,부착,제공,제공,제공,가능
5240000,405,6470000,47920,사용,U,2026-08-24 15:59:05,2026-08-25 21:57:25,제공,제공,제공,부착,제공,미제공,제공,가능
5240000,406,6470000,47920,사용,U,2026-08-24 15:59:11,2026-08-25 21:57:25,제공,제공,제공,부착,제공,미제공,제공,가능
5240000,407,6470000,47920,사용,U,2026-08-24 16:00:46,2026-08-25 21:57:25,제공,제공,제공,부착,제공,미제공,제공,가능
5240000,408,6470000,47920,사용,U,2026-08-24 16:00:51,2026-08-25 21:57:25,제공,제공,제공,부착,제공,미제공,제공,가능
5240000,409,6470000,47920,사용,U,2026-08-24 16:00:55,2026-08-25 21:57:25,제공,제공,제공,부착,제공,미제공,제공,가능
5240000,410,6470000,47920,사용,U,2026-08-24 16:01:00,2026-08-25 21:57:25,제공,제공,제공,부착,제공,미제공,제공,가능
5240000,411,6470000,47920,사용,U,2026-08-24 16:01:06,2026-08-25 21:57:25,제공,제공,제공,부착,제공,미제공,제공,가능
5240000,412,6470000,47920,사용,I,2026-04-22 15:03:29,2026-05-04 22:02:57,제공,제공,제공,부착,제공,제공,제공,가능
5250000,401,6470000,47930,사용,I,2026-01-28 08:56:40,2026-05-02 22:04:42,제공,제공,제공,부착,제공,미제공,제공,불가능
5250000,402,6470000,47930,사용,U,2026-08-25 15:38:50,2026-08-26 21:57:25,제공,제공,제공,부착,제공,미제공,제공,가능
5250000,501,6470000,47930,사용,I,2026-01-28 09:06:56,2026-05-02 22:04:43,제공,제공,제공,부착,제공,미제공,제공,불가능
5250000,502,6470000,47930,사용,U,2026-07-14 18:04:24,2026-07-15 21:57:25,제공,제공,제공,부착,제공,미제공,제공,가능
5250000,503,6470000,47930,사용,U,2026-08-25 15:39:17,2026-08-26 21:57:25,제공,제공,제공,부착,제공,미제공,제공,가능
5250000,504,6470000,47930,사용,I,2026-01-28 20:38:39,2026-05-02 22:04:43,제공,제공,제공,부착,제공,미제공,제공,불가능
5250000,505,6470000,47930,사용,I,2026-01-28 20:39:09,2026-05-02 22:04:44,제공,제공,제공,부착,제공,미제공,제공,불가능
5250000,506,6470000,47930,사용,I,2026-04-21 17:10:58,2026-05-02 22:04:44,제공,제공,제공,부착,제공,미제공,제공,불가능
5250000,507,6470000,47930,사용,I,2026-01-28 20:45:07,2026-05-02 22:04:45,제공,제공,제공,부착,제공,미제공,제공,불가능
5250000,508,6470000,47930,사용,U,2026-07-17 11:13:59,2026-07-18 21:57:25,제공,제공,제공,부착,제공,미제공,제공,가능
5250000,509,6470000,47930,사용,I,2026-01-28 20:45:54,2026-05-02 22:04:45,제공,제공,제공,부착,제공,미제공,제공,불가능
5250000,510,6470000,47930,사용,U,2026-07-13 16:30:45,2026-07-14 21:57:25,제공,제공,제공,부착,제공,미제공,제공,불가능
5250000,511,6470000,47930,사용,I,2026-04-21 17:05:15,2026-05-02 22:04:46,제공,제공,제공,부착,제공,미제공,제공,불가능
5250000,512,6470000,47930,사용,U,2026-07-17 11:13:16,2026-07-18 21:57:25,제공,제공,제공,부착,제공,미제공,제공,불가능
5250000,513,6470000,47930,사용,I,2026-01-28 20:47:47,2026-05-02 22:04:47,제공,제공,제공,부착,제공,미제공,제공,불가능
5250000,514,6470000,47930,사용,I,2026-01-28 20:48:06,2026-05-02 22:04:47,제공,제공,제공,부착,제공,미제공,제공,불가능
5250000,515,6470000,47930,사용,I,2026-04-21 17:11:22,2026-05-02 22:04:47,제공,제공,제공,부착,제공,미제공,제공,불가능
5250000,516,6470000,47930,사용,U,2026-07-14 18:04:08,2026-07-15 21:57:25,제공,제공,제공,부착,제공,미제공,제공,가능
5260000,301,6470000,47940,사용,I,2026-01-28 10:00:37,2026-05-03 22:03:00,제공,제공,제공,부착,제공,미제공,제공,가능
5260000,302,6470000,47940,사용,I,2026-01-28 10:02:07,2026-05-03 22:03:00,제공,제공,제공,부착,제공,미제공,제공,가능
5260000,303,6470000,47940,사용,I,2026-01-28 10:03:21,2026-05-03 22:03:00,제공,제공,제공,부착,제공,미제공,제공,가능
5260000,304,6470000,47940,사용,I,2026-01-28 10:04:26,2026-05-03 22:03:00,제공,제공,제공,부착,제공,미제공,제공,가능
5310000,501,6480000,48170,사용,I,2026-01-27 13:43:42,2026-01-28 21:57:25,제공,제공,제공,부착,제공,미제공,제공,가능
5310000,502,6480000,48170,사용,I,2026-01-27 13:43:55,2026-01-28 21:57:25,제공,제공,제공,부착,제공,미제공,제공,가능
5310000,503,6480000,48170,사용,I,2026-01-27 13:44:07,2026-01-28 21:57:25,제공,제공,제공,부착,제공,미제공,제공,가능
5310000,504,6480000,48170,사용,I,2026-01-27 13:44:17,2026-01-28 21:57:25,제공,제공,제공,부착,제공,미제공,제공,가능
5310000,506,6480000,48170,사용,I,2026-03-19 09:36:04,2026-03-20 21:57:28,제공,제공,제공,부착,제공,제공,제공,가능
5310000,507,6480000,48170,사용,I,2026-01-27 13:44:41,2026-01-28 21:57:25,제공,제공,제공,부착,제공,미제공,제공,가능
5310000,509,6480000,48170,사용,I,2026-01-27 13:44:52,2026-01-28 21:57:25,제공,제공,제공,부착,제공,미제공,제공,가능
5310000,510,6480000,48170,사용,I,2026-01-27 13:45:04,2026-01-28 21:57:25,제공,제공,제공,부착,제공,미제공,제공,가능
5310000,512,6480000,48170,사용,I,2026-01-27 13:45:17,2026-01-28 21:57:25,제공,제공,제공,부착,제공,미제공,제공,가능
5310000,513,6480000,48170,사용,U,2026-07-31 16:50:30,2026-08-01 21:57:26,제공,제공,제공,부착,제공,미제공,제공,가능
5310000,514,6480000,48170,사용,I,2026-01-27 13:45:41,2026-01-28 21:57:25,제공,제공,제공,부착,제공,미제공,제공,가능
5310000,515,6480000,48170,사용,I,2026-01-27 13:30:11,2026-01-28 21:57:25,제공,제공,제공,부착,제공,미제공,제공,가능
5310000,516,6480000,48170,사용,I,2026-01-27 13:31:18,2026-01-28 21:57:25,제공,제공,제공,부착,제공,미제공,제공,가능
5310000,517,6480000,48170,사용,I,2026-01-27 13:32:03,2026-01-28 21:57:25,제공,제공,제공,부착,제공,미제공,제공,가능
5310000,518,6480000,48170,사용,I,2026-01-27 13:32:48,2026-01-28 21:57:25,제공,제공,제공,부착,제공,미제공,제공,가능
5310000,519,6480000,48170,사용,I,2026-03-19 09:31:53,2026-03-20 21:57:28,제공,제공,제공,부착,제공,제공,제공,가능
5310000,520,6480000,48170,사용,U,2026-05-19 11:07:23,2026-05-20 03:03:03,제공,제공,제공,부착,제공,미제공,제공,가능
5310000,521,6480000,48170,사용,I,2026-01-27 13:34:31,2026-01-28 21:57:25,제공,제공,제공,부착,제공,미제공,제공,가능
5310000,522,6480000,48170,사용,I,2026-01-27 13:35:10,2026-01-28 21:57:25,제공,제공,제공,부착,제공,미제공,제공,가능
5310000,523,6480000,48170,사용,I,2026-01-27 13:36:51,2026-01-28 21:57:25,제공,제공,제공,부착,제공,미제공,제공,가능
5310000,524,6480000,48170,사용,I,2026-01-27 13:37:30,2026-01-28 21:57:25,제공,제공,제공,부착,제공,미제공,제공,가능
5310000,525,6480000,48170,사용,I,2026-01-27 13:38:07,2026-01-28 21:57:25,제공,제공,제공,부착,제공,미제공,제공,가능
5310000,526,6480000,48170,사용,I,2026-01-27 13:38:53,2026-01-28 21:57:25,제공,제공,제공,부착,제공,미제공,제공,가능
5310000,527,6480000,48170,사용,I,2026-01-27 13:39:27,2026-01-28 21:57:25,제공,제공,제공,부착,제공,미제공,제공,가능
5310000,528,6480000,48170,사용,I,2026-01-27 13:40:33,2026-01-28 21:57:25,제공,제공,제공,부착,제공,미제공,제공,가능
5310000,529,6480000,48170,사용,I,2026-01-27 13:41:06,2026-01-28 21:57:25,제공,제공,제공,부착,제공,미제공,제공,가능
5310000,530,6480000,48170,사용,I,2026-01-27 13:41:31,2026-01-28 21:57:25,제공,제공,제공,부착,제공,미제공,제공,가능
5310000,531,6480000,48170,사용,I,2026-01-27 13:42:10,2026-01-28 21:57:25,제공,제공,제공,부착,제공,미제공,제공,가능
5310000,532,6480000,48170,사용,I,2026-01-27 13:42:53,2026-01-28 21:57:25,제공,제공,제공,부착,제공,미제공,제공,가능
5310000,533,6480000,48170,사용,I,2026-01-27 13:43:21,2026-01-28 21:57:25,제공,제공,제공,부착,제공,미제공,제공,가능
5310000,534,6480000,48170,사용,U,2026-08-20 14:08:38,2026-08-21 21:57:26,제공,제공,제공,부착,제공,제공,제공,가능
5330000,302,6480000,48220,사용,U,2026-07-30 09:51:49,2026-07-31 21:57:40,제공,제공,제공,부착,제공,미제공,제공,가능
5330000,305,6480000,48220,사용,U,2026-07-27 11:40:07,2026-07-28 21:57:39,제공,제공,제공,부착,제공,미제공,제공,가능
5330000,306,6480000,48220,사용,I,2026-01-22 11:32:46,2026-04-27 22:00:45,제공,제공,제공,부착,제공,미제공,제공,가능
5330000,401,6480000,48220,사용,I,2026-01-22 11:18:52,2026-04-27 22:00:45,제공,제공,제공,부착,제공,미제공,제공,가능
5330000,402,6480000,48220,사용,U,2026-07-27 11:40:24,2026-07-28 21:57:39,제공,제공,제공,부착,제공,미제공,제공,가능
5330000,403,6480000,48220,사용,I,2026-04-02 11:12:32,2026-04-27 22:00:45,제공,제공,제공,부착,제공,미제공,제공,가능
5330000,404,6480000,48220,사용,U,2026-08-24 09:05:18,2026-08-25 21:57:43,제공,제공,제공,부착,제공,미제공,제공,가능
5330000,405,6480000,48220,사용,U,2026-07-27 16:27:01,2026-07-28 21:57:39,제공,제공,제공,부착,제공,미제공,제공,가능
5330000,501,6480000,48220,사용,U,2026-08-10 09:39:08,2026-08-11 21:57:41,제공,제공,제공,부착,제공,미제공,제공,가능
5330000,502,6480000,48220,사용,U,2026-07-29 10:21:32,2026-07-30 21:57:40,제공,제공,제공,부착,제공,미제공,제공,가능
5330000,503,6480000,48220,사용,U,2026-07-28 14:57:00,2026-07-29 21:57:39,제공,제공,제공,부착,제공,미제공,제공,가능
5330000,504,6480000,48220,사용,I,2026-01-22 11:26:04,2026-04-27 22:00:45,제공,제공,제공,부착,제공,미제공,제공,가능
5330000,505,6480000,48220,사용,U,2026-09-02 15:43:28,2026-09-03 21:57:44,제공,제공,제공,부착,제공,미제공,제공,가능
5330000,506,6480000,48220,사용,I,2026-04-02 11:12:19,2026-04-27 22:00:45,제공,제공,제공,부착,제공,미제공,제공,가능
5330000,507,6480000,48220,사용,U,2026-08-03 16:56:55,2026-08-04 21:57:40,제공,제공,제공,부착,제공,미제공,제공,가능
5330000,508,6480000,48220,사용,I,2026-01-22 11:26:55,2026-04-27 22:00:45,제공,제공,제공,부착,제공,미제공,제공,가능
5330000,509,6480000,48220,사용,U,2026-07-28 14:57:12,2026-07-29 21:57:40,제공,제공,제공,부착,제공,미제공,제공,가능
5330000,510,6480000,48220,사용,U,2026-08-10 09:39:19,2026-08-11 21:57:41,제공,제공,제공,부착,제공,미제공,제공,가능
5330000,511,6480000,48220,사용,U,2026-09-02 15:43:39,2026-09-03 21:57:44,제공,제공,제공,부착,제공,미제공,제공,가능
5330000,512,6480000,48220,사용,U,2026-07-30 09:26:11,2026-07-31 21:57:40,제공,제공,제공,부착,제공,미제공,제공,가능
5330000,513,6480000,48220,사용,U,2026-07-30 09:51:35,2026-07-31 21:57:40,제공,제공,제공,부착,제공,미제공,제공,가능
5330000,514,6480000,48220,사용,U,2026-07-27 11:40:37,2026-07-28 21:57:39,제공,제공,제공,부착,제공,미제공,제공,가능
5340000,401,6480000,48240,사용,U,2026-08-28 11:36:46,2026-08-29 21:58:03,제공,제공,제공,부착,제공,제공,제공,가능
5340000,402,6480000,48240,사용,U,2026-07-22 10:36:46,2026-07-23 21:57:59,제공,제공,제공,부착,제공,제공,제공,가능
5340000,403,6480000,48240,사용,U,2026-08-28 11:35:56,2026-08-29 21:58:03,제공,제공,제공,부착,제공,제공,제공,가능
5340000,404,6480000,48240,사용,I,2026-01-26 17:43:19,2026-03-11 01:36:56,제공,제공,제공,부착,제공,제공,제공,가능
5340000,405,6480000,48240,사용,U,2026-08-28 11:30:26,2026-08-29 21:58:03,제공,제공,제공,부착,제공,미제공,제공,가능
5340000,406,6480000,48240,사용,U,2026-08-28 11:29:27,2026-08-29 21:58:03,제공,제공,제공,부착,제공,미제공,제공,가능
5340000,407,6480000,48240,사용,U,2026-08-28 11:32:43,2026-08-29 21:58:03,제공,제공,제공,부착,제공,제공,제공,가능
5340000,408,6480000,48240,사용,U,2026-08-28 11:41:42,2026-08-29 21:58:03,제공,제공,제공,부착,제공,제공,제공,가능
5340000,409,6480000,48240,사용,U,2026-09-22 14:29:29,2026-09-23 21:58:05,제공,제공,제공,부착,제공,제공,제공,가능
5340000,410,6480000,48240,사용,U,2026-09-22 14:30:09,2026-09-23 21:58:05,제공,제공,제공,부착,제공,제공,제공,가능
5340000,411,6480000,48240,사용,I,2026-01-27 20:00:44,2026-03-11 01:36:56,제공,제공,제공,부착,제공,제공,제공,가능
5340000,412,6480000,48240,사용,U,2026-08-28 11:44:59,2026-08-29 21:58:03,제공,제공,제공,부착,제공,제공,제공,가능
5340000,413,6480000,48240,사용,U,2026-08-28 11:46:10,2026-08-29 21:58:03,제공,제공,제공,부착,제공,제공,제공,가능
5340000,501,6480000,48240,사용,I,2026-01-27 19:59:15,2026-03-11 01:36:56,제공,제공,제공,부착,제공,제공,제공,가능
5340000,502,6480000,48240,사용,U,2026-06-25 10:50:19,2026-06-26 21:57:56,제공,제공,제공,부착,제공,제공,제공,가능
5340000,513,6480000,48240,사용,U,2026-08-28 12:01:16,2026-08-29 21:58:03,제공,제공,제공,부착,제공,미제공,제공,가능
5340000,514,6480000,48240,사용,U,2026-08-28 11:51:38,2026-08-29 21:58:03,제공,제공,제공,부착,제공,미제공,제공,가능
5340000,515,6480000,48240,사용,U,2026-08-28 11:52:19,2026-08-29 21:58:03,제공,제공,제공,부착,제공,제공,제공,가능
5340000,516,6480000,48240,사용,U,2026-08-28 11:53:16,2026-08-29 21:58:03,제공,제공,제공,부착,제공,제공,제공,가능
5350000,406,6480000,48250,사용,U,2026-08-27 16:28:57,2026-08-28 21:57:25,제공,제공,제공,부착,제공,미제공,제공,가능
5350000,409,6480000,48250,사용,U,2026-08-27 16:29:12,2026-08-28 21:57:25,제공,제공,제공,부착,제공,미제공,제공,가능
5350000,411,6480000,48250,사용,U,2026-08-27 16:29:56,2026-08-28 21:57:25,제공,제공,제공,부착,제공,미제공,제공,가능
5350000,412,6480000,48250,사용,U,2026-08-27 16:30:24,2026-08-28 21:57:25,제공,제공,제공,부착,제공,미제공,제공,가능
5350000,413,6480000,48250,사용,U,2026-07-21 14:30:17,2026-07-22 21:57:25,제공,제공,제공,부착,제공,제공,제공,가능
5350000,417,6480000,48250,사용,U,2026-07-21 14:30:28,2026-07-22 21:57:25,제공,제공,제공,부착,제공,제공,제공,가능
5350000,419,6480000,48250,사용,U,2026-07-21 14:30:42,2026-07-22 21:57:25,제공,제공,제공,부착,제공,제공,제공,가능
5350000,420,6480000,48250,사용,U,2026-08-27 16:30:39,2026-08-28 21:57:25,제공,제공,제공,부착,제공,미제공,제공,가능
5350000,421,6480000,48250,사용,U,2026-07-21 14:28:13,2026-07-22 21:57:25,제공,제공,제공,부착,제공,제공,제공,가능
5350000,422,6480000,48250,사용,U,2026-08-27 16:30:50,2026-08-28 21:57:25,제공,제공,제공,부착,제공,미제공,제공,가능
5350000,423,6480000,48250,사용,U,2026-08-27 16:30:55,2026-08-28 21:57:25,제공,제공,제공,부착,제공,미제공,제공,가능
5350000,424,6480000,48250,사용,U,2026-07-21 14:31:20,2026-07-22 21:57:25,제공,제공,제공,부착,제공,제공,제공,가능
5350000,425,6480000,48250,사용,U,2026-07-21 14:31:29,2026-07-22 21:57:25,제공,제공,제공,부착,제공,미제공,제공,가능
5350000,426,6480000,48250,사용,U,2026-08-25 17:40:09,2026-08-26 21:57:25,제공,제공,제공,부착,제공,미제공,제공,가능
5350000,427,6480000,48250,사용,U,2026-05-28 12:05:32,2026-05-29 03:03:03,제공,제공,제공,부착,제공,미제공,제공,가능
5350000,428,6480000,48250,사용,U,2026-07-03 12:20:47,2026-07-04 21:57:25,제공,제공,제공,부착,제공,제공,제공,가능
5350000,429,6480000,48250,사용,U,2026-07-21 14:31:55,2026-07-22 21:57:25,제공,제공,제공,부착,제공,제공,제공,가능
5350000,430,6480000,48250,사용,U,2026-07-21 14:32:02,2026-07-22 21:57:25,제공,제공,제공,부착,제공,제공,제공,가능
5350000,501,6480000,48250,사용,U,2026-07-21 14:32:14,2026-07-22 21:57:25,제공,제공,제공,부착,제공,제공,제공,가능
5350000,502,6480000,48250,사용,U,2026-07-21 14:32:23,2026-07-22 21:57:25,제공,제공,제공,부착,제공,제공,제공,가능
5350000,503,6480000,48250,사용,U,2026-07-21 14:32:56,2026-07-22 21:57:25,제공,제공,제공,부착,제공,제공,제공,가능
5350000,504,6480000,48250,사용,U,2026-07-21 14:33:04,2026-07-22 21:57:25,제공,제공,제공,부착,제공,제공,제공,가능
5350000,505,6480000,48250,사용,U,2026-07-21 14:33:11,2026-07-22 21:57:25,제공,제공,제공,부착,제공,제공,제공,가능
5350000,506,6480000,48250,사용,U,2026-07-21 14:33:17,2026-07-22 21:57:26,제공,제공,제공,부착,제공,제공,제공,가능
5350000,507,6480000,48250,사용,U,2026-07-21 14:29:16,2026-07-22 21:57:26,제공,제공,제공,부착,제공,제공,제공,가능
5350000,508,6480000,48250,사용,U,2026-08-25 17:42:01,2026-08-26 21:57:25,제공,제공,제공,부착,제공,제공,제공,가능
5350000,509,6480000,48250,사용,U,2026-08-27 16:31:01,2026-08-28 21:57:25,제공,제공,제공,부착,제공,미제공,제공,가능
5350000,511,6480000,48250,사용,U,2026-07-21 14:33:40,2026-07-22 21:57:26,제공,제공,제공,부착,제공,제공,제공,가능
5350000,512,6480000,48250,사용,U,2026-07-21 14:33:45,2026-07-22 21:57:26,제공,제공,제공,부착,제공,제공,제공,가능
5350000,513,6480000,48250,사용,U,2026-08-27 16:31:08,2026-08-28 21:57:25,제공,제공,제공,부착,제공,미제공,제공,가능
5350000,514,6480000,48250,사용,U,2026-07-21 14:33:56,2026-07-22 21:57:26,제공,제공,제공,부착,제공,제공,제공,가능
5350000,515,6480000,48250,사용,U,2026-07-21 14:27:40,2026-07-22 21:57:26,제공,제공,제공,부착,제공,제공,제공,가능
5350000,516,6480000,48250,사용,U,2026-08-27 16:31:14,2026-08-28 21:57:25,제공,제공,제공,부착,제공,미제공,제공,가능
5360000,301,6480000,48270,사용,U,2026-07-03 11:39:46,2026-07-04 21:57:25,제공,제공,제공,부착,제공,미제공,제공,가능
5360000,302,6480000,48270,사용,U,2026-07-01 08:37:06,2026-07-02 21:57:25,제공,제공,제공,부착,제공,미제공,제공,가능
5360000,402,6480000,48270,사용,I,2026-01-26 09:33:05,2026-03-11 01:23:38,제공,제공,제공,부착,제공,미제공,제공,가능
5360000,404,6480000,48270,사용,I,2026-01-26 09:33:41,2026-03-11 01:23:38,제공,제공,제공,부착,제공,미제공,제공,가능
5360000,405,6480000,48270,사용,I,2026-01-26 09:33:56,2026-03-11 01:23:38,제공,제공,제공,부착,제공,미제공,제공,가능
5360000,406,6480000,48270,사용,U,2026-07-01 08:35:42,2026-07-02 21:57:25,제공,제공,제공,부착,제공,미제공,제공,가능
5360000,407,6480000,48270,사용,U,2026-07-03 11:39:58,2026-07-04 21:57:25,제공,제공,제공,부착,제공,미제공,제공,가능
5360000,408,6480000,48270,사용,I,2026-01-26 09:34:36,2026-03-11 01:23:38,제공,제공,제공,부착,제공,미제공,제공,가능
5360000,409,6480000,48270,사용,U,2026-07-01 08:35:58,2026-07-02 21:57:25,제공,제공,제공,부착,제공,미제공,제공,가능
5360000,410,6480000,48270,사용,U,2026-07-27 08:39:05,2026-07-28 21:57:25,제공,제공,제공,부착,제공,미제공,제공,가능
5360000,411,6480000,48270,사용,I,2026-02-26 09:40:33,2026-03-11 01:23:38,제공,제공,제공,부착,제공,미제공,제공,가능
5360000,412,6480000,48270,사용,U,2026-04-07 09:10:30,2026-04-08 03:03:03,제공,제공,제공,부착,제공,미제공,제공,가능
5360000,501,6480000,48270,사용,I,2026-01-26 09:36:32,2026-03-11 01:23:38,제공,제공,제공,부착,제공,미제공,제공,가능
5360000,502,6480000,48270,사용,I,2026-01-26 09:36:44,2026-03-11 01:23:38,제공,제공,제공,부착,제공,미제공,제공,가능
5360000,503,6480000,48270,사용,U,2026-07-01 08:36:29,2026-07-02 21:57:25,제공,제공,제공,부착,제공,미제공,제공,가능
5360000,504,6480000,48270,사용,U,2026-03-25 09:44:21,2026-03-26 03:03:03,제공,제공,제공,부착,제공,미제공,제공,가능
5360000,505,6480000,48270,사용,U,2026-07-01 08:36:48,2026-07-02 21:57:26,제공,제공,제공,부착,제공,미제공,제공,가능
5360000,506,6480000,48270,사용,U,2026-03-26 09:50:23,2026-03-27 03:03:03,제공,제공,제공,부착,제공,미제공,제공,가능
5360000,507,6480000,48270,사용,U,2026-09-10 20:53:20,2026-09-11 21:57:25,제공,제공,제공,부착,제공,미제공,제공,가능
5360000,508,6480000,48270,사용,I,2026-02-26 09:41:16,2026-03-11 01:23:38,제공,제공,제공,부착,제공,미제공,제공,가능
5360000,509,6480000,48270,사용,U,2026-07-03 17:14:57,2026-07-04 21:57:25,제공,제공,제공,부착,제공,미제공,제공,가능
5360000,510,6480000,48270,사용,U,2026-07-01 08:37:21,2026-07-02 21:57:26,제공,제공,제공,부착,제공,미제공,제공,가능
5360000,511,6480000,48270,사용,I,2026-01-26 09:39:13,2026-03-11 01:23:39,제공,제공,제공,부착,제공,미제공,제공,가능
5360000,512,6480000,48270,사용,U,2026-06-30 13:17:21,2026-07-01 21:57:25,제공,제공,제공,부착,제공,미제공,제공,가능
5360000,513,6480000,48270,사용,I,2026-01-26 09:39:42,2026-03-11 01:23:39,제공,제공,제공,부착,제공,미제공,제공,가능
5370000,401,6480000,48310,사용,U,2026-09-11 16:01:53,2026-09-12 21:57:25,제공,제공,제공,부착,제공,미제공,제공,불가능
5370000,402,6480000,48310,사용,I,2026-01-22 10:32:06,2026-01-23 21:57:25,제공,제공,제공,부착,제공,미제공,제공,가능
5370000,403,6480000,48310,사용,U,2026-06-01 15:18:55,2026-06-02 03:03:03,제공,제공,제공,부착,제공,미제공,제공,가능
5370000,404,6480000,48310,사용,I,2026-01-22 10:33:19,2026-01-23 21:57:25,제공,제공,제공,부착,제공,미제공,제공,가능
5370000,406,6480000,48310,사용,I,2026-01-22 10:34:46,2026-01-23 21:57:25,제공,제공,제공,부착,제공,미제공,제공,가능
5370000,411,6480000,48310,사용,I,2026-01-22 11:24:01,2026-01-23 21:57:25,제공,제공,제공,부착,제공,미제공,제공,가능
5370000,412,6480000,48310,사용,I,2026-01-22 10:41:05,2026-01-23 21:57:25,제공,제공,제공,부착,제공,미제공,제공,불가능
5370000,413,6480000,48310,사용,I,2026-01-22 10:42:51,2026-01-23 21:57:25,제공,제공,제공,부착,제공,미제공,제공,불가능
5370000,414,6480000,48310,사용,U,2026-07-06 15:21:04,2026-07-07 21:57:25,제공,제공,제공,부착,제공,미제공,제공,가능
5370000,415,6480000,48310,사용,U,2026-08-28 13:30:53,2026-08-29 21:57:25,제공,제공,제공,부착,제공,미제공,제공,가능
5370000,416,6480000,48310,사용,U,2026-08-28 13:30:14,2026-08-29 21:57:25,제공,제공,제공,부착,제공,미제공,제공,가능
5370000,417,6480000,48310,사용,I,2026-01-22 10:45:33,2026-01-23 21:57:25,제공,제공,제공,부착,제공,미제공,제공,불가능
5370000,418,6480000,48310,사용,U,2026-08-28 13:24:18,2026-08-29 21:57:25,제공,제공,제공,부착,제공,미제공,제공,가능
5370000,419,6480000,48310,사용,U,2026-08-28 13:24:03,2026-08-29 21:57:25,제공,제공,제공,부착,제공,미제공,제공,가능
5370000,420,6480000,48310,사용,I,2026-01-22 10:47:28,2026-01-23 21:57:25,제공,제공,제공,부착,제공,미제공,제공,불가능
5370000,421,6480000,48310,사용,U,2026-09-11 15:58:16,2026-09-12 21:57:25,제공,제공,제공,부착,제공,미제공,제공,가능
5370000,423,6480000,48310,사용,U,2026-08-28 13:30:40,2026-08-29 21:57:25,제공,제공,제공,부착,제공,미제공,제공,가능
5370000,424,6480000,48310,사용,I,2026-03-16 10:04:59,2026-03-17 21:57:26,제공,제공,제공,부착,제공,미제공,제공,가능
5370000,425,6480000,48310,사용,I,2026-01-22 10:50:11,2026-01-23 21:57:25,제공,제공,제공,부착,제공,미제공,제공,가능
5370000,426,6480000,48310,사용,U,2026-06-01 15:23:43,2026-06-02 03:03:03,제공,제공,제공,부착,제공,미제공,제공,가능
5370000,427,6480000,48310,사용,U,2026-06-01 14:56:43,2026-06-02 03:03:03,제공,제공,제공,부착,제공,미제공,제공,가능
5370000,428,6480000,48310,사용,U,2026-05-18 16:16:03,2026-05-19 03:03:03,제공,제공,제공,부착,제공,미제공,제공,가능
5370000,429,6480000,48310,사용,U,2026-06-01 15:03:55,2026-06-02 03:03:03,제공,제공,제공,부착,제공,미제공,제공,가능
5370000,430,6480000,48310,사용,U,2026-06-01 15:24:09,2026-06-02 03:03:03,제공,제공,제공,부착,제공,미제공,제공,불가능
5370000,431,6480000,48310,사용,U,2026-05-18 16:16:40,2026-05-19 03:03:03,제공,제공,제공,부착,제공,미제공,제공,가능
5370000,432,6480000,48310,사용,U,2026-06-09 20:24:48,2026-06-10 21:57:25,제공,제공,제공,부착,제공,미제공,제공,불가능
5370000,433,6480000,48310,사용,U,2026-09-10 15:18:28,2026-09-11 21:57:25,제공,제공,제공,부착,제공,미제공,제공,가능
5370000,434,6480000,48310,사용,U,2026-06-01 15:24:42,2026-06-02 03:03:03,제공,제공,제공,부착,제공,미제공,제공,불가능
5370000,435,6480000,48310,사용,U,2026-06-04 13:47:12,2026-06-05 21:57:25,제공,제공,제공,부착,제공,미제공,제공,불가능
5370000,436,6480000,48310,사용,U,2026-06-04 13:47:23,2026-06-05 21:57:25,제공,제공,제공,부착,제공,미제공,제공,불가능
5370000,437,6480000,48310,사용,I,2026-01-22 10:58:43,2026-01-23 21:57:25,제공,제공,제공,부착,제공,미제공,제공,가능
5370000,439,6480000,48310,사용,U,2026-09-11 15:58:59,2026-09-12 21:57:25,제공,제공,제공,부착,제공,미제공,제공,가능
5370000,440,6480000,48310,사용,I,2026-01-22 11:01:48,2026-01-23 21:57:25,제공,제공,제공,부착,제공,미제공,제공,불가능
5370000,441,6480000,48310,사용,I,2026-01-22 11:02:18,2026-01-23 21:57:25,제공,제공,제공,부착,제공,미제공,제공,가능
5370000,442,6480000,48310,사용,U,2026-09-11 16:12:53,2026-09-12 21:57:25,제공,제공,제공,부착,제공,미제공,제공,가능
5370000,443,6480000,48310,사용,U,2026-09-10 15:17:43,2026-09-11 21:57:25,제공,제공,제공,부착,제공,미제공,제공,가능
5370000,444,6480000,48310,사용,I,2026-01-22 11:04:52,2026-01-23 21:57:25,제공,제공,제공,부착,제공,미제공,제공,가능
5370000,445,6480000,48310,사용,U,2026-06-02 09:42:45,2026-06-03 03:03:03,제공,제공,제공,부착,제공,미제공,제공,가능
5370000,446,6480000,48310,사용,U,2026-08-28 13:22:16,2026-08-29 21:57:25,제공,제공,제공,부착,제공,미제공,제공,가능
5370000,447,6480000,48310,사용,U,2026-08-28 13:22:34,2026-08-29 21:57:25,제공,제공,제공,부착,제공,미제공,제공,가능
5370000,448,6480000,48310,사용,U,2026-08-28 13:22:46,2026-08-29 21:57:25,제공,제공,제공,부착,제공,미제공,제공,가능
5370000,449,6480000,48310,사용,U,2026-08-28 13:23:37,2026-08-29 21:57:25,제공,제공,제공,부착,제공,미제공,제공,가능
5370000,450,6480000,48310,사용,I,2026-01-22 11:08:31,2026-01-23 21:57:25,제공,제공,제공,부착,제공,미제공,제공,불가능
5370000,451,6480000,48310,사용,U,2026-08-28 13:32:07,2026-08-29 21:57:25,제공,제공,제공,부착,제공,미제공,제공,가능
5370000,452,6480000,48310,사용,U,2026-09-11 16:12:25,2026-09-12 21:57:25,제공,제공,제공,부착,제공,미제공,제공,가능
5370000,453,6480000,48310,사용,U,2026-06-01 15:13:07,2026-06-02 03:03:03,제공,제공,제공,부착,제공,미제공,제공,가능
5370000,454,6480000,48310,사용,U,2026-08-28 13:23:03,2026-08-29 21:57:25,제공,제공,제공,부착,제공,미제공,제공,가능
5370000,455,6480000,48310,사용,U,2026-09-11 16:12:04,2026-09-12 21:57:25,제공,제공,제공,부착,제공,미제공,제공,가능
5370000,456,6480000,48310,사용,U,2026-09-11 16:08:25,2026-09-12 21:57:25,제공,제공,제공,부착,제공,미제공,제공,가능
5380000,409,6480000,48330,사용,U,2026-08-20 10:35:13,2026-08-21 21:57:25,제공,제공,제공,부착,제공,미제공,제공,가능
5380000,501,6480000,48330,사용,U,2026-09-29 16:52:25,2026-09-30 21:57:25,제공,제공,제공,부착,제공,미제공,제공,가능
5380000,502,6480000,48330,사용,U,2026-08-31 16:04:41,2026-09-01 21:57:25,제공,제공,제공,부착,제공,미제공,제공,가능
5380000,503,6480000,48330,사용,I,2026-01-30 11:38:01,2026-02-02 13:13:57,제공,제공,제공,부착,제공,미제공,제공,가능
5380000,504,6480000,48330,사용,U,2026-09-29 16:52:59,2026-09-30 21:57:25,제공,제공,제공,부착,제공,미제공,제공,가능
5380000,505,6480000,48330,사용,U,2026-09-29 16:52:46,2026-09-30 21:57:25,제공,제공,제공,부착,제공,미제공,제공,가능
5380000,506,6480000,48330,사용,U,2026-09-29 16:53:08,2026-09-30 21:57:25,제공,제공,제공,부착,제공,미제공,제공,가능
5380000,507,6480000,48330,사용,U,2026-05-13 10:50:56,2026-05-14 03:03:03,제공,제공,제공,부착,제공,미제공,제공,가능
5380000,508,6480000,48330,사용,U,2026-08-20 10:27:51,2026-08-21 21:57:25,제공,제공,제공,부착,제공,미제공,제공,가능
5380000,509,6480000,48330,사용,I,2026-01-30 11:39:15,2026-02-02 13:13:57,제공,제공,제공,부착,제공,미제공,제공,가능
5380000,510,6480000,48330,사용,U,2026-09-29 16:53:15,2026-09-30 21:57:25,제공,제공,제공,부착,제공,미제공,제공,가능
5380000,511,6480000,48330,사용,I,2026-01-30 11:41:41,2026-02-02 13:13:57,제공,제공,제공,부착,제공,미제공,제공,가능
5380000,513,6480000,48330,사용,I,2026-01-30 14:51:56,2026-02-02 13:13:57,제공,제공,제공,부착,제공,미제공,제공,가능
5380000,514,6480000,48330,사용,U,2026-08-31 10:21:18,2026-09-01 21:57:25,제공,제공,제공,부착,제공,미제공,제공,가능
5380000,515,6480000,48330,사용,U,2026-09-29 16:53:26,2026-09-30 21:57:25,제공,제공,제공,부착,제공,미제공,제공,가능
5380000,517,6480000,48330,사용,U,2026-08-31 10:21:34,2026-09-01 21:57:25,제공,제공,제공,부착,제공,미제공,제공,가능
5380000,518,6480000,48330,사용,U,2026-08-20 10:35:33,2026-08-21 21:57:25,제공,제공,제공,부착,제공,미제공,제공,가능
5380000,520,6480000,48330,사용,U,2026-08-20 10:35:41,2026-08-21 21:57:25,제공,제공,제공,부착,제공,미제공,제공,가능
5380000,521,6480000,48330,사용,U,2026-09-29 16:53:52,2026-09-30 21:57:25,제공,제공,제공,부착,제공,미제공,제공,가능
5380000,522,6480000,48330,사용,U,2026-08-20 10:35:50,2026-08-21 21:57:25,제공,제공,제공,부착,제공,미제공,제공,가능
5380000,523,6480000,48330,사용,U,2026-09-29 16:53:59,2026-09-30 21:57:25,제공,제공,제공,부착,제공,미제공,제공,가능
5380000,524,6480000,48330,사용,I,2026-01-30 14:57:19,2026-02-02 13:13:57,제공,제공,제공,부착,제공,미제공,제공,가능
5380000,525,6480000,48330,사용,I,2026-01-30 14:57:31,2026-02-02 13:13:57,제공,제공,제공,부착,제공,미제공,제공,가능
5380000,526,6480000,48330,사용,U,2026-08-20 10:36:02,2026-08-21 21:57:25,제공,제공,제공,부착,제공,미제공,제공,가능
5380000,527,6480000,48330,사용,U,2026-08-31 10:23:07,2026-09-01 21:57:25,제공,제공,제공,부착,제공,미제공,제공,가능
5380000,528,6480000,48330,사용,U,2026-08-31 10:23:29,2026-09-01 21:57:25,제공,제공,제공,부착,제공,미제공,제공,가능
5380000,529,6480000,48330,사용,U,2026-08-31 10:23:34,2026-09-01 21:57:25,제공,제공,제공,부착,제공,미제공,제공,가능
5380000,530,6480000,48330,사용,U,2026-08-20 10:36:07,2026-08-21 21:57:25,제공,제공,제공,부착,제공,미제공,제공,가능
5380000,531,6480000,48330,사용,U,2026-08-20 10:36:13,2026-08-21 21:57:25,제공,제공,제공,부착,제공,미제공,제공,가능
5380000,532,6480000,48330,사용,I,2026-04-21 13:17:28,2026-04-24 21:59:28,제공,제공,제공,부착,제공,미제공,제공,가능
5380000,533,6480000,48330,사용,U,2026-08-21 14:24:52,2026-08-22 21:57:25,제공,제공,제공,부착,제공,미제공,제공,가능
5390000,401,6480000,48720,사용,U,2026-08-31 11:44:26,2026-09-01 21:57:25,제공,제공,제공,부착,제공,미제공,제공,가능
5390000,402,6480000,48720,사용,I,2026-02-02 11:28:07,2026-02-03 21:57:25,제공,제공,제공,부착,제공,미제공,제공,가능
5390000,403,6480000,48720,사용,U,2026-08-31 11:44:54,2026-09-01 21:57:25,제공,제공,제공,부착,제공,미제공,제공,가능
5390000,404,6480000,48720,사용,U,2026-08-31 11:47:25,2026-09-01 21:57:25,제공,제공,제공,부착,제공,미제공,제공,가능
5390000,405,6480000,48720,사용,U,2026-08-31 11:47:07,2026-09-01 21:57:25,제공,제공,제공,부착,제공,미제공,제공,가능
5390000,406,6480000,48720,사용,U,2026-08-31 11:46:50,2026-09-01 21:57:25,제공,제공,제공,부착,제공,미제공,제공,가능
5390000,407,6480000,48720,사용,U,2026-08-31 11:46:43,2026-09-01 21:57:25,제공,제공,제공,부착,제공,미제공,제공,가능
5390000,408,6480000,48720,사용,U,2026-08-31 11:46:34,2026-09-01 21:57:25,제공,제공,제공,부착,제공,미제공,제공,가능
5390000,409,6480000,48720,사용,U,2026-08-31 11:46:23,2026-09-01 21:57:25,제공,제공,제공,부착,제공,미제공,제공,가능
5390000,410,6480000,48720,사용,I,2026-01-23 11:50:39,2026-01-24 21:57:25,제공,제공,제공,부착,제공,미제공,제공,가능
5390000,411,6480000,48720,사용,U,2026-08-21 19:15:26,2026-08-22 21:57:25,제공,제공,제공,부착,제공,미제공,제공,가능
5390000,412,6480000,48720,사용,U,2026-07-06 09:27:09,2026-07-07 21:57:25,제공,제공,제공,부착,제공,미제공,제공,가능
5390000,413,6480000,48720,사용,I,2026-01-23 11:51:30,2026-01-24 21:57:25,제공,제공,제공,부착,제공,미제공,제공,가능
5390000,414,6480000,48720,사용,U,2026-07-06 10:28:27,2026-07-07 21:57:25,제공,제공,제공,부착,제공,미제공,제공,가능
5400000,403,6480000,48730,사용,U,2026-08-31 10:52:19,2026-09-01 21:57:25,제공,제공,제공,부착,제공,미제공,제공,가능
5400000,404,6480000,48730,사용,U,2026-08-31 10:52:29,2026-09-01 21:57:25,제공,제공,제공,부착,제공,미제공,제공,가능
5400000,405,6480000,48730,사용,U,2026-08-31 10:52:36,2026-09-01 21:57:25,제공,제공,제공,부착,제공,미제공,제공,가능
5400000,406,6480000,48730,사용,U,2026-08-31 10:52:41,2026-09-01 21:57:25,제공,제공,제공,부착,제공,미제공,제공,가능
5400000,407,6480000,48730,사용,U,2026-08-31 10:52:49,2026-09-01 21:57:25,제공,제공,제공,부착,제공,미제공,제공,가능
5400000,408,6480000,48730,사용,U,2026-08-31 10:52:55,2026-09-01 21:57:25,제공,제공,제공,부착,제공,미제공,제공,가능
5400000,409,6480000,48730,사용,U,2026-08-31 10:53:01,2026-09-01 21:57:25,제공,제공,제공,부착,제공,미제공,제공,가능
5400000,410,6480000,48730,사용,U,2026-08-31 10:53:06,2026-09-01 21:57:25,제공,제공,제공,부착,제공,미제공,제공,가능
5400000,411,6480000,48730,사용,U,2026-08-31 10:53:11,2026-09-01 21:57:25,제공,제공,제공,부착,제공,미제공,제공,가능
5400000,412,6480000,48730,사용,U,2026-08-31 10:53:17,2026-09-01 21:57:25,제공,제공,제공,부착,제공,미제공,제공,가능
5400000,414,6480000,48730,사용,U,2026-08-31 10:53:23,2026-09-01 21:57:25,제공,제공,제공,부착,제공,미제공,제공,가능
5400000,415,6480000,48730,사용,U,2026-08-31 10:53:28,2026-09-01 21:57:25,제공,제공,제공,부착,제공,미제공,제공,가능
5410000,401,6480000,48740,사용,I,2026-03-09 15:23:50,2026-05-10 22:11:29,제공,제공,제공,부착,제공,미제공,제공,가능
5410000,402,6480000,48740,사용,U,2026-08-25 14:57:44,2026-08-26 21:57:22,제공,제공,제공,부착,제공,미제공,제공,가능
5410000,403,6480000,48740,사용,U,2026-08-25 14:57:30,2026-08-26 21:57:22,제공,제공,제공,부착,제공,미제공,제공,가능
5410000,404,6480000,48740,사용,U,2026-08-25 14:57:22,2026-08-26 21:57:22,제공,제공,제공,부착,제공,미제공,제공,가능
5410000,405,6480000,48740,사용,U,2026-08-25 14:57:11,2026-08-26 21:57:22,제공,제공,제공,부착,제공,미제공,제공,가능
5410000,406,6480000,48740,사용,U,2026-08-25 14:56:56,2026-08-26 21:57:22,제공,제공,제공,부착,제공,미제공,제공,가능
5410000,407,6480000,48740,사용,U,2026-08-25 14:56:41,2026-08-26 21:57:22,제공,제공,제공,부착,제공,미제공,제공,가능
5410000,408,6480000,48740,사용,U,2026-08-25 14:56:36,2026-08-26 21:57:22,제공,제공,제공,부착,제공,미제공,제공,가능
5410000,409,6480000,48740,사용,U,2026-08-25 14:56:25,2026-08-26 21:57:22,제공,제공,제공,부착,제공,미제공,제공,가능
5410000,410,6480000,48740,사용,U,2026-08-27 09:43:29,2026-08-28 21:57:22,제공,제공,제공,부착,제공,미제공,제공,가능
5410000,411,6480000,48740,사용,U,2026-08-27 09:43:44,2026-08-28 21:57:22,제공,제공,제공,부착,제공,미제공,제공,가능
5410000,412,6480000,48740,사용,U,2026-08-25 14:56:17,2026-08-26 21:57:22,제공,제공,제공,부착,제공,미제공,제공,가능
5410000,413,6480000,48740,사용,U,2026-08-25 14:56:10,2026-08-26 21:57:22,제공,제공,제공,부착,제공,미제공,제공,가능
5410000,414,6480000,48740,사용,U,2026-08-25 14:56:03,2026-08-26 21:57:22,제공,제공,제공,부착,제공,미제공,제공,가능
5410000,415,6480000,48740,사용,U,2026-08-25 14:55:57,2026-08-26 21:57:22,제공,제공,제공,부착,제공,미제공,제공,가능
5410000,416,6480000,48740,사용,U,2026-08-25 14:55:45,2026-08-26 21:57:22,제공,제공,제공,부착,제공,미제공,제공,가능
5410000,417,6480000,48740,사용,U,2026-08-25 14:55:38,2026-08-26 21:57:22,제공,제공,제공,부착,제공,미제공,제공,가능
5410000,418,6480000,48740,사용,U,2026-08-25 14:55:27,2026-08-26 21:57:22,제공,제공,제공,부착,제공,미제공,제공,가능
5420000,401,6480000,48820,사용,U,2026-08-31 10:56:16,2026-09-01 21:57:25,제공,제공,제공,부착,제공,제공,제공,가능
5420000,402,6480000,48820,사용,U,2026-05-06 15:39:14,2026-05-07 03:03:03,제공,제공,제공,부착,제공,미제공,제공,가능
5420000,403,6480000,48820,사용,U,2026-08-31 10:26:07,2026-09-01 21:57:25,제공,제공,제공,부착,제공,미제공,제공,가능
5420000,404,6480000,48820,사용,U,2026-08-31 10:26:21,2026-09-01 21:57:25,제공,제공,제공,부착,제공,미제공,제공,가능
5420000,405,6480000,48820,사용,U,2026-08-31 10:26:14,2026-09-01 21:57:25,제공,제공,제공,부착,제공,미제공,제공,가능
5420000,406,6480000,48820,사용,U,2026-08-31 10:28:22,2026-09-01 21:57:25,제공,제공,제공,부착,제공,미제공,제공,가능
5420000,409,6480000,48820,사용,U,2026-08-31 10:27:05,2026-09-01 21:57:25,제공,제공,제공,부착,제공,미제공,제공,가능
5420000,410,6480000,48820,사용,U,2026-08-31 10:48:48,2026-09-01 21:57:25,제공,제공,제공,부착,제공,미제공,제공,가능
5420000,411,6480000,48820,사용,U,2026-08-31 10:26:45,2026-09-01 21:57:25,제공,제공,제공,부착,제공,미제공,제공,가능
5420000,412,6480000,48820,사용,U,2026-08-31 10:26:55,2026-09-01 21:57:25,제공,제공,제공,부착,제공,미제공,제공,가능
5430000,401,6480000,48840,사용,U,2026-08-24 14:17:41,2026-08-25 21:57:25,제공,제공,제공,부착,제공,미제공,제공,가능
5430000,402,6480000,48840,사용,I,2026-01-28 11:03:19,2026-05-14 21:57:25,제공,제공,제공,부착,제공,미제공,제공,가능
5430000,403,6480000,48840,사용,U,2026-08-24 14:18:39,2026-08-25 21:57:25,제공,제공,제공,부착,제공,미제공,제공,가능
5430000,404,6480000,48840,사용,U,2026-08-24 14:17:55,2026-08-25 21:57:25,제공,제공,제공,부착,제공,미제공,제공,가능
5430000,405,6480000,48840,사용,U,2026-09-29 13:21:36,2026-09-30 21:57:25,제공,제공,제공,부착,제공,미제공,제공,가능
5430000,406,6480000,48840,사용,I,2026-04-10 09:21:31,2026-05-14 21:57:25,제공,제공,제공,부착,제공,제공,제공,가능
5430000,407,6480000,48840,사용,U,2026-08-24 14:19:23,2026-08-25 21:57:25,제공,제공,제공,부착,제공,미제공,제공,가능
5430000,408,6480000,48840,사용,U,2026-08-24 14:20:10,2026-08-25 21:57:25,제공,제공,제공,부착,제공,미제공,제공,가능
5430000,409,6480000,48840,사용,U,2026-07-27 10:57:13,2026-07-28 21:57:25,제공,제공,제공,부착,제공,제공,제공,가능
5430000,410,6480000,48840,사용,I,2026-01-26 14:58:00,2026-05-14 21:57:26,제공,제공,제공,부착,제공,미제공,제공,가능
5430000,411,6480000,48840,사용,I,2026-01-26 16:13:15,2026-05-14 21:57:26,제공,제공,제공,부착,제공,제공,제공,가능
5430000,412,6480000,48840,사용,U,2026-08-24 14:22:20,2026-08-25 21:57:25,제공,제공,제공,부착,제공,미제공,제공,불가능
5430000,413,6480000,48840,사용,U,2026-08-24 14:23:34,2026-08-25 21:57:25,제공,제공,제공,부착,제공,제공,제공,가능
5440000,402,6480000,48850,사용,U,2026-09-14 13:56:46,2026-09-15 21:57:25,제공,제공,제공,부착,제공,제공,제공,가능
5440000,403,6480000,48850,사용,U,2026-09-14 13:57:13,2026-09-15 21:57:25,제공,제공,제공,부착,제공,제공,제공,가능
5440000,404,6480000,48850,사용,U,2026-08-27 17:10:33,2026-08-28 21:57:25,제공,제공,제공,부착,제공,제공,제공,가능
5440000,501,6480000,48850,사용,U,2026-08-27 17:10:40,2026-08-28 21:57:25,제공,제공,제공,부착,제공,제공,제공,가능
5440000,502,6480000,48850,사용,I,2026-01-22 13:30:21,2026-04-26 22:00:50,제공,제공,제공,부착,제공,제공,제공,가능
5440000,503,6480000,48850,사용,I,2026-01-22 13:30:42,2026-04-26 22:00:50,제공,제공,제공,부착,제공,제공,제공,가능
5440000,504,6480000,48850,사용,U,2026-08-27 17:11:00,2026-08-28 21:57:25,제공,제공,제공,부착,제공,제공,제공,가능
5440000,505,6480000,48850,사용,I,2026-01-22 13:34:06,2026-04-26 22:00:50,제공,제공,제공,부착,제공,제공,제공,가능
5440000,506,6480000,48850,사용,U,2026-08-27 16:41:46,2026-08-28 21:57:25,제공,제공,제공,부착,제공,제공,제공,가능
5440000,507,6480000,48850,사용,U,2026-09-29 13:03:23,2026-09-30 21:57:25,제공,제공,제공,부착,제공,제공,제공,가능
5440000,508,6480000,48850,사용,U,2026-08-27 16:42:59,2026-08-28 21:57:25,제공,제공,제공,부착,제공,제공,제공,가능
5440000,509,6480000,48850,사용,U,2026-08-27 17:11:27,2026-08-28 21:57:25,제공,제공,제공,부착,제공,제공,제공,가능
5440000,510,6480000,48850,사용,U,2026-09-01 10:48:18,2026-09-02 21:57:25,제공,제공,제공,부착,제공,제공,제공,가능
5440000,511,6480000,48850,사용,U,2026-08-27 17:11:47,2026-08-28 21:57:25,제공,제공,제공,부착,제공,제공,제공,가능
5440000,513,6480000,48850,사용,U,2026-09-28 11:29:48,2026-09-29 21:57:25,제공,제공,제공,부착,제공,제공,제공,가능
5440000,514,6480000,48850,사용,U,2026-08-27 17:12:06,2026-08-28 21:57:25,제공,제공,제공,부착,제공,제공,제공,가능
5440000,515,6480000,48850,사용,U,2026-08-27 17:12:14,2026-08-28 21:57:25,제공,제공,제공,부착,제공,제공,제공,가능
5450000,401,6480000,48860,사용,U,2026-08-31 15:44:20,2026-09-01 21:57:25,제공,제공,제공,부착,제공,미제공,제공,가능
5450000,402,6480000,48860,사용,U,2026-08-31 15:44:27,2026-09-01 21:57:25,제공,제공,제공,부착,제공,미제공,제공,가능
5450000,403,6480000,48860,사용,U,2026-08-31 15:44:34,2026-09-01 21:57:25,제공,제공,제공,부착,제공,미제공,제공,가능
5450000,404,6480000,48860,사용,U,2026-08-31 15:44:41,2026-09-01 21:57:25,제공,제공,제공,부착,제공,미제공,제공,가능
5450000,405,6480000,48860,사용,U,2026-08-31 15:44:48,2026-09-01 21:57:25,제공,제공,제공,부착,제공,미제공,제공,가능
5450000,406,6480000,48860,사용,U,2026-08-31 15:44:55,2026-09-01 21:57:25,제공,제공,제공,부착,제공,미제공,제공,가능
5450000,407,6480000,48860,사용,I,2026-01-28 16:52:22,2026-01-29 21:57:25,제공,제공,제공,부착,제공,미제공,제공,가능
5450000,408,6480000,48860,사용,U,2026-07-22 14:25:19,2026-07-23 21:57:25,제공,제공,제공,부착,제공,미제공,제공,가능
5450000,409,6480000,48860,사용,U,2026-08-31 15:45:02,2026-09-01 21:57:25,제공,제공,제공,부착,제공,미제공,제공,가능
5450000,410,6480000,48860,사용,U,2026-08-31 15:45:08,2026-09-01 21:57:25,제공,제공,제공,부착,제공,미제공,제공,가능
5450000,411,6480000,48860,사용,U,2026-08-31 15:45:14,2026-09-01 21:57:25,제공,제공,제공,부착,제공,미제공,제공,가능
5450000,412,6480000,48860,사용,U,2026-09-11 14:26:52,2026-09-12 21:57:25,제공,제공,제공,부착,제공,미제공,제공,가능
5450000,413,6480000,48860,사용,U,2026-08-31 15:45:29,2026-09-01 21:57:25,제공,제공,제공,부착,제공,미제공,제공,가능
5450000,415,6480000,48860,사용,U,2026-04-23 09:11:47,2026-04-24 03:03:03,제공,제공,제공,부착,제공,미제공,제공,가능
5460000,501,6480000,48870,사용,U,2026-08-14 17:25:50,2026-08-15 21:57:25,제공,제공,제공,부착,제공,미제공,제공,가능
5460000,502,6480000,48870,사용,U,2026-07-02 17:47:51,2026-07-03 21:57:25,제공,제공,제공,부착,제공,제공,제공,가능
5460000,503,6480000,48870,사용,I,2026-01-28 11:43:49,2026-04-01 22:09:41,제공,제공,제공,부착,제공,미제공,제공,가능
5460000,504,6480000,48870,사용,U,2026-07-02 14:33:16,2026-07-03 21:57:25,제공,제공,제공,부착,제공,미제공,제공,가능
5460000,505,6480000,48870,사용,U,2026-07-01 09:27:25,2026-07-02 21:57:25,제공,제공,제공,부착,제공,제공,제공,가능
5460000,506,6480000,48870,사용,U,2026-06-16 16:17:25,2026-06-17 21:57:25,제공,제공,제공,부착,제공,제공,제공,가능
5460000,507,6480000,48870,사용,U,2026-07-01 09:27:25,2026-07-02 21:57:25,제공,제공,제공,부착,제공,제공,제공,가능
5470000,406,6480000,48880,사용,U,2026-08-31 11:42:24,2026-09-01 21:57:25,제공,제공,제공,부착,제공,미제공,제공,가능
5470000,407,6480000,48880,사용,U,2026-08-31 11:42:39,2026-09-01 21:57:25,제공,제공,제공,부착,제공,미제공,제공,가능
5470000,501,6480000,48880,사용,U,2026-08-04 08:38:32,2026-08-05 21:57:25,제공,제공,제공,부착,제공,미제공,제공,불가능
5470000,502,6480000,48880,사용,U,2026-08-04 08:05:18,2026-08-05 21:57:25,제공,제공,제공,부착,제공,미제공,제공,불가능
5470000,504,6480000,48880,사용,U,2026-08-04 08:28:11,2026-08-05 21:57:25,제공,제공,제공,부착,제공,미제공,제공,불가능
5470000,505,6480000,48880,사용,U,2026-08-04 08:27:28,2026-08-05 21:57:25,제공,제공,제공,부착,제공,미제공,제공,불가능
5470000,506,6480000,48880,사용,U,2026-08-31 13:49:43,2026-09-01 21:57:25,제공,제공,제공,부착,제공,미제공,제공,불가능
5470000,507,6480000,48880,사용,U,2026-08-31 11:43:24,2026-09-01 21:57:25,제공,제공,제공,부착,제공,미제공,제공,가능
5470000,508,6480000,48880,사용,U,2026-08-31 11:43:57,2026-09-01 21:57:25,제공,제공,제공,부착,제공,미제공,제공,가능
5470000,509,6480000,48880,사용,U,2026-09-28 10:03:42,2026-09-29 21:57:25,제공,제공,제공,부착,제공,미제공,제공,가능
5470000,510,6480000,48880,사용,U,2026-08-04 08:26:35,2026-08-05 21:57:25,제공,제공,제공,부착,제공,미제공,제공,불가능
5470000,511,6480000,48880,사용,U,2026-08-04 08:26:21,2026-08-05 21:57:25,제공,제공,제공,부착,제공,미제공,제공,불가능
5470000,512,6480000,48880,사용,U,2026-08-31 13:28:39,2026-09-01 21:57:25,제공,제공,제공,부착,제공,미제공,제공,가능
5470000,513,6480000,48880,사용,U,2026-08-31 13:28:48,2026-09-01 21:57:25,제공,제공,제공,부착,제공,미제공,제공,가능
5470000,514,6480000,48880,사용,U,2026-08-04 08:25:45,2026-08-05 21:57:25,제공,제공,제공,부착,제공,미제공,제공,불가능
5470000,520,6480000,48880,사용,U,2026-08-31 13:29:04,2026-09-01 21:57:25,제공,제공,제공,부착,제공,미제공,제공,가능
5480000,403,6480000,48890,사용,I,2026-01-27 13:39:10,2026-05-14 21:57:25,제공,제공,제공,부착,제공,미제공,제공,불가능
5480000,404,6480000,48890,사용,U,2026-07-07 10:40:16,2026-07-08 21:57:25,제공,제공,제공,부착,제공,미제공,제공,불가능
5480000,405,6480000,48890,사용,U,2026-09-28 13:17:20,2026-09-29 21:57:25,제공,제공,제공,부착,제공,미제공,제공,불가능
5480000,406,6480000,48890,사용,I,2026-01-27 13:39:55,2026-05-14 21:57:25,제공,제공,제공,부착,제공,미제공,제공,불가능
5480000,407,6480000,48890,사용,I,2026-01-27 13:40:12,2026-05-14 21:57:25,제공,제공,제공,부착,제공,미제공,제공,불가능
5480000,408,6480000,48890,사용,U,2026-07-06 16:49:49,2026-07-07 21:57:25,제공,제공,제공,부착,제공,미제공,제공,불가능
5480000,409,6480000,48890,사용,I,2026-04-10 10:10:50,2026-05-14 21:57:25,제공,제공,제공,부착,제공,미제공,제공,불가능
5480000,410,6480000,48890,사용,U,2026-07-10 11:42:53,2026-07-11 21:57:25,제공,제공,제공,부착,제공,미제공,제공,불가능
5480000,411,6480000,48890,사용,I,2026-01-27 14:58:45,2026-05-14 21:57:25,제공,제공,제공,부착,제공,미제공,제공,불가능
5480000,412,6480000,48890,사용,U,2026-07-06 10:07:08,2026-07-07 21:57:25,제공,제공,제공,부착,제공,제공,제공,가능
5480000,500,6480000,48890,사용,I,2026-01-27 13:42:40,2026-05-14 21:57:26,제공,제공,제공,부착,제공,미제공,제공,불가능
5480000,501,6480000,48890,사용,I,2026-01-27 13:45:16,2026-05-14 21:57:26,제공,제공,제공,부착,제공,미제공,제공,불가능
5480000,502,6480000,48890,사용,I,2026-02-23 13:33:52,2026-05-14 21:57:26,제공,제공,제공,부착,제공,미제공,제공,불가능
5480000,503,6480000,48890,사용,I,2026-01-27 13:45:50,2026-05-14 21:57:26,제공,제공,제공,부착,제공,미제공,제공,불가능
5480000,504,6480000,48890,사용,I,2026-01-30 14:57:10,2026-05-14 21:57:26,제공,제공,제공,부착,제공,미제공,제공,불가능
5480000,505,6480000,48890,사용,U,2026-07-10 11:44:10,2026-07-11 21:57:25,제공,제공,제공,부착,제공,미제공,제공,불가능
5480000,506,6480000,48890,사용,U,2026-07-06 10:00:15,2026-07-07 21:57:25,제공,제공,제공,부착,제공,미제공,제공,불가능
5480000,507,6480000,48890,사용,U,2026-07-10 11:45:02,2026-07-11 21:57:25,제공,제공,제공,부착,제공,미제공,제공,불가능
5480000,508,6480000,48890,사용,U,2026-09-23 12:59:02,2026-09-24 21:57:25,제공,제공,제공,부착,제공,미제공,제공,불가능
5480000,509,6480000,48890,사용,I,2026-01-27 17:55:01,2026-05-14 21:57:27,제공,제공,제공,부착,제공,미제공,제공,불가능
5480000,510,6480000,48890,사용,U,2026-09-22 14:09:51,2026-09-23 21:57:25,제공,제공,제공,부착,제공,미제공,제공,불가능
5480000,511,6480000,48890,사용,I,2026-01-27 15:03:53,2026-05-14 21:57:27,제공,제공,제공,부착,제공,미제공,제공,불가능
5530000,402,6410000,41595,사용,I,2026-02-02 10:15:08,2026-02-03 21:57:25,제공,제공,제공,부착,제공,미제공,제공,불가능
5530000,403,6410000,41595,사용,U,2026-07-28 09:22:14,2026-07-29 21:57:25,제공,제공,제공,부착,제공,제공,제공,가능
5530000,404,6410000,41595,사용,I,2026-02-02 14:14:00,2026-02-03 21:57:25,제공,제공,제공,부착,제공,미제공,제공,불가능
5530000,407,6410000,41597,사용,I,2026-02-02 15:08:24,2026-02-03 21:57:25,제공,제공,제공,부착,제공,미제공,제공,불가능
5530000,408,6410000,41597,사용,I,2026-02-02 15:11:39,2026-02-03 21:57:25,제공,제공,제공,부착,제공,미제공,제공,불가능
5530000,501,6410000,41595,사용,I,2026-02-02 11:47:26,2026-02-03 21:57:25,제공,제공,제공,부착,제공,미제공,제공,불가능
5530000,502,6410000,41593,사용,U,2026-09-16 09:21:13,2026-09-17 21:57:25,제공,제공,제공,부착,제공,미제공,제공,불가능
5530000,503,6410000,41591,사용,U,2026-08-21 14:40:47,2026-08-22 21:57:25,제공,제공,제공,부착,제공,제공,제공,가능
5530000,504,6410000,41595,사용,I,2026-02-12 15:40:10,2026-02-13 21:57:25,제공,제공,제공,부착,제공,미제공,제공,불가능
5530000,505,6410000,41591,사용,U,2026-08-20 16:17:52,2026-08-21 21:57:25,제공,제공,제공,부착,제공,미제공,제공,불가능
5530000,506,6410000,41590,사용,U,2026-08-12 11:06:36,2026-08-13 21:57:25,제공,제공,제공,부착,제공,미제공,제공,불가능
5530000,507,6410000,41590,사용,U,2026-08-12 11:06:36,2026-08-13 21:57:25,제공,제공,제공,부착,제공,미제공,제공,불가능
5530000,508,6410000,41590,사용,U,2026-04-28 11:31:29,2026-04-29 03:03:03,제공,제공,제공,부착,제공,미제공,제공,불가능
5530000,509,6410000,41590,사용,U,2026-08-21 14:32:48,2026-08-22 21:57:25,제공,제공,제공,부착,제공,제공,제공,가능
5530000,510,6410000,41597,사용,U,2026-04-28 11:03:19,2026-04-29 03:03:03,제공,제공,제공,부착,제공,미제공,제공,불가능
5530000,511,6410000,41590,사용,U,2026-09-10 13:57:49,2026-09-11 21:57:25,제공,제공,제공,부착,제공,제공,제공,가능
5530000,512,6410000,41590,사용,I,2026-02-01 12:45:24,2026-02-02 21:57:25,제공,제공,제공,부착,제공,미제공,제공,불가능
5530000,514,6410000,41593,사용,U,2026-08-21 09:49:04,2026-08-22 21:57:25,제공,제공,제공,부착,제공,제공,제공,가능
5530000,515,6410000,41591,사용,U,2026-04-28 11:29:13,2026-04-29 03:03:03,제공,제공,제공,부착,제공,미제공,제공,불가능
5530000,516,6410000,41591,사용,U,2026-09-01 14:01:43,2026-09-02 21:57:25,제공,제공,제공,부착,제공,제공,제공,가능
5530000,517,6410000,41593,사용,U,2026-08-05 13:22:52,2026-08-06 21:57:25,제공,제공,제공,부착,제공,미제공,제공,불가능
5530000,518,6410000,41593,사용,U,2026-08-18 09:06:12,2026-08-19 21:57:25,제공,제공,제공,부착,제공,미제공,제공,불가능
5530000,519,6410000,41591,사용,U,2026-08-20 16:51:42,2026-08-21 21:57:25,제공,제공,제공,부착,제공,제공,제공,가능
5530000,520,6410000,41591,사용,U,2026-07-14 09:46:23,2026-07-15 21:57:25,제공,제공,제공,부착,제공,미제공,제공,불가능
5530000,521,6410000,41590,사용,U,2026-04-28 17:02:23,2026-04-29 03:03:03,제공,제공,제공,부착,제공,제공,제공,가능
5530000,522,6410000,41590,사용,I,2026-02-01 13:44:48,2026-02-02 21:57:25,제공,제공,제공,부착,제공,미제공,제공,불가능
5530000,523,6410000,41595,사용,U,2026-08-21 09:51:39,2026-08-22 21:57:25,제공,제공,제공,부착,제공,미제공,제공,불가능
5530000,524,6410000,41590,사용,U,2026-09-01 14:04:29,2026-09-02 21:57:25,제공,제공,제공,부착,제공,제공,제공,가능
5530000,525,6410000,41590,사용,U,2026-09-01 14:04:47,2026-09-02 21:57:25,제공,제공,제공,부착,제공,제공,제공,가능
5530000,526,6410000,41595,사용,I,2026-02-02 11:48:19,2026-02-03 21:57:25,제공,제공,제공,부착,제공,미제공,제공,불가능
5530000,527,6410000,41595,사용,U,2026-07-28 09:22:14,2026-07-29 21:57:25,제공,제공,제공,부착,제공,미제공,제공,불가능
5530000,528,6410000,41590,사용,U,2026-04-28 17:02:43,2026-04-29 03:03:03,제공,제공,제공,부착,제공,제공,제공,가능
5530000,530,6410000,41593,사용,U,2026-09-01 14:03:15,2026-09-02 21:57:25,제공,제공,제공,부착,제공,제공,제공,가능
5530000,531,6410000,41591,사용,U,2026-09-14 14:24:32,2026-09-15 21:57:25,제공,제공,제공,부착,제공,미제공,제공,불가능
5530000,532,6410000,41597,사용,U,2026-04-29 09:42:48,2026-04-30 03:03:03,제공,제공,제공,부착,제공,미제공,제공,불가능
5530000,533,6410000,41590,사용,U,2026-08-21 15:09:49,2026-08-22 21:57:25,제공,제공,제공,부착,제공,제공,제공,가능
5530000,534,6410000,41595,사용,I,2026-02-02 14:15:50,2026-02-03 21:57:25,제공,제공,제공,부착,제공,미제공,제공,불가능
5530000,535,6410000,41591,사용,U,2026-04-28 10:49:01,2026-04-29 03:03:03,제공,제공,제공,부착,제공,미제공,제공,불가능
5530000,536,6410000,41591,사용,U,2026-09-01 14:02:01,2026-09-02 21:57:25,제공,제공,제공,부착,제공,제공,제공,가능
5530000,537,6410000,41593,사용,I,2026-02-04 15:47:34,2026-02-05 21:57:25,제공,제공,제공,부착,제공,미제공,제공,불가능
5530000,538,6410000,41591,사용,U,2026-08-19 15:01:06,2026-08-20 21:57:25,제공,제공,제공,부착,제공,미제공,제공,불가능
5530000,539,6410000,41590,사용,I,2026-02-01 14:08:17,2026-02-02 21:57:25,제공,제공,제공,부착,제공,미제공,제공,불가능
5530000,540,6410000,41591,사용,U,2026-08-21 09:39:15,2026-08-22 21:57:25,제공,제공,제공,부착,제공,미제공,제공,불가능
5530000,541,6410000,41591,사용,U,2026-09-01 14:02:14,2026-09-02 21:57:25,제공,제공,제공,부착,제공,제공,제공,가능
5530000,542,6410000,41590,사용,U,2026-09-10 13:59:01,2026-09-11 21:57:25,제공,제공,제공,부착,제공,미제공,제공,가능
5530000,543,6410000,41593,사용,U,2026-08-21 09:49:26,2026-08-22 21:57:25,제공,제공,제공,부착,제공,제공,제공,가능
5530000,544,6410000,41590,사용,U,2026-07-03 10:22:21,2026-07-04 21:57:25,제공,제공,제공,부착,제공,미제공,제공,불가능
5530000,545,6410000,41590,사용,U,2026-07-03 10:22:21,2026-07-04 21:57:25,제공,제공,제공,부착,제공,미제공,제공,불가능
5530000,546,6410000,41597,사용,I,2026-02-13 10:12:19,2026-02-14 21:57:25,제공,제공,제공,부착,제공,미제공,제공,불가능
5530000,547,6410000,41597,사용,U,2026-04-29 09:42:57,2026-04-30 03:03:03,제공,제공,제공,부착,제공,미제공,제공,불가능
5530000,548,6410000,41597,사용,U,2026-04-29 09:57:21,2026-04-30 03:03:03,제공,제공,제공,부착,제공,제공,제공,가능
5530000,549,6410000,41597,사용,U,2026-04-28 17:02:09,2026-04-29 03:03:03,제공,제공,제공,부착,제공,제공,제공,가능
5530000,551,6410000,41591,사용,U,2026-04-28 17:04:27,2026-04-29 03:03:03,제공,제공,제공,부착,제공,제공,제공,가능
5530000,552,6410000,41597,사용,U,2026-09-10 13:59:42,2026-09-11 21:57:25,제공,제공,제공,부착,제공,미제공,제공,가능
5530000,553,6410000,41591,사용,U,2026-08-19 16:55:14,2026-08-20 21:57:25,제공,제공,제공,부착,제공,미제공,제공,가능
5530000,555,6410000,41591,사용,U,2026-08-20 16:17:43,2026-08-21 21:57:25,제공,제공,제공,부착,제공,미제공,제공,불가능
5530000,556,6410000,41593,사용,U,2026-08-05 13:28:04,2026-08-06 21:57:25,제공,제공,제공,부착,제공,미제공,제공,불가능
5530000,557,6410000,41593,사용,U,2026-08-05 13:28:19,2026-08-06 21:57:25,제공,제공,제공,부착,제공,미제공,제공,불가능
5530000,558,6410000,41590,사용,I,2026-02-01 12:14:30,2026-02-02 21:57:25,제공,제공,제공,부착,제공,미제공,제공,불가능
5530000,559,6410000,41597,사용,U,2026-04-28 10:57:33,2026-04-29 03:03:03,제공,제공,제공,부착,제공,미제공,제공,불가능
5530000,560,6410000,41597,사용,U,2026-04-28 11:00:51,2026-04-29 03:03:03,제공,제공,제공,부착,제공,미제공,제공,불가능
5530000,561,6410000,41597,사용,U,2026-08-19 15:02:23,2026-08-20 21:57:25,제공,제공,제공,부착,제공,미제공,제공,불가능
5530000,562,6410000,41597,사용,U,2026-08-19 15:02:43,2026-08-20 21:57:25,제공,제공,제공,부착,제공,미제공,제공,불가능
5530000,563,6410000,41590,사용,U,2026-07-02 10:20:57,2026-07-03 21:57:25,제공,제공,제공,부착,제공,미제공,제공,불가능
5530000,564,6410000,41597,사용,U,2026-08-20 15:06:09,2026-08-21 21:57:25,제공,제공,제공,부착,제공,미제공,제공,불가능
5530000,565,6410000,41595,사용,U,2026-08-21 09:51:50,2026-08-22 21:57:25,제공,제공,제공,부착,제공,미제공,제공,불가능
5530000,566,6410000,41591,사용,U,2026-09-14 14:24:11,2026-09-15 21:57:25,제공,제공,제공,부착,제공,미제공,제공,불가능
5530000,567,6410000,41590,사용,I,2026-02-01 13:47:49,2026-02-02 21:57:25,제공,제공,제공,부착,제공,미제공,제공,불가능
5530000,568,6410000,41597,사용,I,2026-02-02 18:30:17,2026-02-03 21:57:25,제공,제공,제공,부착,제공,미제공,제공,불가능
5530000,569,6410000,41597,사용,I,2026-02-02 18:30:37,2026-02-03 21:57:25,제공,제공,제공,부착,제공,미제공,제공,불가능
5530000,570,6410000,41597,사용,U,2026-04-28 10:39:16,2026-04-29 03:03:03,제공,제공,제공,부착,제공,미제공,제공,불가능
5530000,571,6410000,41593,사용,U,2026-08-05 13:28:29,2026-08-06 21:57:25,제공,제공,제공,부착,제공,미제공,제공,불가능
5530000,572,6410000,41591,사용,I,2026-02-02 19:53:40,2026-02-03 21:57:25,제공,제공,제공,부착,제공,미제공,제공,불가능
5530000,573,6410000,41590,사용,U,2026-09-16 09:20:34,2026-09-17 21:57:25,제공,제공,제공,부착,제공,미제공,제공,불가능
5530000,574,6410000,41597,사용,U,2026-08-19 15:03:29,2026-08-20 21:57:25,제공,제공,제공,부착,제공,미제공,제공,불가능
5530000,575,6410000,41597,사용,U,2026-04-28 11:09:44,2026-04-29 03:03:03,제공,제공,제공,부착,제공,미제공,제공,불가능
5530000,576,6410000,41597,사용,I,2026-02-02 15:12:28,2026-02-03 21:57:25,제공,제공,제공,부착,제공,미제공,제공,불가능
5530000,577,6410000,41597,사용,U,2026-08-19 15:05:35,2026-08-20 21:57:25,제공,제공,제공,부착,제공,미제공,제공,불가능
5530000,578,6410000,41593,사용,U,2026-08-18 09:06:32,2026-08-19 21:57:25,제공,제공,제공,부착,제공,미제공,제공,불가능
5530000,579,6410000,41597,사용,U,2026-04-28 11:20:40,2026-04-29 03:03:03,제공,제공,제공,부착,제공,미제공,제공,불가능
5530000,580,6410000,41591,사용,U,2026-09-10 14:00:08,2026-09-11 21:57:25,제공,제공,제공,부착,제공,미제공,제공,가능
5530000,581,6410000,41593,사용,U,2026-09-01 14:03:27,2026-09-02 21:57:25,제공,제공,제공,부착,제공,제공,제공,가능
5530000,582,6410000,41597,사용,U,2026-09-01 14:06:30,2026-09-02 21:57:25,제공,제공,제공,부착,제공,제공,제공,가능
5530000,583,6410000,41597,사용,U,2026-09-01 14:06:37,2026-09-02 21:57:25,제공,제공,제공,부착,제공,제공,제공,가능
5530000,584,6410000,41597,사용,U,2026-09-01 14:06:45,2026-09-02 21:57:25,제공,제공,제공,부착,제공,제공,제공,가능
5530000,585,6410000,41591,사용,U,2026-08-19 16:35:58,2026-08-20 21:57:25,제공,제공,제공,부착,제공,제공,제공,가능
5530000,586,6410000,41591,사용,U,2026-08-05 10:32:21,2026-08-06 21:57:25,제공,제공,제공,부착,제공,제공,제공,가능
5530000,587,6410000,41591,사용,U,2026-08-05 10:32:39,2026-08-06 21:57:25,제공,제공,제공,부착,제공,제공,제공,가능
5530000,588,6410000,41591,사용,U,2026-08-19 16:17:13,2026-08-20 21:57:25,제공,제공,제공,부착,제공,제공,제공,가능
5530000,589,6410000,41593,사용,U,2026-07-30 16:12:00,2026-07-31 21:57:25,제공,제공,제공,부착,제공,제공,제공,가능
5530000,590,6410000,41593,사용,U,2026-04-28 11:10:22,2026-04-29 03:03:03,제공,제공,제공,부착,제공,제공,제공,가능
5540000,401,6410000,41610,사용,U,2026-08-04 15:50:57,2026-08-05 21:27:25,제공,제공,제공,부착,제공,미제공,제공,가능
5540000,402,6410000,41610,사용,U,2026-08-04 15:53:50,2026-08-05 21:27:25,제공,제공,제공,부착,제공,미제공,제공,가능
5540000,403,6410000,41610,사용,U,2026-08-14 13:32:57,2026-08-15 21:27:25,제공,제공,제공,부착,제공,미제공,제공,가능
5540000,404,6410000,41610,사용,U,2026-08-14 13:32:41,2026-08-15 21:27:25,제공,제공,제공,부착,제공,미제공,제공,가능
5540000,405,6410000,41610,사용,U,2026-08-04 16:05:18,2026-08-05 21:27:25,제공,제공,제공,부착,제공,미제공,제공,가능
5540000,406,6410000,41610,사용,U,2026-08-04 16:04:41,2026-08-05 21:27:25,제공,제공,제공,부착,제공,미제공,제공,가능
5540000,407,6410000,41610,사용,U,2026-08-04 16:05:31,2026-08-05 21:27:25,제공,제공,제공,부착,제공,미제공,제공,가능
5540000,501,6410000,41610,사용,U,2026-08-04 15:50:04,2026-08-05 21:27:25,제공,제공,제공,부착,제공,미제공,제공,가능
5540000,502,6410000,41610,사용,U,2026-08-04 15:51:28,2026-08-05 21:27:25,제공,제공,제공,부착,제공,미제공,제공,가능
5540000,503,6410000,41610,사용,U,2026-08-04 16:05:00,2026-08-05 21:27:25,제공,제공,제공,부착,제공,미제공,제공,가능
5540000,504,6410000,41610,사용,U,2026-08-04 15:52:20,2026-08-05 21:27:25,제공,제공,제공,부착,제공,미제공,제공,가능
5540000,505,6410000,41610,사용,U,2026-08-04 15:52:44,2026-08-05 21:27:25,제공,제공,제공,부착,제공,미제공,제공,가능
5540000,506,6410000,41610,사용,I,2026-01-26 15:33:21,2026-03-26 21:27:43,제공,제공,제공,부착,제공,제공,제공,가능
5540000,507,6410000,41610,사용,U,2026-08-04 15:55:05,2026-08-05 21:27:25,제공,제공,제공,부착,제공,미제공,제공,가능
5540000,508,6410000,41610,사용,U,2026-08-04 15:53:27,2026-08-05 21:27:25,제공,제공,제공,부착,제공,미제공,제공,가능
5540000,509,6410000,41610,사용,U,2026-08-04 15:54:25,2026-08-05 21:27:25,제공,제공,제공,부착,제공,미제공,제공,가능
5540000,510,6410000,41610,사용,U,2026-08-14 11:30:19,2026-08-15 21:27:25,제공,제공,제공,부착,제공,미제공,제공,가능
5540000,511,6410000,41610,사용,U,2026-08-04 15:55:42,2026-08-05 21:27:25,제공,제공,제공,부착,제공,미제공,제공,가능
5540000,512,6410000,41610,사용,U,2026-08-04 15:56:45,2026-08-05 21:27:25,제공,제공,제공,부착,제공,미제공,제공,가능
5540000,513,6410000,41610,사용,U,2026-08-04 15:57:22,2026-08-05 21:27:25,제공,제공,제공,부착,제공,미제공,제공,가능
5540000,514,6410000,41610,사용,U,2026-08-04 16:01:07,2026-08-05 21:27:25,제공,제공,제공,부착,제공,미제공,제공,가능
5540000,515,6410000,41610,사용,U,2026-08-14 11:29:53,2026-08-15 21:27:25,제공,제공,제공,부착,제공,미제공,제공,가능
5540000,516,6410000,41610,사용,U,2026-08-14 13:31:50,2026-08-15 21:27:25,제공,제공,제공,부착,제공,미제공,제공,가능
5540000,517,6410000,41610,사용,U,2026-08-14 13:31:36,2026-08-15 21:27:25,제공,제공,제공,부착,제공,미제공,제공,가능
5540000,518,6410000,41610,사용,I,2026-01-28 10:41:36,2026-03-26 21:27:49,제공,제공,제공,부착,제공,미제공,제공,가능
5540000,520,6410000,41610,사용,I,2026-03-03 10:12:37,2026-03-26 21:27:50,제공,제공,제공,부착,제공,미제공,제공,가능
5540000,521,6410000,41610,사용,I,2026-01-29 16:30:48,2026-03-26 21:27:50,제공,제공,제공,부착,제공,미제공,제공,가능
5540000,522,6410000,41610,사용,U,2026-03-31 09:27:23,2026-04-01 03:03:03,제공,제공,제공,부착,제공,미제공,제공,가능
5540000,523,6410000,41610,사용,I,2026-02-11 17:54:37,2026-03-26 21:27:51,제공,제공,제공,부착,제공,미제공,제공,가능
5540000,524,6410000,41610,사용,U,2026-08-04 15:54:40,2026-08-05 21:27:25,제공,제공,제공,부착,제공,미제공,제공,가능
5540000,525,6410000,41610,사용,U,2026-08-26 09:38:59,2026-08-27 21:27:25,제공,제공,제공,부착,제공,미제공,제공,가능
5540000,526,6410000,41610,사용,U,2026-08-04 15:52:56,2026-08-05 21:27:25,제공,제공,제공,부착,제공,미제공,제공,가능
5540000,527,6410000,41610,사용,U,2026-08-14 11:28:45,2026-08-15 21:27:25,제공,제공,제공,부착,제공,미제공,제공,가능
5540000,528,6410000,41610,사용,U,2026-08-04 15:54:01,2026-08-05 21:27:25,제공,제공,제공,부착,제공,미제공,제공,가능
5540000,529,6410000,41610,사용,U,2026-08-14 13:32:21,2026-08-15 21:27:25,제공,제공,제공,부착,제공,미제공,제공,가능
5540000,530,6410000,41610,사용,U,2026-08-14 13:32:04,2026-08-15 21:27:25,제공,제공,제공,부착,제공,미제공,제공,가능
5540000,531,6410000,41610,사용,U,2026-08-14 13:33:29,2026-08-15 21:27:25,제공,제공,제공,부착,제공,미제공,제공,가능
5540000,532,6410000,41610,사용,U,2026-08-14 13:33:13,2026-08-15 21:27:25,제공,제공,제공,부착,제공,미제공,제공,가능
5570000,501,6430000,43745,사용,U,2026-08-14 17:03:44,2026-08-15 22:57:25,제공,제공,제공,부착,제공,미제공,제공,가능
5570000,502,6430000,43745,사용,U,2026-07-02 13:26:58,2026-07-03 22:57:25,제공,제공,제공,부착,제공,미제공,제공,가능
5570000,503,6430000,43745,사용,U,2026-08-14 17:06:18,2026-08-15 22:57:25,제공,제공,제공,부착,제공,미제공,제공,가능
5570000,504,6430000,43745,사용,U,2026-08-14 17:06:29,2026-08-15 22:57:25,제공,제공,제공,부착,제공,미제공,제공,가능
5570000,505,6430000,43745,사용,U,2026-07-01 10:09:37,2026-07-02 22:57:25,제공,제공,제공,부착,제공,미제공,제공,가능
5580000,401,6440000,44250,사용,U,2026-08-18 17:20:28,2026-08-24 22:57:25,제공,제공,제공,부착,제공,제공,제공,가능
5580000,402,6440000,44250,사용,I,2026-02-04 11:14:36,2026-04-05 22:57:40,제공,제공,제공,부착,제공,제공,제공,가능
5580000,403,6440000,44250,사용,U,2026-09-15 15:44:00,2026-09-16 22:58:02,제공,제공,제공,부착,제공,제공,제공,가능
5580000,404,6440000,44250,사용,U,2026-08-18 17:22:51,2026-08-24 22:57:25,제공,제공,제공,부착,제공,미제공,제공,가능
5580000,502,6440000,44250,사용,U,2026-08-18 17:23:37,2026-08-24 22:57:25,제공,제공,제공,부착,제공,제공,제공,가능
5580000,503,6440000,44250,사용,U,2026-08-18 17:23:48,2026-08-24 22:57:25,제공,제공,제공,부착,제공,제공,제공,가능
5580000,504,6440000,44250,사용,U,2026-08-18 17:23:57,2026-08-24 22:57:25,제공,제공,제공,부착,제공,제공,제공,가능
5590000,101,6410000,41630,사용,U,2026-06-12 11:09:12,2026-06-13 21:57:25,제공,제공,제공,부착,제공,미제공,제공,가능
5590000,102,6410000,41630,사용,U,2026-09-17 09:40:24,2026-09-18 21:57:25,제공,제공,제공,부착,제공,미제공,제공,가능
5590000,103,6410000,41630,사용,U,2026-09-17 09:40:38,2026-09-18 21:57:25,제공,제공,제공,부착,제공,미제공,제공,가능
5590000,105,6410000,41630,사용,U,2026-09-17 09:40:55,2026-09-18 21:57:25,제공,제공,제공,부착,제공,미제공,제공,가능
5590000,107,6410000,41630,사용,U,2026-09-17 09:41:07,2026-09-18 21:57:25,제공,제공,제공,부착,제공,미제공,제공,가능
5590000,108,6410000,41630,사용,U,2026-09-17 09:41:19,2026-09-18 21:57:25,제공,제공,제공,부착,제공,미제공,제공,가능
5590000,402,6410000,41630,사용,U,2026-09-17 09:41:30,2026-09-18 21:57:25,제공,제공,제공,부착,제공,미제공,제공,가능
5590000,403,6410000,41630,사용,U,2026-09-17 09:41:37,2026-09-18 21:57:25,제공,제공,제공,부착,제공,미제공,제공,가능
5590000,404,6410000,41630,사용,U,2026-03-27 11:50:55,2026-03-28 03:03:03,제공,제공,제공,부착,제공,제공,제공,가능
5590000,405,6410000,41630,사용,U,2026-09-17 09:41:43,2026-09-18 21:57:25,제공,제공,제공,부착,제공,미제공,제공,가능
5590000,406,6410000,41630,사용,U,2026-09-17 09:41:49,2026-09-18 21:57:25,제공,제공,제공,부착,제공,미제공,제공,가능
5590000,407,6410000,41630,사용,U,2026-09-17 09:41:55,2026-09-18 21:57:25,제공,제공,제공,부착,제공,미제공,제공,가능
5590000,409,6410000,41630,사용,U,2026-09-17 09:42:02,2026-09-18 21:57:25,제공,제공,제공,부착,제공,미제공,제공,가능
5590000,410,6410000,41630,사용,U,2026-09-17 09:42:08,2026-09-18 21:57:25,제공,제공,제공,부착,제공,미제공,제공,가능
5590000,411,6410000,41630,사용,U,2026-09-17 09:42:15,2026-09-18 21:57:25,제공,제공,제공,부착,제공,미제공,제공,가능
5590000,412,6410000,41630,사용,U,2026-09-17 09:42:22,2026-09-18 21:57:25,제공,제공,제공,부착,제공,미제공,제공,가능
5590000,413,6410000,41630,사용,U,2026-09-17 09:42:30,2026-09-18 21:57:25,제공,제공,제공,부착,제공,미제공,제공,가능
5590000,414,6410000,41630,사용,U,2026-09-17 09:42:40,2026-09-18 21:57:25,제공,제공,제공,부착,제공,미제공,제공,가능
5590000,415,6410000,41630,사용,U,2026-09-17 09:42:46,2026-09-18 21:57:25,제공,제공,제공,부착,제공,미제공,제공,가능
5590000,416,6410000,41630,사용,I,2026-01-22 18:50:43,2026-03-10 21:58:03,제공,제공,제공,부착,제공,미제공,제공,가능
5590000,417,6410000,41630,사용,U,2026-06-25 20:33:41,2026-06-26 21:57:25,제공,제공,제공,부착,제공,미제공,제공,가능
5590000,502,6410000,41630,사용,U,2026-09-17 09:43:23,2026-09-18 21:57:25,제공,제공,제공,부착,제공,미제공,제공,가능
5590000,503,6410000,41630,사용,U,2026-09-17 09:43:32,2026-09-18 21:57:25,제공,제공,제공,부착,제공,미제공,제공,가능
5590000,504,6410000,41630,사용,U,2026-09-17 09:53:05,2026-09-18 21:57:25,제공,제공,제공,부착,제공,미제공,제공,가능
5590000,505,6410000,41630,사용,U,2026-09-17 09:53:11,2026-09-18 21:57:25,제공,제공,제공,부착,제공,미제공,제공,가능
5590000,506,6410000,41630,사용,U,2026-09-17 09:53:52,2026-09-18 21:57:25,제공,제공,제공,부착,제공,미제공,제공,가능
5590000,507,6410000,41630,사용,U,2026-09-17 09:54:13,2026-09-18 21:57:25,제공,제공,제공,부착,제공,미제공,제공,가능
5590000,508,6410000,41630,사용,U,2026-09-17 09:54:22,2026-09-18 21:57:25,제공,제공,제공,부착,제공,미제공,제공,가능
5590000,509,6410000,41630,사용,U,2026-09-17 09:54:33,2026-09-18 21:57:25,제공,제공,제공,부착,제공,미제공,제공,가능
5590000,510,6410000,41630,사용,U,2026-09-17 09:54:40,2026-09-18 21:57:25,제공,제공,제공,부착,제공,미제공,제공,가능
5590000,511,6410000,41630,사용,U,2026-09-17 09:55:22,2026-09-18 21:57:25,제공,제공,제공,부착,제공,미제공,제공,가능
5600000,501,6410000,41650,사용,U,2026-07-30 11:06:31,2026-07-31 21:57:25,제공,제공,제공,부착,제공,제공,제공,가능
5600000,502,6410000,41650,사용,U,2026-08-19 20:45:01,2026-08-20 21:57:25,제공,제공,제공,부착,제공,제공,제공,가능
5600000,503,6410000,41650,사용,I,2026-01-28 10:16:37,2026-01-29 21:57:25,제공,제공,제공,부착,제공,미제공,제공,가능
5600000,504,6410000,41650,사용,I,2026-01-28 10:16:54,2026-01-29 21:57:25,제공,제공,제공,부착,제공,미제공,제공,가능
5600000,505,6410000,41650,사용,U,2026-09-30 17:58:17,2026-10-01 21:57:25,제공,제공,제공,부착,제공,미제공,제공,가능
5600000,506,6410000,41650,사용,U,2026-07-30 11:21:25,2026-07-31 21:57:25,제공,제공,제공,부착,제공,미제공,제공,가능
5600000,507,6410000,41650,사용,U,2026-09-22 09:23:31,2026-09-23 21:57:25,제공,제공,제공,부착,제공,제공,제공,가능
5600000,508,6410000,41650,사용,U,2026-08-18 09:30:50,2026-08-19 21:57:25,제공,제공,제공,부착,제공,미제공,제공,가능
5600000,510,6410000,41650,사용,U,2026-07-15 10:37:51,2026-07-16 21:57:25,제공,제공,제공,부착,제공,제공,제공,가능
5600000,511,6410000,41650,사용,U,2026-07-30 11:08:12,2026-07-31 21:57:25,제공,제공,제공,부착,제공,미제공,제공,가능
5600000,512,6410000,41650,사용,U,2026-08-18 09:31:01,2026-08-19 21:57:25,제공,제공,제공,부착,제공,제공,제공,가능
5600000,513,6410000,41650,사용,U,2026-09-02 16:04:36,2026-09-03 21:57:25,제공,제공,제공,부착,제공,제공,제공,가능
5600000,514,6410000,41650,사용,I,2026-01-28 10:22:09,2026-01-29 21:57:25,제공,제공,제공,부착,제공,미제공,제공,가능
5600000,515,6410000,41650,사용,U,2026-08-24 13:23:33,2026-08-25 21:57:25,제공,제공,제공,부착,제공,미제공,제공,가능
5600000,516,6410000,41650,사용,U,2026-08-04 15:26:43,2026-08-05 21:57:25,제공,제공,제공,부착,제공,미제공,제공,가능
5600000,517,6410000,41650,사용,U,2026-09-02 14:38:54,2026-09-03 21:57:25,제공,제공,제공,부착,제공,미제공,제공,가능
5600000,518,6410000,41650,사용,U,2026-07-30 11:03:39,2026-07-31 21:57:25,제공,제공,제공,부착,제공,미제공,제공,가능
5600000,519,6410000,41650,사용,U,2026-07-30 11:06:48,2026-07-31 21:57:25,제공,제공,제공,부착,제공,미제공,제공,가능
5600000,520,6410000,41650,사용,U,2026-07-30 11:03:16,2026-07-31 21:57:25,제공,제공,제공,부착,제공,미제공,제공,가능
5600000,521,6410000,41650,사용,U,2026-08-19 20:45:26,2026-08-20 21:57:25,제공,제공,제공,부착,제공,미제공,제공,가능
5600000,522,6410000,41650,사용,U,2026-07-30 11:04:54,2026-07-31 21:57:25,제공,제공,제공,부착,제공,미제공,제공,가능
5600000,523,6410000,41650,사용,U,2026-07-30 11:20:35,2026-07-31 21:57:25,제공,제공,제공,부착,제공,제공,제공,가능
5600000,524,6410000,41650,사용,U,2026-07-30 11:20:09,2026-07-31 21:57:25,제공,제공,제공,부착,제공,미제공,제공,가능
5600000,525,6410000,41650,사용,U,2026-07-16 10:36:44,2026-07-17 21:57:25,제공,제공,제공,부착,제공,제공,제공,가능
5600000,526,6410000,41650,사용,U,2026-07-30 11:05:51,2026-07-31 21:57:25,제공,제공,제공,부착,제공,미제공,제공,가능
5600000,527,6410000,41650,사용,U,2026-07-30 11:05:11,2026-07-31 21:57:25,제공,제공,제공,부착,제공,미제공,제공,가능
5600000,528,6410000,41650,사용,U,2026-07-30 11:20:20,2026-07-31 21:57:25,제공,제공,제공,부착,제공,미제공,제공,가능
5600000,529,6410000,41650,사용,U,2026-08-31 16:44:57,2026-09-01 21:57:25,제공,제공,제공,부착,제공,미제공,제공,가능
5600000,530,6410000,41650,사용,U,2026-07-30 11:21:10,2026-07-31 21:57:25,제공,제공,제공,부착,제공,미제공,제공,가능
5600000,531,6410000,41650,사용,I,2026-01-28 11:22:51,2026-01-29 21:57:25,제공,제공,제공,부착,제공,제공,제공,가능
5600000,532,6410000,41650,사용,U,2026-07-16 10:36:05,2026-07-17 21:57:25,제공,제공,제공,부착,제공,제공,제공,가능
5670000,101,6480000,48121,사용,U,2026-07-15 14:39:31,2026-07-16 21:57:25,제공,제공,제공,부착,제공,미제공,제공,가능
5670000,103,6480000,48123,사용,U,2026-07-22 09:40:01,2026-07-23 21:57:25,제공,제공,제공,부착,제공,미제공,제공,가능
5670000,105,6480000,48121,사용,I,2026-01-22 16:31:12,2026-04-26 22:00:25,제공,제공,제공,부착,제공,미제공,제공,가능
5670000,106,6480000,48123,사용,I,2026-01-22 14:30:39,2026-04-26 22:00:25,제공,제공,제공,부착,제공,미제공,제공,가능
5670000,107,6480000,48123,사용,I,2026-04-02 09:32:50,2026-04-26 22:00:25,제공,제공,제공,부착,제공,미제공,제공,가능
5670000,108,6480000,48125,사용,I,2026-02-02 16:07:57,2026-04-26 22:00:25,제공,제공,제공,부착,제공,미제공,제공,가능
5670000,109,6480000,48127,사용,U,2026-06-29 13:14:21,2026-06-30 21:57:25,제공,제공,제공,부착,제공,미제공,제공,가능
5670000,110,6480000,48127,사용,U,2026-07-16 15:08:14,2026-07-17 21:57:25,제공,제공,제공,부착,제공,미제공,제공,가능
5670000,151,6480000,48121,사용,U,2026-07-21 10:12:29,2026-07-22 21:57:25,제공,제공,제공,부착,제공,미제공,제공,가능
5670000,301,6480000,48121,사용,I,2026-01-22 16:31:42,2026-04-26 22:00:25,제공,제공,제공,부착,제공,미제공,제공,가능
5670000,302,6480000,48121,사용,U,2026-07-15 11:38:15,2026-07-16 21:57:25,제공,제공,제공,부착,제공,미제공,제공,가능
5670000,303,6480000,48121,사용,I,2026-01-22 16:32:09,2026-04-26 22:00:25,제공,제공,제공,부착,제공,미제공,제공,가능
5670000,304,6480000,48123,사용,U,2026-07-16 14:25:33,2026-07-17 21:57:25,제공,제공,제공,부착,제공,미제공,제공,가능
5670000,305,6480000,48123,사용,I,2026-03-18 10:42:21,2026-04-26 22:00:25,제공,제공,제공,부착,제공,미제공,제공,가능
5670000,306,6480000,48121,사용,I,2026-01-22 16:32:37,2026-04-26 22:00:25,제공,제공,제공,부착,제공,미제공,제공,가능
5670000,307,6480000,48121,사용,I,2026-04-08 17:11:55,2026-04-26 22:00:25,제공,제공,제공,부착,제공,미제공,제공,가능
5670000,308,6480000,48121,사용,U,2026-07-15 17:40:05,2026-07-16 21:57:25,제공,제공,제공,부착,제공,미제공,제공,가능
5670000,310,6480000,48123,사용,U,2026-07-16 14:24:11,2026-07-17 21:57:25,제공,제공,제공,부착,제공,미제공,제공,가능
5670000,311,6480000,48123,사용,I,2026-01-22 14:34:35,2026-04-26 22:00:25,제공,제공,제공,부착,제공,미제공,제공,가능
5670000,312,6480000,48121,사용,U,2026-07-16 10:33:37,2026-07-17 21:57:25,제공,제공,제공,부착,제공,미제공,제공,가능
5670000,313,6480000,48121,사용,U,2026-07-15 14:38:23,2026-07-16 21:57:25,제공,제공,제공,부착,제공,미제공,제공,가능
5670000,314,6480000,48121,사용,U,2026-07-15 14:39:52,2026-07-16 21:57:25,제공,제공,제공,부착,제공,미제공,제공,가능
5670000,315,6480000,48123,사용,I,2026-01-22 14:34:46,2026-04-26 22:00:25,제공,제공,제공,부착,제공,미제공,제공,가능
5670000,316,6480000,48123,사용,I,2026-01-22 14:35:07,2026-04-26 22:00:25,제공,제공,제공,부착,제공,미제공,제공,가능
5670000,317,6480000,48123,사용,I,2026-01-22 14:35:16,2026-04-26 22:00:25,제공,제공,제공,부착,제공,미제공,제공,가능
5670000,318,6480000,48123,사용,U,2026-07-16 14:23:52,2026-07-17 21:57:25,제공,제공,제공,부착,제공,미제공,제공,가능
5670000,319,6480000,48123,사용,U,2026-07-16 14:25:02,2026-07-17 21:57:25,제공,제공,제공,부착,제공,미제공,제공,가능
5670000,320,6480000,48123,사용,I,2026-04-02 15:43:09,2026-04-26 22:00:25,제공,제공,제공,부착,제공,미제공,제공,가능
5670000,321,6480000,48123,사용,U,2026-07-15 09:04:13,2026-07-16 21:57:25,제공,제공,제공,부착,제공,미제공,제공,가능
5670000,323,6480000,48123,사용,I,2026-01-22 14:37:00,2026-04-26 22:00:25,제공,제공,제공,부착,제공,미제공,제공,가능
5670000,324,6480000,48123,사용,U,2026-05-20 13:50:22,2026-05-21 03:03:03,제공,제공,제공,부착,제공,미제공,제공,가능
5670000,325,6480000,48123,사용,U,2026-07-21 13:56:55,2026-07-22 21:57:25,제공,제공,제공,부착,제공,미제공,제공,가능
5670000,328,6480000,48123,사용,U,2026-07-21 14:08:10,2026-07-22 21:57:25,제공,제공,제공,부착,제공,미제공,제공,가능
5670000,329,6480000,48123,사용,U,2026-07-21 14:09:57,2026-07-22 21:57:25,제공,제공,제공,부착,제공,미제공,제공,가능
5670000,330,6480000,48127,사용,U,2026-07-30 14:24:43,2026-07-31 21:57:25,제공,제공,제공,부착,제공,미제공,제공,가능
5670000,331,6480000,48125,사용,I,2026-01-22 13:23:25,2026-04-26 22:00:25,제공,제공,제공,부착,제공,미제공,제공,가능
5670000,332,6480000,48125,사용,I,2026-01-22 13:23:34,2026-04-26 22:00:25,제공,제공,제공,부착,제공,미제공,제공,가능
5670000,333,6480000,48125,사용,I,2026-01-22 13:23:49,2026-04-26 22:00:25,제공,제공,제공,부착,제공,미제공,제공,가능
5670000,334,6480000,48125,사용,I,2026-01-22 13:23:58,2026-04-26 22:00:25,제공,제공,제공,부착,제공,미제공,제공,가능
5670000,335,6480000,48127,사용,U,2026-06-29 13:14:21,2026-06-30 21:57:25,제공,제공,제공,부착,제공,미제공,제공,가능
5670000,336,6480000,48127,사용,U,2026-06-29 13:24:35,2026-06-30 21:57:25,제공,제공,제공,부착,제공,미제공,제공,가능
5670000,337,6480000,48127,사용,U,2026-06-29 13:14:21,2026-06-30 21:57:25,제공,제공,제공,부착,제공,미제공,제공,가능
5670000,340,6480000,48129,사용,U,2026-08-31 12:25:54,2026-09-01 21:57:25,제공,제공,제공,부착,제공,제공,제공,가능
5670000,341,6480000,48129,사용,U,2026-08-31 12:27:13,2026-09-01 21:57:25,제공,제공,제공,부착,제공,제공,제공,가능
5670000,342,6480000,48129,사용,U,2026-08-31 12:24:58,2026-09-01 21:57:25,제공,제공,제공,부착,제공,제공,제공,가능
5670000,343,6480000,48127,사용,U,2026-06-29 13:14:21,2026-06-30 21:57:25,제공,제공,제공,부착,제공,미제공,제공,가능
5670000,344,6480000,48129,사용,U,2026-08-31 12:24:32,2026-09-01 21:57:25,제공,제공,제공,부착,제공,제공,제공,가능
5670000,345,6480000,48129,사용,U,2026-08-31 12:25:09,2026-09-01 21:57:25,제공,제공,제공,부착,제공,제공,제공,가능
5670000,346,6480000,48129,사용,U,2026-08-31 12:25:17,2026-09-01 21:57:25,제공,제공,제공,부착,제공,제공,제공,가능
5670000,347,6480000,48129,사용,U,2026-09-15 08:59:03,2026-09-16 21:57:25,제공,제공,제공,부착,제공,제공,제공,가능
5670000,348,6480000,48129,사용,U,2026-08-31 12:25:47,2026-09-01 21:57:25,제공,제공,제공,부착,제공,제공,제공,가능
5670000,349,6480000,48129,사용,U,2026-08-31 12:26:17,2026-09-01 21:57:25,제공,제공,제공,부착,제공,제공,제공,가능
5670000,350,6480000,48129,사용,U,2026-08-31 12:26:32,2026-09-01 21:57:25,제공,제공,제공,부착,제공,제공,제공,가능
5670000,351,6480000,48129,사용,U,2026-08-31 12:27:05,2026-09-01 21:57:25,제공,제공,제공,부착,제공,제공,제공,가능
5670000,352,6480000,48127,사용,U,2026-07-16 16:06:12,2026-07-17 21:57:25,제공,제공,제공,부착,제공,미제공,제공,가능
5670000,353,6480000,48127,사용,U,2026-07-20 16:44:02,2026-07-21 21:57:25,제공,제공,제공,부착,제공,미제공,제공,가능
5670000,354,6480000,48127,사용,U,2026-07-16 15:10:04,2026-07-17 21:57:25,제공,제공,제공,부착,제공,미제공,제공,가능
5670000,355,6480000,48127,사용,U,2026-06-29 13:14:21,2026-06-30 21:57:25,제공,제공,제공,부착,제공,미제공,제공,가능
5670000,356,6480000,48129,사용,U,2026-08-31 12:27:54,2026-09-01 21:57:25,제공,제공,제공,부착,제공,제공,제공,가능
5670000,357,6480000,48127,사용,U,2026-06-29 13:14:21,2026-06-30 21:57:25,제공,제공,제공,부착,제공,미제공,제공,가능
5670000,401,6480000,48129,사용,U,2026-08-31 12:26:57,2026-09-01 21:57:25,제공,제공,제공,부착,제공,제공,제공,가능
5670000,402,6480000,48129,사용,U,2026-08-31 12:26:43,2026-09-01 21:57:25,제공,제공,제공,부착,제공,제공,제공,가능
5670000,403,6480000,48129,사용,U,2026-08-31 12:24:39,2026-09-01 21:57:25,제공,제공,제공,부착,제공,제공,제공,가능
5670000,404,6480000,48129,사용,U,2026-08-31 12:27:59,2026-09-01 21:57:25,제공,제공,제공,부착,제공,제공,제공,가능
5670000,502,6480000,48121,사용,I,2026-01-22 16:34:02,2026-04-26 22:00:25,제공,제공,제공,부착,제공,미제공,제공,가능
5670000,503,6480000,48121,사용,I,2026-04-02 14:00:34,2026-04-26 22:00:25,제공,제공,제공,부착,제공,미제공,제공,가능
5670000,504,6480000,48121,사용,U,2026-07-15 14:38:53,2026-07-16 21:57:25,제공,제공,제공,부착,제공,미제공,제공,가능
5670000,505,6480000,48121,사용,U,2026-07-16 13:23:24,2026-07-17 21:57:25,제공,제공,제공,부착,제공,미제공,제공,가능
5670000,506,6480000,48125,사용,I,2026-01-14 10:16:25,2026-04-26 22:00:25,제공,제공,제공,부착,제공,미제공,제공,가능
5670000,507,6480000,48125,사용,I,2026-01-14 10:03:24,2026-04-26 22:00:25,제공,제공,제공,부착,제공,미제공,제공,가능
5670000,508,6480000,48125,사용,U,2026-07-21 09:13:23,2026-07-22 21:57:25,제공,제공,제공,부착,제공,미제공,제공,가능
5670000,509,6480000,48121,사용,I,2026-01-22 16:36:55,2026-04-26 22:00:25,제공,제공,제공,부착,제공,미제공,제공,가능
5670000,511,6480000,48121,사용,U,2026-07-15 17:40:15,2026-07-16 21:57:25,제공,제공,제공,부착,제공,미제공,제공,가능
5670000,513,6480000,48123,사용,U,2026-05-20 13:44:21,2026-05-21 03:03:03,제공,제공,제공,부착,제공,미제공,제공,가능
5670000,518,6480000,48121,사용,U,2026-07-16 10:33:55,2026-07-17 21:57:25,제공,제공,제공,부착,제공,미제공,제공,가능
5670000,519,6480000,48121,사용,I,2026-04-08 17:11:31,2026-04-26 22:00:25,제공,제공,제공,부착,제공,미제공,제공,가능
5670000,520,6480000,48121,사용,I,2026-01-22 16:39:05,2026-04-26 22:00:25,제공,제공,제공,부착,제공,미제공,제공,가능
5670000,522,6480000,48121,사용,U,2026-07-15 14:39:12,2026-07-16 21:57:25,제공,제공,제공,부착,제공,미제공,제공,가능
5670000,525,6480000,48121,사용,I,2026-01-22 16:41:33,2026-04-26 22:00:25,제공,제공,제공,부착,제공,미제공,제공,가능
5670000,529,6480000,48123,사용,U,2026-07-21 14:36:12,2026-07-22 21:57:25,제공,제공,제공,부착,제공,미제공,제공,가능
5670000,530,6480000,48121,사용,I,2026-01-22 16:41:42,2026-04-26 22:00:26,제공,제공,제공,부착,제공,미제공,제공,가능
5670000,531,6480000,48121,사용,U,2026-07-15 17:40:27,2026-07-16 21:57:25,제공,제공,제공,부착,제공,미제공,제공,가능
5670000,532,6480000,48123,사용,U,2026-07-16 14:24:23,2026-07-17 21:57:25,제공,제공,제공,부착,제공,미제공,제공,가능
5670000,533,6480000,48121,사용,U,2026-07-15 11:40:27,2026-07-16 21:57:26,제공,제공,제공,부착,제공,미제공,제공,가능
5670000,538,6480000,48123,사용,I,2026-04-02 15:44:16,2026-04-26 22:00:26,제공,제공,제공,부착,제공,미제공,제공,가능
5670000,539,6480000,48123,사용,U,2026-07-22 09:29:17,2026-07-23 21:57:25,제공,제공,제공,부착,제공,미제공,제공,가능
5670000,542,6480000,48123,사용,U,2026-07-15 09:05:08,2026-07-16 21:57:26,제공,제공,제공,부착,제공,미제공,제공,가능
5670000,543,6480000,48123,사용,U,2026-07-15 09:05:19,2026-07-16 21:57:26,제공,제공,제공,부착,제공,미제공,제공,가능
5670000,545,6480000,48123,사용,U,2026-07-15 09:13:57,2026-07-16 21:57:26,제공,제공,제공,부착,제공,미제공,제공,가능
5670000,546,6480000,48123,사용,I,2026-02-02 11:09:13,2026-04-26 22:00:26,제공,제공,제공,부착,제공,미제공,제공,가능
5670000,547,6480000,48123,사용,U,2026-08-03 18:00:54,2026-08-04 21:57:25,제공,제공,제공,부착,제공,미제공,제공,가능
5670000,554,6480000,48125,사용,I,2026-02-06 13:52:54,2026-04-26 22:00:26,제공,제공,제공,부착,제공,미제공,제공,가능
5670000,555,6480000,48125,사용,I,2026-02-06 13:50:52,2026-04-26 22:00:26,제공,제공,제공,부착,제공,미제공,제공,가능
5670000,556,6480000,48125,사용,I,2026-02-06 13:51:51,2026-04-26 22:00:26,제공,제공,제공,부착,제공,미제공,제공,가능
5670000,557,6480000,48125,사용,I,2026-01-22 13:24:54,2026-04-26 22:00:26,제공,제공,제공,부착,제공,미제공,제공,가능
5670000,558,6480000,48125,사용,I,2026-01-22 13:25:06,2026-04-26 22:00:26,제공,제공,제공,부착,제공,미제공,제공,가능
5670000,559,6480000,48125,사용,I,2026-01-22 13:25:16,2026-04-26 22:00:26,제공,제공,제공,부착,제공,미제공,제공,가능
5670000,560,6480000,48125,사용,I,2026-01-14 10:10:37,2026-04-26 22:00:26,제공,제공,제공,부착,제공,미제공,제공,가능
5670000,562,6480000,48125,사용,U,2026-07-06 13:44:57,2026-07-07 21:57:25,제공,제공,제공,부착,제공,미제공,제공,가능
5670000,563,6480000,48125,사용,I,2026-01-14 10:11:37,2026-04-26 22:00:26,제공,제공,제공,부착,제공,미제공,제공,가능
5670000,564,6480000,48125,사용,U,2026-05-07 16:15:31,2026-05-08 03:03:03,제공,제공,제공,부착,제공,미제공,제공,가능
5670000,565,6480000,48125,사용,I,2026-01-22 13:26:08,2026-04-26 22:00:26,제공,제공,제공,부착,제공,미제공,제공,가능
5670000,566,6480000,48127,사용,U,2026-06-29 13:14:21,2026-06-30 21:57:25,제공,제공,제공,부착,제공,미제공,제공,가능
5670000,567,6480000,48127,사용,U,2026-06-29 13:14:21,2026-06-30 21:57:25,제공,제공,제공,부착,제공,미제공,제공,가능
5670000,568,6480000,48127,사용,U,2026-07-20 16:31:53,2026-07-21 21:57:25,제공,제공,제공,부착,제공,미제공,제공,가능
5670000,569,6480000,48127,사용,U,2026-07-18 17:55:48,2026-07-19 21:57:25,제공,제공,제공,부착,제공,미제공,제공,가능
5670000,570,6480000,48127,사용,U,2026-07-15 09:24:04,2026-07-16 21:57:26,제공,제공,제공,부착,제공,미제공,제공,가능
5670000,571,6480000,48127,사용,U,2026-06-29 13:25:04,2026-06-30 21:57:25,제공,제공,제공,부착,제공,미제공,제공,가능
5670000,572,6480000,48127,사용,U,2026-06-29 13:24:51,2026-06-30 21:57:25,제공,제공,제공,부착,제공,미제공,제공,가능
5670000,573,6480000,48127,사용,U,2026-06-29 13:14:21,2026-06-30 21:57:25,제공,제공,제공,부착,제공,미제공,제공,가능
5670000,574,6480000,48127,사용,U,2026-06-29 13:24:43,2026-06-30 21:57:25,제공,제공,제공,부착,제공,미제공,제공,가능
5670000,575,6480000,48127,사용,U,2026-06-29 13:14:21,2026-06-30 21:57:25,제공,제공,제공,부착,제공,미제공,제공,가능
5670000,576,6480000,48127,사용,U,2026-06-29 13:14:21,2026-06-30 21:57:25,제공,제공,제공,부착,제공,미제공,제공,가능
5670000,577,6480000,48127,사용,U,2026-06-29 13:24:55,2026-06-30 21:57:25,제공,제공,제공,부착,제공,미제공,제공,가능
5670000,578,6480000,48127,사용,U,2026-08-23 11:49:44,2026-08-24 21:57:25,제공,제공,제공,부착,제공,미제공,제공,가능
5670000,579,6480000,48127,사용,U,2026-06-29 13:14:21,2026-06-30 21:57:25,제공,제공,제공,부착,제공,미제공,제공,가능
5670000,580,6480000,48129,사용,U,2026-08-31 12:26:50,2026-09-01 21:57:25,제공,제공,제공,부착,제공,제공,제공,가능
5670000,581,6480000,48129,사용,U,2026-08-31 12:27:27,2026-09-01 21:57:25,제공,제공,제공,부착,제공,제공,제공,가능
5670000,582,6480000,48129,사용,U,2026-08-31 12:27:34,2026-09-01 21:57:25,제공,제공,제공,부착,제공,제공,제공,가능
5670000,584,6480000,48123,사용,U,2026-07-15 09:04:35,2026-07-16 21:57:26,제공,제공,제공,부착,제공,미제공,제공,가능
5670000,586,6480000,48123,사용,U,2026-07-21 14:10:29,2026-07-22 21:57:25,제공,제공,제공,부착,제공,미제공,제공,가능
5670000,587,6480000,48125,사용,I,2026-01-14 10:12:56,2026-04-26 22:00:26,제공,제공,제공,부착,제공,미제공,제공,가능
5670000,588,6480000,48125,사용,I,2026-01-22 13:26:23,2026-04-26 22:00:26,제공,제공,제공,부착,제공,미제공,제공,가능
5670000,589,6480000,48127,사용,U,2026-07-20 16:22:23,2026-07-21 21:57:25,제공,제공,제공,부착,제공,미제공,제공,가능
5670000,591,6480000,48123,사용,I,2026-03-04 14:16:52,2026-04-26 22:00:26,제공,제공,제공,부착,제공,미제공,제공,가능
5670000,592,6480000,48125,사용,U,2026-07-15 10:33:02,2026-07-16 21:57:26,제공,제공,제공,부착,제공,미제공,제공,가능
5670000,593,6480000,48123,사용,I,2026-04-02 15:43:57,2026-04-26 22:00:26,제공,제공,제공,부착,제공,미제공,제공,가능
5670000,594,6480000,48123,사용,I,2026-01-22 14:43:08,2026-04-26 22:00:26,제공,제공,제공,부착,제공,미제공,제공,가능
5670000,595,6480000,48129,사용,U,2026-08-31 12:26:03,2026-09-01 21:57:25,제공,제공,제공,부착,제공,제공,제공,가능
5670000,596,6480000,48125,사용,U,2026-07-21 09:18:44,2026-07-22 21:57:25,제공,제공,제공,부착,제공,미제공,제공,가능
5670000,597,6480000,48129,사용,U,2026-08-31 12:26:11,2026-09-01 21:57:25,제공,제공,제공,부착,제공,제공,제공,가능
5670000,599,6480000,48125,사용,I,2026-01-14 10:13:48,2026-04-26 22:00:26,제공,제공,제공,부착,제공,미제공,제공,가능
5670000,600,6480000,48129,사용,U,2026-08-31 12:27:40,2026-09-01 21:57:25,제공,제공,제공,부착,제공,제공,제공,가능
5670000,619,6480000,48121,사용,U,2026-07-15 11:40:04,2026-07-16 21:57:26,제공,제공,제공,부착,제공,미제공,제공,가능
5670000,621,6480000,48129,사용,U,2026-08-31 12:26:25,2026-09-01 21:57:25,제공,제공,제공,부착,제공,제공,제공,가능
5670000,622,6480000,48121,사용,U,2026-07-15 14:40:09,2026-07-16 21:57:26,제공,제공,제공,부착,제공,미제공,제공,가능
5670000,623,6480000,48121,사용,I,2026-01-22 16:49:49,2026-04-26 22:00:26,제공,제공,제공,부착,제공,미제공,제공,가능
5680000,402,6440000,44270,사용,U,2026-08-03 15:51:13,2026-08-04 22:57:02,제공,제공,제공,부착,제공,미제공,제공,가능
5680000,403,6440000,44270,사용,U,2026-08-03 16:03:33,2026-08-04 22:57:03,제공,제공,제공,부착,제공,미제공,제공,가능
5680000,404,6440000,44270,사용,U,2026-08-03 16:04:47,2026-08-04 22:57:03,제공,제공,제공,부착,제공,미제공,제공,가능
5680000,405,6440000,44270,사용,U,2026-08-03 16:05:30,2026-08-04 22:57:03,제공,제공,제공,부착,제공,미제공,제공,가능
5680000,406,6440000,44270,사용,U,2026-08-03 16:05:46,2026-08-04 22:57:03,제공,제공,제공,부착,제공,미제공,제공,가능
5680000,407,6440000,44270,사용,U,2026-08-03 16:05:55,2026-08-04 22:57:03,제공,제공,제공,부착,제공,미제공,제공,가능
5680000,408,6440000,44270,사용,U,2026-08-03 16:08:26,2026-08-04 22:57:03,제공,제공,제공,부착,제공,미제공,제공,가능
5680000,409,6440000,44270,사용,U,2026-08-03 16:08:32,2026-08-04 22:57:03,제공,제공,제공,부착,제공,미제공,제공,가능
5680000,410,6440000,44270,사용,U,2026-08-03 16:06:00,2026-08-04 22:57:03,제공,제공,제공,부착,제공,미제공,제공,가능
5680000,411,6440000,44270,사용,U,2026-08-03 16:06:08,2026-08-04 22:57:03,제공,제공,제공,부착,제공,미제공,제공,가능
5680000,412,6440000,44270,사용,U,2026-08-03 16:06:15,2026-08-04 22:57:03,제공,제공,제공,부착,제공,미제공,제공,가능
5680000,413,6440000,44270,사용,I,2026-01-30 10:45:56,2026-05-06 22:56:14,제공,제공,제공,부착,제공,미제공,제공,가능
5680000,415,6440000,44270,사용,I,2026-02-19 15:54:09,2026-05-06 22:56:14,제공,제공,제공,부착,제공,미제공,제공,가능
5680000,416,6440000,44270,사용,I,2026-02-19 15:54:19,2026-05-06 22:56:14,제공,제공,제공,부착,제공,미제공,제공,가능
5680000,417,6440000,44270,사용,U,2026-08-03 16:07:04,2026-08-04 22:57:03,제공,제공,제공,부착,제공,미제공,제공,가능
5680000,418,6440000,44270,사용,U,2026-08-03 16:07:10,2026-08-04 22:57:03,제공,제공,제공,부착,제공,미제공,제공,가능
5680000,420,6440000,44270,사용,I,2026-03-03 11:55:43,2026-05-06 22:56:14,제공,제공,제공,부착,제공,미제공,제공,가능
5680000,421,6440000,44270,사용,U,2026-08-12 17:35:40,2026-08-13 22:57:03,제공,제공,제공,부착,제공,미제공,제공,가능
5680000,422,6440000,44270,사용,U,2026-08-03 16:07:50,2026-08-04 22:57:03,제공,제공,제공,부착,제공,미제공,제공,가능
5680000,423,6440000,44270,사용,U,2026-08-03 16:08:14,2026-08-04 22:57:03,제공,제공,제공,부착,제공,미제공,제공,가능
5680000,501,6440000,44270,사용,U,2026-08-03 16:08:20,2026-08-04 22:57:03,제공,제공,제공,부착,제공,미제공,제공,가능
5680000,502,6440000,44270,사용,I,2026-01-29 16:28:04,2026-05-06 22:56:14,제공,제공,제공,부착,제공,미제공,제공,가능
5680000,503,6440000,44270,사용,U,2026-08-03 16:09:55,2026-08-04 22:57:03,제공,제공,제공,부착,제공,미제공,제공,가능
5680000,505,6440000,44270,사용,I,2026-01-30 11:01:23,2026-05-06 22:56:15,제공,제공,제공,부착,제공,미제공,제공,가능
5680000,506,6440000,44270,사용,U,2026-08-03 16:10:04,2026-08-04 22:57:03,제공,제공,제공,부착,제공,미제공,제공,가능
5680000,507,6440000,44270,사용,I,2026-01-28 16:42:22,2026-05-06 22:56:15,제공,제공,제공,부착,제공,미제공,제공,가능
5680000,508,6440000,44270,사용,U,2026-08-03 16:14:56,2026-08-04 22:57:03,제공,제공,제공,부착,제공,미제공,제공,가능
5680000,509,6440000,44270,사용,U,2026-08-03 16:15:05,2026-08-04 22:57:03,제공,제공,제공,부착,제공,미제공,제공,가능
5680000,510,6440000,44270,사용,U,2026-08-03 16:15:12,2026-08-04 22:57:03,제공,제공,제공,부착,제공,미제공,제공,가능
5680000,511,6440000,44270,사용,U,2026-08-03 16:15:19,2026-08-04 22:57:03,제공,제공,제공,부착,제공,미제공,제공,가능
5680000,512,6440000,44270,사용,U,2026-08-03 16:15:25,2026-08-04 22:57:03,제공,제공,제공,부착,제공,미제공,제공,가능
5680000,513,6440000,44270,사용,U,2026-08-03 16:15:31,2026-08-04 22:57:03,제공,제공,제공,부착,제공,미제공,제공,가능
5680000,514,6440000,44270,사용,U,2026-08-03 16:15:38,2026-08-04 22:57:03,제공,제공,제공,부착,제공,미제공,제공,가능
5680000,515,6440000,44270,사용,U,2026-07-21 15:29:01,2026-07-22 22:57:02,제공,제공,제공,부착,제공,미제공,제공,가능
5680000,516,6440000,44270,사용,U,2026-08-03 16:15:44,2026-08-04 22:57:03,제공,제공,제공,부착,제공,미제공,제공,가능
5680000,517,6440000,44270,사용,U,2026-08-03 16:15:51,2026-08-04 22:57:03,제공,제공,제공,부착,제공,미제공,제공,가능
5680000,518,6440000,44270,사용,U,2026-08-03 16:16:25,2026-08-04 22:57:03,제공,제공,제공,부착,제공,미제공,제공,가능
5680000,519,6440000,44270,사용,U,2026-08-03 16:16:32,2026-08-04 22:57:03,제공,제공,제공,부착,제공,미제공,제공,가능
5680000,520,6440000,44270,사용,U,2026-08-03 16:16:39,2026-08-04 22:57:03,제공,제공,제공,부착,제공,미제공,제공,가능
5690000,105,6200000,36110,사용,U,2026-08-28 09:57:05,2026-08-29 21:31:05,제공,제공,제공,부착,제공,미제공,제공,불가능
5690000,107,6200000,36110,사용,U,2026-08-20 09:49:48,2026-08-21 21:31:05,제공,제공,제공,부착,제공,미제공,제공,불가능
5690000,108,6200000,36110,사용,U,2026-08-19 21:28:45,2026-08-20 21:31:05,제공,제공,제공,부착,제공,미제공,제공,불가능
5690000,402,6200000,36110,사용,U,2026-08-28 11:38:32,2026-08-29 21:31:05,제공,제공,제공,부착,제공,미제공,제공,불가능
5690000,403,6200000,36110,사용,U,2026-08-19 21:30:09,2026-08-20 21:31:05,제공,제공,제공,부착,제공,미제공,제공,불가능
5690000,404,6200000,36110,사용,U,2026-09-23 15:28:41,2026-09-24 21:31:05,제공,제공,제공,부착,제공,미제공,제공,가능
5690000,405,6200000,36110,사용,U,2026-09-23 15:28:10,2026-09-24 21:31:05,제공,제공,제공,부착,제공,미제공,제공,가능
5690000,406,6200000,36110,사용,U,2026-09-21 17:42:29,2026-09-22 21:31:05,제공,제공,제공,부착,제공,미제공,제공,가능
5690000,408,6200000,36110,사용,U,2026-08-19 21:39:42,2026-08-20 21:31:05,제공,제공,제공,부착,제공,미제공,제공,불가능
5690000,409,6200000,36110,사용,I,2024-11-18 14:49:48,2026-01-16 18:04:52,제공,제공,제공,부착,제공,미제공,제공,가능
5690000,411,6200000,36110,사용,U,2026-08-31 10:18:51,2026-09-01 21:31:05,제공,제공,제공,부착,제공,미제공,제공,불가능
5690000,412,6200000,36110,사용,U,2026-08-19 21:38:52,2026-08-20 21:31:05,제공,제공,제공,부착,제공,미제공,제공,불가능
5690000,413,6200000,36110,사용,U,2026-08-19 21:39:22,2026-08-20 21:31:05,제공,제공,제공,부착,제공,미제공,제공,불가능
5690000,415,6200000,36110,사용,U,2026-08-28 10:21:47,2026-08-29 21:31:05,제공,제공,제공,부착,제공,미제공,제공,불가능
5690000,417,6200000,36110,사용,U,2026-08-19 21:40:32,2026-08-20 21:31:05,제공,제공,제공,부착,제공,미제공,제공,불가능
5690000,418,6200000,36110,사용,U,2026-08-19 21:40:56,2026-08-20 21:31:05,제공,제공,제공,부착,제공,미제공,제공,불가능
5690000,419,6200000,36110,사용,U,2026-08-28 11:16:10,2026-08-29 21:31:05,제공,제공,제공,부착,제공,미제공,제공,가능
5690000,421,6200000,36110,사용,U,2026-08-28 10:21:59,2026-08-29 21:31:05,제공,제공,제공,부착,제공,미제공,제공,불가능
5690000,423,6200000,36110,사용,U,2026-09-21 14:38:20,2026-09-22 21:31:05,제공,제공,제공,부착,제공,미제공,제공,불가능
5690000,426,6200000,36110,사용,U,2026-09-10 10:20:09,2026-09-11 21:31:05,제공,제공,제공,부착,제공,미제공,제공,불가능
5690000,427,6200000,36110,사용,U,2026-08-19 21:42:38,2026-08-20 21:31:05,제공,제공,제공,부착,제공,미제공,제공,불가능
5690000,428,6200000,36110,사용,I,2026-02-04 14:17:54,2026-02-05 21:31:05,제공,제공,제공,부착,제공,미제공,제공,불가능
5690000,429,6200000,36110,사용,U,2026-09-21 14:38:07,2026-09-22 21:31:05,제공,제공,제공,부착,제공,미제공,제공,가능
5690000,430,6200000,36110,사용,U,2026-08-31 19:45:51,2026-09-01 21:31:05,제공,제공,제공,부착,제공,미제공,제공,불가능
5690000,431,6200000,36110,사용,U,2026-08-31 19:47:41,2026-09-01 21:31:05,제공,제공,제공,부착,제공,미제공,제공,불가능
5690000,432,6200000,36110,사용,U,2026-09-23 15:28:24,2026-09-24 21:31:05,제공,제공,제공,부착,제공,미제공,제공,가능
5690000,433,6200000,36110,사용,U,2026-08-31 19:48:52,2026-09-01 21:31:05,제공,제공,제공,부착,제공,미제공,제공,불가능
5690000,434,6200000,36110,사용,U,2026-05-27 17:46:21,2026-05-28 03:03:03,제공,제공,제공,부착,제공,미제공,제공,불가능
5690000,435,6200000,36110,사용,U,2026-09-22 10:20:55,2026-09-23 21:31:05,제공,제공,제공,부착,제공,미제공,제공,불가능
5690000,436,6200000,36110,사용,U,2026-08-31 10:18:51,2026-09-01 21:31:05,제공,제공,제공,부착,제공,미제공,제공,불가능
5690000,438,6200000,36110,사용,U,2026-08-20 09:52:42,2026-08-21 21:31:05,제공,제공,제공,부착,제공,미제공,제공,불가능
5690000,439,6200000,36110,사용,U,2026-08-20 09:52:56,2026-08-21 21:31:05,제공,제공,제공,부착,제공,미제공,제공,불가능
5690000,440,6200000,36110,사용,U,2026-08-31 19:49:12,2026-09-01 21:31:05,제공,제공,제공,부착,제공,미제공,제공,불가능
5690000,441,6200000,36110,사용,U,2026-08-31 19:49:33,2026-09-01 21:31:05,제공,제공,제공,부착,제공,미제공,제공,불가능
5690000,442,6200000,36110,사용,U,2026-09-22 17:11:25,2026-09-23 21:31:05,제공,제공,제공,부착,제공,미제공,제공,가능
5690000,443,6200000,36110,사용,U,2026-09-30 15:24:56,2026-10-01 21:31:05,제공,제공,제공,부착,제공,미제공,제공,불가능
5690000,444,6200000,36110,사용,U,2026-04-08 14:32:09,2026-04-09 03:03:03,제공,제공,제공,부착,제공,미제공,제공,불가능
5690000,445,6200000,36110,사용,U,2026-08-19 21:48:24,2026-08-20 21:31:05,제공,제공,제공,부착,제공,미제공,제공,불가능
5690000,446,6200000,36110,사용,U,2026-08-19 21:48:05,2026-08-20 21:31:05,제공,제공,제공,부착,제공,미제공,제공,불가능
5690000,447,6200000,36110,사용,U,2026-09-28 15:31:05,2026-09-29 21:31:05,제공,제공,제공,부착,제공,미제공,제공,불가능
5690000,448,6200000,36110,사용,I,2026-03-11 15:00:49,2026-03-12 21:31:07,제공,제공,제공,부착,제공,미제공,제공,불가능
5690000,449,6200000,36110,사용,I,2026-02-04 14:18:52,2026-02-05 21:31:05,제공,제공,제공,부착,제공,미제공,제공,불가능
5690000,450,6200000,36110,사용,U,2026-09-03 10:16:53,2026-09-04 21:31:05,제공,제공,제공,부착,제공,미제공,제공,가능
5690000,451,6200000,36110,사용,U,2026-08-18 15:20:56,2026-08-19 21:31:05,제공,제공,제공,부착,제공,미제공,제공,가능
5690000,452,6200000,36110,사용,U,2026-08-28 10:21:04,2026-08-29 21:31:05,제공,제공,제공,부착,제공,미제공,제공,불가능
5690000,453,6200000,36110,사용,U,2026-09-23 15:24:16,2026-09-24 21:31:05,제공,제공,제공,부착,제공,미제공,제공,가능
5700000,101,6410000,41670,사용,I,2026-02-05 20:13:38,2026-05-08 22:03:49,제공,제공,제공,부착,제공,미제공,제공,가능
5700000,102,6410000,41670,사용,I,2026-01-23 16:34:15,2026-05-08 22:03:49,제공,제공,제공,부착,제공,미제공,제공,가능
5700000,103,6410000,41670,사용,I,2026-02-12 20:27:23,2026-05-08 22:03:49,제공,제공,제공,부착,제공,미제공,제공,가능
5700000,104,6410000,41670,사용,I,2026-01-23 16:34:35,2026-05-08 22:03:49,제공,제공,제공,부착,제공,미제공,제공,가능
5700000,105,6410000,41670,사용,U,2026-09-21 10:15:43,2026-09-22 21:57:25,제공,제공,제공,부착,제공,미제공,제공,가능
5700000,106,6410000,41670,사용,I,2026-01-23 16:33:56,2026-05-08 22:03:49,제공,제공,제공,부착,제공,미제공,제공,가능
5700000,107,6410000,41670,사용,I,2026-01-23 16:35:23,2026-05-08 22:03:49,제공,제공,제공,부착,제공,미제공,제공,가능
5700000,108,6410000,41670,사용,I,2026-01-23 16:35:37,2026-05-08 22:03:49,제공,제공,제공,부착,제공,미제공,제공,가능
5700000,109,6410000,41670,사용,I,2026-02-12 20:25:26,2026-05-08 22:03:49,제공,제공,제공,부착,제공,미제공,제공,가능
5700000,110,6410000,41670,사용,I,2026-01-23 16:36:30,2026-05-08 22:03:49,제공,제공,제공,부착,제공,미제공,제공,가능
5700000,111,6410000,41670,사용,I,2026-01-23 16:36:58,2026-05-08 22:03:49,제공,제공,제공,부착,제공,미제공,제공,가능
5700000,112,6410000,41670,사용,I,2026-01-23 16:37:27,2026-05-08 22:03:49,제공,제공,제공,부착,제공,미제공,제공,가능
5700000,113,6410000,41670,사용,I,2026-01-23 16:46:33,2026-05-08 22:03:49,제공,제공,제공,부착,제공,미제공,제공,가능
5700000,114,6410000,41670,사용,I,2026-02-05 20:14:00,2026-05-08 22:03:49,제공,제공,제공,부착,제공,미제공,제공,가능
5700000,115,6410000,41670,사용,I,2026-02-05 20:15:18,2026-05-08 22:03:49,제공,제공,제공,부착,제공,미제공,제공,가능
5700000,116,6410000,41670,사용,I,2026-02-05 20:14:14,2026-05-08 22:03:49,제공,제공,제공,부착,제공,미제공,제공,가능
5700000,117,6410000,41670,사용,I,2026-01-23 16:50:24,2026-05-08 22:03:49,제공,제공,제공,부착,제공,미제공,제공,가능
5700000,119,6410000,41670,사용,U,2026-09-14 11:41:59,2026-09-15 21:57:25,제공,제공,제공,부착,제공,미제공,제공,가능
5700000,120,6410000,41670,사용,I,2026-02-05 20:14:36,2026-05-08 22:03:49,제공,제공,제공,부착,제공,미제공,제공,가능
5710000,401,6430000,43113,사용,U,2026-08-24 09:49:14,2026-08-25 22:57:26,제공,제공,제공,부착,제공,제공,제공,가능
5710000,402,6430000,43112,사용,U,2026-08-27 13:29:10,2026-08-28 22:57:26,제공,제공,제공,부착,제공,미제공,제공,가능
5710000,403,6430000,43114,사용,U,2026-08-27 14:04:18,2026-08-28 22:57:26,제공,제공,제공,부착,제공,미제공,제공,가능
5710000,404,6430000,43112,사용,U,2026-08-27 13:29:32,2026-08-28 22:57:26,제공,제공,제공,부착,제공,미제공,제공,가능
5710000,405,6430000,43114,사용,U,2026-08-27 14:04:06,2026-08-28 22:57:26,제공,제공,제공,부착,제공,미제공,제공,가능
5710000,406,6430000,43111,사용,I,2026-01-26 10:34:29,2026-04-05 22:57:43,제공,제공,제공,부착,제공,제공,제공,가능
5710000,407,6430000,43112,사용,U,2026-08-27 13:30:00,2026-08-28 22:57:26,제공,제공,제공,부착,제공,미제공,제공,가능
5710000,408,6430000,43111,사용,U,2026-08-27 13:21:37,2026-08-28 22:57:26,제공,제공,제공,부착,제공,미제공,제공,가능
5710000,409,6430000,43111,사용,I,2026-03-11 14:40:43,2026-04-05 22:57:46,제공,제공,제공,부착,제공,제공,제공,가능
5710000,410,6430000,43111,사용,I,2026-01-26 10:32:38,2026-04-05 22:57:47,제공,제공,제공,부착,제공,제공,제공,가능
5710000,411,6430000,43112,사용,U,2026-08-27 13:26:51,2026-08-28 22:57:26,제공,제공,제공,부착,제공,미제공,제공,가능
5710000,412,6430000,43113,사용,U,2026-08-24 09:49:42,2026-08-25 22:57:26,제공,제공,제공,부착,제공,제공,제공,가능
5710000,413,6430000,43113,사용,U,2026-08-27 13:56:24,2026-08-28 22:57:26,제공,제공,제공,부착,제공,미제공,제공,가능
5710000,414,6430000,43111,사용,U,2026-08-27 13:15:48,2026-08-28 22:57:26,제공,제공,제공,부착,제공,미제공,제공,불가능
5710000,415,6430000,43114,사용,U,2026-08-27 13:59:14,2026-08-28 22:57:26,제공,제공,제공,부착,제공,미제공,제공,불가능
5710000,416,6430000,43113,사용,U,2026-08-27 13:56:38,2026-08-28 22:57:26,제공,제공,제공,부착,제공,미제공,제공,가능
5710000,417,6430000,43111,사용,U,2026-08-27 13:21:52,2026-08-28 22:57:26,제공,제공,제공,부착,제공,미제공,제공,가능
5710000,418,6430000,43112,사용,U,2026-08-27 13:30:17,2026-08-28 22:57:26,제공,제공,제공,부착,제공,미제공,제공,가능
5710000,419,6430000,43113,사용,U,2026-08-24 09:50:41,2026-08-25 22:57:26,제공,제공,제공,부착,제공,제공,제공,가능
5710000,420,6430000,43112,사용,U,2026-08-27 13:24:21,2026-08-28 22:57:26,제공,제공,제공,부착,제공,미제공,제공,불가능
5710000,421,6430000,43112,사용,U,2026-08-27 13:24:48,2026-08-28 22:57:26,제공,제공,제공,부착,제공,미제공,제공,불가능
5710000,422,6430000,43112,사용,U,2026-07-13 14:33:20,2026-07-14 22:57:26,제공,제공,제공,부착,제공,제공,제공,가능
5710000,423,6430000,43111,사용,U,2026-08-27 13:20:28,2026-08-28 22:57:26,제공,제공,제공,부착,제공,미제공,제공,가능
5710000,424,6430000,43113,사용,U,2026-08-24 09:51:00,2026-08-25 22:57:26,제공,제공,제공,부착,제공,제공,제공,가능
5710000,425,6430000,43113,사용,U,2026-08-24 09:51:52,2026-08-25 22:57:26,제공,제공,제공,부착,제공,제공,제공,가능
5710000,426,6430000,43113,사용,U,2026-08-24 09:52:01,2026-08-25 22:57:26,제공,제공,제공,부착,제공,제공,제공,가능
5710000,427,6430000,43113,사용,U,2026-08-27 13:56:01,2026-08-28 22:57:26,제공,제공,제공,부착,제공,미제공,제공,가능
5710000,428,6430000,43114,사용,U,2026-08-26 13:54:26,2026-08-27 22:57:26,제공,제공,제공,부착,제공,제공,제공,가능
5710000,429,6430000,43112,사용,U,2026-08-21 09:33:32,2026-08-22 22:57:25,제공,제공,제공,부착,제공,제공,제공,가능
5710000,430,6430000,43112,사용,U,2026-08-21 09:36:40,2026-08-22 22:57:25,제공,제공,제공,부착,제공,제공,제공,가능
5710000,431,6430000,43113,사용,U,2026-08-27 13:37:26,2026-08-28 22:57:26,제공,제공,제공,부착,제공,미제공,제공,가능
5710000,432,6430000,43111,사용,U,2026-08-27 13:16:29,2026-08-28 22:57:26,제공,제공,제공,부착,제공,미제공,제공,불가능
5710000,433,6430000,43113,사용,U,2026-08-27 13:37:34,2026-08-28 22:57:26,제공,제공,제공,부착,제공,미제공,제공,가능
5710000,434,6430000,43112,사용,U,2026-07-13 14:33:52,2026-07-14 22:57:26,제공,제공,제공,부착,제공,제공,제공,가능
5710000,435,6430000,43111,사용,U,2026-08-27 13:16:38,2026-08-28 22:57:26,제공,제공,제공,부착,제공,미제공,제공,불가능
5710000,436,6430000,43114,사용,I,2026-04-01 09:49:39,2026-04-05 22:57:50,제공,제공,제공,부착,제공,제공,제공,가능
5710000,437,6430000,43114,사용,U,2026-08-27 14:02:41,2026-08-28 22:57:26,제공,제공,제공,부착,제공,미제공,제공,가능
5710000,438,6430000,43111,사용,U,2026-08-26 11:33:20,2026-08-27 22:57:27,제공,제공,제공,부착,제공,미제공,제공,가능
5710000,439,6430000,43111,사용,I,2026-03-13 15:32:23,2026-04-05 22:57:50,제공,제공,제공,부착,제공,제공,제공,가능
5710000,440,6430000,43113,사용,U,2026-08-27 13:54:49,2026-08-28 22:57:26,제공,제공,제공,부착,제공,미제공,제공,가능
5710000,441,6430000,43112,사용,U,2026-08-21 09:33:56,2026-08-22 22:57:25,제공,제공,제공,부착,제공,제공,제공,가능
5710000,442,6430000,43111,사용,U,2026-08-27 13:16:51,2026-08-28 22:57:26,제공,제공,제공,부착,제공,미제공,제공,불가능
5710000,443,6430000,43114,사용,U,2026-08-27 14:17:25,2026-08-28 22:57:26,제공,제공,제공,부착,제공,미제공,제공,가능
5710000,444,6430000,43113,사용,U,2026-08-27 13:56:56,2026-08-28 22:57:26,제공,제공,제공,부착,제공,미제공,제공,가능
5710000,445,6430000,43113,사용,U,2026-08-27 13:55:51,2026-08-28 22:57:26,제공,제공,제공,부착,제공,미제공,제공,가능
5710000,446,6430000,43112,사용,U,2026-07-13 14:34:18,2026-07-14 22:57:26,제공,제공,제공,부착,제공,제공,제공,가능
5710000,447,6430000,43113,사용,U,2026-08-27 13:56:46,2026-08-28 22:57:26,제공,제공,제공,부착,제공,미제공,제공,가능
5710000,448,6430000,43111,사용,U,2026-08-27 13:17:02,2026-08-28 22:57:26,제공,제공,제공,부착,제공,미제공,제공,불가능
5710000,449,6430000,43111,사용,U,2026-07-21 15:14:18,2026-07-22 22:57:25,제공,제공,제공,부착,제공,제공,제공,가능
5710000,450,6430000,43114,사용,U,2026-08-27 13:59:46,2026-08-28 22:57:26,제공,제공,제공,부착,제공,미제공,제공,불가능
5710000,451,6430000,43112,사용,U,2026-08-21 09:36:11,2026-08-22 22:57:25,제공,제공,제공,부착,제공,제공,제공,가능
5710000,452,6430000,43112,사용,U,2026-08-21 09:34:14,2026-08-22 22:57:25,제공,제공,제공,부착,제공,제공,제공,가능
5710000,453,6430000,43112,사용,U,2026-08-27 13:25:22,2026-08-28 22:57:26,제공,제공,제공,부착,제공,미제공,제공,불가능
5710000,454,6430000,43113,사용,U,2026-08-27 13:54:39,2026-08-28 22:57:26,제공,제공,제공,부착,제공,미제공,제공,가능
5710000,455,6430000,43114,사용,U,2026-09-03 14:05:26,2026-09-04 22:57:26,제공,제공,제공,부착,제공,제공,제공,가능
5710000,456,6430000,43113,사용,U,2026-08-27 13:56:11,2026-08-28 22:57:26,제공,제공,제공,부착,제공,미제공,제공,가능
5710000,457,6430000,43111,사용,I,2026-01-26 10:32:05,2026-04-05 22:57:50,제공,제공,제공,부착,제공,제공,제공,가능
5710000,458,6430000,43111,사용,U,2026-08-27 13:20:16,2026-08-28 22:57:26,제공,제공,제공,부착,제공,미제공,제공,가능
5710000,459,6430000,43111,사용,U,2026-08-27 13:20:02,2026-08-28 22:57:26,제공,제공,제공,부착,제공,미제공,제공,가능
5710000,461,6430000,43111,사용,U,2026-08-27 13:19:54,2026-08-28 22:57:26,제공,제공,제공,부착,제공,미제공,제공,가능
5710000,462,6430000,43112,사용,U,2026-08-27 13:26:38,2026-08-28 22:57:26,제공,제공,제공,부착,제공,미제공,제공,가능
5710000,463,6430000,43111,사용,U,2026-08-27 13:21:24,2026-08-28 22:57:26,제공,제공,제공,부착,제공,미제공,제공,가능
5710000,464,6430000,43114,사용,U,2026-08-27 14:03:16,2026-08-28 22:57:26,제공,제공,제공,부착,제공,미제공,제공,가능
5710000,465,6430000,43111,사용,U,2026-08-27 13:19:39,2026-08-28 22:57:26,제공,제공,제공,부착,제공,미제공,제공,가능
5710000,466,6430000,43114,사용,U,2026-08-27 14:04:29,2026-08-28 22:57:26,제공,제공,제공,부착,제공,미제공,제공,가능
5710000,467,6430000,43114,사용,U,2026-08-27 14:04:51,2026-08-28 22:57:26,제공,제공,제공,부착,제공,미제공,제공,가능
5710000,468,6430000,43114,사용,U,2026-08-27 14:00:44,2026-08-28 22:57:26,제공,제공,제공,부착,제공,미제공,제공,불가능
5710000,469,6430000,43112,사용,U,2026-08-27 13:25:43,2026-08-28 22:57:26,제공,제공,제공,부착,제공,미제공,제공,불가능
5710000,470,6430000,43113,사용,U,2026-08-27 13:54:14,2026-08-28 22:57:26,제공,제공,제공,부착,제공,미제공,제공,가능
5710000,471,6430000,43113,사용,U,2026-08-27 13:54:24,2026-08-28 22:57:26,제공,제공,제공,부착,제공,미제공,제공,가능
5710000,472,6430000,43114,사용,U,2026-08-27 14:02:49,2026-08-28 22:57:26,제공,제공,제공,부착,제공,미제공,제공,가능
5710000,473,6430000,43111,사용,U,2026-08-27 13:20:46,2026-08-28 22:57:26,제공,제공,제공,부착,제공,미제공,제공,가능
5710000,474,6430000,43114,사용,U,2026-08-27 14:03:41,2026-08-28 22:57:26,제공,제공,제공,부착,제공,미제공,제공,가능
5710000,475,6430000,43113,사용,U,2026-08-27 13:55:17,2026-08-28 22:57:26,제공,제공,제공,부착,제공,미제공,제공,가능
5710000,476,6430000,43113,사용,U,2026-08-27 13:35:13,2026-08-28 22:57:26,제공,제공,제공,부착,제공,미제공,제공,불가능
5710000,477,6430000,43112,사용,U,2026-07-13 14:34:54,2026-07-14 22:57:26,제공,제공,제공,부착,제공,제공,제공,가능
5710000,478,6430000,43113,사용,U,2026-08-27 13:55:30,2026-08-28 22:57:26,제공,제공,제공,부착,제공,미제공,제공,가능
5710000,479,6430000,43112,사용,U,2026-08-21 09:34:52,2026-08-22 22:57:25,제공,제공,제공,부착,제공,제공,제공,가능
5710000,480,6430000,43114,사용,U,2026-07-14 09:41:29,2026-07-15 22:57:25,제공,제공,제공,부착,제공,제공,제공,가능
5710000,481,6430000,43114,사용,U,2026-08-27 14:01:17,2026-08-28 22:57:26,제공,제공,제공,부착,제공,미제공,제공,불가능
5710000,501,6430000,43113,사용,U,2026-08-27 14:01:27,2026-08-28 22:57:26,제공,제공,제공,부착,제공,미제공,제공,불가능
5710000,502,6430000,43114,사용,U,2026-08-27 14:01:39,2026-08-28 22:57:26,제공,제공,제공,부착,제공,미제공,제공,불가능
5710000,503,6430000,43113,사용,U,2026-08-27 13:35:28,2026-08-28 22:57:26,제공,제공,제공,부착,제공,미제공,제공,불가능
5710000,504,6430000,43113,사용,U,2026-08-27 13:35:35,2026-08-28 22:57:26,제공,제공,제공,부착,제공,미제공,제공,불가능
5710000,505,6430000,43113,사용,U,2026-08-27 13:35:42,2026-08-28 22:57:26,제공,제공,제공,부착,제공,미제공,제공,불가능
5710000,506,6430000,43114,사용,I,2026-04-01 09:50:49,2026-04-05 22:57:51,제공,제공,제공,부착,제공,제공,제공,가능
5710000,507,6430000,43114,사용,U,2026-08-27 14:01:51,2026-08-28 22:57:26,제공,제공,제공,부착,제공,미제공,제공,불가능
5710000,508,6430000,43114,사용,U,2026-08-27 14:04:37,2026-08-28 22:57:26,제공,제공,제공,부착,제공,미제공,제공,가능
5710000,509,6430000,43114,사용,U,2026-08-27 14:03:31,2026-08-28 22:57:26,제공,제공,제공,부착,제공,미제공,제공,가능
5710000,510,6430000,43111,사용,U,2026-07-16 11:48:29,2026-07-17 22:57:26,제공,제공,제공,부착,제공,제공,제공,가능
5710000,511,6430000,43112,사용,U,2026-08-27 13:25:55,2026-08-28 22:57:26,제공,제공,제공,부착,제공,미제공,제공,불가능
5710000,512,6430000,43113,사용,U,2026-08-27 13:38:35,2026-08-28 22:57:26,제공,제공,제공,부착,제공,미제공,제공,가능
5710000,513,6430000,43111,사용,U,2026-08-27 13:20:54,2026-08-28 22:57:26,제공,제공,제공,부착,제공,미제공,제공,가능
5710000,514,6430000,43111,사용,U,2026-08-27 13:21:13,2026-08-28 22:57:26,제공,제공,제공,부착,제공,미제공,제공,가능
5710000,515,6430000,43111,사용,U,2026-08-27 13:18:41,2026-08-28 22:57:26,제공,제공,제공,부착,제공,미제공,제공,불가능
5710000,516,6430000,43113,사용,U,2026-08-27 13:53:50,2026-08-28 22:57:26,제공,제공,제공,부착,제공,미제공,제공,가능
5710000,517,6430000,43113,사용,U,2026-08-27 13:38:46,2026-08-28 22:57:26,제공,제공,제공,부착,제공,미제공,제공,가능
5710000,519,6430000,43113,사용,U,2026-08-27 13:38:19,2026-08-28 22:57:26,제공,제공,제공,부착,제공,미제공,제공,가능
5710000,520,6430000,43111,사용,U,2026-08-27 13:21:04,2026-08-28 22:57:26,제공,제공,제공,부착,제공,미제공,제공,가능
5780000,401,6130000,12110,사용,U,2026-07-13 15:47:12,2026-07-14 22:59:15,제공,제공,제공,부착,제공,미제공,제공,가능
5780000,402,6130000,12110,사용,U,2026-08-20 15:03:23,2026-08-21 22:57:49,제공,제공,제공,부착,제공,제공,제공,가능
5780000,404,6130000,12110,사용,U,2026-08-20 14:26:23,2026-08-21 22:57:49,제공,제공,제공,부착,제공,제공,제공,가능
5780000,405,6130000,12110,사용,I,2026-06-30 22:24:29,2026-07-01 12:06:22,제공,제공,제공,부착,제공,제공,제공,가능
5780000,406,6130000,12110,사용,U,2026-08-20 15:03:43,2026-08-21 22:57:49,제공,제공,제공,부착,제공,제공,제공,가능
5780000,407,6130000,12110,사용,U,2026-07-13 15:45:49,2026-07-14 22:59:15,제공,제공,제공,부착,제공,미제공,제공,가능
5780000,408,6130000,12110,사용,I,2026-06-30 22:24:29,2026-07-01 12:06:22,제공,제공,제공,부착,제공,제공,제공,가능
5780000,409,6130000,12110,사용,I,2026-06-30 22:24:29,2026-07-01 12:06:22,제공,제공,제공,부착,제공,제공,제공,가능
5780000,410,6130000,12110,사용,I,2026-06-30 22:24:29,2026-07-01 12:06:22,제공,제공,제공,부착,제공,제공,제공,가능
5780000,412,6130000,12110,사용,U,2026-07-13 15:47:02,2026-07-14 22:59:15,제공,제공,제공,부착,제공,미제공,제공,가능
5780000,413,6130000,12110,사용,U,2026-07-13 15:46:42,2026-07-14 22:59:15,제공,제공,제공,부착,제공,미제공,제공,가능
5780000,414,6130000,12110,사용,I,2026-06-30 22:24:29,2026-07-01 12:06:22,제공,제공,제공,부착,제공,제공,제공,가능
5780000,415,6130000,12110,사용,U,2026-08-20 15:04:26,2026-08-21 22:57:49,제공,제공,제공,부착,제공,제공,제공,가능
5780000,416,6130000,12110,사용,U,2026-08-20 15:04:33,2026-08-21 22:57:49,제공,제공,제공,부착,제공,제공,제공,가능
5780000,417,6130000,12110,사용,U,2026-08-20 15:04:40,2026-08-21 22:57:49,제공,제공,제공,부착,제공,제공,제공,가능
5780000,418,6130000,12110,사용,U,2026-08-20 15:04:45,2026-08-21 22:57:49,제공,제공,제공,부착,제공,제공,제공,가능
5780000,419,6130000,12110,사용,U,2026-08-20 15:06:40,2026-08-21 22:57:49,제공,제공,제공,부착,제공,제공,제공,가능
5780000,420,6130000,12110,사용,U,2026-08-20 15:06:48,2026-08-21 22:57:49,제공,제공,제공,부착,제공,제공,제공,가능
5780000,421,6130000,12110,사용,U,2026-08-20 15:06:56,2026-08-21 22:57:49,제공,제공,제공,부착,제공,제공,제공,가능
5780000,422,6130000,12110,사용,U,2026-08-20 15:07:07,2026-08-21 22:57:49,제공,제공,제공,부착,제공,제공,제공,가능
5780000,423,6130000,12110,사용,U,2026-08-20 15:07:22,2026-08-21 22:57:49,제공,제공,제공,부착,제공,제공,제공,가능
5780000,424,6130000,12110,사용,U,2026-08-20 15:07:29,2026-08-21 22:57:49,제공,제공,제공,부착,제공,제공,제공,가능
5780000,425,6130000,12110,사용,U,2026-08-20 15:07:36,2026-08-21 22:57:49,제공,제공,제공,부착,제공,제공,제공,가능
5780000,426,6130000,12110,사용,U,2026-08-20 15:07:42,2026-08-21 22:57:49,제공,제공,제공,부착,제공,제공,제공,가능
5780000,427,6130000,12110,사용,U,2026-08-20 15:07:51,2026-08-21 22:57:49,제공,제공,제공,부착,제공,제공,제공,가능
5780000,428,6130000,12110,사용,U,2026-08-20 15:07:57,2026-08-21 22:57:49,제공,제공,제공,부착,제공,제공,제공,가능
5780000,429,6130000,12110,사용,U,2026-08-20 15:08:03,2026-08-21 22:57:49,제공,제공,제공,부착,제공,제공,제공,가능
5780000,430,6130000,12110,사용,U,2026-08-20 15:08:09,2026-08-21 22:57:49,제공,제공,제공,부착,제공,제공,제공,가능
5780000,431,6130000,12110,사용,U,2026-08-20 15:08:15,2026-08-21 22:57:49,제공,제공,제공,부착,제공,제공,제공,가능
5780000,432,6130000,12110,사용,U,2026-08-20 14:28:02,2026-08-21 22:57:49,제공,제공,제공,부착,제공,제공,제공,가능
5785000,401,6130000,12130,사용,U,2026-08-05 10:16:56,2026-08-06 22:57:18,제공,제공,제공,부착,제공,미제공,제공,가능
5785000,402,6130000,12130,사용,U,2026-08-05 10:07:53,2026-08-06 22:57:18,제공,제공,제공,부착,제공,미제공,제공,가능
5785000,403,6130000,12130,사용,I,2026-06-30 22:55:23,2026-07-01 12:39:55,제공,제공,제공,부착,제공,미제공,제공,가능
5785000,404,6130000,12130,사용,U,2026-08-05 10:17:15,2026-08-06 22:57:18,제공,제공,제공,부착,제공,미제공,제공,가능
5785000,405,6130000,12130,사용,U,2026-08-05 10:17:26,2026-08-06 22:57:18,제공,제공,제공,부착,제공,미제공,제공,가능
5785000,406,6130000,12130,사용,U,2026-08-05 10:18:34,2026-08-06 22:57:18,제공,제공,제공,부착,제공,미제공,제공,가능
5785000,407,6130000,12130,사용,U,2026-09-07 13:12:54,2026-09-08 22:57:27,제공,제공,제공,부착,제공,미제공,제공,가능
5785000,408,6130000,12130,사용,U,2026-08-05 10:28:18,2026-08-06 22:57:18,제공,제공,제공,부착,제공,미제공,제공,불가능
5785000,409,6130000,12130,사용,U,2026-08-05 10:28:42,2026-08-06 22:57:18,제공,제공,제공,부착,제공,미제공,제공,가능
5785000,410,6130000,12130,사용,U,2026-08-05 10:29:05,2026-08-06 22:57:18,제공,제공,제공,부착,제공,미제공,제공,가능
5785000,411,6130000,12130,사용,U,2026-08-05 10:29:25,2026-08-06 22:57:18,제공,제공,제공,부착,제공,미제공,제공,가능
5785000,412,6130000,12130,사용,U,2026-08-05 10:29:49,2026-08-06 22:57:18,제공,제공,제공,부착,제공,미제공,제공,가능
5785000,413,6130000,12130,사용,U,2026-08-05 10:30:03,2026-08-06 22:57:18,제공,제공,제공,부착,제공,미제공,제공,가능
5785000,503,6130000,12130,사용,U,2026-08-05 10:17:56,2026-08-06 22:57:18,제공,제공,제공,부착,제공,미제공,제공,가능
5785000,504,6130000,12130,사용,U,2026-08-23 17:28:53,2026-08-24 22:57:23,제공,제공,제공,부착,제공,미제공,제공,불가능
5785000,505,6130000,12130,사용,I,2026-06-30 22:55:23,2026-07-01 12:39:55,제공,제공,제공,부착,제공,미제공,제공,가능
5785000,506,6130000,12130,사용,I,2026-06-30 22:55:23,2026-07-01 12:39:55,제공,제공,제공,부착,제공,미제공,제공,가능
5785000,507,6130000,12130,사용,U,2026-08-05 10:19:39,2026-08-06 22:57:18,제공,제공,제공,부착,제공,미제공,제공,가능
5785000,508,6130000,12130,사용,U,2026-08-05 10:16:06,2026-08-06 22:57:18,제공,제공,제공,부착,제공,미제공,제공,가능
5785000,509,6130000,12130,사용,U,2026-08-05 10:28:05,2026-08-06 22:57:18,제공,제공,제공,부착,제공,미제공,제공,가능
5785000,510,6130000,12130,사용,U,2026-08-05 10:26:28,2026-08-06 22:57:18,제공,제공,제공,부착,제공,미제공,제공,가능
5785000,511,6130000,12130,사용,U,2026-08-05 10:27:12,2026-08-06 22:57:18,제공,제공,제공,부착,제공,미제공,제공,가능
5785000,512,6130000,12130,사용,U,2026-08-05 10:26:43,2026-08-06 22:57:18,제공,제공,제공,부착,제공,미제공,제공,가능
5785000,513,6130000,12130,사용,I,2026-06-30 22:55:23,2026-07-01 12:39:55,제공,제공,제공,부착,제공,미제공,제공,가능
5785000,514,6130000,12130,사용,U,2026-08-05 10:30:13,2026-08-06 22:57:18,제공,제공,제공,부착,제공,미제공,제공,가능
5785000,515,6130000,12130,사용,U,2026-08-05 10:30:25,2026-08-06 22:57:18,제공,제공,제공,부착,제공,미제공,제공,가능
5785000,516,6130000,12130,사용,U,2026-08-05 10:30:35,2026-08-06 22:57:18,제공,제공,제공,부착,제공,미제공,제공,가능
5785000,517,6130000,12130,사용,U,2026-08-05 10:30:46,2026-08-06 22:57:18,제공,제공,제공,부착,제공,미제공,제공,가능
5785000,518,6130000,12130,사용,U,2026-08-05 10:30:57,2026-08-06 22:57:18,제공,제공,제공,부착,제공,미제공,제공,가능
5785000,519,6130000,12130,사용,U,2026-08-05 10:31:07,2026-08-06 22:57:18,제공,제공,제공,부착,제공,미제공,제공,가능
5785000,520,6130000,12130,사용,U,2026-08-05 10:31:17,2026-08-06 22:57:18,제공,제공,제공,부착,제공,미제공,제공,가능
5785000,521,6130000,12130,사용,U,2026-08-05 10:31:34,2026-08-06 22:57:18,제공,제공,제공,부착,제공,미제공,제공,가능
5785000,522,6130000,12130,사용,U,2026-08-05 10:31:46,2026-08-06 22:57:18,제공,제공,제공,부착,제공,미제공,제공,가능
5785000,523,6130000,12130,사용,U,2026-08-05 10:32:02,2026-08-06 22:57:18,제공,제공,제공,부착,제공,미제공,제공,가능
5785000,524,6130000,12130,사용,U,2026-08-05 10:32:13,2026-08-06 22:57:18,제공,제공,제공,부착,제공,미제공,제공,가능
5785000,593,6130000,12130,사용,U,2026-08-05 10:26:55,2026-08-06 22:57:18,제공,제공,제공,부착,제공,미제공,제공,가능
5785000,594,6130000,12130,사용,U,2026-08-05 10:25:52,2026-08-06 22:57:18,제공,제공,제공,부착,제공,미제공,제공,불가능
5785000,595,6130000,12130,사용,U,2026-08-05 10:27:52,2026-08-06 22:57:18,제공,제공,제공,부착,제공,미제공,제공,불가능
5785000,596,6130000,12130,사용,U,2026-08-05 10:27:37,2026-08-06 22:57:18,제공,제공,제공,부착,제공,미제공,제공,불가능
5785000,597,6130000,12130,사용,U,2026-08-05 10:20:03,2026-08-06 22:57:18,제공,제공,제공,부착,제공,미제공,제공,불가능
5785000,598,6130000,12130,사용,U,2026-08-05 10:20:19,2026-08-06 22:57:18,제공,제공,제공,부착,제공,미제공,제공,가능
5785000,599,6130000,12130,사용,U,2026-08-05 10:20:32,2026-08-06 22:57:18,제공,제공,제공,부착,제공,미제공,제공,가능
5790000,201,6130000,12150,사용,I,2026-06-30 22:40:54,2026-07-01 12:41:43,제공,제공,제공,부착,제공,미제공,제공,가능
5790000,301,6130000,12150,사용,U,2026-08-26 15:11:53,2026-08-27 22:57:58,제공,제공,제공,부착,제공,제공,제공,가능
5790000,401,6130000,12150,사용,I,2026-06-30 22:40:54,2026-07-01 12:41:43,제공,제공,제공,부착,제공,제공,제공,가능
5790000,402,6130000,12150,사용,U,2026-08-26 15:20:32,2026-08-27 22:57:58,제공,제공,제공,부착,제공,미제공,제공,가능
5790000,403,6130000,12150,사용,I,2026-06-30 22:40:54,2026-07-01 12:41:43,제공,제공,제공,부착,제공,제공,제공,가능
5790000,404,6130000,12150,사용,U,2026-08-26 15:07:53,2026-08-27 22:57:58,제공,제공,제공,부착,제공,제공,제공,가능
5790000,405,6130000,12150,사용,U,2026-08-26 15:09:12,2026-08-27 22:57:58,제공,제공,제공,부착,제공,미제공,제공,가능
5790000,406,6130000,12150,사용,U,2026-08-26 15:21:42,2026-08-27 22:57:58,제공,제공,제공,부착,제공,미제공,제공,가능
5790000,407,6130000,12150,사용,U,2026-09-14 21:41:40,2026-09-15 22:57:59,제공,제공,제공,부착,제공,제공,제공,가능
5790000,408,6130000,12150,사용,I,2026-06-30 22:40:54,2026-07-01 12:41:43,제공,제공,제공,부착,제공,제공,제공,가능
5790000,409,6130000,12150,사용,U,2026-08-26 15:19:47,2026-08-27 22:57:58,제공,제공,제공,부착,제공,미제공,제공,가능
5790000,410,6130000,12150,사용,U,2026-09-07 12:59:37,2026-09-08 22:57:59,제공,제공,제공,부착,제공,제공,제공,가능
5790000,411,6130000,12150,사용,U,2026-08-26 15:04:42,2026-08-27 22:57:58,제공,제공,제공,부착,제공,제공,제공,가능
5790000,412,6130000,12150,사용,U,2026-08-26 15:06:07,2026-08-27 22:57:58,제공,제공,제공,부착,제공,제공,제공,가능
5790000,413,6130000,12150,사용,U,2026-08-26 15:06:46,2026-08-27 22:57:58,제공,제공,제공,부착,제공,제공,제공,가능
5790000,414,6130000,12150,사용,U,2026-08-26 15:07:12,2026-08-27 22:57:58,제공,제공,제공,부착,제공,제공,제공,가능
5790000,415,6130000,12150,사용,U,2026-08-20 18:01:34,2026-08-21 22:57:57,제공,제공,제공,부착,제공,제공,제공,가능
5790000,416,6130000,12150,사용,U,2026-08-26 15:09:57,2026-08-27 22:57:58,제공,제공,제공,부착,제공,제공,제공,가능
5790000,417,6130000,12150,사용,U,2026-08-26 15:12:24,2026-08-27 22:57:58,제공,제공,제공,부착,제공,제공,제공,가능
5790000,418,6130000,12150,사용,U,2026-08-26 15:13:04,2026-08-27 22:57:58,제공,제공,제공,부착,제공,제공,제공,가능
5790000,419,6130000,12150,사용,I,2026-06-30 22:40:54,2026-07-01 12:41:44,제공,제공,제공,부착,제공,제공,제공,가능
5790000,420,6130000,12150,사용,U,2026-08-26 15:14:22,2026-08-27 22:57:58,제공,제공,제공,부착,제공,제공,제공,가능
5790000,502,6130000,12150,사용,U,2026-08-26 15:23:27,2026-08-27 22:57:58,제공,제공,제공,부착,제공,미제공,제공,가능
5790000,503,6130000,12150,사용,U,2026-08-26 15:21:32,2026-08-27 22:57:58,제공,제공,제공,부착,제공,미제공,제공,가능
5790000,504,6130000,12150,사용,U,2026-08-26 15:23:59,2026-08-27 22:57:59,제공,제공,제공,부착,제공,미제공,제공,가능
5790000,506,6130000,12150,사용,U,2026-08-26 15:24:25,2026-08-27 22:57:59,제공,제공,제공,부착,제공,미제공,제공,가능
5790000,507,6130000,12150,사용,I,2026-06-30 22:40:54,2026-07-01 12:41:44,제공,제공,제공,부착,제공,제공,제공,가능
5790000,508,6130000,12150,사용,I,2026-06-30 22:40:54,2026-07-01 12:41:44,제공,제공,제공,부착,제공,제공,제공,가능
5790000,509,6130000,12150,사용,U,2026-08-26 15:25:37,2026-08-27 22:57:59,제공,제공,제공,부착,제공,미제공,제공,가능
5790000,510,6130000,12150,사용,I,2026-06-30 22:40:54,2026-07-01 12:41:44,제공,제공,제공,부착,제공,제공,제공,가능
5790000,511,6130000,12150,사용,U,2026-07-13 13:04:45,2026-07-14 22:57:54,제공,제공,제공,부착,제공,제공,제공,가능
5790000,512,6130000,12150,사용,U,2026-07-13 08:56:06,2026-07-14 22:57:54,제공,제공,제공,부착,제공,제공,제공,가능
5790000,513,6130000,12150,사용,U,2026-08-26 15:08:29,2026-08-27 22:57:59,제공,제공,제공,부착,제공,제공,제공,가능
5790000,514,6130000,12150,사용,U,2026-07-14 09:56:40,2026-07-15 22:57:54,제공,제공,제공,부착,제공,제공,제공,가능
5790000,515,6130000,12150,사용,U,2026-08-26 14:49:38,2026-08-27 22:57:59,제공,제공,제공,부착,제공,제공,제공,가능
5790000,516,6130000,12150,사용,U,2026-08-26 14:50:00,2026-08-27 22:57:59,제공,제공,제공,부착,제공,제공,제공,가능
5790000,517,6130000,12150,사용,U,2026-08-26 14:49:50,2026-08-27 22:57:59,제공,제공,제공,부착,제공,제공,제공,가능
5790000,518,6130000,12150,사용,U,2026-08-26 14:49:28,2026-08-27 22:57:59,제공,제공,제공,부착,제공,제공,제공,가능
5790000,519,6130000,12150,사용,U,2026-08-26 14:49:18,2026-08-27 22:57:59,제공,제공,제공,부착,제공,제공,제공,가능
5790000,520,6130000,12150,사용,U,2026-09-03 16:33:05,2026-09-04 22:57:59,제공,제공,제공,부착,제공,제공,제공,가능
5790000,521,6130000,12150,사용,U,2026-08-26 14:50:37,2026-08-27 22:57:59,제공,제공,제공,부착,제공,제공,제공,가능
5790000,522,6130000,12150,사용,U,2026-08-26 14:50:58,2026-08-27 22:57:59,제공,제공,제공,부착,제공,제공,제공,가능
5790000,523,6130000,12150,사용,U,2026-08-26 14:51:15,2026-08-27 22:57:59,제공,제공,제공,부착,제공,제공,제공,가능
5790000,524,6130000,12150,사용,U,2026-08-26 14:51:33,2026-08-27 22:57:59,제공,제공,제공,부착,제공,제공,제공,가능
5790000,525,6130000,12150,사용,U,2026-08-26 14:52:00,2026-08-27 22:57:59,제공,제공,제공,부착,제공,제공,제공,가능
5790000,526,6130000,12150,사용,U,2026-08-26 14:52:19,2026-08-27 22:57:59,제공,제공,제공,부착,제공,제공,제공,가능
5790000,527,6130000,12150,사용,I,2026-06-30 22:40:54,2026-07-01 12:41:45,제공,제공,제공,부착,제공,제공,제공,가능
5795000,402,6130000,12170,사용,U,2026-09-02 14:25:56,2026-09-03 23:00:21,제공,제공,제공,부착,제공,미제공,제공,가능
5795000,404,6130000,12170,사용,U,2026-09-02 14:25:56,2026-09-03 23:00:21,제공,제공,제공,부착,제공,미제공,제공,가능
5795000,405,6130000,12170,사용,U,2026-09-02 14:25:56,2026-09-03 23:00:21,제공,제공,제공,부착,제공,미제공,제공,가능
5795000,407,6130000,12170,사용,U,2026-09-02 14:25:56,2026-09-03 23:00:21,제공,제공,제공,부착,제공,미제공,제공,가능
5795000,408,6130000,12170,사용,U,2026-09-02 14:25:56,2026-09-03 23:00:21,제공,제공,제공,부착,제공,미제공,제공,불가능
5795000,409,6130000,12170,사용,U,2026-09-02 14:25:56,2026-09-03 23:00:21,제공,제공,제공,부착,제공,미제공,제공,불가능
5795000,410,6130000,12170,사용,U,2026-09-02 14:25:56,2026-09-03 23:00:21,제공,제공,제공,부착,제공,미제공,제공,가능
5795000,411,6130000,12170,사용,U,2026-09-02 14:25:56,2026-09-03 23:00:21,제공,제공,제공,부착,제공,미제공,제공,가능
5795000,412,6130000,12170,사용,U,2026-09-02 14:25:56,2026-09-03 23:00:21,제공,제공,제공,부착,제공,미제공,제공,가능
5795000,501,6130000,12170,사용,U,2026-09-02 14:25:56,2026-09-03 23:00:21,제공,제공,제공,부착,제공,미제공,제공,가능
5795000,502,6130000,12170,사용,U,2026-09-02 14:25:56,2026-09-03 23:00:21,제공,제공,제공,부착,제공,미제공,제공,가능
5795000,503,6130000,12170,사용,U,2026-09-02 14:25:56,2026-09-03 23:00:21,제공,제공,제공,부착,제공,미제공,제공,가능
5795000,504,6130000,12170,사용,U,2026-09-02 14:25:56,2026-09-03 23:00:21,제공,제공,제공,부착,제공,미제공,제공,가능
5795000,505,6130000,12170,사용,U,2026-09-02 14:25:56,2026-09-03 23:00:21,제공,제공,제공,부착,제공,미제공,제공,가능
5795000,506,6130000,12170,사용,U,2026-09-02 14:25:56,2026-09-03 23:00:21,제공,제공,제공,부착,제공,미제공,제공,가능
5795000,507,6130000,12170,사용,U,2026-09-02 14:25:56,2026-09-03 23:00:21,제공,제공,제공,부착,제공,미제공,제공,가능
5795000,508,6130000,12170,사용,U,2026-09-02 14:25:56,2026-09-03 23:00:21,제공,제공,제공,부착,제공,미제공,제공,가능
5795000,511,6130000,12170,사용,U,2026-09-02 14:25:56,2026-09-03 23:00:21,제공,제공,제공,부착,제공,미제공,제공,가능
5795000,512,6130000,12170,사용,U,2026-09-02 14:25:56,2026-09-03 23:00:21,제공,제공,제공,부착,제공,미제공,제공,가능
5795000,513,6130000,12170,사용,U,2026-09-02 14:25:56,2026-09-03 23:00:21,제공,제공,제공,부착,제공,미제공,제공,가능
5795000,514,6130000,12170,사용,U,2026-09-02 14:25:56,2026-09-03 23:00:21,제공,제공,제공,부착,제공,미제공,제공,가능
5795000,515,6130000,12170,사용,U,2026-09-02 14:25:56,2026-09-03 23:00:21,제공,제공,제공,부착,제공,미제공,제공,가능
5795000,516,6130000,12170,사용,U,2026-09-02 14:25:56,2026-09-03 23:00:21,제공,제공,제공,부착,제공,미제공,제공,가능
5795000,517,6130000,12170,사용,U,2026-09-02 14:25:56,2026-09-03 23:00:21,제공,제공,제공,부착,제공,미제공,제공,가능
5795000,518,6130000,12170,사용,U,2026-09-02 14:25:56,2026-09-03 23:00:21,제공,제공,제공,부착,제공,미제공,제공,가능
5800000,401,6130000,12190,사용,U,2026-08-24 17:29:24,2026-08-25 22:57:26,제공,제공,제공,부착,제공,미제공,제공,가능
5800000,403,6130000,12190,사용,U,2026-09-02 17:54:56,2026-09-03 22:57:26,제공,제공,제공,부착,제공,미제공,제공,가능
5800000,404,6130000,12190,사용,U,2026-08-24 17:32:31,2026-08-25 22:57:26,제공,제공,제공,부착,제공,미제공,제공,가능
5800000,405,6130000,12190,사용,U,2026-08-24 17:29:49,2026-08-25 22:57:26,제공,제공,제공,부착,제공,미제공,제공,가능
5800000,406,6130000,12190,사용,U,2026-08-24 17:30:03,2026-08-25 22:57:26,제공,제공,제공,부착,제공,미제공,제공,가능
5800000,407,6130000,12190,사용,U,2026-08-24 17:30:15,2026-08-25 22:57:26,제공,제공,제공,부착,제공,미제공,제공,가능
5800000,408,6130000,12190,사용,U,2026-08-24 17:30:34,2026-08-25 22:57:26,제공,제공,제공,부착,제공,미제공,제공,가능
5800000,409,6130000,12190,사용,U,2026-08-24 17:30:45,2026-08-25 22:57:26,제공,제공,제공,부착,제공,미제공,제공,가능
5800000,410,6130000,12190,사용,U,2026-08-24 17:31:08,2026-08-25 22:57:26,제공,제공,제공,부착,제공,미제공,제공,가능
5800000,411,6130000,12190,사용,U,2026-08-24 17:31:27,2026-08-25 22:57:26,제공,제공,제공,부착,제공,미제공,제공,가능
5800000,412,6130000,12190,사용,U,2026-08-24 17:31:47,2026-08-25 22:57:26,제공,제공,제공,부착,제공,미제공,제공,가능
5800000,414,6130000,12190,사용,U,2026-08-24 17:32:58,2026-08-25 22:57:26,제공,제공,제공,부착,제공,미제공,제공,가능
5800000,415,6130000,12190,사용,U,2026-08-24 17:33:29,2026-08-25 22:57:26,제공,제공,제공,부착,제공,미제공,제공,가능
5800000,416,6130000,12190,사용,U,2026-08-24 17:33:47,2026-08-25 22:57:26,제공,제공,제공,부착,제공,미제공,제공,가능
5800000,417,6130000,12190,사용,U,2026-08-24 17:34:23,2026-08-25 22:57:26,제공,제공,제공,부착,제공,미제공,제공,가능
5800000,418,6130000,12190,사용,U,2026-08-24 17:34:45,2026-08-25 22:57:26,제공,제공,제공,부착,제공,미제공,제공,가능
5800000,419,6130000,12190,사용,U,2026-08-24 17:35:01,2026-08-25 22:57:26,제공,제공,제공,부착,제공,미제공,제공,가능
5800000,420,6130000,12190,사용,U,2026-08-25 17:21:22,2026-08-26 22:57:26,제공,제공,제공,부착,제공,미제공,제공,가능
5800000,421,6130000,12190,사용,U,2026-08-24 17:35:29,2026-08-25 22:57:26,제공,제공,제공,부착,제공,미제공,제공,가능
5800000,422,6130000,12190,사용,I,2026-06-30 22:16:32,2026-07-01 12:49:40,제공,제공,제공,부착,제공,미제공,제공,가능
5800000,501,6130000,12190,사용,U,2026-08-24 17:37:09,2026-08-25 22:57:26,제공,제공,제공,부착,제공,미제공,제공,가능
5800000,502,6130000,12190,사용,U,2026-08-24 17:36:05,2026-08-25 22:57:26,제공,제공,제공,부착,제공,미제공,제공,가능
5800000,503,6130000,12190,사용,U,2026-08-24 17:36:16,2026-08-25 22:57:26,제공,제공,제공,부착,제공,미제공,제공,가능
5800000,504,6130000,12190,사용,U,2026-08-24 17:36:29,2026-08-25 22:57:26,제공,제공,제공,부착,제공,미제공,제공,가능
5805000,401,6130000,12210,사용,U,2026-07-06 08:44:35,2026-07-07 22:27:25,제공,제공,제공,부착,제공,미제공,제공,가능
5805000,402,6130000,12210,사용,I,2026-06-30 21:36:17,2026-07-01 10:42:28,제공,제공,제공,부착,제공,미제공,제공,가능
5805000,403,6130000,12210,사용,U,2026-07-15 15:33:37,2026-07-16 22:27:25,제공,제공,제공,부착,제공,미제공,제공,가능
5805000,404,6130000,12210,사용,U,2026-07-15 15:33:46,2026-07-16 22:27:25,제공,제공,제공,부착,제공,미제공,제공,가능
5805000,405,6130000,12210,사용,U,2026-07-15 15:33:55,2026-07-16 22:27:25,제공,제공,제공,부착,제공,미제공,제공,가능
5805000,406,6130000,12210,사용,I,2026-06-30 21:36:17,2026-07-01 10:42:28,제공,제공,제공,부착,제공,미제공,제공,가능
5805000,502,6130000,12210,사용,U,2026-07-09 08:09:48,2026-07-10 22:27:25,제공,제공,제공,부착,제공,미제공,제공,가능
5805000,503,6130000,12210,사용,U,2026-07-06 08:43:38,2026-07-07 22:27:25,제공,제공,제공,부착,제공,미제공,제공,가능
5805000,504,6130000,12210,사용,U,2026-07-06 08:44:10,2026-07-07 22:27:25,제공,제공,제공,부착,제공,미제공,제공,가능
5805000,505,6130000,12210,사용,U,2026-07-08 13:25:24,2026-07-09 22:27:25,제공,제공,제공,부착,제공,미제공,제공,가능
5805000,506,6130000,12210,사용,U,2026-07-08 13:24:20,2026-07-09 22:27:25,제공,제공,제공,부착,제공,미제공,제공,가능
5805000,507,6130000,12210,사용,I,2026-06-30 21:36:17,2026-07-01 10:42:28,제공,제공,제공,부착,제공,미제공,제공,가능
5805000,508,6130000,12210,사용,I,2026-06-30 21:36:17,2026-07-01 10:42:28,제공,제공,제공,부착,제공,미제공,제공,가능
5805000,509,6130000,12210,사용,I,2026-06-30 21:36:17,2026-07-01 10:42:28,제공,제공,제공,부착,제공,미제공,제공,가능
5805000,510,6130000,12210,사용,I,2026-06-30 21:36:17,2026-07-01 10:42:28,제공,제공,제공,부착,제공,미제공,제공,가능
5805000,511,6130000,12210,사용,U,2026-07-08 13:24:59,2026-07-09 22:27:25,제공,제공,제공,부착,제공,미제공,제공,가능
5805000,512,6130000,12210,사용,I,2026-06-30 21:36:17,2026-07-01 10:42:28,제공,제공,제공,부착,제공,미제공,제공,가능
5805000,513,6130000,12210,사용,I,2026-06-30 21:36:17,2026-07-01 10:42:28,제공,제공,제공,부착,제공,미제공,제공,가능
5805000,514,6130000,12210,사용,I,2026-06-30 21:36:17,2026-07-01 10:42:28,제공,제공,제공,부착,제공,미제공,제공,가능
5805000,515,6130000,12210,사용,I,2026-06-30 21:36:17,2026-07-01 10:42:28,제공,제공,제공,부착,제공,미제공,제공,가능
5805000,516,6130000,12210,사용,U,2026-08-19 14:42:15,2026-08-20 22:27:25,제공,제공,제공,부착,제공,미제공,제공,가능
5810000,303,6130000,12240,사용,U,2026-07-13 09:08:47,2026-07-14 22:27:25,제공,제공,제공,부착,제공,미제공,제공,가능
5810000,401,6130000,12240,사용,U,2026-07-13 09:08:47,2026-07-14 22:27:25,제공,제공,제공,부착,제공,미제공,제공,가능
5810000,402,6130000,12240,사용,U,2026-07-13 09:08:47,2026-07-14 22:27:25,제공,제공,제공,부착,제공,미제공,제공,가능
5810000,403,6130000,12240,사용,U,2026-07-13 09:08:47,2026-07-14 22:27:25,제공,제공,제공,부착,제공,미제공,제공,가능
5810000,405,6130000,12240,사용,U,2026-07-13 09:08:47,2026-07-14 22:27:25,제공,제공,제공,부착,제공,미제공,제공,가능
5810000,406,6130000,12240,사용,U,2026-07-13 09:08:47,2026-07-14 22:27:25,제공,제공,제공,부착,제공,미제공,제공,가능
5810000,407,6130000,12240,사용,U,2026-07-13 09:08:47,2026-07-14 22:27:25,제공,제공,제공,부착,제공,미제공,제공,가능
5810000,408,6130000,12240,사용,U,2026-07-13 09:08:47,2026-07-14 22:27:25,제공,제공,제공,부착,제공,미제공,제공,가능
5810000,409,6130000,12240,사용,U,2026-07-13 09:08:47,2026-07-14 22:27:25,제공,제공,제공,부착,제공,미제공,제공,가능
5810000,410,6130000,12240,사용,U,2026-07-13 09:08:47,2026-07-14 22:27:25,제공,제공,제공,부착,제공,미제공,제공,가능
5810000,411,6130000,12240,사용,U,2026-09-29 15:33:55,2026-09-30 22:27:25,제공,제공,제공,부착,제공,미제공,제공,가능
5810000,412,6130000,12240,사용,U,2026-07-13 09:08:47,2026-07-14 22:27:25,제공,제공,제공,부착,제공,미제공,제공,가능
5810000,413,6130000,12240,사용,U,2026-07-13 09:08:47,2026-07-14 22:27:25,제공,제공,제공,부착,제공,미제공,제공,가능
5810000,501,6130000,12240,사용,U,2026-07-13 09:08:47,2026-07-14 22:27:25,제공,제공,제공,부착,제공,미제공,제공,가능
5810000,502,6130000,12240,사용,U,2026-07-13 09:08:47,2026-07-14 22:27:25,제공,제공,제공,부착,제공,미제공,제공,가능
5810000,503,6130000,12240,사용,U,2026-08-25 10:18:44,2026-08-26 22:27:25,제공,제공,제공,부착,제공,미제공,제공,가능
5810000,504,6130000,12240,사용,U,2026-07-13 09:08:47,2026-07-14 22:27:25,제공,제공,제공,부착,제공,미제공,제공,가능
5810000,505,6130000,12240,사용,U,2026-07-13 09:08:47,2026-07-14 22:27:25,제공,제공,제공,부착,제공,미제공,제공,가능
5810000,506,6130000,12240,사용,U,2026-07-13 09:08:47,2026-07-14 22:27:25,제공,제공,제공,부착,제공,미제공,제공,가능
5810000,507,6130000,12240,사용,U,2026-07-13 09:08:47,2026-07-14 22:27:25,제공,제공,제공,부착,제공,미제공,제공,가능
5810000,508,6130000,12240,사용,U,2026-07-13 09:08:47,2026-07-14 22:27:25,제공,제공,제공,부착,제공,미제공,제공,가능
5810000,509,6130000,12240,사용,U,2026-07-13 09:08:47,2026-07-14 22:27:25,제공,제공,제공,부착,제공,미제공,제공,가능
5810000,510,6130000,12240,사용,U,2026-07-13 09:08:47,2026-07-14 22:27:25,제공,제공,제공,부착,제공,미제공,제공,가능
5810000,511,6130000,12240,사용,U,2026-07-13 09:08:47,2026-07-14 22:27:25,제공,제공,제공,부착,제공,미제공,제공,가능
5810000,512,6130000,12240,사용,U,2026-07-13 09:08:47,2026-07-14 22:27:25,제공,제공,제공,부착,제공,미제공,제공,가능
5810000,513,6130000,12240,사용,U,2026-07-13 09:08:47,2026-07-14 22:27:25,제공,제공,제공,부착,제공,미제공,제공,가능
5810000,514,6130000,12240,사용,U,2026-07-13 09:08:47,2026-07-14 22:27:25,제공,제공,제공,부착,제공,미제공,제공,가능
5810000,515,6130000,12240,사용,U,2026-07-13 09:08:47,2026-07-14 22:27:25,제공,제공,제공,부착,제공,미제공,제공,가능
5810000,516,6130000,12240,사용,U,2026-07-13 09:08:47,2026-07-14 22:27:25,제공,제공,제공,부착,제공,미제공,제공,가능
5810000,517,6130000,12240,사용,U,2026-07-13 09:08:47,2026-07-14 22:27:25,제공,제공,제공,부착,제공,미제공,제공,가능
5810000,518,6130000,12240,사용,U,2026-07-13 09:08:47,2026-07-14 22:27:25,제공,제공,제공,부착,제공,미제공,제공,가능
5810000,519,6130000,12240,사용,U,2026-07-13 09:08:47,2026-07-14 22:27:25,제공,제공,제공,부착,제공,미제공,제공,가능
5810000,520,6130000,12240,사용,U,2026-07-13 09:08:47,2026-07-14 22:27:25,제공,제공,제공,부착,제공,미제공,제공,가능
5810000,521,6130000,12240,사용,U,2026-07-13 09:08:47,2026-07-14 22:27:25,제공,제공,제공,부착,제공,미제공,제공,가능
5815000,401,6130000,12270,사용,U,2026-09-17 17:56:44,2026-09-18 22:27:25,제공,제공,제공,부착,제공,미제공,제공,가능
5815000,403,6130000,12270,사용,U,2026-09-17 17:52:27,2026-09-18 22:27:25,제공,제공,제공,부착,제공,미제공,제공,가능
5815000,404,6130000,12270,사용,U,2026-09-17 17:52:35,2026-09-18 22:27:25,제공,제공,제공,부착,제공,미제공,제공,가능
5815000,405,6130000,12270,사용,U,2026-09-17 17:53:41,2026-09-18 22:27:25,제공,제공,제공,부착,제공,제공,제공,가능
5815000,406,6130000,12270,사용,U,2026-09-17 17:53:49,2026-09-18 22:27:25,제공,제공,제공,부착,제공,제공,제공,가능
5815000,407,6130000,12270,사용,I,2026-06-30 21:31:08,2026-07-01 10:59:48,제공,제공,제공,부착,제공,제공,제공,가능
5815000,501,6130000,12270,사용,U,2026-09-17 17:54:00,2026-09-18 22:27:25,제공,제공,제공,부착,제공,미제공,제공,가능
5815000,502,6130000,12270,사용,U,2026-09-17 17:54:53,2026-09-18 22:27:25,제공,제공,제공,부착,제공,제공,제공,가능
5815000,503,6130000,12270,사용,I,2026-06-30 21:31:08,2026-07-01 10:59:48,제공,제공,제공,부착,제공,제공,제공,가능
5815000,504,6130000,12270,사용,U,2026-09-17 17:55:29,2026-09-18 22:27:25,제공,제공,제공,부착,제공,미제공,제공,가능
5815000,505,6130000,12270,사용,U,2026-09-17 17:55:37,2026-09-18 22:27:25,제공,제공,제공,부착,제공,제공,제공,가능
5815000,506,6130000,12270,사용,U,2026-09-17 17:55:44,2026-09-18 22:27:25,제공,제공,제공,부착,제공,제공,제공,가능
5815000,507,6130000,12270,사용,U,2026-09-17 17:55:51,2026-09-18 22:27:25,제공,제공,제공,부착,제공,제공,제공,가능
5815000,508,6130000,12270,사용,U,2026-09-17 17:55:58,2026-09-18 22:27:25,제공,제공,제공,부착,제공,제공,제공,가능
5815000,509,6130000,12270,사용,U,2026-09-17 17:56:04,2026-09-18 22:27:25,제공,제공,제공,부착,제공,제공,제공,가능
5815000,510,6130000,12270,사용,U,2026-09-17 17:56:10,2026-09-18 22:27:25,제공,제공,제공,부착,제공,제공,제공,가능
5815000,511,6130000,12270,사용,U,2026-09-17 17:56:17,2026-09-18 22:27:25,제공,제공,제공,부착,제공,제공,제공,가능
5815000,512,6130000,12270,사용,U,2026-09-17 17:56:23,2026-09-18 22:27:25,제공,제공,제공,부착,제공,제공,제공,가능
5815000,513,6130000,12270,사용,U,2026-09-17 17:56:29,2026-09-18 22:27:25,제공,제공,제공,부착,제공,제공,제공,가능
5815000,514,6130000,12270,사용,U,2026-09-17 17:56:36,2026-09-18 22:27:25,제공,제공,제공,부착,제공,제공,제공,가능
5815000,515,6130000,12270,사용,U,2026-09-17 17:55:22,2026-09-18 22:27:25,제공,제공,제공,부착,제공,제공,제공,가능
5815000,516,6130000,12270,사용,U,2026-09-17 17:55:12,2026-09-18 22:27:25,제공,제공,제공,부착,제공,제공,제공,가능
5815000,517,6130000,12270,사용,U,2026-09-17 17:55:03,2026-09-18 22:27:25,제공,제공,제공,부착,제공,제공,제공,가능
5815000,518,6130000,12270,사용,U,2026-09-17 17:54:42,2026-09-18 22:27:25,제공,제공,제공,부착,제공,제공,제공,가능
5815000,519,6130000,12270,사용,U,2026-09-17 17:54:35,2026-09-18 22:27:25,제공,제공,제공,부착,제공,미제공,제공,가능
5815000,520,6130000,12270,사용,U,2026-09-17 17:54:28,2026-09-18 22:27:25,제공,제공,제공,부착,제공,제공,제공,가능
5815000,521,6130000,12270,사용,U,2026-09-17 17:54:17,2026-09-18 22:27:25,제공,제공,제공,부착,제공,제공,제공,가능
5815000,522,6130000,12270,사용,U,2026-09-17 17:54:10,2026-09-18 22:27:25,제공,제공,제공,부착,제공,제공,제공,가능
5820000,401,6130000,12300,사용,U,2026-09-28 11:33:36,2026-09-29 22:27:25,제공,제공,제공,부착,제공,미제공,제공,가능
5820000,402,6130000,12300,사용,U,2026-09-28 11:33:36,2026-09-29 22:27:25,제공,제공,제공,부착,제공,미제공,제공,가능
5820000,403,6130000,12300,사용,U,2026-09-28 11:33:36,2026-09-29 22:27:25,제공,제공,제공,부착,제공,미제공,제공,가능
5820000,404,6130000,12300,사용,U,2026-09-28 11:33:36,2026-09-29 22:27:25,제공,제공,제공,부착,제공,미제공,제공,가능
5820000,405,6130000,12300,사용,U,2026-09-28 11:33:36,2026-09-29 22:27:25,제공,제공,제공,부착,제공,미제공,제공,가능
5820000,406,6130000,12300,사용,U,2026-09-28 11:33:36,2026-09-29 22:27:25,제공,제공,제공,부착,제공,미제공,제공,가능
5820000,407,6130000,12300,사용,U,2026-09-28 11:33:36,2026-09-29 22:27:25,제공,제공,제공,부착,제공,미제공,제공,가능
5820000,408,6130000,12300,사용,U,2026-09-28 11:33:36,2026-09-29 22:27:25,제공,제공,제공,부착,제공,미제공,제공,가능
5820000,409,6130000,12300,사용,U,2026-09-28 11:33:36,2026-09-29 22:27:25,제공,제공,제공,부착,제공,미제공,제공,가능
5820000,410,6130000,12300,사용,U,2026-09-28 11:33:36,2026-09-29 22:27:25,제공,제공,제공,부착,제공,미제공,제공,가능
5820000,411,6130000,12300,사용,U,2026-09-28 11:33:36,2026-09-29 22:27:25,제공,제공,제공,부착,제공,미제공,제공,가능
5820000,412,6130000,12300,사용,U,2026-09-28 11:33:36,2026-09-29 22:27:25,제공,제공,제공,부착,제공,미제공,제공,가능
5820000,413,6130000,12300,사용,U,2026-09-28 11:33:36,2026-09-29 22:27:25,제공,제공,제공,부착,제공,미제공,제공,가능
5820000,414,6130000,12300,사용,U,2026-09-28 11:33:36,2026-09-29 22:27:25,제공,제공,제공,부착,제공,미제공,제공,가능
5820000,415,6130000,12300,사용,U,2026-09-28 11:33:36,2026-09-29 22:27:25,제공,제공,제공,부착,제공,미제공,제공,가능
5820000,416,6130000,12300,사용,U,2026-09-28 11:33:36,2026-09-29 22:27:25,제공,제공,제공,부착,제공,미제공,제공,가능
5820000,417,6130000,12300,사용,U,2026-09-28 11:33:36,2026-09-29 22:27:25,제공,제공,제공,부착,제공,미제공,제공,가능
5820000,418,6130000,12300,사용,U,2026-09-28 11:33:36,2026-09-29 22:27:25,제공,제공,제공,부착,제공,미제공,제공,가능
5820000,419,6130000,12300,사용,U,2026-09-28 11:33:36,2026-09-29 22:27:25,제공,제공,제공,부착,제공,미제공,제공,가능
5820000,420,6130000,12300,사용,U,2026-09-28 11:33:36,2026-09-29 22:27:25,제공,제공,제공,부착,제공,미제공,제공,가능
5820000,421,6130000,12300,사용,U,2026-09-28 11:33:36,2026-09-29 22:27:25,제공,제공,제공,부착,제공,미제공,제공,가능
5820000,422,6130000,12300,사용,U,2026-09-28 11:33:36,2026-09-29 22:27:25,제공,제공,제공,부착,제공,미제공,제공,가능
5820000,423,6130000,12300,사용,U,2026-09-28 11:33:36,2026-09-29 22:27:25,제공,제공,제공,부착,제공,미제공,제공,가능
5820000,424,6130000,12300,사용,U,2026-09-28 11:33:36,2026-09-29 22:27:25,제공,제공,제공,부착,제공,미제공,제공,가능
5820000,425,6130000,12300,사용,U,2026-09-28 11:33:36,2026-09-29 22:27:25,제공,제공,제공,부착,제공,미제공,제공,가능
5820000,426,6130000,12300,사용,U,2026-09-28 11:33:36,2026-09-29 22:27:25,제공,제공,제공,부착,제공,미제공,제공,가능
5820000,427,6130000,12300,사용,U,2026-09-28 11:33:36,2026-09-29 22:27:25,제공,제공,제공,부착,제공,미제공,제공,가능
5820000,428,6130000,12300,사용,U,2026-09-28 11:33:36,2026-09-29 22:27:25,제공,제공,제공,부착,제공,미제공,제공,가능
5820000,429,6130000,12300,사용,U,2026-09-28 11:33:36,2026-09-29 22:27:25,제공,제공,제공,부착,제공,미제공,제공,가능
5820000,430,6130000,12300,사용,U,2026-09-28 11:33:36,2026-09-29 22:27:25,제공,제공,제공,부착,제공,미제공,제공,가능
5820000,431,6130000,12300,사용,U,2026-09-28 11:33:36,2026-09-29 22:27:25,제공,제공,제공,부착,제공,미제공,제공,가능
5820000,432,6130000,12300,사용,U,2026-09-28 11:33:36,2026-09-29 22:27:25,제공,제공,제공,부착,제공,미제공,제공,가능
5820000,433,6130000,12300,사용,U,2026-09-28 11:33:36,2026-09-29 22:27:25,제공,제공,제공,부착,제공,미제공,제공,가능
5820000,434,6130000,12300,사용,U,2026-09-28 11:33:36,2026-09-29 22:27:25,제공,제공,제공,부착,제공,미제공,제공,가능
5820000,435,6130000,12300,사용,U,2026-09-28 11:33:36,2026-09-29 22:27:25,제공,제공,제공,부착,제공,미제공,제공,가능
5820000,436,6130000,12300,사용,U,2026-09-28 11:33:36,2026-09-29 22:27:25,제공,제공,제공,부착,제공,미제공,제공,가능
5820000,437,6130000,12300,사용,U,2026-09-28 11:33:36,2026-09-29 22:27:25,제공,제공,제공,부착,제공,미제공,제공,가능
5820000,438,6130000,12300,사용,U,2026-09-28 11:33:36,2026-09-29 22:27:25,제공,제공,제공,부착,제공,미제공,제공,가능
5820000,439,6130000,12300,사용,U,2026-09-28 11:33:36,2026-09-29 22:27:25,제공,제공,제공,부착,제공,미제공,제공,가능
5820000,440,6130000,12300,사용,U,2026-09-28 11:33:36,2026-09-29 22:27:25,제공,제공,제공,부착,제공,미제공,제공,가능
5820000,441,6130000,12300,사용,U,2026-09-28 11:33:36,2026-09-29 22:27:25,제공,제공,제공,부착,제공,미제공,제공,가능
5820000,442,6130000,12300,사용,U,2026-09-28 11:33:36,2026-09-29 22:27:25,제공,제공,제공,부착,제공,미제공,제공,가능
5820000,502,6130000,12300,사용,U,2026-09-28 11:33:36,2026-09-29 22:27:25,제공,제공,제공,부착,제공,미제공,제공,가능
5820000,504,6130000,12300,사용,U,2026-09-28 11:33:36,2026-09-29 22:27:25,제공,제공,제공,부착,제공,미제공,제공,가능
5820000,507,6130000,12300,사용,U,2026-09-28 11:33:36,2026-09-29 22:27:25,제공,제공,제공,부착,제공,미제공,제공,가능
5820000,508,6130000,12300,사용,U,2026-09-28 11:33:36,2026-09-29 22:27:25,제공,제공,제공,부착,제공,미제공,제공,가능
5820000,509,6130000,12300,사용,U,2026-09-28 11:33:36,2026-09-29 22:27:25,제공,제공,제공,부착,제공,미제공,제공,가능
5820000,510,6130000,12300,사용,U,2026-09-28 11:33:36,2026-09-29 22:27:25,제공,제공,제공,부착,제공,미제공,제공,가능
5820000,511,6130000,12300,사용,U,2026-09-28 11:33:36,2026-09-29 22:27:25,제공,제공,제공,부착,제공,미제공,제공,가능
5820000,512,6130000,12300,사용,U,2026-09-28 11:33:36,2026-09-29 22:27:25,제공,제공,제공,부착,제공,미제공,제공,가능
5825000,401,6130000,12330,사용,U,2026-09-07 10:21:06,2026-09-08 22:27:25,제공,제공,제공,부착,제공,미제공,제공,가능
5825000,402,6130000,12330,사용,I,2026-06-30 21:15:19,2026-07-16 12:11:12,제공,제공,제공,부착,제공,미제공,제공,가능
5825000,403,6130000,12330,사용,U,2026-08-26 15:42:37,2026-08-27 22:27:25,제공,제공,제공,부착,제공,미제공,제공,가능
5825000,405,6130000,12330,사용,U,2026-08-26 15:42:57,2026-08-27 22:27:25,제공,제공,제공,부착,제공,미제공,제공,가능
5825000,406,6130000,12330,사용,I,2026-06-30 21:15:19,2026-07-16 12:11:12,제공,제공,제공,부착,제공,미제공,제공,가능
5825000,407,6130000,12330,사용,U,2026-09-07 10:14:10,2026-09-08 22:27:25,제공,제공,제공,부착,제공,미제공,제공,가능
5825000,408,6130000,12330,사용,U,2026-07-06 15:45:19,2026-07-16 12:11:12,제공,제공,제공,부착,제공,미제공,제공,가능
5825000,409,6130000,12330,사용,I,2026-06-30 21:15:19,2026-07-16 12:11:12,제공,제공,제공,부착,제공,미제공,제공,가능
5825000,501,6130000,12330,사용,U,2026-09-07 10:14:47,2026-09-08 22:27:25,제공,제공,제공,부착,제공,미제공,제공,가능
5825000,502,6130000,12330,사용,I,2026-06-30 21:15:19,2026-07-16 12:11:12,제공,제공,제공,부착,제공,미제공,제공,가능
5825000,504,6130000,12330,사용,U,2026-09-07 10:15:10,2026-09-08 22:27:25,제공,제공,제공,부착,제공,미제공,제공,가능
5825000,505,6130000,12330,사용,U,2026-09-07 10:15:55,2026-09-08 22:27:25,제공,제공,제공,부착,제공,미제공,제공,가능
5825000,506,6130000,12330,사용,U,2026-09-07 10:15:25,2026-09-08 22:27:25,제공,제공,제공,부착,제공,미제공,제공,가능
5825000,507,6130000,12330,사용,U,2026-09-07 10:16:58,2026-09-08 22:27:25,제공,제공,제공,부착,제공,미제공,제공,가능
5825000,508,6130000,12330,사용,U,2026-09-07 10:15:48,2026-09-08 22:27:25,제공,제공,제공,부착,제공,미제공,제공,가능
5825000,509,6130000,12330,사용,U,2026-09-07 10:17:05,2026-09-08 22:27:25,제공,제공,제공,부착,제공,미제공,제공,가능
5825000,510,6130000,12330,사용,U,2026-09-07 10:16:45,2026-09-08 22:27:25,제공,제공,제공,부착,제공,미제공,제공,가능
5825000,511,6130000,12330,사용,U,2026-09-07 10:16:52,2026-09-08 22:27:25,제공,제공,제공,부착,제공,미제공,제공,가능
5825000,512,6130000,12330,사용,U,2026-07-14 13:03:55,2026-07-16 12:11:13,제공,제공,제공,부착,제공,미제공,제공,가능
5825000,513,6130000,12330,사용,I,2026-06-30 21:15:19,2026-07-16 12:11:14,제공,제공,제공,부착,제공,미제공,제공,가능
5825000,514,6130000,12330,사용,U,2026-09-07 10:17:30,2026-09-08 22:27:25,제공,제공,제공,부착,제공,미제공,제공,가능
5825000,515,6130000,12330,사용,I,2026-06-30 21:15:19,2026-07-16 12:11:14,제공,제공,제공,부착,제공,미제공,제공,가능
5825000,516,6130000,12330,사용,I,2026-06-30 21:15:19,2026-07-16 12:11:14,제공,제공,제공,부착,제공,미제공,제공,가능
5825000,517,6130000,12330,사용,U,2026-09-07 10:17:45,2026-09-08 22:27:25,제공,제공,제공,부착,제공,미제공,제공,가능
5825000,518,6130000,12330,사용,U,2026-09-07 10:18:02,2026-09-08 22:27:25,제공,제공,제공,부착,제공,미제공,제공,가능
5825000,519,6130000,12330,사용,U,2026-09-07 10:18:08,2026-09-08 22:27:25,제공,제공,제공,부착,제공,미제공,제공,가능
5825000,520,6130000,12330,사용,U,2026-09-07 10:18:19,2026-09-08 22:27:25,제공,제공,제공,부착,제공,미제공,제공,가능
5825000,521,6130000,12330,사용,U,2026-09-07 10:18:25,2026-09-08 22:27:25,제공,제공,제공,부착,제공,미제공,제공,가능
5825000,522,6130000,12330,사용,U,2026-09-07 10:18:34,2026-09-08 22:27:25,제공,제공,제공,부착,제공,미제공,제공,가능
5825000,523,6130000,12330,사용,U,2026-08-26 15:42:13,2026-08-27 22:27:25,제공,제공,제공,부착,제공,미제공,제공,가능
5825000,524,6130000,12330,사용,U,2026-09-07 10:18:44,2026-09-08 22:27:25,제공,제공,제공,부착,제공,미제공,제공,가능
5825000,525,6130000,12330,사용,U,2026-09-07 10:18:50,2026-09-08 22:27:25,제공,제공,제공,부착,제공,미제공,제공,가능
5825000,526,6130000,12330,사용,U,2026-09-07 10:18:58,2026-09-08 22:27:25,제공,제공,제공,부착,제공,미제공,제공,가능
5825000,527,6130000,12330,사용,U,2026-09-07 10:19:12,2026-09-08 22:27:25,제공,제공,제공,부착,제공,미제공,제공,가능
5825000,528,6130000,12330,사용,U,2026-09-09 11:18:01,2026-09-10 22:27:25,제공,제공,제공,부착,제공,미제공,제공,가능
5825000,529,6130000,12330,사용,U,2026-09-07 10:19:25,2026-09-08 22:27:25,제공,제공,제공,부착,제공,미제공,제공,가능
5825000,530,6130000,12330,사용,U,2026-09-07 10:19:36,2026-09-08 22:27:25,제공,제공,제공,부착,제공,미제공,제공,가능
5825000,531,6130000,12330,사용,U,2026-09-07 10:19:47,2026-09-08 22:27:25,제공,제공,제공,부착,제공,미제공,제공,가능
5825000,532,6130000,12330,사용,U,2026-09-07 10:19:55,2026-09-08 22:27:25,제공,제공,제공,부착,제공,미제공,제공,가능
5825000,533,6130000,12330,사용,U,2026-09-07 10:20:01,2026-09-08 22:27:25,제공,제공,제공,부착,제공,미제공,제공,가능
5825000,534,6130000,12330,사용,U,2026-09-07 10:24:02,2026-09-08 22:27:25,제공,제공,제공,부착,제공,미제공,제공,가능
5825000,535,6130000,12330,사용,U,2026-09-07 10:20:07,2026-09-08 22:27:25,제공,제공,제공,부착,제공,미제공,제공,가능
5825000,536,6130000,12330,사용,U,2026-09-07 10:20:17,2026-09-08 22:27:25,제공,제공,제공,부착,제공,미제공,제공,가능
5825000,537,6130000,12330,사용,U,2026-09-07 10:20:38,2026-09-08 22:27:25,제공,제공,제공,부착,제공,미제공,제공,가능
5825000,538,6130000,12330,사용,U,2026-09-07 10:20:44,2026-09-08 22:27:25,제공,제공,제공,부착,제공,미제공,제공,가능
5830000,401,6130000,12710,사용,I,2026-07-01 00:07:28,2026-07-02 23:00:44,제공,제공,제공,부착,제공,제공,제공,가능
5830000,402,6130000,12710,사용,I,2026-07-01 00:07:28,2026-07-02 23:00:44,제공,제공,제공,부착,제공,제공,제공,가능
5830000,501,6130000,12710,사용,I,2026-07-01 00:07:28,2026-07-02 23:00:44,제공,제공,제공,부착,제공,제공,제공,가능
5830000,502,6130000,12710,사용,U,2026-07-27 13:40:11,2026-07-28 23:02:05,제공,제공,제공,부착,제공,제공,제공,가능
5830000,503,6130000,12710,사용,I,2026-07-01 00:07:28,2026-07-02 23:00:44,제공,제공,제공,부착,제공,제공,제공,가능
5830000,504,6130000,12710,사용,I,2026-07-01 00:07:28,2026-07-02 23:00:44,제공,제공,제공,부착,제공,제공,제공,가능
5830000,505,6130000,12710,사용,I,2026-07-01 00:07:28,2026-07-02 23:00:44,제공,제공,제공,부착,제공,제공,제공,가능
5830000,506,6130000,12710,사용,I,2026-07-01 00:07:28,2026-07-02 23:00:44,제공,제공,제공,부착,제공,제공,제공,가능
5830000,507,6130000,12710,사용,U,2026-07-27 13:39:13,2026-07-28 23:02:05,제공,제공,제공,부착,제공,제공,제공,가능
5830000,508,6130000,12710,사용,U,2026-08-20 16:44:53,2026-08-21 23:03:08,제공,제공,제공,부착,제공,제공,제공,가능
5830000,509,6130000,12710,사용,I,2026-07-01 00:07:28,2026-07-02 23:00:44,제공,제공,제공,부착,제공,제공,제공,가능
5830000,510,6130000,12710,사용,U,2026-08-20 16:46:02,2026-08-21 23:03:08,제공,제공,제공,부착,제공,제공,제공,가능
5830000,511,6130000,12710,사용,U,2026-07-27 09:45:11,2026-07-28 23:02:05,제공,제공,제공,부착,제공,제공,제공,가능
5830000,512,6130000,12710,사용,I,2026-07-01 00:07:28,2026-07-02 23:00:44,제공,제공,제공,부착,제공,제공,제공,가능
5835000,401,6130000,12720,사용,U,2026-07-20 15:56:51,2026-07-21 12:06:07,제공,제공,제공,부착,제공,미제공,제공,가능
5835000,402,6130000,12720,사용,U,2026-07-20 15:58:27,2026-07-21 12:06:07,제공,제공,제공,부착,제공,미제공,제공,가능
5835000,403,6130000,12720,사용,U,2026-07-20 15:58:33,2026-07-21 12:06:07,제공,제공,제공,부착,제공,미제공,제공,가능
5835000,404,6130000,12720,사용,U,2026-09-23 11:13:18,2026-09-24 22:57:25,제공,제공,제공,부착,제공,미제공,제공,가능
5835000,405,6130000,12720,사용,U,2026-07-20 15:58:42,2026-07-21 12:06:07,제공,제공,제공,부착,제공,미제공,제공,가능
5835000,406,6130000,12720,사용,U,2026-07-20 15:58:49,2026-07-21 12:06:07,제공,제공,제공,부착,제공,미제공,제공,가능
5835000,407,6130000,12720,사용,U,2026-07-20 15:58:55,2026-07-21 12:06:07,제공,제공,제공,부착,제공,미제공,제공,가능
5835000,408,6130000,12720,사용,U,2026-07-20 15:59:03,2026-07-21 12:06:07,제공,제공,제공,부착,제공,미제공,제공,가능
5835000,409,6130000,12720,사용,U,2026-07-20 15:59:13,2026-07-21 12:06:07,제공,제공,제공,부착,제공,미제공,제공,가능
5835000,410,6130000,12720,사용,I,2026-06-30 22:13:14,2026-07-01 13:04:23,제공,제공,제공,부착,제공,미제공,제공,가능
5835000,411,6130000,12720,사용,U,2026-07-20 15:56:55,2026-07-21 12:06:07,제공,제공,제공,부착,제공,미제공,제공,가능
5835000,412,6130000,12720,사용,U,2026-07-20 15:59:22,2026-07-21 12:06:07,제공,제공,제공,부착,제공,미제공,제공,가능
5835000,413,6130000,12720,사용,U,2026-07-20 15:59:28,2026-07-21 12:06:07,제공,제공,제공,부착,제공,미제공,제공,가능
5835000,414,6130000,12720,사용,I,2026-06-30 22:13:14,2026-07-01 13:04:23,제공,제공,제공,부착,제공,미제공,제공,가능
5840000,401,6130000,12730,사용,U,2026-07-28 16:23:27,2026-07-29 22:57:25,제공,제공,제공,부착,제공,미제공,제공,가능
5840000,402,6130000,12730,사용,U,2026-07-28 16:24:21,2026-07-29 22:57:25,제공,제공,제공,부착,제공,미제공,제공,가능
5840000,403,6130000,12730,사용,U,2026-07-28 16:24:30,2026-07-29 22:57:25,제공,제공,제공,부착,제공,미제공,제공,가능
5840000,404,6130000,12730,사용,U,2026-07-28 16:24:06,2026-07-29 22:57:25,제공,제공,제공,부착,제공,미제공,제공,가능
5840000,405,6130000,12730,사용,U,2026-07-28 16:23:48,2026-07-29 22:57:25,제공,제공,제공,부착,제공,미제공,제공,가능
5845000,401,6130000,12740,사용,U,2026-08-26 11:20:19,2026-08-27 22:57:25,제공,제공,제공,부착,제공,미제공,제공,불가능
5845000,402,6130000,12740,사용,U,2026-08-26 11:21:34,2026-08-27 22:57:25,제공,제공,제공,부착,제공,미제공,제공,불가능
5845000,403,6130000,12740,사용,U,2026-08-26 11:21:28,2026-08-27 22:57:25,제공,제공,제공,부착,제공,미제공,제공,불가능
5845000,404,6130000,12740,사용,U,2026-08-26 11:21:22,2026-08-27 22:57:25,제공,제공,제공,부착,제공,미제공,제공,불가능
5845000,405,6130000,12740,사용,U,2026-08-26 11:21:16,2026-08-27 22:57:25,제공,제공,제공,부착,제공,미제공,제공,불가능
5845000,406,6130000,12740,사용,U,2026-09-22 13:14:46,2026-09-23 22:57:25,제공,제공,제공,부착,제공,미제공,제공,불가능
5845000,407,6130000,12740,사용,U,2026-08-26 11:21:02,2026-08-27 22:57:25,제공,제공,제공,부착,제공,미제공,제공,불가능
5845000,408,6130000,12740,사용,U,2026-08-26 11:20:55,2026-08-27 22:57:25,제공,제공,제공,부착,제공,미제공,제공,불가능
5845000,409,6130000,12740,사용,U,2026-08-26 11:20:42,2026-08-27 22:57:25,제공,제공,제공,부착,제공,미제공,제공,불가능
5845000,410,6130000,12740,사용,U,2026-08-26 11:21:45,2026-08-27 22:57:25,제공,제공,제공,부착,제공,미제공,제공,불가능
5845000,411,6130000,12740,사용,I,2026-06-30 22:08:21,2026-07-01 13:12:15,제공,제공,제공,부착,제공,제공,제공,가능
5845000,412,6130000,12740,사용,U,2026-08-26 11:22:08,2026-08-27 22:57:25,제공,제공,제공,부착,제공,미제공,제공,불가능
5845000,413,6130000,12740,사용,U,2026-08-26 11:22:17,2026-08-27 22:57:25,제공,제공,제공,부착,제공,미제공,제공,불가능
5845000,414,6130000,12740,사용,U,2026-08-14 14:44:53,2026-08-15 22:57:25,제공,제공,제공,부착,제공,제공,제공,가능
5845000,415,6130000,12740,사용,U,2026-09-23 11:23:17,2026-09-24 22:57:25,제공,제공,제공,부착,제공,미제공,제공,불가능
5845000,501,6130000,12740,사용,I,2026-06-30 22:08:21,2026-07-01 13:12:16,제공,제공,제공,부착,제공,제공,제공,가능
5845000,502,6130000,12740,사용,U,2026-09-13 13:12:37,2026-09-14 22:57:25,제공,제공,제공,부착,제공,제공,제공,가능
5845000,503,6130000,12740,사용,U,2026-09-23 11:23:47,2026-09-24 22:57:25,제공,제공,제공,부착,제공,미제공,제공,불가능
5845000,504,6130000,12740,사용,I,2026-06-30 22:08:21,2026-07-01 13:12:16,제공,제공,제공,부착,제공,제공,제공,가능
5845000,505,6130000,12740,사용,I,2026-06-30 22:08:21,2026-07-01 13:12:16,제공,제공,제공,부착,제공,제공,제공,가능
5845000,506,6130000,12740,사용,U,2026-09-28 17:18:31,2026-09-29 22:57:25,제공,제공,제공,부착,제공,제공,제공,가능
5845000,507,6130000,12740,사용,I,2026-06-30 22:08:21,2026-07-01 13:12:16,제공,제공,제공,부착,제공,제공,제공,가능
5845000,508,6130000,12740,사용,U,2026-08-19 17:23:25,2026-08-20 22:57:25,제공,제공,제공,부착,제공,제공,제공,가능
5850000,501,6130000,12750,사용,U,2026-08-20 09:37:13,2026-08-21 22:58:34,제공,제공,제공,부착,제공,제공,제공,가능
5850000,502,6130000,12750,사용,U,2026-08-20 09:20:24,2026-08-21 22:58:34,제공,제공,제공,부착,제공,미제공,제공,가능
5850000,503,6130000,12750,사용,U,2026-07-06 16:47:11,2026-07-07 22:57:53,제공,제공,제공,부착,제공,제공,제공,가능
5850000,504,6130000,12750,사용,U,2026-07-07 14:04:24,2026-07-08 22:57:58,제공,제공,제공,부착,제공,제공,제공,가능
5850000,505,6130000,12750,사용,U,2026-08-20 09:23:11,2026-08-21 22:58:34,제공,제공,제공,부착,제공,제공,제공,가능
5850000,506,6130000,12750,사용,U,2026-07-02 14:52:24,2026-07-03 22:57:35,제공,제공,제공,부착,제공,제공,제공,가능
5850000,507,6130000,12750,사용,I,2026-06-30 22:39:38,2026-07-01 13:10:11,제공,제공,제공,부착,제공,제공,제공,가능
5850000,508,6130000,12750,사용,U,2026-08-20 09:25:44,2026-08-21 22:58:34,제공,제공,제공,부착,제공,제공,제공,가능
5850000,509,6130000,12750,사용,U,2026-08-20 09:26:55,2026-08-21 22:58:34,제공,제공,제공,부착,제공,제공,제공,가능
5850000,510,6130000,12750,사용,U,2026-08-20 09:31:08,2026-08-21 22:58:34,제공,제공,제공,부착,제공,미제공,제공,가능
5850000,511,6130000,12750,사용,U,2026-08-20 09:31:59,2026-08-21 22:58:34,제공,제공,제공,부착,제공,미제공,제공,가능
5850000,512,6130000,12750,사용,U,2026-07-07 17:51:15,2026-07-08 22:57:58,제공,제공,제공,부착,제공,제공,제공,가능
5850000,513,6130000,12750,사용,U,2026-08-20 09:33:18,2026-08-21 22:58:34,제공,제공,제공,부착,제공,미제공,제공,가능
5850000,514,6130000,12750,사용,U,2026-08-20 09:34:10,2026-08-21 22:58:34,제공,제공,제공,부착,제공,제공,제공,가능
5850000,515,6130000,12750,사용,U,2026-07-02 14:54:10,2026-07-03 22:57:35,제공,제공,제공,부착,제공,미제공,제공,가능
5850000,516,6130000,12750,사용,U,2026-07-02 14:54:22,2026-07-03 22:57:35,제공,제공,제공,부착,제공,제공,제공,가능
5855000,401,6130000,12760,사용,U,2026-09-14 10:05:20,2026-09-15 22:57:25,제공,제공,제공,부착,제공,제공,제공,가능
5855000,402,6130000,12760,사용,U,2026-09-14 10:06:00,2026-09-15 22:57:25,제공,제공,제공,부착,제공,제공,제공,가능
5855000,403,6130000,12760,사용,U,2026-09-14 10:06:16,2026-09-15 22:57:25,제공,제공,제공,부착,제공,제공,제공,가능
5855000,404,6130000,12760,사용,U,2026-08-25 15:37:09,2026-08-26 22:57:25,제공,제공,제공,부착,제공,제공,제공,가능
5855000,405,6130000,12760,사용,U,2026-09-14 10:06:29,2026-09-15 22:57:25,제공,제공,제공,부착,제공,제공,제공,가능
5855000,406,6130000,12760,사용,U,2026-08-25 15:37:22,2026-08-26 22:57:25,제공,제공,제공,부착,제공,미제공,제공,가능
5855000,407,6130000,12760,사용,U,2026-08-25 15:37:29,2026-08-26 22:57:25,제공,제공,제공,부착,제공,제공,제공,가능
5855000,408,6130000,12760,사용,U,2026-09-14 13:08:18,2026-09-15 22:57:25,제공,제공,제공,부착,제공,제공,제공,가능
5855000,409,6130000,12760,사용,U,2026-08-25 15:37:46,2026-08-26 22:57:25,제공,제공,제공,부착,제공,제공,제공,가능
5855000,410,6130000,12760,사용,U,2026-08-25 15:37:52,2026-08-26 22:57:25,제공,제공,제공,부착,제공,제공,제공,가능
5855000,411,6130000,12760,사용,U,2026-08-25 15:37:58,2026-08-26 22:57:25,제공,제공,제공,부착,제공,제공,제공,가능
5855000,412,6130000,12760,사용,U,2026-08-25 15:38:06,2026-08-26 22:57:25,제공,제공,제공,부착,제공,제공,제공,가능
5855000,413,6130000,12760,사용,U,2026-08-25 15:38:15,2026-08-26 22:57:25,제공,제공,제공,부착,제공,제공,제공,가능
5855000,414,6130000,12760,사용,U,2026-08-25 15:38:21,2026-08-26 22:57:25,제공,제공,제공,부착,제공,제공,제공,가능
5855000,415,6130000,12760,사용,U,2026-08-25 15:38:27,2026-08-26 22:57:25,제공,제공,제공,부착,제공,제공,제공,가능
5855000,416,6130000,12760,사용,U,2026-09-14 10:06:55,2026-09-15 22:57:25,제공,제공,제공,부착,제공,제공,제공,가능
5855000,501,6130000,12760,사용,U,2026-09-14 10:07:50,2026-09-15 22:57:25,제공,제공,제공,부착,제공,제공,제공,가능
5855000,502,6130000,12760,사용,U,2026-09-14 10:07:34,2026-09-15 22:57:25,제공,제공,제공,부착,제공,제공,제공,가능
5855000,503,6130000,12760,사용,U,2026-08-25 15:38:46,2026-08-26 22:57:25,제공,제공,제공,부착,제공,제공,제공,가능
5855000,504,6130000,12760,사용,I,2026-06-30 23:11:46,2026-07-01 13:23:56,제공,제공,제공,부착,제공,제공,제공,가능
5855000,505,6130000,12760,사용,I,2026-06-30 23:11:46,2026-07-01 13:23:56,제공,제공,제공,부착,제공,제공,제공,가능
5855000,506,6130000,12760,사용,I,2026-06-30 23:11:46,2026-07-01 13:23:56,제공,제공,제공,부착,제공,제공,제공,가능
5855000,507,6130000,12760,사용,U,2026-09-14 10:07:22,2026-09-15 22:57:25,제공,제공,제공,부착,제공,제공,제공,가능
5855000,508,6130000,12760,사용,U,2026-09-14 10:07:10,2026-09-15 22:57:25,제공,제공,제공,부착,제공,제공,제공,가능
5860000,402,6130000,12770,사용,I,2026-06-30 23:05:38,2026-07-01 13:20:56,제공,제공,제공,부착,제공,미제공,제공,가능
5860000,403,6130000,12770,사용,I,2026-06-30 23:05:38,2026-07-01 13:20:56,제공,제공,제공,부착,제공,제공,제공,가능
5860000,404,6130000,12770,사용,U,2026-08-20 16:50:05,2026-08-21 22:57:25,제공,제공,제공,부착,제공,미제공,제공,가능
5860000,405,6130000,12770,사용,I,2026-06-30 23:05:38,2026-07-01 13:20:56,제공,제공,제공,부착,제공,제공,제공,가능
5860000,406,6130000,12770,사용,I,2026-06-30 23:05:38,2026-07-01 13:20:56,제공,제공,제공,부착,제공,제공,제공,가능
5860000,501,6130000,12770,사용,U,2026-07-08 14:08:27,2026-07-09 22:57:25,제공,제공,제공,부착,제공,제공,제공,가능
5860000,502,6130000,12770,사용,I,2026-06-30 23:05:38,2026-07-01 13:20:56,제공,제공,제공,부착,제공,미제공,제공,가능
5860000,504,6130000,12770,사용,U,2026-07-08 11:32:00,2026-07-09 22:57:25,제공,제공,제공,부착,제공,미제공,제공,가능
5860000,505,6130000,12770,사용,I,2026-06-30 23:05:38,2026-07-01 13:20:56,제공,제공,제공,부착,제공,미제공,제공,가능
5860000,506,6130000,12770,사용,U,2026-07-01 06:29:10,2026-07-02 22:57:25,제공,제공,제공,부착,제공,미제공,제공,가능
5860000,507,6130000,12770,사용,I,2026-06-30 23:05:38,2026-07-01 13:20:56,제공,제공,제공,부착,제공,미제공,제공,가능
5860000,508,6130000,12770,사용,I,2026-06-30 23:05:38,2026-07-01 13:20:56,제공,제공,제공,부착,제공,미제공,제공,가능
5865000,501,6130000,12780,사용,U,2026-09-03 08:48:28,2026-09-04 23:01:16,제공,제공,제공,부착,제공,제공,제공,가능
5865000,502,6130000,12780,사용,U,2026-09-03 08:48:49,2026-09-04 23:01:16,제공,제공,제공,부착,제공,미제공,제공,가능
5865000,503,6130000,12780,사용,U,2026-09-30 13:11:50,2026-10-01 23:00:49,제공,제공,제공,부착,제공,미제공,제공,가능
5865000,504,6130000,12780,사용,U,2026-09-03 08:49:13,2026-09-04 23:01:16,제공,제공,제공,부착,제공,미제공,제공,가능
5865000,505,6130000,12780,사용,U,2026-07-07 15:58:45,2026-07-08 22:59:55,제공,제공,제공,부착,제공,미제공,제공,가능
5865000,506,6130000,12780,사용,U,2026-08-20 15:30:33,2026-08-21 23:00:41,제공,제공,제공,부착,제공,미제공,제공,가능
5870000,401,6130000,12790,사용,U,2026-09-22 14:02:23,2026-09-23 22:57:25,제공,제공,제공,부착,제공,미제공,제공,가능
5870000,402,6130000,12790,사용,U,2026-09-22 14:02:36,2026-09-23 22:57:25,제공,제공,제공,부착,제공,미제공,제공,가능
5870000,403,6130000,12790,사용,U,2026-09-22 14:02:48,2026-09-23 22:57:25,제공,제공,제공,부착,제공,미제공,제공,가능
5870000,404,6130000,12790,사용,U,2026-09-22 14:19:38,2026-09-23 22:57:25,제공,제공,제공,부착,제공,미제공,제공,가능
5870000,405,6130000,12790,사용,U,2026-09-22 14:19:46,2026-09-23 22:57:25,제공,제공,제공,부착,제공,미제공,제공,가능
5870000,406,6130000,12790,사용,U,2026-09-22 14:19:55,2026-09-23 22:57:25,제공,제공,제공,부착,제공,미제공,제공,가능
5870000,407,6130000,12790,사용,U,2026-09-22 14:20:06,2026-09-23 22:57:25,제공,제공,제공,부착,제공,미제공,제공,가능
5870000,408,6130000,12790,사용,U,2026-09-22 14:20:14,2026-09-23 22:57:25,제공,제공,제공,부착,제공,미제공,제공,가능
5870000,409,6130000,12790,사용,I,2026-06-30 23:10:20,2026-07-01 13:27:03,제공,제공,제공,부착,제공,미제공,제공,가능
5870000,501,6130000,12790,사용,U,2026-09-22 14:20:33,2026-09-23 22:57:25,제공,제공,제공,부착,제공,미제공,제공,가능
5870000,502,6130000,12790,사용,U,2026-09-22 14:20:44,2026-09-23 22:57:25,제공,제공,제공,부착,제공,미제공,제공,가능
5870000,503,6130000,12790,사용,U,2026-07-02 10:52:08,2026-07-03 22:57:25,제공,제공,제공,부착,제공,미제공,제공,가능
5870000,504,6130000,12790,사용,U,2026-09-22 14:20:58,2026-09-23 22:57:25,제공,제공,제공,부착,제공,미제공,제공,가능
5870000,505,6130000,12790,사용,U,2026-09-22 14:21:09,2026-09-23 22:57:25,제공,제공,제공,부착,제공,미제공,제공,가능
5870000,506,6130000,12790,사용,U,2026-07-02 13:42:11,2026-07-03 22:57:25,제공,제공,제공,부착,제공,미제공,제공,가능
5870000,507,6130000,12790,사용,I,2026-06-30 23:10:20,2026-07-01 13:27:03,제공,제공,제공,부착,제공,미제공,제공,가능
5870000,508,6130000,12790,사용,U,2026-07-02 11:13:10,2026-07-03 22:57:25,제공,제공,제공,부착,제공,미제공,제공,가능
5870000,509,6130000,12790,사용,I,2026-06-30 23:10:20,2026-07-01 13:27:03,제공,제공,제공,부착,제공,미제공,제공,가능
5870000,510,6130000,12790,사용,I,2026-06-30 23:10:20,2026-07-01 13:27:03,제공,제공,제공,부착,제공,미제공,제공,가능
5870000,511,6130000,12790,사용,U,2026-09-22 14:21:23,2026-09-23 22:57:25,제공,제공,제공,부착,제공,미제공,제공,가능
5870000,512,6130000,12790,사용,U,2026-09-22 14:21:38,2026-09-23 22:57:25,제공,제공,제공,부착,제공,미제공,제공,가능
5870000,513,6130000,12790,사용,U,2026-09-22 14:21:49,2026-09-23 22:57:25,제공,제공,제공,부착,제공,미제공,제공,가능
5870000,514,6130000,12790,사용,U,2026-09-22 14:03:07,2026-09-23 22:57:25,제공,제공,제공,부착,제공,미제공,제공,가능
5875000,401,6130000,12800,사용,U,2026-07-08 09:36:26,2026-07-09 22:57:25,제공,제공,제공,부착,제공,제공,제공,가능
5875000,402,6130000,12800,사용,U,2026-07-08 09:36:26,2026-07-09 22:57:25,제공,제공,제공,부착,제공,제공,제공,가능
5875000,403,6130000,12800,사용,I,2026-06-30 22:59:44,2026-07-01 13:40:43,제공,제공,제공,부착,제공,제공,제공,가능
5875000,404,6130000,12800,사용,U,2026-09-14 17:02:52,2026-09-15 22:57:25,제공,제공,제공,부착,제공,제공,제공,가능
5875000,405,6130000,12800,사용,U,2026-07-02 13:43:56,2026-07-03 22:57:25,제공,제공,제공,부착,제공,제공,제공,가능
5875000,406,6130000,12800,사용,U,2026-09-14 17:02:52,2026-09-15 22:57:25,제공,제공,제공,부착,제공,제공,제공,가능
5875000,407,6130000,12800,사용,U,2026-08-24 10:02:25,2026-08-25 22:57:25,제공,제공,제공,부착,제공,미제공,제공,가능
5875000,408,6130000,12800,사용,U,2026-08-24 10:02:42,2026-08-25 22:57:25,제공,제공,제공,부착,제공,미제공,제공,가능
5875000,409,6130000,12800,사용,U,2026-08-24 10:03:03,2026-08-25 22:57:25,제공,제공,제공,부착,제공,미제공,제공,가능
5875000,410,6130000,12800,사용,U,2026-08-24 10:02:52,2026-08-25 22:57:25,제공,제공,제공,부착,제공,미제공,제공,가능
5875000,411,6130000,12800,사용,U,2026-08-24 10:03:09,2026-08-25 22:57:25,제공,제공,제공,부착,제공,미제공,제공,가능
5875000,412,6130000,12800,사용,U,2026-08-24 10:03:14,2026-08-25 22:57:25,제공,제공,제공,부착,제공,미제공,제공,가능
5875000,413,6130000,12800,사용,U,2026-08-24 10:03:20,2026-08-25 22:57:25,제공,제공,제공,부착,제공,미제공,제공,가능
5875000,414,6130000,12800,사용,U,2026-09-30 14:37:54,2026-10-01 22:57:24,제공,제공,제공,부착,제공,미제공,제공,가능
5875000,415,6130000,12800,사용,U,2026-08-24 10:03:31,2026-08-25 22:57:25,제공,제공,제공,부착,제공,미제공,제공,가능
5875000,416,6130000,12800,사용,U,2026-08-24 10:03:36,2026-08-25 22:57:25,제공,제공,제공,부착,제공,미제공,제공,가능
5875000,417,6130000,12800,사용,U,2026-08-24 10:03:42,2026-08-25 22:57:25,제공,제공,제공,부착,제공,미제공,제공,가능
5875000,418,6130000,12800,사용,U,2026-08-24 10:03:47,2026-08-25 22:57:25,제공,제공,제공,부착,제공,미제공,제공,가능
5880000,401,6130000,12810,사용,U,2026-07-10 10:30:43,2026-07-11 22:57:26,제공,제공,제공,부착,제공,미제공,제공,가능
5880000,402,6130000,12810,사용,U,2026-09-14 10:55:46,2026-09-15 22:57:27,제공,제공,제공,부착,제공,미제공,제공,가능
5880000,403,6130000,12810,사용,U,2026-08-21 16:03:07,2026-08-22 22:57:26,제공,제공,제공,부착,제공,미제공,제공,가능
5880000,404,6130000,12810,사용,U,2026-07-08 13:21:30,2026-07-09 22:57:27,제공,제공,제공,부착,제공,미제공,제공,가능
5880000,405,6130000,12810,사용,U,2026-08-21 16:06:03,2026-08-22 22:57:26,제공,제공,제공,부착,제공,미제공,제공,가능
5880000,406,6130000,12810,사용,U,2026-07-01 11:51:44,2026-07-02 22:57:26,제공,제공,제공,부착,제공,미제공,제공,가능
5880000,407,6130000,12810,사용,U,2026-09-16 17:15:02,2026-09-17 22:57:27,제공,제공,제공,부착,제공,미제공,제공,가능
5880000,408,6130000,12810,사용,U,2026-07-08 15:23:24,2026-07-09 22:57:27,제공,제공,제공,부착,제공,미제공,제공,가능
5880000,409,6130000,12810,사용,U,2026-08-21 16:08:47,2026-08-22 22:57:26,제공,제공,제공,부착,제공,미제공,제공,가능
5880000,410,6130000,12810,사용,U,2026-09-14 10:56:42,2026-09-15 22:57:27,제공,제공,제공,부착,제공,미제공,제공,가능
5880000,411,6130000,12810,사용,U,2026-07-08 14:49:59,2026-07-09 22:57:27,제공,제공,제공,부착,제공,미제공,제공,가능
5880000,412,6130000,12810,사용,U,2026-09-14 10:57:23,2026-09-15 22:57:27,제공,제공,제공,부착,제공,미제공,제공,가능
5880000,413,6130000,12810,사용,U,2026-07-08 15:24:03,2026-07-09 22:57:27,제공,제공,제공,부착,제공,미제공,제공,가능
5880000,414,6130000,12810,사용,I,2026-06-30 22:36:23,2026-07-01 13:43:46,제공,제공,제공,부착,제공,미제공,제공,가능
5880000,415,6130000,12810,사용,U,2026-08-21 16:12:51,2026-08-22 22:57:26,제공,제공,제공,부착,제공,미제공,제공,가능
5880000,416,6130000,12810,사용,I,2026-06-30 22:36:23,2026-07-01 13:43:46,제공,제공,제공,부착,제공,미제공,제공,가능
5880000,417,6130000,12810,사용,U,2026-07-08 13:32:33,2026-07-09 22:57:27,제공,제공,제공,부착,제공,미제공,제공,가능
5880000,419,6130000,12810,사용,U,2026-07-10 10:29:43,2026-07-11 22:57:26,제공,제공,제공,부착,제공,미제공,제공,가능
5880000,420,6130000,12810,사용,U,2026-07-08 13:31:54,2026-07-09 22:57:27,제공,제공,제공,부착,제공,미제공,제공,가능
5885000,402,6130000,12820,사용,U,2026-09-15 08:48:23,2026-09-16 22:57:25,제공,제공,제공,부착,제공,제공,제공,가능
5885000,501,6130000,12820,사용,U,2026-08-03 19:19:52,2026-08-04 22:57:25,제공,제공,제공,부착,제공,미제공,제공,가능
5885000,502,6130000,12820,사용,U,2026-08-06 09:25:53,2026-08-07 22:57:25,제공,제공,제공,부착,제공,제공,제공,가능
5885000,503,6130000,12820,사용,I,2026-06-30 23:08:48,2026-07-01 13:38:55,제공,제공,제공,부착,제공,미제공,제공,가능
5885000,504,6130000,12820,사용,I,2026-06-30 23:08:48,2026-07-01 13:38:55,제공,제공,제공,부착,제공,미제공,제공,가능
5885000,505,6130000,12820,사용,U,2026-08-03 19:17:07,2026-08-04 22:57:25,제공,제공,제공,부착,제공,미제공,제공,가능
5885000,506,6130000,12820,사용,I,2026-06-30 23:08:48,2026-07-01 13:38:55,제공,제공,제공,부착,제공,미제공,제공,가능
5885000,507,6130000,12820,사용,I,2026-06-30 23:08:48,2026-07-01 13:38:55,제공,제공,제공,부착,제공,미제공,제공,가능
5885000,508,6130000,12820,사용,I,2026-06-30 23:08:48,2026-07-01 13:38:55,제공,제공,제공,부착,제공,미제공,제공,가능
5885000,509,6130000,12820,사용,I,2026-06-30 23:08:48,2026-07-01 13:38:55,제공,제공,제공,부착,제공,미제공,제공,가능
5885000,510,6130000,12820,사용,U,2026-08-03 19:19:03,2026-08-04 22:57:25,제공,제공,제공,부착,제공,제공,제공,가능
5890000,501,6130000,12830,사용,U,2026-08-10 09:56:19,2026-08-11 22:57:25,제공,제공,제공,부착,제공,제공,제공,가능
5890000,502,6130000,12830,사용,U,2026-08-31 19:21:54,2026-09-01 22:57:25,제공,제공,제공,부착,제공,미제공,제공,가능
5890000,503,6130000,12830,사용,U,2026-08-31 19:22:29,2026-09-01 22:57:25,제공,제공,제공,부착,제공,미제공,제공,가능
5890000,504,6130000,12830,사용,U,2026-08-31 19:26:36,2026-09-01 22:57:25,제공,제공,제공,부착,제공,미제공,제공,가능
5890000,505,6130000,12830,사용,U,2026-08-31 19:27:08,2026-09-01 22:57:25,제공,제공,제공,부착,제공,미제공,제공,가능
5890000,506,6130000,12830,사용,U,2026-08-31 19:22:54,2026-09-01 22:57:25,제공,제공,제공,부착,제공,미제공,제공,가능
5890000,507,6130000,12830,사용,U,2026-08-10 10:13:10,2026-08-11 22:57:25,제공,제공,제공,부착,제공,제공,제공,가능
5890000,508,6130000,12830,사용,U,2026-08-31 19:24:42,2026-09-01 22:57:25,제공,제공,제공,부착,제공,제공,제공,가능
5890000,510,6130000,12830,사용,U,2026-08-31 19:27:23,2026-09-01 22:57:25,제공,제공,제공,부착,제공,미제공,제공,가능
5890000,511,6130000,12830,사용,U,2026-08-31 19:19:59,2026-09-01 22:57:25,제공,제공,제공,부착,제공,미제공,제공,가능
5890000,512,6130000,12830,사용,U,2026-08-31 19:24:08,2026-09-01 22:57:25,제공,제공,제공,부착,제공,제공,제공,가능
5890000,513,6130000,12830,사용,U,2026-08-31 19:26:17,2026-09-01 22:57:25,제공,제공,제공,부착,제공,미제공,제공,가능
5890000,514,6130000,12830,사용,U,2026-08-31 19:26:26,2026-09-01 22:57:25,제공,제공,제공,부착,제공,미제공,제공,가능
5890000,515,6130000,12830,사용,U,2026-08-31 19:25:39,2026-09-01 22:57:25,제공,제공,제공,부착,제공,미제공,제공,가능
5890000,516,6130000,12830,사용,U,2026-08-31 19:25:50,2026-09-01 22:57:25,제공,제공,제공,부착,제공,미제공,제공,가능
5890000,517,6130000,12830,사용,U,2026-08-31 19:26:05,2026-09-01 22:57:25,제공,제공,제공,부착,제공,미제공,제공,가능
5890000,518,6130000,12830,사용,U,2026-08-31 19:26:50,2026-09-01 22:57:25,제공,제공,제공,부착,제공,미제공,제공,가능
5890000,519,6130000,12830,사용,U,2026-08-31 19:27:38,2026-09-01 22:57:25,제공,제공,제공,부착,제공,미제공,제공,가능
5895000,501,6130000,12840,사용,I,2026-06-30 23:03:44,2026-07-01 14:00:19,제공,제공,제공,부착,제공,제공,제공,가능
5895000,502,6130000,12840,사용,U,2026-08-24 19:55:27,2026-08-25 22:57:25,제공,제공,제공,부착,제공,미제공,제공,가능
5895000,503,6130000,12840,사용,U,2026-09-03 09:18:59,2026-09-04 22:57:25,제공,제공,제공,부착,제공,미제공,제공,가능
5895000,504,6130000,12840,사용,U,2026-08-24 19:55:52,2026-08-25 22:57:25,제공,제공,제공,부착,제공,미제공,제공,가능
5895000,505,6130000,12840,사용,U,2026-09-03 09:18:59,2026-09-04 22:57:25,제공,제공,제공,부착,제공,미제공,제공,가능
5895000,506,6130000,12840,사용,U,2026-08-24 19:56:25,2026-08-25 22:57:25,제공,제공,제공,부착,제공,미제공,제공,가능
5895000,507,6130000,12840,사용,U,2026-08-24 19:56:39,2026-08-25 22:57:25,제공,제공,제공,부착,제공,미제공,제공,가능
5895000,508,6130000,12840,사용,U,2026-08-24 19:56:55,2026-08-25 22:57:25,제공,제공,제공,부착,제공,미제공,제공,가능
5895000,509,6130000,12840,사용,U,2026-08-24 19:57:09,2026-08-25 22:57:25,제공,제공,제공,부착,제공,미제공,제공,가능
5895000,510,6130000,12840,사용,U,2026-08-12 17:36:09,2026-08-13 22:57:25,제공,제공,제공,부착,제공,미제공,제공,가능
5900000,401,6130000,12850,사용,U,2026-08-03 14:25:25,2026-08-04 22:57:25,제공,제공,제공,부착,제공,제공,제공,가능
5900000,402,6130000,12850,사용,U,2026-08-03 14:26:11,2026-08-04 22:57:25,제공,제공,제공,부착,제공,제공,제공,가능
5900000,403,6130000,12850,사용,U,2026-08-03 14:26:11,2026-08-04 22:57:25,제공,제공,제공,부착,제공,제공,제공,가능
5900000,404,6130000,12850,사용,I,2026-06-30 23:01:39,2026-07-01 14:02:03,제공,제공,제공,부착,제공,제공,제공,가능
5900000,405,6130000,12850,사용,U,2026-08-03 13:57:35,2026-08-04 22:57:25,제공,제공,제공,부착,제공,제공,제공,가능
5900000,407,6130000,12850,사용,I,2026-06-30 23:01:39,2026-07-01 14:02:03,제공,제공,제공,부착,제공,미제공,제공,가능
5900000,408,6130000,12850,사용,U,2026-08-21 16:36:28,2026-08-22 22:57:25,제공,제공,제공,부착,제공,제공,제공,가능
5900000,409,6130000,12850,사용,U,2026-08-05 13:18:15,2026-08-06 22:57:25,제공,제공,제공,부착,제공,제공,제공,가능
5900000,410,6130000,12850,사용,U,2026-08-07 11:06:56,2026-08-08 22:57:25,제공,제공,제공,부착,제공,제공,제공,가능
5900000,411,6130000,12850,사용,U,2026-08-07 14:45:08,2026-08-08 22:57:25,제공,제공,제공,부착,제공,제공,제공,가능
5900000,412,6130000,12850,사용,I,2026-06-30 23:01:39,2026-07-01 14:02:03,제공,제공,제공,부착,제공,제공,제공,가능
5900000,413,6130000,12850,사용,U,2026-08-21 13:28:26,2026-08-22 22:57:25,제공,제공,제공,부착,제공,제공,제공,가능
5900000,414,6130000,12850,사용,I,2026-06-30 23:01:39,2026-07-01 14:02:03,제공,제공,제공,부착,제공,제공,제공,가능
5900000,415,6130000,12850,사용,I,2026-06-30 23:01:39,2026-07-01 14:02:03,제공,제공,제공,부착,제공,제공,제공,가능
5900000,416,6130000,12850,사용,U,2026-08-07 15:05:58,2026-08-08 22:57:25,제공,제공,제공,부착,제공,제공,제공,가능
5900000,417,6130000,12850,사용,I,2026-06-30 23:01:39,2026-07-01 14:02:03,제공,제공,제공,부착,제공,제공,제공,가능
5900000,418,6130000,12850,사용,I,2026-06-30 23:01:39,2026-07-01 14:02:03,제공,제공,제공,부착,제공,제공,제공,가능
5905000,402,6130000,12860,사용,U,2026-07-10 09:34:25,2026-07-11 22:57:25,제공,제공,제공,부착,제공,미제공,제공,가능
5905000,403,6130000,12860,사용,U,2026-09-28 08:54:45,2026-09-29 22:57:25,제공,제공,제공,부착,제공,미제공,제공,가능
5905000,404,6130000,12860,사용,U,2026-07-10 09:40:34,2026-07-11 22:57:25,제공,제공,제공,부착,제공,제공,제공,가능
5905000,405,6130000,12860,사용,I,2026-06-30 23:07:06,2026-07-01 14:06:08,제공,제공,제공,부착,제공,미제공,제공,가능
5905000,406,6130000,12860,사용,U,2026-08-25 16:16:25,2026-08-26 22:57:25,제공,제공,제공,부착,제공,미제공,제공,가능
5905000,407,6130000,12860,사용,I,2026-06-30 23:07:06,2026-07-01 14:06:09,제공,제공,제공,부착,제공,제공,제공,가능
5905000,408,6130000,12860,사용,I,2026-06-30 23:07:06,2026-07-01 14:06:09,제공,제공,제공,부착,제공,제공,제공,가능
5905000,409,6130000,12860,사용,I,2026-06-30 23:07:06,2026-07-01 14:06:09,제공,제공,제공,부착,제공,제공,제공,가능
5905000,410,6130000,12860,사용,U,2026-07-14 15:46:07,2026-07-15 22:57:25,제공,제공,제공,부착,제공,제공,제공,가능
5905000,411,6130000,12860,사용,I,2026-06-30 23:07:06,2026-07-01 14:06:09,제공,제공,제공,부착,제공,제공,제공,가능
5905000,412,6130000,12860,사용,U,2026-07-10 09:34:51,2026-07-11 22:57:25,제공,제공,제공,부착,제공,제공,제공,가능
5905000,413,6130000,12860,사용,U,2026-07-10 09:40:06,2026-07-11 22:57:25,제공,제공,제공,부착,제공,미제공,제공,가능
5905000,414,6130000,12860,사용,I,2026-06-30 23:07:06,2026-07-01 14:06:09,제공,제공,제공,부착,제공,미제공,제공,가능
5905000,415,6130000,12860,사용,U,2026-07-10 09:35:08,2026-07-11 22:57:25,제공,제공,제공,부착,제공,미제공,제공,가능
5910000,402,6130000,12870,사용,I,2026-06-30 22:43:49,2026-07-01 14:07:34,제공,제공,제공,부착,제공,제공,제공,가능
5910000,404,6130000,12870,사용,I,2026-06-30 22:43:49,2026-07-01 14:07:34,제공,제공,제공,부착,제공,제공,제공,가능
5910000,405,6130000,12870,사용,U,2026-09-07 15:02:32,2026-09-08 22:56:44,제공,제공,제공,부착,제공,제공,제공,가능
5910000,406,6130000,12870,사용,I,2026-06-30 22:43:49,2026-07-01 14:07:34,제공,제공,제공,부착,제공,제공,제공,가능
5910000,407,6130000,12870,사용,I,2026-06-30 22:43:49,2026-07-01 14:07:35,제공,제공,제공,부착,제공,제공,제공,가능
5910000,408,6130000,12870,사용,I,2026-06-30 22:43:49,2026-07-01 14:07:35,제공,제공,제공,부착,제공,제공,제공,가능
5910000,409,6130000,12870,사용,I,2026-06-30 22:43:49,2026-07-01 14:07:35,제공,제공,제공,부착,제공,제공,제공,가능
5910000,411,6130000,12870,사용,U,2026-09-09 08:30:13,2026-09-10 22:56:43,제공,제공,제공,부착,제공,제공,제공,가능
5910000,418,6130000,12870,사용,U,2026-09-07 15:07:54,2026-09-08 22:56:44,제공,제공,제공,부착,제공,제공,제공,가능
5910000,419,6130000,12870,사용,I,2026-06-30 22:43:49,2026-07-01 14:07:35,제공,제공,제공,부착,제공,제공,제공,가능
5910000,420,6130000,12870,사용,U,2026-08-20 09:11:13,2026-08-21 22:57:48,제공,제공,제공,부착,제공,제공,제공,가능
6510000,101,6500000,50110,사용,U,2026-08-20 15:04:27,2026-08-21 22:57:25,제공,제공,제공,부착,제공,미제공,제공,불가능
6510000,403,6500000,50110,사용,U,2026-08-24 09:21:34,2026-08-25 22:57:25,제공,제공,제공,부착,제공,미제공,제공,가능
6510000,404,6500000,50110,사용,U,2026-08-24 09:21:34,2026-08-25 22:57:25,제공,제공,제공,부착,제공,미제공,제공,가능
6510000,405,6500000,50110,사용,U,2026-08-24 09:21:34,2026-08-25 22:57:25,제공,제공,제공,부착,제공,미제공,제공,불가능
6510000,406,6500000,50110,사용,U,2026-08-24 09:21:34,2026-08-25 22:57:25,제공,제공,제공,부착,제공,미제공,제공,가능
6510000,407,6500000,50110,사용,U,2026-08-24 09:21:34,2026-08-25 22:57:25,제공,제공,제공,부착,제공,미제공,제공,가능
6510000,408,6500000,50110,사용,U,2026-08-24 09:21:34,2026-08-25 22:57:25,제공,제공,제공,부착,제공,미제공,제공,가능
6510000,409,6500000,50110,사용,U,2026-08-31 09:12:34,2026-09-01 22:57:25,제공,제공,제공,부착,제공,미제공,제공,불가능
6510000,410,6500000,50110,사용,U,2026-08-24 09:21:34,2026-08-25 22:57:25,제공,제공,제공,부착,제공,미제공,제공,불가능
6510000,411,6500000,50110,사용,U,2026-08-25 11:31:26,2026-08-26 22:57:25,제공,제공,제공,부착,제공,제공,제공,가능
6510000,412,6500000,50110,사용,U,2026-08-20 15:03:50,2026-08-21 22:57:25,제공,제공,제공,부착,제공,미제공,제공,가능
6510000,413,6500000,50110,사용,U,2026-08-20 15:07:52,2026-08-21 22:57:25,제공,제공,제공,부착,제공,미제공,제공,가능
6510000,414,6500000,50110,사용,U,2026-08-20 15:04:34,2026-08-21 22:57:25,제공,제공,제공,부착,제공,미제공,제공,가능
6510000,415,6500000,50110,사용,U,2026-08-24 09:21:34,2026-08-25 22:57:25,제공,제공,제공,부착,제공,미제공,제공,불가능
6510000,416,6500000,50110,사용,U,2026-08-24 09:21:34,2026-08-25 22:57:25,제공,제공,제공,부착,제공,미제공,제공,불가능
6510000,417,6500000,50110,사용,U,2026-08-20 15:04:14,2026-08-21 22:57:25,제공,제공,제공,부착,제공,제공,제공,가능
6510000,418,6500000,50110,사용,U,2026-08-20 15:04:48,2026-08-21 22:57:25,제공,제공,제공,부착,제공,미제공,제공,가능
6510000,419,6500000,50110,사용,U,2026-08-24 09:21:34,2026-08-25 22:57:25,제공,제공,제공,부착,제공,미제공,제공,가능
6510000,420,6500000,50110,사용,U,2026-08-25 14:19:54,2026-08-26 22:57:25,제공,제공,제공,부착,제공,미제공,제공,가능
6510000,421,6500000,50110,사용,U,2026-08-24 09:21:34,2026-08-25 22:57:25,제공,제공,제공,부착,제공,제공,제공,가능
6510000,422,6500000,50110,사용,U,2026-08-24 09:21:34,2026-08-25 22:57:25,제공,제공,제공,부착,제공,미제공,제공,불가능
6510000,423,6500000,50110,사용,U,2026-08-24 09:21:34,2026-08-25 22:57:25,제공,제공,제공,부착,제공,미제공,제공,가능
6510000,424,6500000,50110,사용,U,2026-08-26 10:49:37,2026-08-27 22:57:25,제공,제공,제공,부착,제공,미제공,제공,가능
6510000,501,6500000,50110,사용,U,2026-08-26 15:23:19,2026-08-27 22:57:25,제공,제공,제공,부착,제공,미제공,제공,가능
6510000,502,6500000,50110,사용,U,2026-08-20 15:05:56,2026-08-21 22:57:25,제공,제공,제공,부착,제공,미제공,제공,가능
6510000,503,6500000,50110,사용,U,2026-08-20 15:06:24,2026-08-21 22:57:25,제공,제공,제공,부착,제공,제공,제공,가능
6510000,504,6500000,50110,사용,U,2026-08-20 15:06:52,2026-08-21 22:57:25,제공,제공,제공,부착,제공,미제공,제공,가능
6510000,505,6500000,50110,사용,U,2026-09-10 09:49:27,2026-09-11 22:57:25,제공,제공,제공,부착,제공,미제공,제공,가능
6510000,506,6500000,50110,사용,U,2026-08-20 15:07:24,2026-08-21 22:57:25,제공,제공,제공,부착,제공,미제공,제공,가능
6510000,507,6500000,50110,사용,U,2026-08-20 15:07:36,2026-08-21 22:57:25,제공,제공,제공,부착,제공,제공,제공,가능
6510000,508,6500000,50110,사용,U,2026-08-20 15:08:35,2026-08-21 22:57:25,제공,제공,제공,부착,제공,미제공,제공,가능
6510000,509,6500000,50110,사용,U,2026-08-24 09:21:34,2026-08-25 22:57:25,제공,제공,제공,부착,제공,미제공,제공,가능
6510000,510,6500000,50110,사용,U,2026-08-24 09:21:34,2026-08-25 22:57:25,제공,제공,제공,부착,제공,미제공,제공,가능
6510000,511,6500000,50110,사용,U,2026-08-20 15:08:21,2026-08-21 22:57:25,제공,제공,제공,부착,제공,미제공,제공,가능
6510000,512,6500000,50110,사용,U,2026-08-20 15:08:42,2026-08-21 22:57:25,제공,제공,제공,부착,제공,미제공,제공,불가능
6510000,513,6500000,50110,사용,U,2026-08-20 15:03:57,2026-08-21 22:57:25,제공,제공,제공,부착,제공,미제공,제공,불가능
6510000,514,6500000,50110,사용,U,2026-08-20 15:11:24,2026-08-21 22:57:25,제공,제공,제공,부착,제공,미제공,제공,가능
6510000,515,6500000,50110,사용,U,2026-08-20 15:08:58,2026-08-21 22:57:25,제공,제공,제공,부착,제공,미제공,제공,가능
6510000,517,6500000,50110,사용,U,2026-08-20 15:11:40,2026-08-21 22:57:25,제공,제공,제공,부착,제공,미제공,제공,가능
6510000,518,6500000,50110,사용,U,2026-08-24 09:21:34,2026-08-25 22:57:25,제공,제공,제공,부착,제공,미제공,제공,가능
6510000,519,6500000,50110,사용,U,2026-08-24 09:21:34,2026-08-25 22:57:25,제공,제공,제공,부착,제공,미제공,제공,가능
6510000,520,6500000,50110,사용,U,2026-08-20 15:06:04,2026-08-21 22:57:25,제공,제공,제공,부착,제공,미제공,제공,가능
6510000,521,6500000,50110,사용,U,2026-08-26 10:52:19,2026-08-27 22:57:25,제공,제공,제공,부착,제공,미제공,제공,가능
6510000,522,6500000,50110,사용,U,2026-08-20 15:10:03,2026-08-21 22:57:25,제공,제공,제공,부착,제공,미제공,제공,가능
6510000,523,6500000,50110,사용,U,2026-08-20 15:06:10,2026-08-21 22:57:25,제공,제공,제공,부착,제공,미제공,제공,가능
6510000,524,6500000,50110,사용,U,2026-08-31 17:32:12,2026-09-01 22:57:25,제공,제공,제공,부착,제공,미제공,제공,가능
6510000,525,6500000,50110,사용,U,2026-09-11 13:52:00,2026-09-12 22:57:25,제공,제공,제공,부착,제공,미제공,제공,가능
6510000,526,6500000,50110,사용,U,2026-08-25 14:12:03,2026-08-26 22:57:25,제공,제공,제공,부착,제공,미제공,제공,가능
6510000,527,6500000,50110,사용,U,2026-08-26 09:07:55,2026-08-27 22:57:25,제공,제공,제공,부착,제공,제공,제공,가능
6510000,528,6500000,50110,사용,U,2026-08-20 15:06:30,2026-08-21 22:57:25,제공,제공,제공,부착,제공,제공,제공,가능
6510000,529,6500000,50110,사용,U,2026-08-24 09:21:34,2026-08-25 22:57:25,제공,제공,제공,부착,제공,제공,제공,가능
6510000,530,6500000,50110,사용,U,2026-08-20 15:11:11,2026-08-21 22:57:25,제공,제공,제공,부착,제공,제공,제공,가능
6510000,531,6500000,50110,사용,U,2026-09-14 14:19:45,2026-09-15 22:57:25,제공,제공,제공,부착,제공,제공,제공,가능
6520000,401,6500000,50130,사용,U,2026-08-25 12:33:22,2026-08-26 22:57:43,제공,제공,제공,부착,제공,미제공,제공,가능
6520000,402,6500000,50130,사용,U,2026-08-25 15:54:26,2026-08-26 22:57:43,제공,제공,제공,부착,제공,미제공,제공,불가능
6520000,403,6500000,50130,사용,I,2026-02-04 13:58:14,2026-02-05 22:57:28,제공,제공,제공,부착,제공,미제공,제공,불가능
6520000,404,6500000,50130,사용,U,2026-06-24 16:40:42,2026-06-25 22:57:25,제공,제공,제공,부착,제공,미제공,제공,가능
6520000,405,6500000,50130,사용,U,2026-06-24 16:40:54,2026-06-25 22:57:25,제공,제공,제공,부착,제공,미제공,제공,가능
6520000,406,6500000,50130,사용,I,2026-02-08 23:06:15,2026-02-09 22:57:32,제공,제공,제공,부착,제공,미제공,제공,불가능
6520000,407,6500000,50130,사용,U,2026-09-28 13:49:09,2026-09-29 22:57:25,제공,제공,제공,부착,제공,미제공,제공,불가능
6520000,408,6500000,50130,사용,I,2026-02-04 13:58:51,2026-02-05 22:57:28,제공,제공,제공,부착,제공,미제공,제공,불가능
6520000,409,6500000,50130,사용,U,2026-08-25 13:34:02,2026-08-26 22:57:44,제공,제공,제공,부착,제공,미제공,제공,불가능
6520000,410,6500000,50130,사용,U,2026-08-25 13:34:50,2026-08-26 22:57:44,제공,제공,제공,부착,제공,미제공,제공,불가능
6520000,411,6500000,50130,사용,U,2026-08-25 13:35:09,2026-08-26 22:57:44,제공,제공,제공,부착,제공,미제공,제공,불가능
6520000,412,6500000,50130,사용,U,2026-08-25 13:35:30,2026-08-26 22:57:44,제공,제공,제공,부착,제공,미제공,제공,불가능
6520000,413,6500000,50130,사용,U,2026-08-25 13:35:50,2026-08-26 22:57:44,제공,제공,제공,부착,제공,미제공,제공,불가능
6520000,414,6500000,50130,사용,U,2026-08-25 13:36:11,2026-08-26 22:57:44,제공,제공,제공,부착,제공,미제공,제공,불가능
6520000,415,6500000,50130,사용,I,2026-02-04 13:38:25,2026-02-05 22:57:28,제공,제공,제공,부착,제공,미제공,제공,불가능
6520000,416,6500000,50130,사용,U,2026-09-28 14:05:48,2026-09-29 22:57:25,제공,제공,제공,부착,제공,미제공,제공,불가능
6520000,417,6500000,50130,사용,U,2026-08-25 13:36:30,2026-08-26 22:57:44,제공,제공,제공,부착,제공,미제공,제공,불가능
6520000,418,6500000,50130,사용,U,2026-08-25 16:50:03,2026-08-26 22:57:44,제공,제공,제공,부착,제공,미제공,제공,불가능
6520000,419,6500000,50130,사용,U,2026-08-25 16:13:10,2026-08-26 22:57:44,제공,제공,제공,부착,제공,미제공,제공,불가능
6520000,420,6500000,50130,사용,U,2026-08-25 15:57:02,2026-08-26 22:57:44,제공,제공,제공,부착,제공,미제공,제공,불가능
6520000,421,6500000,50130,사용,I,2026-03-24 13:42:55,2026-03-25 22:57:47,제공,제공,제공,부착,제공,미제공,제공,불가능
6520000,422,6500000,50130,사용,I,2026-02-04 13:46:42,2026-02-05 22:57:28,제공,제공,제공,부착,제공,미제공,제공,불가능
6520000,423,6500000,50130,사용,U,2026-08-25 13:36:50,2026-08-26 22:57:44,제공,제공,제공,부착,제공,미제공,제공,불가능
6520000,424,6500000,50130,사용,U,2026-08-25 16:50:21,2026-08-26 22:57:44,제공,제공,제공,부착,제공,미제공,제공,불가능
6520000,425,6500000,50130,사용,U,2026-08-25 16:50:35,2026-08-26 22:57:44,제공,제공,제공,부착,제공,미제공,제공,불가능
6520000,426,6500000,50130,사용,U,2026-08-25 15:55:26,2026-08-26 22:57:44,제공,제공,제공,부착,제공,미제공,제공,불가능
6520000,427,6500000,50130,사용,I,2026-02-04 13:48:21,2026-02-05 22:57:28,제공,제공,제공,부착,제공,미제공,제공,불가능
6520000,428,6500000,50130,사용,I,2026-02-04 13:48:33,2026-02-05 22:57:28,제공,제공,제공,부착,제공,미제공,제공,불가능
6520000,429,6500000,50130,사용,I,2026-02-04 13:52:35,2026-02-05 22:57:28,제공,제공,제공,부착,제공,미제공,제공,불가능
6520000,430,6500000,50130,사용,U,2026-08-25 16:50:58,2026-08-26 22:57:44,제공,제공,제공,부착,제공,미제공,제공,불가능
6520000,431,6500000,50130,사용,U,2026-08-25 15:56:16,2026-08-26 22:57:44,제공,제공,제공,부착,제공,미제공,제공,불가능
6520000,432,6500000,50130,사용,U,2026-06-08 09:27:19,2026-06-09 22:57:26,제공,제공,제공,부착,제공,미제공,제공,가능
