dlvrReqNo,dlvrReqChgOrd,dlvrReqRcptDate,prdctSno,cntrctNo,cntrctChgOrd,prdctIdntNo,prdctIdntNoNm,corpNm,corpEntrprsDivNmNm,prdctClsfcNo,prdctClsfcNoNm,dtilPrdctClsfcNo,dtilPrdctClsfcNoNm,prdctQty,prdctAmt,prdctUnit,prdctUprc,dlvrReqQty,dlvrReqAmt,incdecQty,incdecAmt,fnlDlvrReqYn,optnDivCdNm,dminsttCd,dminsttNm,dminsttRgnNm,IntlCntrctDlvrReqDate
1224806949,01,2025-03-06,1,002270152,01,23581068,"버스및차량정보안내장치, 에스앤티, SND-BIT-LE6-0412, 거치형",주식회사 에스앤티,중소기업,43211514,컴퓨터키오스크,4321151403,버스및차량정보안내장치,3,21873000,식,7291000,3,21873000,1,7291000,Y,대표품목,3990000,경기도 남양주시,경기도 남양주시,20240307
1224832833,01,2025-03-06,1,002370030,00,23838868,"버스및차량정보안내장치, 싸인텔레콤, ST-BIT-SEL-C0306, 거치형",주식회사 싸인텔레콤,중소기업,43211514,컴퓨터키오스크,4321151403,버스및차량정보안내장치,0,0,식,3681000,0,0,-2,-7362000,Y,대표품목,3110000,서울특별시 은평구,서울특별시 은평구,20241211
1224832834,01,2025-03-06,1,002470164,00,25233046,"버스및차량정보안내장치, 싸인텔레콤, ST-64LED-MY, 독립형",주식회사 싸인텔레콤,중소기업,43211514,컴퓨터키오스크,4321151403,버스및차량정보안내장치,0,0,대,7167000,0,0,-1,-7167000,Y,대표품목,3110000,서울특별시 은평구,서울특별시 은평구,20241211
R25TB00004609,00,2025-01-07,1,002061436,11,25202556,"증명발급기, 에니텍시스, IS-2000L, 통합민원발급기",(주)에니텍시스,중소기업,43211514,컴퓨터키오스크,4321151401,증명발급기,8,62400000,대,7800000,8,62400000,8,62400000,Y,대표품목,3160000,서울특별시 구로구,서울특별시 구로구,20250107
R25TB00005919,00,2025-01-07,1,0023C0107,00,23813369,"증명발급기, 광명테크, G7i, 통합민원발급기",주식회사광명테크,중소기업,43211514,컴퓨터키오스크,4321151401,증명발급기,1,7750000,대,7750000,1,7750000,1,7750000,Y,대표품목,4600038,충청남도 홍성군 홍성읍,충청남도 홍성군,20250107
R25TB00006790,00,2025-01-07,1,002061436,11,25202556,"증명발급기, 에니텍시스, IS-2000L, 통합민원발급기",(주)에니텍시스,중소기업,43211514,컴퓨터키오스크,4321151401,증명발급기,2,15600000,대,7800000,2,15600000,2,15600000,Y,대표품목,5620038,경기도 용인시 처인구 남사읍,경기도 용인시 처인구,20250107
R25TB00010232,00,2025-01-08,1,002061436,11,25202556,"증명발급기, 에니텍시스, IS-2000L, 통합민원발급기",(주)에니텍시스,중소기업,43211514,컴퓨터키오스크,4321151401,증명발급기,1,7800000,대,7800000,1,7800000,1,7800000,Y,대표품목,3960060,경기도 고양시 일산동구 고봉동,경기도 고양시 일산동구,20250108
R25TB00013933,00,2025-01-08,1,0023C0107,00,23813369,"증명발급기, 광명테크, G7i, 통합민원발급기",주식회사광명테크,중소기업,43211514,컴퓨터키오스크,4321151401,증명발급기,1,7750000,대,7750000,1,7750000,1,7750000,Y,대표품목,5540035,경기도 광주시 남종면,경기도 광주시,20250108
R25TB00015140,00,2025-01-08,1,002061437,09,24292472,"증명발급기, 한국타피, TAPI-9270T, 무인민원발급기/시청각장애인겸용",한국타피(주),중소기업,43211514,컴퓨터키오스크,4321151401,증명발급기,1,19800000,대,19800000,1,19800000,1,19800000,Y,대표품목,4500055,충청남도 공주시 계룡면,충청남도 공주시,20250108
R25TB00015298,00,2025-01-08,1,0023C0107,00,23813369,"증명발급기, 광명테크, G7i, 통합민원발급기",주식회사광명테크,중소기업,43211514,컴퓨터키오스크,4321151401,증명발급기,1,7750000,대,7750000,1,7750000,1,7750000,Y,대표품목,5540000,경기도 광주시,경기도 광주시,20250108
R25TB00018174,00,2025-01-09,1,0023C0107,00,23777412,"증명발급기, 광명테크, G7, 통합민원발급기",주식회사광명테크,중소기업,43211514,컴퓨터키오스크,4321151401,증명발급기,1,7700000,대,7700000,1,7700000,1,7700000,Y,대표품목,4251069,강원특별자치도 홍천군 북방면,강원특별자치도 홍천군,20250109
R25TB00019028,00,2025-01-09,1,002061436,11,24362786,"증명발급기, 에니텍시스, AT-K300E, 무인민원발급기/시청각장애인겸용",(주)에니텍시스,중소기업,43211514,컴퓨터키오스크,4321151401,증명발급기,4,99200000,대,24800000,4,99200000,4,99200000,Y,대표품목,3140000,서울특별시 양천구,서울특별시 양천구,20250109
R25TB00019029,00,2025-01-09,1,002370024,00,24422601,"증명발급기, 한국타피, TAPI-9320B, 무인민원발급기/시청각장애인겸용",한국타피(주),중소기업,43211514,컴퓨터키오스크,4321151401,증명발급기,1,24800000,대,24800000,1,24800000,1,24800000,Y,대표품목,3140000,서울특별시 양천구,서울특별시 양천구,20250109
R25TB00019071,00,2025-01-09,1,002061436,11,25202556,"증명발급기, 에니텍시스, IS-2000L, 통합민원발급기",(주)에니텍시스,중소기업,43211514,컴퓨터키오스크,4321151401,증명발급기,2,15600000,대,7800000,2,15600000,2,15600000,Y,대표품목,3850000,경기도 안양시 동안구,경기도 안양시 동안구,20250109
R25TB00019196,00,2025-01-09,1,002061437,09,24292472,"증명발급기, 한국타피, TAPI-9270T, 무인민원발급기/시청각장애인겸용",한국타피(주),중소기업,43211514,컴퓨터키오스크,4321151401,증명발급기,1,19800000,대,19800000,1,19800000,1,19800000,Y,대표품목,3560106,인천광역시 서구 청라1동,인천광역시 서구,20250109
R25TB00019659,00,2025-01-09,1,002061437,09,23893188,"증명발급기, 한국타피, TA-2200S(NEW), 통합민원발급기",한국타피(주),중소기업,43211514,컴퓨터키오스크,4321151401,증명발급기,1,7600000,대,7600000,1,7600000,1,7600000,Y,대표품목,4540048,충청남도 논산시 부적면,충청남도 논산시,20250109
R25TB00020208,00,2025-01-09,1,002061436,11,25202556,"증명발급기, 에니텍시스, IS-2000L, 통합민원발급기",(주)에니텍시스,중소기업,43211514,컴퓨터키오스크,4321151401,증명발급기,1,7800000,대,7800000,1,7800000,1,7800000,Y,대표품목,3960056,경기도 고양시 일산동구 마두1동,경기도 고양시 일산동구,20250109
R25TB00020605,00,2025-01-09,1,0023C0107,00,23813369,"증명발급기, 광명테크, G7i, 통합민원발급기",주식회사광명테크,중소기업,43211514,컴퓨터키오스크,4321151401,증명발급기,1,7750000,대,7750000,1,7750000,1,7750000,Y,대표품목,5100048,경상북도 영천시 동부동,경상북도 영천시,20250109
R25TB00020904,00,2025-01-09,1,002061436,11,25202556,"증명발급기, 에니텍시스, IS-2000L, 통합민원발급기",(주)에니텍시스,중소기업,43211514,컴퓨터키오스크,4321151401,증명발급기,1,7800000,대,7800000,1,7800000,1,7800000,Y,대표품목,3850021,경기도 안양시 동안구 귀인동,경기도 안양시 동안구,20250109
R25TB00021968,00,2025-01-10,1,002270152,01,23245603,"버스및차량정보안내장치, 에스앤티, SND-BIT-LED-0208, 거치형",주식회사 에스앤티,중소기업,43211514,컴퓨터키오스크,4321151403,버스및차량정보안내장치,1,5915000,식,5915000,50,361638000,1,5915000,N,대표품목,3990000,경기도 남양주시,경기도 남양주시,20250110
R25TB00021968,00,2025-01-10,2,002270152,01,23581066,"버스및차량정보안내장치, 에스앤티, SNS-BIT-LE6-0412, 거치형",주식회사 에스앤티,중소기업,43211514,컴퓨터키오스크,4321151403,버스및차량정보안내장치,2,13046000,식,6523000,50,361638000,2,13046000,N,대표품목,3990000,경기도 남양주시,경기도 남양주시,20250110
R25TB00021968,00,2025-01-10,3,002270152,01,23581068,"버스및차량정보안내장치, 에스앤티, SND-BIT-LE6-0412, 거치형",주식회사 에스앤티,중소기업,43211514,컴퓨터키오스크,4321151403,버스및차량정보안내장치,47,342677000,식,7291000,50,361638000,47,342677000,N,대표품목,3990000,경기도 남양주시,경기도 남양주시,20250110
R25TB00021968,01,2025-01-10,1,002270152,01,23245603,"버스및차량정보안내장치, 에스앤티, SND-BIT-LED-0208, 거치형",주식회사 에스앤티,중소기업,43211514,컴퓨터키오스크,4321151403,버스및차량정보안내장치,0,0,식,5915000,0,0,-1,-5915000,Y,대표품목,3990000,경기도 남양주시,경기도 남양주시,20250110
R25TB00021968,01,2025-01-10,2,002270152,01,23581066,"버스및차량정보안내장치, 에스앤티, SNS-BIT-LE6-0412, 거치형",주식회사 에스앤티,중소기업,43211514,컴퓨터키오스크,4321151403,버스및차량정보안내장치,0,0,식,6523000,0,0,-2,-13046000,Y,대표품목,3990000,경기도 남양주시,경기도 남양주시,20250110
R25TB00021968,01,2025-01-10,3,002270152,01,23581068,"버스및차량정보안내장치, 에스앤티, SND-BIT-LE6-0412, 거치형",주식회사 에스앤티,중소기업,43211514,컴퓨터키오스크,4321151403,버스및차량정보안내장치,0,0,식,7291000,0,0,-47,-342677000,Y,대표품목,3990000,경기도 남양주시,경기도 남양주시,20250110
R25TB00022013,00,2025-01-10,1,002061436,11,25202556,"증명발급기, 에니텍시스, IS-2000L, 통합민원발급기",(주)에니텍시스,중소기업,43211514,컴퓨터키오스크,4321151401,증명발급기,1,7800000,대,7800000,1,7800000,1,7800000,Y,대표품목,4191098,강원특별자치도 원주시 행구동,강원특별자치도 원주시,20250110
R25TB00022065,00,2025-01-10,1,002270152,01,23245603,"버스및차량정보안내장치, 에스앤티, SND-BIT-LED-0208, 거치형",주식회사 에스앤티,중소기업,43211514,컴퓨터키오스크,4321151403,버스및차량정보안내장치,1,5915000,식,5915000,50,361638000,1,5915000,Y,대표품목,3990000,경기도 남양주시,경기도 남양주시,20250110
R25TB00022065,00,2025-01-10,2,002270152,01,23581066,"버스및차량정보안내장치, 에스앤티, SNS-BIT-LE6-0412, 거치형",주식회사 에스앤티,중소기업,43211514,컴퓨터키오스크,4321151403,버스및차량정보안내장치,2,13046000,식,6523000,50,361638000,2,13046000,Y,대표품목,3990000,경기도 남양주시,경기도 남양주시,20250110
R25TB00022065,00,2025-01-10,3,002270152,01,23581068,"버스및차량정보안내장치, 에스앤티, SND-BIT-LE6-0412, 거치형",주식회사 에스앤티,중소기업,43211514,컴퓨터키오스크,4321151403,버스및차량정보안내장치,47,342677000,식,7291000,50,361638000,47,342677000,Y,대표품목,3990000,경기도 남양주시,경기도 남양주시,20250110
R25TB00022228,00,2025-01-10,1,002061436,11,25202556,"증명발급기, 에니텍시스, IS-2000L, 통합민원발급기",(주)에니텍시스,중소기업,43211514,컴퓨터키오스크,4321151401,증명발급기,2,15600000,대,7800000,2,15600000,2,15600000,Y,대표품목,5610000,경기도 수원시 영통구,경기도 수원시 영통구,20250110
R25TB00022383,00,2025-01-10,1,0023C0107,00,24359644,"증명발급기, 광명테크, G10, 무인민원발급기/시청각장애인겸용",주식회사광명테크,중소기업,43211514,컴퓨터키오스크,4321151401,증명발급기,2,39600000,대,19800000,2,39600000,2,39600000,Y,대표품목,5540000,경기도 광주시,경기도 광주시,20250110
R25TB00022720,00,2025-01-10,1,002061437,09,24292472,"증명발급기, 한국타피, TAPI-9270T, 무인민원발급기/시청각장애인겸용",한국타피(주),중소기업,43211514,컴퓨터키오스크,4321151401,증명발급기,2,39600000,대,19800000,2,39600000,2,39600000,Y,대표품목,5390000,경상남도 의령군,경상남도 의령군,20250110
R25TB00025974,00,2025-01-10,1,002061437,09,23893188,"증명발급기, 한국타피, TA-2200S(NEW), 통합민원발급기",한국타피(주),중소기업,43211514,컴퓨터키오스크,4321151401,증명발급기,1,7600000,대,7600000,1,7600000,1,7600000,Y,대표품목,4731000,전북특별자치도 진안군,전북특별자치도 진안군,20250110
R25TB00026575,00,2025-01-11,1,002061437,09,23893188,"증명발급기, 한국타피, TA-2200S(NEW), 통합민원발급기",한국타피(주),중소기업,43211514,컴퓨터키오스크,4321151401,증명발급기,1,7600000,대,7600000,1,7600000,1,7600000,Y,대표품목,5470000,경상남도 거창군,경상남도 거창군,20250111
R25TB00027712,00,2025-01-13,1,0023C0107,00,23813369,"증명발급기, 광명테크, G7i, 통합민원발급기",주식회사광명테크,중소기업,43211514,컴퓨터키오스크,4321151401,증명발급기,2,15500000,대,7750000,2,15500000,2,15500000,Y,대표품목,5370124,경상남도 거제시 고현동,경상남도 거제시,20250113
R25TB00027950,00,2025-01-13,1,002061436,11,24362786,"증명발급기, 에니텍시스, AT-K300E, 무인민원발급기/시청각장애인겸용",(주)에니텍시스,중소기업,43211514,컴퓨터키오스크,4321151401,증명발급기,1,24800000,대,24800000,1,24800000,1,24800000,Y,대표품목,5790000,전남광주통합특별시 순천시,전라남도 순천시,20250113
R25TB00027951,00,2025-01-13,1,002061437,09,24292469,"증명발급기, 한국타피, TAPI-9320J, 무인민원발급기/시청각장애인겸용",한국타피(주),중소기업,43211514,컴퓨터키오스크,4321151401,증명발급기,1,24800000,대,24800000,1,24800000,1,24800000,Y,대표품목,5790000,전남광주통합특별시 순천시,전라남도 순천시,20250113
R25TB00029439,00,2025-01-13,1,002061436,11,24362786,"증명발급기, 에니텍시스, AT-K300E, 무인민원발급기/시청각장애인겸용",(주)에니텍시스,중소기업,43211514,컴퓨터키오스크,4321151401,증명발급기,2,49600000,대,24800000,2,49600000,2,49600000,Y,대표품목,5350000,경상남도 김해시,경상남도 김해시,20250113
R25TB00029440,00,2025-01-13,1,002061437,09,24292471,"증명발급기, 한국타피, TAPI-9270J, 무인민원발급기/시청각장애인겸용",한국타피(주),중소기업,43211514,컴퓨터키오스크,4321151401,증명발급기,3,71400000,대,23800000,3,71400000,3,71400000,Y,대표품목,5350000,경상남도 김해시,경상남도 김해시,20250113
R25TB00029441,00,2025-01-13,1,002260098,02,24414168,"증명발급기, 앤로보틱스, CI-9000H, 무인민원발급기/시청각장애인겸용",(주)씨아이테크,중소기업,43211514,컴퓨터키오스크,4321151401,증명발급기,3,56430000,대,18810000,3,56430000,3,56430000,Y,대표품목,5350000,경상남도 김해시,경상남도 김해시,20250113
R25TB00029722,00,2025-01-13,1,002061436,11,25202556,"증명발급기, 에니텍시스, IS-2000L, 통합민원발급기",(주)에니텍시스,중소기업,43211514,컴퓨터키오스크,4321151401,증명발급기,2,15600000,대,7800000,2,15600000,2,15600000,Y,대표품목,5350000,경상남도 김해시,경상남도 김해시,20250113
R25TB00029723,00,2025-01-13,1,002061437,09,23893188,"증명발급기, 한국타피, TA-2200S(NEW), 통합민원발급기",한국타피(주),중소기업,43211514,컴퓨터키오스크,4321151401,증명발급기,3,22800000,대,7600000,3,22800000,3,22800000,Y,대표품목,5350000,경상남도 김해시,경상남도 김해시,20250113
R25TB00030237,00,2025-01-13,1,002061436,11,25202556,"증명발급기, 에니텍시스, IS-2000L, 통합민원발급기",(주)에니텍시스,중소기업,43211514,컴퓨터키오스크,4321151401,증명발급기,1,7800000,대,7800000,1,7800000,1,7800000,Y,대표품목,3040000,서울특별시 광진구,서울특별시 광진구,20250113
R25TB00030271,00,2025-01-13,1,002061436,11,25202556,"증명발급기, 에니텍시스, IS-2000L, 통합민원발급기",(주)에니텍시스,중소기업,43211514,컴퓨터키오스크,4321151401,증명발급기,2,15600000,대,7800000,2,15600000,2,15600000,Y,대표품목,4761000,전북특별자치도 임실군,전북특별자치도 임실군,20250113
R25TB00030441,00,2025-01-13,1,002061437,09,23893188,"증명발급기, 한국타피, TA-2200S(NEW), 통합민원발급기",한국타피(주),중소기업,43211514,컴퓨터키오스크,4321151401,증명발급기,1,7600000,대,7600000,1,7600000,1,7600000,Y,대표품목,4251062,강원특별자치도 홍천군 두촌면,강원특별자치도 홍천군,20250113
R25TB00030794,00,2025-01-13,1,002061436,11,25202556,"증명발급기, 에니텍시스, IS-2000L, 통합민원발급기",(주)에니텍시스,중소기업,43211514,컴퓨터키오스크,4321151401,증명발급기,1,7800000,대,7800000,1,7800000,1,7800000,Y,대표품목,4090300,경기도 김포시 운양동,경기도 김포시,20250113
R25TB00031538,00,2025-01-13,1,002061436,11,25202556,"증명발급기, 에니텍시스, IS-2000L, 통합민원발급기",(주)에니텍시스,중소기업,43211514,컴퓨터키오스크,4321151401,증명발급기,2,15600000,대,7800000,2,15600000,2,15600000,Y,대표품목,4170000,경기도 양평군,경기도 양평군,20250113
R25TB00032746,00,2025-01-13,1,002061436,11,25202556,"증명발급기, 에니텍시스, IS-2000L, 통합민원발급기",(주)에니텍시스,중소기업,43211514,컴퓨터키오스크,4321151401,증명발급기,1,7800000,대,7800000,1,7800000,1,7800000,Y,대표품목,3070000,서울특별시 성북구,서울특별시 성북구,20250113
R25TB00033374,00,2025-01-14,1,002061436,11,25202556,"증명발급기, 에니텍시스, IS-2000L, 통합민원발급기",(주)에니텍시스,중소기업,43211514,컴퓨터키오스크,4321151401,증명발급기,4,31200000,대,7800000,4,31200000,4,31200000,Y,대표품목,3380000,부산광역시 수영구,부산광역시 수영구,20250114
R25TB00033400,00,2025-01-14,1,002061436,11,24362785,"증명발급기, 에니텍시스, AT-K300, 무인민원발급기/시청각장애인겸용",(주)에니텍시스,중소기업,43211514,컴퓨터키오스크,4321151401,증명발급기,2,43600000,대,21800000,2,43600000,2,43600000,Y,대표품목,3380000,부산광역시 수영구,부산광역시 수영구,20250114
R25TB00033974,00,2025-01-14,1,002270152,01,23581068,"버스및차량정보안내장치, 에스앤티, SND-BIT-LE6-0412, 거치형",주식회사 에스앤티,중소기업,43211514,컴퓨터키오스크,4321151403,버스및차량정보안내장치,6,43746000,식,7291000,6,43746000,6,43746000,Y,대표품목,3990000,경기도 남양주시,경기도 남양주시,20250114
R25TB00034323,00,2025-01-14,1,002270152,01,23581068,"버스및차량정보안내장치, 에스앤티, SND-BIT-LE6-0412, 거치형",주식회사 에스앤티,중소기업,43211514,컴퓨터키오스크,4321151403,버스및차량정보안내장치,4,29164000,식,7291000,4,29164000,4,29164000,Y,대표품목,3990000,경기도 남양주시,경기도 남양주시,20250114
R25TB00037331,00,2025-01-14,1,0023C0107,00,23813369,"증명발급기, 광명테크, G7i, 통합민원발급기",주식회사광명테크,중소기업,43211514,컴퓨터키오스크,4321151401,증명발급기,1,7750000,대,7750000,1,7750000,1,7750000,Y,대표품목,3480363,대구광역시 달성군 유가읍,대구광역시 달성군,20250114
R25TB00038005,00,2025-01-14,1,002061436,11,24362788,"증명발급기, 에니텍시스, AT-K200(NEW), 무인민원발급기/시청각장애인겸용",(주)에니텍시스,중소기업,43211514,컴퓨터키오스크,4321151401,증명발급기,1,19850000,대,19850000,1,19850000,1,19850000,Y,대표품목,4610048,충청남도 예산군 봉산면,충청남도 예산군,20250114
R25TB00039298,00,2025-01-15,1,002061436,11,25202556,"증명발급기, 에니텍시스, IS-2000L, 통합민원발급기",(주)에니텍시스,중소기업,43211514,컴퓨터키오스크,4321151401,증명발급기,5,39000000,대,7800000,5,39000000,5,39000000,Y,대표품목,3990000,경기도 남양주시,경기도 남양주시,20250115
R25TB00042337,00,2025-01-15,1,002061436,11,24362788,"증명발급기, 에니텍시스, AT-K200(NEW), 무인민원발급기/시청각장애인겸용",(주)에니텍시스,중소기업,43211514,컴퓨터키오스크,4321151401,증명발급기,1,19850000,대,19850000,1,19850000,1,19850000,Y,대표품목,5825074,전남광주통합특별시 광산구 우산동,광주광역시 광산구,20250115
R25TB00042725,00,2025-01-15,1,002061436,11,25202556,"증명발급기, 에니텍시스, IS-2000L, 통합민원발급기",(주)에니텍시스,중소기업,43211514,컴퓨터키오스크,4321151401,증명발급기,1,7800000,대,7800000,1,7800000,1,7800000,Y,대표품목,5800000,전남광주통합특별시 광양시,전라남도 광양시,20250115
R25TB00043472,00,2025-01-15,1,002061436,11,25202556,"증명발급기, 에니텍시스, IS-2000L, 통합민원발급기",(주)에니텍시스,중소기업,43211514,컴퓨터키오스크,4321151401,증명발급기,2,15600000,대,7800000,2,15600000,2,15600000,Y,대표품목,3080000,서울특별시 강북구,서울특별시 강북구,20250115
R25TB00043649,00,2025-01-15,1,002061437,09,24292471,"증명발급기, 한국타피, TAPI-9270J, 무인민원발급기/시청각장애인겸용",한국타피(주),중소기업,43211514,컴퓨터키오스크,4321151401,증명발급기,2,47600000,대,23800000,2,47600000,2,47600000,Y,대표품목,4100100,고양시 일산서구청,경기도 고양시 일산서구,20250115
R25TB00043792,00,2025-01-15,1,0023C0107,00,23813369,"증명발급기, 광명테크, G7i, 통합민원발급기",주식회사광명테크,중소기업,43211514,컴퓨터키오스크,4321151401,증명발급기,2,15500000,대,7750000,2,15500000,2,15500000,Y,대표품목,5540000,경기도 광주시,경기도 광주시,20250115
R25TB00045357,00,2025-01-16,1,002061437,09,24292472,"증명발급기, 한국타피, TAPI-9270T, 무인민원발급기/시청각장애인겸용",한국타피(주),중소기업,43211514,컴퓨터키오스크,4321151401,증명발급기,1,19800000,대,19800000,1,19800000,1,19800000,Y,대표품목,3360000,부산광역시 강서구,부산광역시 강서구,20250116
R25TB00045884,00,2025-01-16,1,002061436,11,25202556,"증명발급기, 에니텍시스, IS-2000L, 통합민원발급기",(주)에니텍시스,중소기업,43211514,컴퓨터키오스크,4321151401,증명발급기,1,7800000,대,7800000,1,7800000,1,7800000,Y,대표품목,3430000,대구광역시 서구,대구광역시 서구,20250116
R25TB00047993,00,2025-01-16,1,002061436,11,24362786,"증명발급기, 에니텍시스, AT-K300E, 무인민원발급기/시청각장애인겸용",(주)에니텍시스,중소기업,43211514,컴퓨터키오스크,4321151401,증명발급기,1,24800000,대,24800000,1,24800000,1,24800000,Y,대표품목,4170000,경기도 양평군,경기도 양평군,20250116
R25TB00049505,00,2025-01-16,1,002061436,11,25202556,"증명발급기, 에니텍시스, IS-2000L, 통합민원발급기",(주)에니텍시스,중소기업,43211514,컴퓨터키오스크,4321151401,증명발급기,2,15600000,대,7800000,2,15600000,2,15600000,Y,대표품목,3750000,경기도 수원시 장안구,경기도 수원시 장안구,20250116
R25TB00050448,00,2025-01-17,1,002061436,11,24362786,"증명발급기, 에니텍시스, AT-K300E, 무인민원발급기/시청각장애인겸용",(주)에니텍시스,중소기업,43211514,컴퓨터키오스크,4321151401,증명발급기,1,24800000,대,24800000,1,24800000,1,24800000,Y,대표품목,4331000,강원특별자치도 인제군,강원특별자치도 인제군,20250117
R25TB00050471,00,2025-01-17,1,002061436,11,25202556,"증명발급기, 에니텍시스, IS-2000L, 통합민원발급기",(주)에니텍시스,중소기업,43211514,컴퓨터키오스크,4321151401,증명발급기,2,15600000,대,7800000,2,15600000,2,15600000,Y,대표품목,4331000,강원특별자치도 인제군,강원특별자치도 인제군,20250117
R25TB00051606,00,2025-01-17,1,002061436,11,25202556,"증명발급기, 에니텍시스, IS-2000L, 통합민원발급기",(주)에니텍시스,중소기업,43211514,컴퓨터키오스크,4321151401,증명발급기,1,7800000,대,7800000,1,7800000,1,7800000,Y,대표품목,4520100,충청남도 아산시 온양1동,충청남도 아산시,20250117
R25TB00053464,00,2025-01-17,1,002061437,09,24292472,"증명발급기, 한국타피, TAPI-9270T, 무인민원발급기/시청각장애인겸용",한국타피(주),중소기업,43211514,컴퓨터키오스크,4321151401,증명발급기,2,39600000,대,19800000,2,39600000,2,39600000,Y,대표품목,5670140,경상남도 창원시 성산구,경상남도 창원시 성산구,20250117
R25TB00053608,00,2025-01-17,1,002370024,00,24422601,"증명발급기, 한국타피, TAPI-9320B, 무인민원발급기/시청각장애인겸용",한국타피(주),중소기업,43211514,컴퓨터키오스크,4321151401,증명발급기,1,24800000,대,24800000,1,24800000,1,24800000,N,대표품목,4420000,충청북도 보은군,충청북도 보은군,20250117
R25TB00053608,01,2025-01-21,1,002370024,00,24422601,"증명발급기, 한국타피, TAPI-9320B, 무인민원발급기/시청각장애인겸용",한국타피(주),중소기업,43211514,컴퓨터키오스크,4321151401,증명발급기,0,0,대,24800000,0,0,-1,-24800000,Y,대표품목,4420000,충청북도 보은군,충청북도 보은군,20250117
R25TB00053613,00,2025-01-17,1,002061437,09,23893188,"증명발급기, 한국타피, TA-2200S(NEW), 통합민원발급기",한국타피(주),중소기업,43211514,컴퓨터키오스크,4321151401,증명발급기,1,7600000,대,7600000,1,7600000,1,7600000,Y,대표품목,3800015,경기도 성남시 중원구 금광2동,경기도 성남시 중원구,20250117
R25TB00054041,00,2025-01-17,1,002061436,11,25202556,"증명발급기, 에니텍시스, IS-2000L, 통합민원발급기",(주)에니텍시스,중소기업,43211514,컴퓨터키오스크,4321151401,증명발급기,1,7800000,대,7800000,1,7800000,1,7800000,Y,대표품목,3280000,부산광역시 영도구,부산광역시 영도구,20250117
R25TB00054532,00,2025-01-17,1,0023C0245,00,22470740,"증명발급기, 본시스, BON7000s, 컬러통합민원발급기",(주)본시스,중소기업,43211514,컴퓨터키오스크,4321151401,증명발급기,1,7860000,대,7860000,1,7860000,1,7860000,Y,대표품목,4390061,충청북도 충주시 지현동,충청북도 충주시,20250117
R25TB00054732,00,2025-01-17,1,002061437,09,23893188,"증명발급기, 한국타피, TA-2200S(NEW), 통합민원발급기",한국타피(주),중소기업,43211514,컴퓨터키오스크,4321151401,증명발급기,1,7600000,대,7600000,1,7600000,1,7600000,Y,대표품목,4490080,충청남도 천안시 풍세면,충청남도 천안시 동남구,20250117
R25TB00055480,00,2025-01-18,1,002061436,11,25202556,"증명발급기, 에니텍시스, IS-2000L, 통합민원발급기",(주)에니텍시스,중소기업,43211514,컴퓨터키오스크,4321151401,증명발급기,3,23400000,대,7800000,3,23400000,3,23400000,Y,대표품목,4201000,강원특별자치도 강릉시,강원특별자치도 강릉시,20250118
R25TB00055666,00,2025-01-19,1,002061436,11,25202556,"증명발급기, 에니텍시스, IS-2000L, 통합민원발급기",(주)에니텍시스,중소기업,43211514,컴퓨터키오스크,4321151401,증명발급기,1,7800000,대,7800000,1,7800000,1,7800000,N,대표품목,4191000,강원특별자치도 원주시,강원특별자치도 원주시,20250119
R25TB00055666,01,2025-01-22,1,002061436,11,25202556,"증명발급기, 에니텍시스, IS-2000L, 통합민원발급기",(주)에니텍시스,중소기업,43211514,컴퓨터키오스크,4321151401,증명발급기,0,0,대,7800000,0,0,-1,-7800000,Y,대표품목,4191000,강원특별자치도 원주시,강원특별자치도 원주시,20250119
R25TB00056695,00,2025-01-20,1,0023C0107,00,23813369,"증명발급기, 광명테크, G7i, 통합민원발급기",주식회사광명테크,중소기업,43211514,컴퓨터키오스크,4321151401,증명발급기,1,7750000,대,7750000,1,7750000,1,7750000,Y,대표품목,5370055,경상남도 거제시 능포동,경상남도 거제시,20250120
R25TB00057413,00,2025-01-20,1,002370024,00,24422601,"증명발급기, 한국타피, TAPI-9320B, 무인민원발급기/시청각장애인겸용",한국타피(주),중소기업,43211514,컴퓨터키오스크,4321151401,증명발급기,3,74400000,대,24800000,3,74400000,3,74400000,Y,대표품목,4020000,경기도 군포시,경기도 군포시,20250120
R25TB00058010,00,2025-01-20,1,002061436,11,25202556,"증명발급기, 에니텍시스, IS-2000L, 통합민원발급기",(주)에니텍시스,중소기업,43211514,컴퓨터키오스크,4321151401,증명발급기,2,15600000,대,7800000,2,15600000,2,15600000,Y,대표품목,4751000,전북특별자치도 장수군,전북특별자치도 장수군,20250120
R25TB00058458,00,2025-01-20,1,0023C0107,00,23813369,"증명발급기, 광명테크, G7i, 통합민원발급기",주식회사광명테크,중소기업,43211514,컴퓨터키오스크,4321151401,증명발급기,1,7750000,대,7750000,1,7750000,1,7750000,Y,대표품목,5130047,경상북도 경산시 남부동,경상북도 경산시,20250120
R25TB00059102,00,2025-01-20,1,002061437,09,24292472,"증명발급기, 한국타피, TAPI-9270T, 무인민원발급기/시청각장애인겸용",한국타피(주),중소기업,43211514,컴퓨터키오스크,4321151401,증명발급기,2,39600000,대,19800000,2,39600000,2,39600000,Y,대표품목,5470000,경상남도 거창군,경상남도 거창군,20250120
R25TB00061069,00,2025-01-20,1,002061436,11,25202556,"증명발급기, 에니텍시스, IS-2000L, 통합민원발급기",(주)에니텍시스,중소기업,43211514,컴퓨터키오스크,4321151401,증명발급기,3,23400000,대,7800000,3,23400000,3,23400000,Y,대표품목,3760000,경기도 수원시 권선구,경기도 수원시 권선구,20250120
R25TB00061785,00,2025-01-21,1,002061437,09,23893188,"증명발급기, 한국타피, TA-2200S(NEW), 통합민원발급기",한국타피(주),중소기업,43211514,컴퓨터키오스크,4321151401,증명발급기,2,15200000,대,7600000,2,15200000,2,15200000,Y,대표품목,3800030,경기도 성남시 중원구 도촌동,경기도 성남시 중원구,20250121
R25TB00062242,00,2025-01-21,1,002270152,01,23581068,"버스및차량정보안내장치, 에스앤티, SND-BIT-LE6-0412, 거치형",주식회사 에스앤티,중소기업,43211514,컴퓨터키오스크,4321151403,버스및차량정보안내장치,27,196857000,식,7291000,27,196857000,27,196857000,Y,대표품목,3990000,경기도 남양주시,경기도 남양주시,20250121
R25TB00062736,00,2025-01-21,1,0023C0107,00,23813369,"증명발급기, 광명테크, G7i, 통합민원발급기",주식회사광명테크,중소기업,43211514,컴퓨터키오스크,4321151401,증명발급기,1,7750000,대,7750000,1,7750000,1,7750000,Y,대표품목,5540311,경기도 광주시 오포1동,경기도 광주시,20250121
R25TB00064293,00,2025-01-21,1,0023C0107,00,23777412,"증명발급기, 광명테크, G7, 통합민원발급기",주식회사광명테크,중소기업,43211514,컴퓨터키오스크,4321151401,증명발급기,1,7700000,대,7700000,1,7700000,1,7700000,Y,대표품목,5130038,경상북도 경산시 진량읍,경상북도 경산시,20250121
R25TB00064945,00,2025-01-21,1,002061436,11,25202556,"증명발급기, 에니텍시스, IS-2000L, 통합민원발급기",(주)에니텍시스,중소기업,43211514,컴퓨터키오스크,4321151401,증명발급기,1,7800000,대,7800000,1,7800000,1,7800000,Y,대표품목,4520055,충청남도 아산시 둔포면,충청남도 아산시,20250121
R25TB00066613,00,2025-01-21,1,002061437,09,23893188,"증명발급기, 한국타피, TA-2200S(NEW), 통합민원발급기",한국타피(주),중소기업,43211514,컴퓨터키오스크,4321151401,증명발급기,1,7600000,대,7600000,1,7600000,1,7600000,Y,대표품목,3800012,경기도 성남시 중원구 성남동,경기도 성남시 중원구,20250121
R25TB00067570,00,2025-01-21,1,002370024,00,24422601,"증명발급기, 한국타피, TAPI-9320B, 무인민원발급기/시청각장애인겸용",한국타피(주),중소기업,43211514,컴퓨터키오스크,4321151401,증명발급기,1,24800000,대,24800000,1,24800000,1,24800000,Y,대표품목,5480000,경상남도 합천군,경상남도 합천군,20250121
R25TB00069081,00,2025-01-22,1,002370024,00,24422601,"증명발급기, 한국타피, TAPI-9320B, 무인민원발급기/시청각장애인겸용",한국타피(주),중소기업,43211514,컴퓨터키오스크,4321151401,증명발급기,1,24800000,대,24800000,1,24800000,1,24800000,Y,대표품목,4500000,충청남도 공주시,충청남도 공주시,20250122
R25TB00070768,00,2025-01-22,1,002061436,11,25202556,"증명발급기, 에니텍시스, IS-2000L, 통합민원발급기",(주)에니텍시스,중소기업,43211514,컴퓨터키오스크,4321151401,증명발급기,1,7800000,대,7800000,1,7800000,1,7800000,Y,대표품목,3810040,경기도 성남시 분당구 서현1동,경기도 성남시 분당구,20250122
R25TB00071427,00,2025-01-22,1,002061436,11,24362786,"증명발급기, 에니텍시스, AT-K300E, 무인민원발급기/시청각장애인겸용",(주)에니텍시스,중소기업,43211514,컴퓨터키오스크,4321151401,증명발급기,4,99200000,대,24800000,4,99200000,4,99200000,Y,대표품목,3020000,서울특별시 용산구,서울특별시 용산구,20250122
R25TB00071994,00,2025-01-22,1,002061436,11,25202556,"증명발급기, 에니텍시스, IS-2000L, 통합민원발급기",(주)에니텍시스,중소기업,43211514,컴퓨터키오스크,4321151401,증명발급기,1,7800000,대,7800000,1,7800000,1,7800000,Y,대표품목,5620000,경기도 용인시 처인구,경기도 용인시 처인구,20250122
R25TB00072020,00,2025-01-22,1,002061437,09,24292472,"증명발급기, 한국타피, TAPI-9270T, 무인민원발급기/시청각장애인겸용",한국타피(주),중소기업,43211514,컴퓨터키오스크,4321151401,증명발급기,1,19800000,대,19800000,1,19800000,1,19800000,Y,대표품목,5620000,경기도 용인시 처인구,경기도 용인시 처인구,20250122
R25TB00072049,00,2025-01-22,1,002061436,11,25202556,"증명발급기, 에니텍시스, IS-2000L, 통합민원발급기",(주)에니텍시스,중소기업,43211514,컴퓨터키오스크,4321151401,증명발급기,1,7800000,대,7800000,1,7800000,1,7800000,Y,대표품목,3530026,인천광역시 남동구 간석3동,인천광역시 남동구,20250122
R25TB00073019,00,2025-01-22,1,0023C0245,00,22470740,"증명발급기, 본시스, BON7000s, 컬러통합민원발급기",(주)본시스,중소기업,43211514,컴퓨터키오스크,4321151401,증명발급기,1,7860000,대,7860000,1,7860000,1,7860000,Y,대표품목,4281074,강원특별자치도 평창군 평창읍,강원특별자치도 평창군,20250122
R25TB00073629,00,2025-01-22,1,002061436,11,25202556,"증명발급기, 에니텍시스, IS-2000L, 통합민원발급기",(주)에니텍시스,중소기업,43211514,컴퓨터키오스크,4321151401,증명발급기,1,7800000,대,7800000,1,7800000,1,7800000,Y,대표품목,5590028,경기도 양주시 광적면,경기도 양주시,20250122
R25TB00073701,00,2025-01-22,1,002061437,09,24292471,"증명발급기, 한국타피, TAPI-9270J, 무인민원발급기/시청각장애인겸용",한국타피(주),중소기업,43211514,컴퓨터키오스크,4321151401,증명발급기,1,23800000,대,23800000,1,23800000,1,23800000,Y,대표품목,3450000,대구광역시 북구,대구광역시 북구,20250122
R25TB00074004,00,2025-01-22,1,002061436,11,25202555,"증명발급기, 에니텍시스, IS-2000M, 통합민원발급기",(주)에니텍시스,중소기업,43211514,컴퓨터키오스크,4321151401,증명발급기,1,8500000,대,8500000,1,8500000,1,8500000,Y,대표품목,4500052,충청남도 공주시 유구읍,충청남도 공주시,20250122
R25TB00076172,00,2025-01-23,1,002061436,11,25202556,"증명발급기, 에니텍시스, IS-2000L, 통합민원발급기",(주)에니텍시스,중소기업,43211514,컴퓨터키오스크,4321151401,증명발급기,2,15600000,대,7800000,2,15600000,2,15600000,Y,대표품목,4060000,경기도 파주시,경기도 파주시,20250123
R25TB00076999,00,2025-01-23,1,002061437,09,24292472,"증명발급기, 한국타피, TAPI-9270T, 무인민원발급기/시청각장애인겸용",한국타피(주),중소기업,43211514,컴퓨터키오스크,4321151401,증명발급기,1,19800000,대,19800000,1,19800000,1,19800000,Y,대표품목,5785000,전남광주통합특별시 여수시,전라남도 여수시,20250123
R25TB00077677,00,2025-01-23,1,002061436,11,24362785,"증명발급기, 에니텍시스, AT-K300, 무인민원발급기/시청각장애인겸용",(주)에니텍시스,중소기업,43211514,컴퓨터키오스크,4321151401,증명발급기,2,43600000,대,21800000,2,43600000,2,43600000,Y,대표품목,4351000,강원특별자치도 양양군,강원특별자치도 양양군,20250123
R25TB00078473,00,2025-01-23,1,002061437,09,24292471,"증명발급기, 한국타피, TAPI-9270J, 무인민원발급기/시청각장애인겸용",한국타피(주),중소기업,43211514,컴퓨터키오스크,4321151401,증명발급기,3,71400000,대,23800000,3,71400000,3,71400000,Y,대표품목,3020000,서울특별시 용산구,서울특별시 용산구,20250123
R25TB00079271,00,2025-01-23,1,002061436,11,24362788,"증명발급기, 에니텍시스, AT-K200(NEW), 무인민원발급기/시청각장애인겸용",(주)에니텍시스,중소기업,43211514,컴퓨터키오스크,4321151401,증명발급기,5,99250000,대,19850000,5,99250000,5,99250000,Y,대표품목,3160000,서울특별시 구로구,서울특별시 구로구,20250123
R25TB00079336,00,2025-01-23,1,0023C0107,00,24359645,"증명발급기, 광명테크, G10s, 무인민원발급기/시청각장애인겸용/촉각모니터",주식회사광명테크,중소기업,43211514,컴퓨터키오스크,4321151401,증명발급기,1,24800000,대,24800000,1,24800000,1,24800000,Y,대표품목,4420000,충청북도 보은군,충청북도 보은군,20250123
R25TB00079428,00,2025-01-23,1,0023C0245,00,22764188,"증명발급기, 본시스, BON-6000K, 통합민원발급기",(주)본시스,중소기업,43211514,컴퓨터키오스크,4321151401,증명발급기,2,13700000,대,6850000,2,13700000,2,13700000,Y,대표품목,4420000,충청북도 보은군,충청북도 보은군,20250123
R25TB00079556,00,2025-01-23,1,002061437,09,24292472,"증명발급기, 한국타피, TAPI-9270T, 무인민원발급기/시청각장애인겸용",한국타피(주),중소기업,43211514,컴퓨터키오스크,4321151401,증명발급기,1,19800000,대,19800000,1,19800000,1,19800000,Y,대표품목,5450000,경상남도 산청군,경상남도 산청군,20250123
R25TB00080110,00,2025-01-23,1,002061436,11,25202556,"증명발급기, 에니텍시스, IS-2000L, 통합민원발급기",(주)에니텍시스,중소기업,43211514,컴퓨터키오스크,4321151401,증명발급기,3,23400000,대,7800000,3,23400000,3,23400000,Y,대표품목,3210000,서울특별시 서초구,서울특별시 서초구,20250123
R25TB00084854,00,2025-01-24,1,0023C0107,00,24359644,"증명발급기, 광명테크, G10, 무인민원발급기/시청각장애인겸용",주식회사광명테크,중소기업,43211514,컴퓨터키오스크,4321151401,증명발급기,1,19800000,대,19800000,1,19800000,1,19800000,Y,대표품목,3240000,서울특별시 강동구,서울특별시 강동구,20250124
R25TB00085646,00,2025-01-24,1,002061437,09,24292472,"증명발급기, 한국타피, TAPI-9270T, 무인민원발급기/시청각장애인겸용",한국타피(주),중소기업,43211514,컴퓨터키오스크,4321151401,증명발급기,1,19800000,대,19800000,1,19800000,1,19800000,Y,대표품목,3350000,부산광역시 금정구,부산광역시 금정구,20250124
R25TB00086162,00,2025-01-24,1,002061436,11,25202556,"증명발급기, 에니텍시스, IS-2000L, 통합민원발급기",(주)에니텍시스,중소기업,43211514,컴퓨터키오스크,4321151401,증명발급기,4,31200000,대,7800000,4,31200000,4,31200000,Y,대표품목,5380000,경상남도 양산시,경상남도 양산시,20250124
R25TB00086163,00,2025-01-24,1,0023C0107,00,23813369,"증명발급기, 광명테크, G7i, 통합민원발급기",주식회사광명테크,중소기업,43211514,컴퓨터키오스크,4321151401,증명발급기,1,7750000,대,7750000,1,7750000,1,7750000,Y,대표품목,5380000,경상남도 양산시,경상남도 양산시,20250124
R25TB00086164,00,2025-01-24,1,0023C0245,00,22764188,"증명발급기, 본시스, BON-6000K, 통합민원발급기",(주)본시스,중소기업,43211514,컴퓨터키오스크,4321151401,증명발급기,1,6850000,대,6850000,1,6850000,1,6850000,Y,대표품목,5380000,경상남도 양산시,경상남도 양산시,20250124
R25TB00086427,00,2025-01-24,1,002061436,11,25202556,"증명발급기, 에니텍시스, IS-2000L, 통합민원발급기",(주)에니텍시스,중소기업,43211514,컴퓨터키오스크,4321151401,증명발급기,1,7800000,대,7800000,1,7800000,1,7800000,Y,대표품목,3840013,경기도 안양시 만안구 안양3동,경기도 안양시 만안구,20250124
R25TB00087307,00,2025-01-29,1,002061436,11,25202556,"증명발급기, 에니텍시스, IS-2000L, 통합민원발급기",(주)에니텍시스,중소기업,43211514,컴퓨터키오스크,4321151401,증명발급기,3,23400000,대,7800000,3,23400000,3,23400000,Y,대표품목,4060000,경기도 파주시,경기도 파주시,20250129
R25TB00088298,00,2025-01-31,1,002061436,11,25202556,"증명발급기, 에니텍시스, IS-2000L, 통합민원발급기",(주)에니텍시스,중소기업,43211514,컴퓨터키오스크,4321151401,증명발급기,1,7800000,대,7800000,1,7800000,1,7800000,Y,대표품목,4191099,강원특별자치도 원주시 무실동,강원특별자치도 원주시,20250131
R25TB00089858,00,2025-01-31,1,0023C0107,00,24359644,"증명발급기, 광명테크, G10, 무인민원발급기/시청각장애인겸용",주식회사광명테크,중소기업,43211514,컴퓨터키오스크,4321151401,증명발급기,1,19800000,대,19800000,1,19800000,1,19800000,Y,대표품목,5130000,경상북도 경산시,경상북도 경산시,20250131
R25TB00090684,00,2025-01-31,1,002061436,11,25202556,"증명발급기, 에니텍시스, IS-2000L, 통합민원발급기",(주)에니텍시스,중소기업,43211514,컴퓨터키오스크,4321151401,증명발급기,10,78000000,대,7800000,10,78000000,10,78000000,Y,대표품목,4010000,경기도 시흥시,경기도 시흥시,20250131
R25TB00091426,00,2025-01-31,1,002061436,11,24362785,"증명발급기, 에니텍시스, AT-K300, 무인민원발급기/시청각장애인겸용",(주)에니텍시스,중소기업,43211514,컴퓨터키오스크,4321151401,증명발급기,2,43600000,대,21800000,2,43600000,2,43600000,Y,대표품목,4620000,충청남도 태안군,충청남도 태안군,20250131
R25TB00098918,00,2025-02-03,1,002061436,11,24362785,"증명발급기, 에니텍시스, AT-K300, 무인민원발급기/시청각장애인겸용",(주)에니텍시스,중소기업,43211514,컴퓨터키오스크,4321151401,증명발급기,3,65400000,대,21800000,3,65400000,3,65400000,Y,대표품목,5440000,경상남도 하동군,경상남도 하동군,20250203
R25TB00099911,00,2025-02-04,1,002061436,11,25202556,"증명발급기, 에니텍시스, IS-2000L, 통합민원발급기",(주)에니텍시스,중소기업,43211514,컴퓨터키오스크,4321151401,증명발급기,1,7800000,대,7800000,1,7800000,1,7800000,Y,대표품목,4191000,강원특별자치도 원주시,강원특별자치도 원주시,20250204
R25TB00100103,00,2025-02-04,1,002061436,11,25202556,"증명발급기, 에니텍시스, IS-2000L, 통합민원발급기",(주)에니텍시스,중소기업,43211514,컴퓨터키오스크,4321151401,증명발급기,2,15600000,대,7800000,2,15600000,2,15600000,Y,대표품목,4671000,전북특별자치도 군산시,전북특별자치도 군산시,20250204
R25TB00100844,00,2025-02-04,1,0023C0107,00,23813369,"증명발급기, 광명테크, G7i, 통합민원발급기",주식회사광명테크,중소기업,43211514,컴퓨터키오스크,4321151401,증명발급기,1,7750000,대,7750000,1,7750000,1,7750000,Y,대표품목,4700067,전라북도 남원시 도통동,전북특별자치도 남원시,20250204
R25TB00101215,00,2025-02-04,1,002061436,11,25202556,"증명발급기, 에니텍시스, IS-2000L, 통합민원발급기",(주)에니텍시스,중소기업,43211514,컴퓨터키오스크,4321151401,증명발급기,2,15600000,대,7800000,2,15600000,2,15600000,Y,대표품목,3130000,서울특별시 마포구,서울특별시 마포구,20250204
R25TB00103284,00,2025-02-04,1,002061437,09,24292472,"증명발급기, 한국타피, TAPI-9270T, 무인민원발급기/시청각장애인겸용",한국타피(주),중소기업,43211514,컴퓨터키오스크,4321151401,증명발급기,1,19800000,대,19800000,1,19800000,1,19800000,Y,대표품목,5630000,경기도 용인시 기흥구,경기도 용인시 기흥구,20250204
R25TB00110213,00,2025-02-05,1,002061436,11,24362785,"증명발급기, 에니텍시스, AT-K300, 무인민원발급기/시청각장애인겸용",(주)에니텍시스,중소기업,43211514,컴퓨터키오스크,4321151401,증명발급기,1,21800000,대,21800000,1,21800000,1,21800000,Y,대표품목,4721000,전북특별자치도 완주군,전북특별자치도 완주군,20250205
R25TB00111345,00,2025-02-05,1,0023C0107,00,24359645,"증명발급기, 광명테크, G10s, 무인민원발급기/시청각장애인겸용/촉각모니터",주식회사광명테크,중소기업,43211514,컴퓨터키오스크,4321151401,증명발급기,1,24800000,대,24800000,1,24800000,1,24800000,Y,대표품목,4321000,강원특별자치도 양구군,강원특별자치도 양구군,20250205
R25TB00112921,00,2025-02-05,1,002061436,11,25202556,"증명발급기, 에니텍시스, IS-2000L, 통합민원발급기",(주)에니텍시스,중소기업,43211514,컴퓨터키오스크,4321151401,증명발급기,2,15600000,대,7800000,2,15600000,2,15600000,Y,대표품목,3370028,부산광역시 연제구 연산1동,부산광역시 연제구,20250205
R25TB00114487,00,2025-02-05,1,002061436,11,25202556,"증명발급기, 에니텍시스, IS-2000L, 통합민원발급기",(주)에니텍시스,중소기업,43211514,컴퓨터키오스크,4321151401,증명발급기,3,23400000,대,7800000,3,23400000,3,23400000,Y,대표품목,5680000,충청남도 당진시,충청남도 당진시,20250205
R25TB00115621,00,2025-02-05,1,002061436,11,25202556,"증명발급기, 에니텍시스, IS-2000L, 통합민원발급기",(주)에니텍시스,중소기업,43211514,컴퓨터키오스크,4321151401,증명발급기,1,7800000,대,7800000,1,7800000,1,7800000,Y,대표품목,3920026,경기도 동두천시 소요동,경기도 동두천시,20250205
R25TB00115727,00,2025-02-05,1,002061436,11,25202556,"증명발급기, 에니텍시스, IS-2000L, 통합민원발급기",(주)에니텍시스,중소기업,43211514,컴퓨터키오스크,4321151401,증명발급기,1,7800000,대,7800000,1,7800000,1,7800000,Y,대표품목,3770000,경기도 수원시 팔달구,경기도 수원시 팔달구,20250205
R25TB00115780,00,2025-02-05,1,002061436,11,25202556,"증명발급기, 에니텍시스, IS-2000L, 통합민원발급기",(주)에니텍시스,중소기업,43211514,컴퓨터키오스크,4321151401,증명발급기,7,54600000,대,7800000,7,54600000,7,54600000,Y,대표품목,3220000,서울특별시 강남구,서울특별시 강남구,20250205
R25TB00117385,00,2025-02-06,1,002061436,11,25202556,"증명발급기, 에니텍시스, IS-2000L, 통합민원발급기",(주)에니텍시스,중소기업,43211514,컴퓨터키오스크,4321151401,증명발급기,1,7800000,대,7800000,1,7800000,1,7800000,Y,대표품목,5141045,대구광역시 군위군 군위읍,대구광역시 군위군,20250206
R25TB00117617,00,2025-02-06,1,002061436,11,25202556,"증명발급기, 에니텍시스, IS-2000L, 통합민원발급기",(주)에니텍시스,중소기업,43211514,컴퓨터키오스크,4321151401,증명발급기,1,7800000,대,7800000,1,7800000,1,7800000,Y,대표품목,3850023,경기도 안양시 동안구 호계2동,경기도 안양시 동안구,20250206
R25TB00118305,00,2025-02-06,1,002370024,00,24422601,"증명발급기, 한국타피, TAPI-9320B, 무인민원발급기/시청각장애인겸용",한국타피(주),중소기업,43211514,컴퓨터키오스크,4321151401,증명발급기,1,24800000,대,24800000,1,24800000,1,24800000,Y,대표품목,3430000,대구광역시 서구,대구광역시 서구,20250206
R25TB00119047,00,2025-02-06,1,002061436,11,25202556,"증명발급기, 에니텍시스, IS-2000L, 통합민원발급기",(주)에니텍시스,중소기업,43211514,컴퓨터키오스크,4321151401,증명발급기,1,7800000,대,7800000,1,7800000,1,7800000,Y,대표품목,3891014,경기도 부천시 오정구 고강1동,경기도 부천시 오정구,20250206
R25TB00119643,00,2025-02-06,1,002370024,00,24422601,"증명발급기, 한국타피, TAPI-9320B, 무인민원발급기/시청각장애인겸용",한국타피(주),중소기업,43211514,컴퓨터키오스크,4321151401,증명발급기,1,24800000,대,24800000,1,24800000,1,24800000,Y,대표품목,3640000,대전광역시 동구,대전광역시 동구,20250206
R25TB00120880,00,2025-02-06,1,002061436,11,25202556,"증명발급기, 에니텍시스, IS-2000L, 통합민원발급기",(주)에니텍시스,중소기업,43211514,컴퓨터키오스크,4321151401,증명발급기,1,7800000,대,7800000,1,7800000,1,7800000,Y,대표품목,3561000,인천광역시 서해구,인천광역시 서구,20250206
R25TB00121819,00,2025-02-06,1,002370024,00,24422601,"증명발급기, 한국타피, TAPI-9320B, 무인민원발급기/시청각장애인겸용",한국타피(주),중소기업,43211514,컴퓨터키오스크,4321151401,증명발급기,1,24800000,대,24800000,1,24800000,1,24800000,Y,대표품목,5910000,전남광주통합특별시 신안군,전라남도 신안군,20250206
R25TB00124046,00,2025-02-06,1,002061436,11,25202556,"증명발급기, 에니텍시스, IS-2000L, 통합민원발급기",(주)에니텍시스,중소기업,43211514,컴퓨터키오스크,4321151401,증명발급기,1,7800000,대,7800000,1,7800000,1,7800000,Y,대표품목,3030000,서울특별시 성동구,서울특별시 성동구,20250206
R25TB00124529,00,2025-02-07,1,002061436,11,25202556,"증명발급기, 에니텍시스, IS-2000L, 통합민원발급기",(주)에니텍시스,중소기업,43211514,컴퓨터키오스크,4321151401,증명발급기,2,15600000,대,7800000,2,15600000,2,15600000,Y,대표품목,3290042,부산광역시 부산진구 당감1동,부산광역시 부산진구,20250207
R25TB00127576,00,2025-02-07,1,002061436,11,25202556,"증명발급기, 에니텍시스, IS-2000L, 통합민원발급기",(주)에니텍시스,중소기업,43211514,컴퓨터키오스크,4321151401,증명발급기,1,7800000,대,7800000,1,7800000,1,7800000,Y,대표품목,3530033,인천광역시 남동구 만수6동,인천광역시 남동구,20250207
R25TB00130088,00,2025-02-07,1,002061436,11,25202556,"증명발급기, 에니텍시스, IS-2000L, 통합민원발급기",(주)에니텍시스,중소기업,43211514,컴퓨터키오스크,4321151401,증명발급기,1,7800000,대,7800000,1,7800000,1,7800000,Y,대표품목,5250000,경상북도 울진군,경상북도 울진군,20250207
R25TB00130089,00,2025-02-07,1,0023C0245,00,22470740,"증명발급기, 본시스, BON7000s, 컬러통합민원발급기",(주)본시스,중소기업,43211514,컴퓨터키오스크,4321151401,증명발급기,1,7860000,대,7860000,1,7860000,1,7860000,Y,대표품목,5250000,경상북도 울진군,경상북도 울진군,20250207
R25TB00130095,00,2025-02-07,1,002061436,11,24362788,"증명발급기, 에니텍시스, AT-K200(NEW), 무인민원발급기/시청각장애인겸용",(주)에니텍시스,중소기업,43211514,컴퓨터키오스크,4321151401,증명발급기,1,19850000,대,19850000,1,19850000,1,19850000,Y,대표품목,5250000,경상북도 울진군,경상북도 울진군,20250207
R25TB00130131,00,2025-02-08,1,002061436,11,25202556,"증명발급기, 에니텍시스, IS-2000L, 통합민원발급기",(주)에니텍시스,중소기업,43211514,컴퓨터키오스크,4321151401,증명발급기,1,7800000,대,7800000,1,7800000,1,7800000,Y,대표품목,3070000,서울특별시 성북구,서울특별시 성북구,20250208
R25TB00130541,00,2025-02-09,1,002370024,00,24422601,"증명발급기, 한국타피, TAPI-9320B, 무인민원발급기/시청각장애인겸용",한국타피(주),중소기업,43211514,컴퓨터키오스크,4321151401,증명발급기,2,49600000,대,24800000,2,49600000,2,49600000,Y,대표품목,4430000,충청북도 옥천군,충청북도 옥천군,20250209
R25TB00130727,00,2025-02-09,1,002061436,11,24362786,"증명발급기, 에니텍시스, AT-K300E, 무인민원발급기/시청각장애인겸용",(주)에니텍시스,중소기업,43211514,컴퓨터키오스크,4321151401,증명발급기,2,49600000,대,24800000,2,49600000,2,49600000,Y,대표품목,3030000,서울특별시 성동구,서울특별시 성동구,20250209
R25TB00133854,00,2025-02-10,1,002061437,09,24292472,"증명발급기, 한국타피, TAPI-9270T, 무인민원발급기/시청각장애인겸용",한국타피(주),중소기업,43211514,컴퓨터키오스크,4321151401,증명발급기,2,39600000,대,19800000,2,39600000,2,39600000,Y,대표품목,5680000,충청남도 당진시,충청남도 당진시,20250210
R25TB00135767,00,2025-02-10,1,002061436,11,25202556,"증명발급기, 에니텍시스, IS-2000L, 통합민원발급기",(주)에니텍시스,중소기업,43211514,컴퓨터키오스크,4321151401,증명발급기,1,7800000,대,7800000,1,7800000,1,7800000,Y,대표품목,4090249,경기도 김포시 양촌읍,경기도 김포시,20250210
R25TB00137803,00,2025-02-11,1,002061436,11,25202556,"증명발급기, 에니텍시스, IS-2000L, 통합민원발급기",(주)에니텍시스,중소기업,43211514,컴퓨터키오스크,4321151401,증명발급기,1,7800000,대,7800000,1,7800000,1,7800000,Y,대표품목,3871020,약대동 행정복지센터,경기도 부천시 원미구,20250211
R25TB00138231,00,2025-02-11,1,002061436,11,25202556,"증명발급기, 에니텍시스, IS-2000L, 통합민원발급기",(주)에니텍시스,중소기업,43211514,컴퓨터키오스크,4321151401,증명발급기,1,7800000,대,7800000,1,7800000,1,7800000,Y,대표품목,3530119,인천광역시 남동구 논현고잔동,인천광역시 남동구,20250211
R25TB00138281,00,2025-02-11,1,002061437,09,24292471,"증명발급기, 한국타피, TAPI-9270J, 무인민원발급기/시청각장애인겸용",한국타피(주),중소기업,43211514,컴퓨터키오스크,4321151401,증명발급기,1,23800000,대,23800000,1,23800000,1,23800000,Y,대표품목,3960100,경기도 고양시 일산동구,경기도 고양시 일산동구,20250211
R25TB00139564,00,2025-02-11,1,002061437,09,24292472,"증명발급기, 한국타피, TAPI-9270T, 무인민원발급기/시청각장애인겸용",한국타피(주),중소기업,43211514,컴퓨터키오스크,4321151401,증명발급기,1,19800000,대,19800000,1,19800000,1,19800000,Y,대표품목,4580035,충청남도 서천군 마서면,충청남도 서천군,20250211
R25TB00142050,00,2025-02-11,1,002061436,11,25202556,"증명발급기, 에니텍시스, IS-2000L, 통합민원발급기",(주)에니텍시스,중소기업,43211514,컴퓨터키오스크,4321151401,증명발급기,9,70200000,대,7800000,9,70200000,9,70200000,Y,대표품목,3210000,서울특별시 서초구,서울특별시 서초구,20250211
R25TB00142575,00,2025-02-11,1,002270152,01,23581068,"버스및차량정보안내장치, 에스앤티, SND-BIT-LE6-0412, 거치형",주식회사 에스앤티,중소기업,43211514,컴퓨터키오스크,4321151403,버스및차량정보안내장치,1,7291000,식,7291000,2,7547000,1,7291000,Y,대표품목,4140000,경기도 연천군,경기도 연천군,20250211
R25TB00142575,00,2025-02-11,2,002270152,01,23815862,"버스및차량정보안내장치, 에스앤티, BIT-ST-LE6-0412BK(S), (부품)",주식회사 에스앤티,중소기업,43211514,컴퓨터키오스크,4321151403,버스및차량정보안내장치,1,256000,식,256000,2,7547000,1,256000,Y,별도구매,4140000,경기도 연천군,경기도 연천군,20250211
R25TB00142679,00,2025-02-11,1,002270152,01,23581066,"버스및차량정보안내장치, 에스앤티, SNS-BIT-LE6-0412, 거치형",주식회사 에스앤티,중소기업,43211514,컴퓨터키오스크,4321151403,버스및차량정보안내장치,3,19569000,식,6523000,6,20337000,3,19569000,Y,대표품목,4140000,경기도 연천군,경기도 연천군,20250211
R25TB00142679,00,2025-02-11,2,002270152,01,23815862,"버스및차량정보안내장치, 에스앤티, BIT-ST-LE6-0412BK(S), (부품)",주식회사 에스앤티,중소기업,43211514,컴퓨터키오스크,4321151403,버스및차량정보안내장치,3,768000,식,256000,6,20337000,3,768000,Y,별도구매,4140000,경기도 연천군,경기도 연천군,20250211
R25TB00145008,00,2025-02-12,1,002370024,00,24422601,"증명발급기, 한국타피, TAPI-9320B, 무인민원발급기/시청각장애인겸용",한국타피(주),중소기업,43211514,컴퓨터키오스크,4321151401,증명발급기,3,74400000,대,24800000,3,74400000,3,74400000,Y,대표품목,5875000,전남광주통합특별시 영암군,전라남도 영암군,20250212
R25TB00148504,00,2025-02-12,1,002061436,11,25202556,"증명발급기, 에니텍시스, IS-2000L, 통합민원발급기",(주)에니텍시스,중소기업,43211514,컴퓨터키오스크,4321151401,증명발급기,1,7800000,대,7800000,1,7800000,1,7800000,Y,대표품목,5810000,전남광주통합특별시 서구,광주광역시 서구,20250212
R25TB00150554,00,2025-02-12,1,002270152,01,23581064,"버스및차량정보안내장치, 에스앤티, SNS-BIT-LED-0412BC, 거치형",주식회사 에스앤티,중소기업,43211514,컴퓨터키오스크,4321151403,버스및차량정보안내장치,4,25980000,식,6495000,55,123477000,4,25980000,Y,대표품목,4160000,경기도 가평군,경기도 가평군,20250212
R25TB00150554,00,2025-02-12,2,002270152,01,23809589,"버스및차량정보안내장치, 에스앤티, SNS-BIT-LC6-0412L5, 거치형",주식회사 에스앤티,중소기업,43211514,컴퓨터키오스크,4321151403,버스및차량정보안내장치,9,63351000,식,7039000,55,123477000,9,63351000,Y,대표품목,4160000,경기도 가평군,경기도 가평군,20250212
R25TB00150554,00,2025-02-12,3,002270152,01,23814274,"버스및차량정보안내장치, 에스앤티, SND-BIT-LC6-0412L5, 거치형",주식회사 에스앤티,중소기업,43211514,컴퓨터키오스크,4321151403,버스및차량정보안내장치,3,24162000,식,8054000,55,123477000,3,24162000,Y,대표품목,4160000,경기도 가평군,경기도 가평군,20250212
R25TB00150554,00,2025-02-12,4,002270152,01,23815862,"버스및차량정보안내장치, 에스앤티, BIT-ST-LE6-0412BK(S), (부품)",주식회사 에스앤티,중소기업,43211514,컴퓨터키오스크,4321151403,버스및차량정보안내장치,39,9984000,식,256000,55,123477000,39,9984000,Y,별도구매,4160000,경기도 가평군,경기도 가평군,20250212
R25TB00151038,00,2025-02-12,1,002061436,11,25202556,"증명발급기, 에니텍시스, IS-2000L, 통합민원발급기",(주)에니텍시스,중소기업,43211514,컴퓨터키오스크,4321151401,증명발급기,1,7800000,대,7800000,1,7800000,1,7800000,Y,대표품목,4070032,경기도 이천시 신둔면,경기도 이천시,20250212
R25TB00152299,00,2025-02-13,1,002061436,11,25202556,"증명발급기, 에니텍시스, IS-2000L, 통합민원발급기",(주)에니텍시스,중소기업,43211514,컴퓨터키오스크,4321151401,증명발급기,2,15600000,대,7800000,2,15600000,2,15600000,Y,대표품목,3290049,부산광역시 부산진구 개금1동,부산광역시 부산진구,20250213
R25TB00152539,00,2025-02-13,1,002370024,00,24422601,"증명발급기, 한국타피, TAPI-9320B, 무인민원발급기/시청각장애인겸용",한국타피(주),중소기업,43211514,컴퓨터키오스크,4321151401,증명발급기,1,24800000,대,24800000,1,24800000,1,24800000,Y,대표품목,3190000,서울특별시 동작구,서울특별시 동작구,20250213
R25TB00153342,00,2025-02-13,1,002061437,09,24292472,"증명발급기, 한국타피, TAPI-9270T, 무인민원발급기/시청각장애인겸용",한국타피(주),중소기업,43211514,컴퓨터키오스크,4321151401,증명발급기,2,39600000,대,19800000,2,39600000,2,39600000,Y,대표품목,5670123,경상남도 창원시 의창구,경상남도 창원시 의창구,20250213
R25TB00153645,00,2025-02-13,1,002061436,11,25202556,"증명발급기, 에니텍시스, IS-2000L, 통합민원발급기",(주)에니텍시스,중소기업,43211514,컴퓨터키오스크,4321151401,증명발급기,2,15600000,대,7800000,2,15600000,2,15600000,Y,대표품목,5690000,세종특별자치시,세종특별자치시,20250213
R25TB00153778,00,2025-02-13,1,002061436,11,24362788,"증명발급기, 에니텍시스, AT-K200(NEW), 무인민원발급기/시청각장애인겸용",(주)에니텍시스,중소기업,43211514,컴퓨터키오스크,4321151401,증명발급기,1,19850000,대,19850000,1,19850000,1,19850000,Y,대표품목,5330000,경상남도 통영시,경상남도 통영시,20250213
R25TB00153942,00,2025-02-13,1,0023C0245,00,22764188,"증명발급기, 본시스, BON-6000K, 통합민원발급기",(주)본시스,중소기업,43211514,컴퓨터키오스크,4321151401,증명발급기,2,13700000,대,6850000,2,13700000,2,13700000,Y,대표품목,3360000,부산광역시 강서구,부산광역시 강서구,20250213
R25TB00154070,00,2025-02-13,1,002061437,09,23893188,"증명발급기, 한국타피, TA-2200S(NEW), 통합민원발급기",한국타피(주),중소기업,43211514,컴퓨터키오스크,4321151401,증명발급기,1,7600000,대,7600000,1,7600000,1,7600000,Y,대표품목,4020043,경기도 군포시 대야동,경기도 군포시,20250213
R25TB00155544,00,2025-02-13,1,002061436,11,25202556,"증명발급기, 에니텍시스, IS-2000L, 통합민원발급기",(주)에니텍시스,중소기업,43211514,컴퓨터키오스크,4321151401,증명발급기,1,7800000,대,7800000,1,7800000,1,7800000,Y,대표품목,5630016,경기도 용인시 기흥구 보정동,경기도 용인시 기흥구,20250213
R25TB00157887,00,2025-02-13,1,002061436,11,25202556,"증명발급기, 에니텍시스, IS-2000L, 통합민원발급기",(주)에니텍시스,중소기업,43211514,컴퓨터키오스크,4321151401,증명발급기,1,7800000,대,7800000,1,7800000,1,7800000,Y,대표품목,3840014,경기도 안양시 만안구 안양4동,경기도 안양시 만안구,20250213
R25TB00161494,00,2025-02-14,1,002061437,09,24292471,"증명발급기, 한국타피, TAPI-9270J, 무인민원발급기/시청각장애인겸용",한국타피(주),중소기업,43211514,컴퓨터키오스크,4321151401,증명발급기,1,23800000,대,23800000,1,23800000,1,23800000,Y,대표품목,4781000,전북특별자치도 고창군,전북특별자치도 고창군,20250214
R25TB00162107,00,2025-02-14,1,002061436,11,24362788,"증명발급기, 에니텍시스, AT-K200(NEW), 무인민원발급기/시청각장애인겸용",(주)에니텍시스,중소기업,43211514,컴퓨터키오스크,4321151401,증명발급기,3,35400000,대,11800000,3,35400000,3,35400000,N,대표품목,5670184,경상남도 창원시 마산회원구,경상남도 창원시 마산회원구,20250214
R25TB00162107,01,2025-02-17,1,002061436,11,24362788,"증명발급기, 에니텍시스, AT-K200(NEW), 무인민원발급기/시청각장애인겸용",(주)에니텍시스,중소기업,43211514,컴퓨터키오스크,4321151401,증명발급기,4,47200000,대,11800000,4,47200000,1,11800000,Y,대표품목,5670184,경상남도 창원시 마산회원구,경상남도 창원시 마산회원구,20250214
R25TB00162959,00,2025-02-14,1,002061436,11,24362785,"증명발급기, 에니텍시스, AT-K300, 무인민원발급기/시청각장애인겸용",(주)에니텍시스,중소기업,43211514,컴퓨터키오스크,4321151401,증명발급기,1,21800000,대,21800000,1,21800000,1,21800000,Y,대표품목,5700000,경기도 여주시,경기도 여주시,20250214
R25TB00165818,00,2025-02-15,1,002370024,00,24422601,"증명발급기, 한국타피, TAPI-9320B, 무인민원발급기/시청각장애인겸용",한국타피(주),중소기업,43211514,컴퓨터키오스크,4321151401,증명발급기,1,24800000,대,24800000,1,24800000,1,24800000,Y,대표품목,5080000,경상북도 구미시,경상북도 구미시,20250215
R25TB00165819,00,2025-02-15,1,002061437,09,24292471,"증명발급기, 한국타피, TAPI-9270J, 무인민원발급기/시청각장애인겸용",한국타피(주),중소기업,43211514,컴퓨터키오스크,4321151401,증명발급기,1,23800000,대,23800000,1,23800000,1,23800000,Y,대표품목,5880000,전남광주통합특별시 무안군,전라남도 무안군,20250215
R25TB00171834,00,2025-02-17,1,002061436,11,24362786,"증명발급기, 에니텍시스, AT-K300E, 무인민원발급기/시청각장애인겸용",(주)에니텍시스,중소기업,43211514,컴퓨터키오스크,4321151401,증명발급기,1,24800000,대,24800000,1,24800000,1,24800000,Y,대표품목,3060000,서울특별시 중랑구,서울특별시 중랑구,20250217
R25TB00172932,00,2025-02-17,1,002061436,11,24362786,"증명발급기, 에니텍시스, AT-K300E, 무인민원발급기/시청각장애인겸용",(주)에니텍시스,중소기업,43211514,컴퓨터키오스크,4321151401,증명발급기,2,49600000,대,24800000,6,80800000,2,49600000,Y,대표품목,4181000,강원특별자치도 춘천시,강원특별자치도 춘천시,20250217
R25TB00172932,00,2025-02-17,2,002061436,11,25202556,"증명발급기, 에니텍시스, IS-2000L, 통합민원발급기",(주)에니텍시스,중소기업,43211514,컴퓨터키오스크,4321151401,증명발급기,4,31200000,대,7800000,6,80800000,4,31200000,Y,대표품목,4181000,강원특별자치도 춘천시,강원특별자치도 춘천시,20250217
R25TB00173985,00,2025-02-18,1,002061437,09,24292472,"증명발급기, 한국타피, TAPI-9270T, 무인민원발급기/시청각장애인겸용",한국타피(주),중소기업,43211514,컴퓨터키오스크,4321151401,증명발급기,1,19800000,대,19800000,1,19800000,1,19800000,Y,대표품목,5670206,경상남도 창원시 진해구,경상남도 창원시 진해구,20250218
R25TB00173990,00,2025-02-18,1,0023C0107,00,23813369,"증명발급기, 광명테크, G7i, 통합민원발급기",주식회사광명테크,중소기업,43211514,컴퓨터키오스크,4321151401,증명발급기,3,23250000,대,7750000,3,23250000,3,23250000,Y,대표품목,3200000,서울특별시 관악구,서울특별시 관악구,20250218
R25TB00174263,00,2025-02-18,1,002061436,11,24362785,"증명발급기, 에니텍시스, AT-K300, 무인민원발급기/시청각장애인겸용",(주)에니텍시스,중소기업,43211514,컴퓨터키오스크,4321151401,증명발급기,2,43600000,대,21800000,2,43600000,2,43600000,Y,대표품목,5560000,경기도 안산시 단원구,경기도 안산시 단원구,20250218
R25TB00174264,00,2025-02-18,1,002061437,09,24292472,"증명발급기, 한국타피, TAPI-9270T, 무인민원발급기/시청각장애인겸용",한국타피(주),중소기업,43211514,컴퓨터키오스크,4321151401,증명발급기,1,19800000,대,19800000,1,19800000,1,19800000,Y,대표품목,5560000,경기도 안산시 단원구,경기도 안산시 단원구,20250218
R25TB00176016,00,2025-02-18,1,002061436,11,25202556,"증명발급기, 에니텍시스, IS-2000L, 통합민원발급기",(주)에니텍시스,중소기업,43211514,컴퓨터키오스크,4321151401,증명발급기,1,7800000,대,7800000,1,7800000,1,7800000,Y,대표품목,5540048,경기도 광주시 경안동,경기도 광주시,20250218
R25TB00176217,00,2025-02-18,1,002061436,11,24362785,"증명발급기, 에니텍시스, AT-K300, 무인민원발급기/시청각장애인겸용",(주)에니텍시스,중소기업,43211514,컴퓨터키오스크,4321151401,증명발급기,1,21800000,대,21800000,1,21800000,1,21800000,Y,대표품목,3950000,경기도 고양시 덕양구,경기도 고양시 덕양구,20250218
R25TB00176219,00,2025-02-18,1,002061437,09,24292471,"증명발급기, 한국타피, TAPI-9270J, 무인민원발급기/시청각장애인겸용",한국타피(주),중소기업,43211514,컴퓨터키오스크,4321151401,증명발급기,3,71400000,대,23800000,3,71400000,3,71400000,Y,대표품목,3950000,경기도 고양시 덕양구,경기도 고양시 덕양구,20250218
R25TB00178534,00,2025-02-18,1,002061436,11,25202556,"증명발급기, 에니텍시스, IS-2000L, 통합민원발급기",(주)에니텍시스,중소기업,43211514,컴퓨터키오스크,4321151401,증명발급기,2,15600000,대,7800000,2,15600000,2,15600000,Y,대표품목,3840000,경기도 안양시 만안구,경기도 안양시 만안구,20250218
R25TB00178919,00,2025-02-18,1,0023C0107,00,24359644,"증명발급기, 광명테크, G10, 무인민원발급기/시청각장애인겸용",주식회사광명테크,중소기업,43211514,컴퓨터키오스크,4321151401,증명발급기,1,19800000,대,19800000,1,19800000,1,19800000,Y,대표품목,5020000,경상북도 포항시,경상북도 포항시 남구,20250218
R25TB00179133,00,2025-02-18,1,002061436,11,25202556,"증명발급기, 에니텍시스, IS-2000L, 통합민원발급기",(주)에니텍시스,중소기업,43211514,컴퓨터키오스크,4321151401,증명발급기,1,7800000,대,7800000,1,7800000,1,7800000,Y,대표품목,5825080,전남광주통합특별시 광산구 신가동,광주광역시 광산구,20250218
R25TB00179798,00,2025-02-18,1,002370024,00,24422601,"증명발급기, 한국타피, TAPI-9320B, 무인민원발급기/시청각장애인겸용",한국타피(주),중소기업,43211514,컴퓨터키오스크,4321151401,증명발급기,1,24800000,대,24800000,1,24800000,1,24800000,Y,대표품목,5900000,전남광주통합특별시 완도군,전라남도 완도군,20250218
R25TB00181752,00,2025-02-18,1,002061437,09,24292472,"증명발급기, 한국타피, TAPI-9270T, 무인민원발급기/시청각장애인겸용",한국타피(주),중소기업,43211514,컴퓨터키오스크,4321151401,증명발급기,1,19800000,대,19800000,1,19800000,1,19800000,Y,대표품목,5050000,경상북도 경주시,경상북도 경주시,20250218
R25TB00181896,00,2025-02-19,1,002061437,09,24297224,"증명발급기, 한국타피, TAPI-9240S, 무인민원발급기/시청각장애인겸용",한국타피(주),중소기업,43211514,컴퓨터키오스크,4321151401,증명발급기,3,72900000,대,24300000,3,72900000,3,72900000,Y,대표품목,5725000,충청북도 청주시 서원구,충청북도 청주시 서원구,20250219
R25TB00181897,00,2025-02-19,1,0023C0245,00,22470740,"증명발급기, 본시스, BON7000s, 컬러통합민원발급기",(주)본시스,중소기업,43211514,컴퓨터키오스크,4321151401,증명발급기,3,23580000,대,7860000,3,23580000,3,23580000,Y,대표품목,5725000,충청북도 청주시 서원구,충청북도 청주시 서원구,20250219
R25TB00183555,00,2025-02-19,1,0023C0245,00,22470740,"증명발급기, 본시스, BON7000s, 컬러통합민원발급기",(주)본시스,중소기업,43211514,컴퓨터키오스크,4321151401,증명발급기,3,23580000,대,7860000,3,23580000,3,23580000,Y,대표품목,5730000,충청북도 청주시 흥덕구,충청북도 청주시 흥덕구,20250219
R25TB00184782,00,2025-02-19,1,002061437,09,23893188,"증명발급기, 한국타피, TA-2200S(NEW), 통합민원발급기",한국타피(주),중소기업,43211514,컴퓨터키오스크,4321151401,증명발급기,1,7600000,대,7600000,1,7600000,1,7600000,Y,대표품목,4020041,경기도 군포시 수리동,경기도 군포시,20250219
R25TB00186741,00,2025-02-19,1,0023C0107,00,23813369,"증명발급기, 광명테크, G7i, 통합민원발급기",주식회사광명테크,중소기업,43211514,컴퓨터키오스크,4321151401,증명발급기,1,7750000,대,7750000,1,7750000,1,7750000,Y,대표품목,3480024,대구광역시 달성군 하빈면,대구광역시 달성군,20250219
R25TB00188901,00,2025-02-19,1,002061436,11,25202556,"증명발급기, 에니텍시스, IS-2000L, 통합민원발급기",(주)에니텍시스,중소기업,43211514,컴퓨터키오스크,4321151401,증명발급기,1,7800000,대,7800000,1,7800000,1,7800000,Y,대표품목,4090086,경기도 김포시 통진읍,경기도 김포시,20250219
R25TB00194372,00,2025-02-20,1,002061436,11,24362788,"증명발급기, 에니텍시스, AT-K200(NEW), 무인민원발급기/시청각장애인겸용",(주)에니텍시스,중소기업,43211514,컴퓨터키오스크,4321151401,증명발급기,1,19850000,대,19850000,1,19850000,1,19850000,Y,대표품목,5050057,경상북도 경주시 안강읍,경상북도 경주시,20250220
R25TB00195050,00,2025-02-20,1,002061436,11,24362786,"증명발급기, 에니텍시스, AT-K300E, 무인민원발급기/시청각장애인겸용",(주)에니텍시스,중소기업,43211514,컴퓨터키오스크,4321151401,증명발급기,1,24800000,대,24800000,1,24800000,1,24800000,Y,대표품목,5230000,경상북도 예천군,경상북도 예천군,20250220
R25TB00198216,00,2025-02-21,1,002061437,09,23893188,"증명발급기, 한국타피, TA-2200S(NEW), 통합민원발급기",한국타피(주),중소기업,43211514,컴퓨터키오스크,4321151401,증명발급기,1,7600000,대,7600000,1,7600000,1,7600000,Y,대표품목,4540042,충청남도 논산시 강경읍,충청남도 논산시,20250221
R25TB00203826,00,2025-02-21,1,002061437,09,24292471,"증명발급기, 한국타피, TAPI-9270J, 무인민원발급기/시청각장애인겸용",한국타피(주),중소기업,43211514,컴퓨터키오스크,4321151401,증명발급기,1,23800000,대,23800000,1,23800000,1,23800000,Y,대표품목,5080000,경상북도 구미시,경상북도 구미시,20250221
R25TB00204035,00,2025-02-21,1,002061437,09,24292472,"증명발급기, 한국타피, TAPI-9270T, 무인민원발급기/시청각장애인겸용",한국타피(주),중소기업,43211514,컴퓨터키오스크,4321151401,증명발급기,3,40380000,대,13460000,3,40380000,3,40380000,N,대표품목,5370000,경상남도 거제시,경상남도 거제시,20250221
R25TB00204035,01,2025-03-06,1,002061437,09,24292472,"증명발급기, 한국타피, TAPI-9270T, 무인민원발급기/시청각장애인겸용",한국타피(주),중소기업,43211514,컴퓨터키오스크,4321151401,증명발급기,5,67300000,대,13460000,5,67300000,2,26920000,Y,대표품목,5370000,경상남도 거제시,경상남도 거제시,20250221
R25TB00204271,00,2025-02-21,1,002061436,11,25202556,"증명발급기, 에니텍시스, IS-2000L, 통합민원발급기",(주)에니텍시스,중소기업,43211514,컴퓨터키오스크,4321151401,증명발급기,1,7800000,대,7800000,1,7800000,1,7800000,Y,대표품목,4070034,경기도 이천시 호법면,경기도 이천시,20250221
R25TB00204738,00,2025-02-22,1,002061437,09,24292471,"증명발급기, 한국타피, TAPI-9270J, 무인민원발급기/시청각장애인겸용",한국타피(주),중소기업,43211514,컴퓨터키오스크,4321151401,증명발급기,1,23800000,대,23800000,1,23800000,1,23800000,N,대표품목,4781000,전북특별자치도 고창군,전북특별자치도 고창군,20250222
R25TB00204738,01,2025-02-24,1,002061437,09,24292471,"증명발급기, 한국타피, TAPI-9270J, 무인민원발급기/시청각장애인겸용",한국타피(주),중소기업,43211514,컴퓨터키오스크,4321151401,증명발급기,0,0,대,23800000,0,0,-1,-23800000,Y,대표품목,4781000,전북특별자치도 고창군,전북특별자치도 고창군,20250222
R25TB00205008,00,2025-02-23,1,002061436,11,24362788,"증명발급기, 에니텍시스, AT-K200(NEW), 무인민원발급기/시청각장애인겸용",(주)에니텍시스,중소기업,43211514,컴퓨터키오스크,4321151401,증명발급기,1,19850000,대,19850000,1,19850000,1,19850000,N,대표품목,5870000,전남광주통합특별시 해남군,전라남도 해남군,20250223
R25TB00205008,01,2025-02-24,1,002061436,11,24362788,"증명발급기, 에니텍시스, AT-K200(NEW), 무인민원발급기/시청각장애인겸용",(주)에니텍시스,중소기업,43211514,컴퓨터키오스크,4321151401,증명발급기,2,39700000,대,19850000,2,39700000,1,19850000,Y,대표품목,5870000,전남광주통합특별시 해남군,전라남도 해남군,20250223
R25TB00205010,00,2025-02-23,1,002061437,09,24292472,"증명발급기, 한국타피, TAPI-9270T, 무인민원발급기/시청각장애인겸용",한국타피(주),중소기업,43211514,컴퓨터키오스크,4321151401,증명발급기,1,19800000,대,19800000,1,19800000,1,19800000,N,대표품목,5870000,전남광주통합특별시 해남군,전라남도 해남군,20250223
R25TB00205010,01,2025-02-24,1,002061437,09,24292472,"증명발급기, 한국타피, TAPI-9270T, 무인민원발급기/시청각장애인겸용",한국타피(주),중소기업,43211514,컴퓨터키오스크,4321151401,증명발급기,0,0,대,19800000,0,0,-1,-19800000,Y,대표품목,5870000,전남광주통합특별시 해남군,전라남도 해남군,20250223
R25TB00205799,00,2025-02-24,1,002061436,11,25202556,"증명발급기, 에니텍시스, IS-2000L, 통합민원발급기",(주)에니텍시스,중소기업,43211514,컴퓨터키오스크,4321151401,증명발급기,5,39000000,대,7800000,5,39000000,5,39000000,Y,대표품목,3140000,서울특별시 양천구,서울특별시 양천구,20250224
R25TB00205800,00,2025-02-24,1,0023C0245,00,22470740,"증명발급기, 본시스, BON7000s, 컬러통합민원발급기",(주)본시스,중소기업,43211514,컴퓨터키오스크,4321151401,증명발급기,1,7860000,대,7860000,1,7860000,1,7860000,Y,대표품목,3140000,서울특별시 양천구,서울특별시 양천구,20250224
R25TB00206101,00,2025-02-24,1,002270152,01,23581064,"버스및차량정보안내장치, 에스앤티, SNS-BIT-LED-0412BC, 거치형",주식회사 에스앤티,중소기업,43211514,컴퓨터키오스크,4321151403,버스및차량정보안내장치,7,45465000,식,6495000,14,47257000,7,45465000,Y,대표품목,3920000,경기도 동두천시,경기도 동두천시,20250224
R25TB00206101,00,2025-02-24,2,002270152,01,23815862,"버스및차량정보안내장치, 에스앤티, BIT-ST-LE6-0412BK(S), (부품)",주식회사 에스앤티,중소기업,43211514,컴퓨터키오스크,4321151403,버스및차량정보안내장치,7,1792000,식,256000,14,47257000,7,1792000,Y,별도구매,3920000,경기도 동두천시,경기도 동두천시,20250224
R25TB00207201,00,2025-02-24,1,002061436,11,25202556,"증명발급기, 에니텍시스, IS-2000L, 통합민원발급기",(주)에니텍시스,중소기업,43211514,컴퓨터키오스크,4321151401,증명발급기,1,7800000,대,7800000,1,7800000,1,7800000,Y,대표품목,3871014,경기도 부천시 원미구 원미2동,경기도 부천시,20250224
R25TB00207246,00,2025-02-24,1,002370024,00,24422601,"증명발급기, 한국타피, TAPI-9320B, 무인민원발급기/시청각장애인겸용",한국타피(주),중소기업,43211514,컴퓨터키오스크,4321151401,증명발급기,16,396800000,대,24800000,16,394816000,16,396800000,Y,대표품목,3200000,서울특별시 관악구,서울특별시 관악구,20250224
R25TB00207516,00,2025-02-24,1,002061437,09,23893188,"증명발급기, 한국타피, TA-2200S(NEW), 통합민원발급기",한국타피(주),중소기업,43211514,컴퓨터키오스크,4321151401,증명발급기,1,7600000,대,7600000,1,7600000,1,7600000,Y,대표품목,4020033,경기도 군포시 군포1동,경기도 군포시,20250224
R25TB00210594,00,2025-02-24,1,002061436,11,24362785,"증명발급기, 에니텍시스, AT-K300, 무인민원발급기/시청각장애인겸용",(주)에니텍시스,중소기업,43211514,컴퓨터키오스크,4321151401,증명발급기,1,21800000,대,21800000,1,21800000,1,21800000,Y,대표품목,5895000,전남광주통합특별시 장성군,전라남도 장성군,20250224
R25TB00211729,00,2025-02-24,1,002061437,09,24292472,"증명발급기, 한국타피, TAPI-9270T, 무인민원발급기/시청각장애인겸용",한국타피(주),중소기업,43211514,컴퓨터키오스크,4321151401,증명발급기,3,59400000,대,19800000,3,59400000,3,59400000,Y,대표품목,5825000,전남광주통합특별시 광산구,광주광역시 광산구,20250224
R25TB00211758,00,2025-02-24,1,002061437,09,23893188,"증명발급기, 한국타피, TA-2200S(NEW), 통합민원발급기",한국타피(주),중소기업,43211514,컴퓨터키오스크,4321151401,증명발급기,4,30400000,대,7600000,4,30400000,4,30400000,Y,대표품목,3020000,서울특별시 용산구,서울특별시 용산구,20250224
R25TB00211955,00,2025-02-24,1,002260098,03,24414168,"증명발급기, 앤로보틱스, CI-9000H, 무인민원발급기/시청각장애인겸용",(주)씨아이테크,중소기업,43211514,컴퓨터키오스크,4321151401,증명발급기,1,18810000,대,18810000,1,18810000,1,18810000,Y,대표품목,3990000,경기도 남양주시,경기도 남양주시,20250224
R25TB00212425,00,2025-02-24,1,002061436,11,25202556,"증명발급기, 에니텍시스, IS-2000L, 통합민원발급기",(주)에니텍시스,중소기업,43211514,컴퓨터키오스크,4321151401,증명발급기,3,23400000,대,7800000,3,23400000,3,23400000,Y,대표품목,4590000,충청남도 청양군,충청남도 청양군,20250224
R25TB00213067,00,2025-02-25,1,0023C0107,00,24359644,"증명발급기, 광명테크, G10, 무인민원발급기/시청각장애인겸용",주식회사광명테크,중소기업,43211514,컴퓨터키오스크,4321151401,증명발급기,1,19800000,대,19800000,1,19800000,1,19800000,Y,대표품목,5050000,경상북도 경주시,경상북도 경주시,20250225
R25TB00213279,00,2025-02-25,1,002061437,09,23893188,"증명발급기, 한국타피, TA-2200S(NEW), 통합민원발급기",한국타피(주),중소기업,43211514,컴퓨터키오스크,4321151401,증명발급기,1,7600000,대,7600000,1,7600000,1,7600000,Y,대표품목,3810029,경기도 성남시 분당구 구미동,경기도 성남시 분당구,20250225
R25TB00214104,00,2025-02-25,1,002370024,00,24422601,"증명발급기, 한국타피, TAPI-9320B, 무인민원발급기/시청각장애인겸용",한국타피(주),중소기업,43211514,컴퓨터키오스크,4321151401,증명발급기,1,24800000,대,24800000,1,24800000,1,24800000,Y,대표품목,5060000,경상북도 김천시,경상북도 김천시,20250225
R25TB00214147,00,2025-02-25,1,002061436,11,24362786,"증명발급기, 에니텍시스, AT-K300E, 무인민원발급기/시청각장애인겸용",(주)에니텍시스,중소기업,43211514,컴퓨터키오스크,4321151401,증명발급기,1,24800000,대,24800000,1,24800000,1,24800000,Y,대표품목,5060000,경상북도 김천시,경상북도 김천시,20250225
R25TB00214177,00,2025-02-25,1,0023C0107,00,24359645,"증명발급기, 광명테크, G10s, 무인민원발급기/시청각장애인겸용/촉각모니터",주식회사광명테크,중소기업,43211514,컴퓨터키오스크,4321151401,증명발급기,1,24800000,대,24800000,1,24800000,1,24800000,Y,대표품목,5060000,경상북도 김천시,경상북도 김천시,20250225
R25TB00216784,00,2025-02-25,1,002061436,11,25202556,"증명발급기, 에니텍시스, IS-2000L, 통합민원발급기",(주)에니텍시스,중소기업,43211514,컴퓨터키오스크,4321151401,증명발급기,1,7800000,대,7800000,1,7800000,1,7800000,Y,대표품목,5805053,전남광주통합특별시 동구 지원2동,광주광역시 동구,20250225
R25TB00217541,00,2025-02-25,1,002061436,11,25202556,"증명발급기, 에니텍시스, IS-2000L, 통합민원발급기",(주)에니텍시스,중소기업,43211514,컴퓨터키오스크,4321151401,증명발급기,1,7800000,대,7800000,1,7800000,1,7800000,Y,대표품목,3740000,경기도 수원시,경기도 수원시 팔달구,20250225
R25TB00218312,00,2025-02-25,1,0023C0245,00,22470740,"증명발급기, 본시스, BON7000s, 컬러통합민원발급기",(주)본시스,중소기업,43211514,컴퓨터키오스크,4321151401,증명발급기,1,7860000,대,7860000,1,7860000,1,7860000,Y,대표품목,4390045,충청북도 충주시 살미면,충청북도 충주시,20250225
R25TB00224067,00,2025-02-26,1,002370024,00,24422601,"증명발급기, 한국타피, TAPI-9320B, 무인민원발급기/시청각장애인겸용",한국타피(주),중소기업,43211514,컴퓨터키오스크,4321151401,증명발급기,2,49600000,대,24800000,2,49600000,2,49600000,Y,대표품목,5830000,전남광주통합특별시 담양군,전라남도 담양군,20250226
R25TB00225125,00,2025-02-26,1,002061436,11,24362786,"증명발급기, 에니텍시스, AT-K300E, 무인민원발급기/시청각장애인겸용",(주)에니텍시스,중소기업,43211514,컴퓨터키오스크,4321151401,증명발급기,6,130200000,대,21700000,6,130200000,6,130200000,Y,대표품목,3090000,서울특별시 도봉구,서울특별시 도봉구,20250226
R25TB00225392,00,2025-02-26,1,002061436,11,25202556,"증명발급기, 에니텍시스, IS-2000L, 통합민원발급기",(주)에니텍시스,중소기업,43211514,컴퓨터키오스크,4321151401,증명발급기,1,7800000,대,7800000,1,7800000,1,7800000,Y,대표품목,3871021,경기도 부천시 원미구 중동,경기도 부천시 원미구,20250226
R25TB00225813,00,2025-02-26,1,002061437,09,24292472,"증명발급기, 한국타피, TAPI-9270T, 무인민원발급기/시청각장애인겸용",한국타피(주),중소기업,43211514,컴퓨터키오스크,4321151401,증명발급기,1,19800000,대,19800000,1,19800000,1,19800000,N,대표품목,5380000,경상남도 양산시,경상남도 양산시,20250226
R25TB00225813,01,2025-02-27,1,002061437,09,24292472,"증명발급기, 한국타피, TAPI-9270T, 무인민원발급기/시청각장애인겸용",한국타피(주),중소기업,43211514,컴퓨터키오스크,4321151401,증명발급기,2,39600000,대,19800000,2,39600000,1,19800000,Y,대표품목,5380000,경상남도 양산시,경상남도 양산시,20250226
R25TB00225863,00,2025-02-26,1,002061437,09,24292472,"증명발급기, 한국타피, TAPI-9270T, 무인민원발급기/시청각장애인겸용",한국타피(주),중소기업,43211514,컴퓨터키오스크,4321151401,증명발급기,2,39600000,대,19800000,2,39600000,2,39600000,Y,대표품목,4520000,충청남도 아산시,충청남도 아산시,20250226
R25TB00226311,00,2025-02-26,1,002061436,11,25202556,"증명발급기, 에니텍시스, IS-2000L, 통합민원발급기",(주)에니텍시스,중소기업,43211514,컴퓨터키오스크,4321151401,증명발급기,3,23400000,대,7800000,3,23400000,3,23400000,Y,대표품목,5060000,경상북도 김천시,경상북도 김천시,20250226
R25TB00226449,00,2025-02-26,1,0023C0245,00,22470740,"증명발급기, 본시스, BON7000s, 컬러통합민원발급기",(주)본시스,중소기업,43211514,컴퓨터키오스크,4321151401,증명발급기,3,23580000,대,7860000,3,23580000,3,23580000,Y,대표품목,5720000,충청북도 청주시 상당구,충청북도 청주시 상당구,20250226
R25TB00226469,00,2025-02-26,1,002061437,09,24297224,"증명발급기, 한국타피, TAPI-9240S, 무인민원발급기/시청각장애인겸용",한국타피(주),중소기업,43211514,컴퓨터키오스크,4321151401,증명발급기,3,72900000,대,24300000,3,72900000,3,72900000,Y,대표품목,5720000,충청북도 청주시 상당구,충청북도 청주시 상당구,20250226
R25TB00227328,00,2025-02-27,1,0023C0107,00,23813369,"증명발급기, 광명테크, G7i, 통합민원발급기",주식회사광명테크,중소기업,43211514,컴퓨터키오스크,4321151401,증명발급기,2,15500000,대,7750000,2,15500000,2,15500000,Y,대표품목,5430000,경상남도 남해군,경상남도 남해군,20250227
R25TB00227897,00,2025-02-27,1,0023C0107,00,24359645,"증명발급기, 광명테크, G10s, 무인민원발급기/시청각장애인겸용/촉각모니터",주식회사광명테크,중소기업,43211514,컴퓨터키오스크,4321151401,증명발급기,2,49600000,대,24800000,2,49600000,2,49600000,Y,대표품목,5600000,경기도 포천시,경기도 포천시,20250227
R25TB00234578,00,2025-02-28,1,002061436,11,24362788,"증명발급기, 에니텍시스, AT-K200(NEW), 무인민원발급기/시청각장애인겸용",(주)에니텍시스,중소기업,43211514,컴퓨터키오스크,4321151401,증명발급기,1,19850000,대,19850000,1,19850000,1,19850000,Y,대표품목,5795000,전남광주통합특별시 나주시,전라남도 나주시,20250228
R25TB00234579,00,2025-02-28,1,002061437,09,24292472,"증명발급기, 한국타피, TAPI-9270T, 무인민원발급기/시청각장애인겸용",한국타피(주),중소기업,43211514,컴퓨터키오스크,4321151401,증명발급기,1,19800000,대,19800000,1,19800000,1,19800000,Y,대표품목,5795000,전남광주통합특별시 나주시,전라남도 나주시,20250228
R25TB00236735,00,2025-02-28,1,002061437,09,24292472,"증명발급기, 한국타피, TAPI-9270T, 무인민원발급기/시청각장애인겸용",한국타피(주),중소기업,43211514,컴퓨터키오스크,4321151401,증명발급기,1,19800000,대,19800000,1,19800000,1,19800000,Y,대표품목,4440000,충청북도 영동군,충청북도 영동군,20250228
R25TB00238881,00,2025-03-02,1,002061437,09,24292469,"증명발급기, 한국타피, TAPI-9320J, 무인민원발급기/시청각장애인겸용",한국타피(주),중소기업,43211514,컴퓨터키오스크,4321151401,증명발급기,1,24800000,대,24800000,1,24800000,1,24800000,Y,대표품목,4251000,강원특별자치도 홍천군,강원특별자치도 홍천군,20250302
R25TB00239981,00,2025-03-04,1,002061436,11,24362788,"증명발급기, 에니텍시스, AT-K200(NEW), 무인민원발급기/시청각장애인겸용",(주)에니텍시스,중소기업,43211514,컴퓨터키오스크,4321151401,증명발급기,3,59550000,대,19850000,3,59550000,3,59550000,Y,대표품목,3830000,경기도 안양시,경기도 안양시 동안구,20250304
R25TB00240424,00,2025-03-04,1,002061436,11,25202556,"증명발급기, 에니텍시스, IS-2000L, 통합민원발급기",(주)에니텍시스,중소기업,43211514,컴퓨터키오스크,4321151401,증명발급기,1,7800000,대,7800000,1,7800000,1,7800000,Y,대표품목,3860405,경기도 부천시 중2동,경기도 부천시,20250304
R25TB00241843,00,2025-03-04,1,002061437,09,23893188,"증명발급기, 한국타피, TA-2200S(NEW), 통합민원발급기",한국타피(주),중소기업,43211514,컴퓨터키오스크,4321151401,증명발급기,1,7600000,대,7600000,1,7600000,1,7600000,Y,대표품목,5530000,경기도 화성시,경기도 화성시,20250304
R25TB00241844,00,2025-03-04,1,002370024,00,24422601,"증명발급기, 한국타피, TAPI-9320B, 무인민원발급기/시청각장애인겸용",한국타피(주),중소기업,43211514,컴퓨터키오스크,4321151401,증명발급기,2,49600000,대,24800000,2,49600000,2,49600000,Y,대표품목,5530000,경기도 화성시,경기도 화성시,20250304
R25TB00241852,00,2025-03-04,1,002061436,11,24362786,"증명발급기, 에니텍시스, AT-K300E, 무인민원발급기/시청각장애인겸용",(주)에니텍시스,중소기업,43211514,컴퓨터키오스크,4321151401,증명발급기,1,24800000,대,24800000,3,40400000,1,24800000,Y,대표품목,5530000,경기도 화성시,경기도 화성시,20250304
R25TB00241852,00,2025-03-04,2,002061436,11,25202556,"증명발급기, 에니텍시스, IS-2000L, 통합민원발급기",(주)에니텍시스,중소기업,43211514,컴퓨터키오스크,4321151401,증명발급기,2,15600000,대,7800000,3,40400000,2,15600000,Y,대표품목,5530000,경기도 화성시,경기도 화성시,20250304
R25TB00242368,00,2025-03-04,1,002061437,09,24292471,"증명발급기, 한국타피, TAPI-9270J, 무인민원발급기/시청각장애인겸용",한국타피(주),중소기업,43211514,컴퓨터키오스크,4321151401,증명발급기,2,47600000,대,23800000,2,47600000,2,47600000,Y,대표품목,3710000,울산광역시 동구,울산광역시 동구,20250304
R25TB00244412,00,2025-03-04,1,002061436,11,25202556,"증명발급기, 에니텍시스, IS-2000L, 통합민원발급기",(주)에니텍시스,중소기업,43211514,컴퓨터키오스크,4321151401,증명발급기,1,7800000,대,7800000,1,7800000,1,7800000,Y,대표품목,5650008,충청남도 천안시 동남구 목천읍,충청남도 천안시 동남구,20250304
R25TB00244482,00,2025-03-04,1,002061437,09,24292472,"증명발급기, 한국타피, TAPI-9270T, 무인민원발급기/시청각장애인겸용",한국타피(주),중소기업,43211514,컴퓨터키오스크,4321151401,증명발급기,1,19800000,대,19800000,1,19800000,1,19800000,Y,대표품목,5810000,전남광주통합특별시 서구,광주광역시 서구,20250304
R25TB00244806,00,2025-03-04,1,002061436,11,24362785,"증명발급기, 에니텍시스, AT-K300, 무인민원발급기/시청각장애인겸용",(주)에니텍시스,중소기업,43211514,컴퓨터키오스크,4321151401,증명발급기,1,21800000,대,21800000,1,21800000,1,21800000,Y,대표품목,3120000,서울특별시 서대문구,서울특별시 서대문구,20250304
R25TB00245355,00,2025-03-04,1,002061437,09,24292471,"증명발급기, 한국타피, TAPI-9270J, 무인민원발급기/시청각장애인겸용",한국타피(주),중소기업,43211514,컴퓨터키오스크,4321151401,증명발급기,2,47600000,대,23800000,2,47600000,2,47600000,Y,대표품목,3800000,경기도 성남시 중원구,경기도 성남시 중원구,20250304
R25TB00249869,00,2025-03-05,1,002061436,11,25202556,"증명발급기, 에니텍시스, IS-2000L, 통합민원발급기",(주)에니텍시스,중소기업,43211514,컴퓨터키오스크,4321151401,증명발급기,1,7800000,대,7800000,1,7800000,1,7800000,Y,대표품목,3871015,경기도 부천시 원미구 소사동,경기도 부천시 원미구,20250305
R25TB00251980,00,2025-03-05,1,002061436,11,24362786,"증명발급기, 에니텍시스, AT-K300E, 무인민원발급기/시청각장애인겸용",(주)에니텍시스,중소기업,43211514,컴퓨터키오스크,4321151401,증명발급기,1,24800000,대,24800000,1,24800000,1,24800000,Y,대표품목,5150000,경상북도 의성군,경상북도 의성군,20250305
R25TB00252804,00,2025-03-05,1,002061436,11,25202556,"증명발급기, 에니텍시스, IS-2000L, 통합민원발급기",(주)에니텍시스,중소기업,43211514,컴퓨터키오스크,4321151401,증명발급기,1,7800000,대,7800000,1,7800000,1,7800000,N,대표품목,5340000,경상남도 사천시,경상남도 사천시,20250305
R25TB00252804,01,2025-03-11,1,002061436,11,25202556,"증명발급기, 에니텍시스, IS-2000L, 통합민원발급기",(주)에니텍시스,중소기업,43211514,컴퓨터키오스크,4321151401,증명발급기,0,0,대,7800000,0,0,-1,-7800000,Y,대표품목,5340000,경상남도 사천시,경상남도 사천시,20250305
R25TB00253293,00,2025-03-05,1,002061436,11,25202556,"증명발급기, 에니텍시스, IS-2000L, 통합민원발급기",(주)에니텍시스,중소기업,43211514,컴퓨터키오스크,4321151401,증명발급기,1,7800000,대,7800000,1,7800000,1,7800000,Y,대표품목,3490000,인천광역시 중구,인천광역시 중구,20250305
R25TB00253783,00,2025-03-06,1,002061436,11,24362786,"증명발급기, 에니텍시스, AT-K300E, 무인민원발급기/시청각장애인겸용",(주)에니텍시스,중소기업,43211514,컴퓨터키오스크,4321151401,증명발급기,3,74400000,대,24800000,3,74400000,3,74400000,Y,대표품목,3080000,서울특별시 강북구,서울특별시 강북구,20250306
R25TB00253784,00,2025-03-06,1,002370024,00,24422601,"증명발급기, 한국타피, TAPI-9320B, 무인민원발급기/시청각장애인겸용",한국타피(주),중소기업,43211514,컴퓨터키오스크,4321151401,증명발급기,2,49600000,대,24800000,2,49600000,2,49600000,Y,대표품목,3080000,서울특별시 강북구,서울특별시 강북구,20250306
R25TB00253860,00,2025-03-06,1,002061436,11,25202556,"증명발급기, 에니텍시스, IS-2000L, 통합민원발급기",(주)에니텍시스,중소기업,43211514,컴퓨터키오스크,4321151401,증명발급기,1,7800000,대,7800000,1,7800000,1,7800000,Y,대표품목,4050137,경기도 용인시 성복동,경기도 용인시 수지구,20250306
R25TB00254155,00,2025-03-06,1,002061436,11,24362786,"증명발급기, 에니텍시스, AT-K300E, 무인민원발급기/시청각장애인겸용",(주)에니텍시스,중소기업,43211514,컴퓨터키오스크,4321151401,증명발급기,3,74400000,대,24800000,3,74400000,3,74400000,Y,대표품목,3000000,서울특별시 종로구,서울특별시 종로구,20250306
R25TB00255454,00,2025-03-06,1,002061437,09,23893188,"증명발급기, 한국타피, TA-2200S(NEW), 통합민원발급기",한국타피(주),중소기업,43211514,컴퓨터키오스크,4321151401,증명발급기,1,7600000,대,7600000,1,7600000,1,7600000,Y,대표품목,4020037,경기도 군포시 산본2동,경기도 군포시,20250306
R25TB00256412,00,2025-03-06,1,002370024,00,24422601,"증명발급기, 한국타피, TAPI-9320B, 무인민원발급기/시청각장애인겸용",한국타피(주),중소기업,43211514,컴퓨터키오스크,4321151401,증명발급기,6,148800000,대,24800000,6,148800000,6,148800000,Y,대표품목,3100000,서울특별시 노원구,서울특별시 노원구,20250306
R25TB00257327,00,2025-03-06,1,002061436,11,24362786,"증명발급기, 에니텍시스, AT-K300E, 무인민원발급기/시청각장애인겸용",(주)에니텍시스,중소기업,43211514,컴퓨터키오스크,4321151401,증명발급기,1,24800000,대,24800000,1,24800000,1,24800000,Y,대표품목,3730000,울산광역시 울주군,울산광역시 울주군,20250306
R25TB00257328,00,2025-03-06,1,002370024,00,24422601,"증명발급기, 한국타피, TAPI-9320B, 무인민원발급기/시청각장애인겸용",한국타피(주),중소기업,43211514,컴퓨터키오스크,4321151401,증명발급기,1,24800000,대,24800000,1,24800000,1,24800000,Y,대표품목,3730000,울산광역시 울주군,울산광역시 울주군,20250306
R25TB00257329,00,2025-03-06,1,0023C0107,00,24359645,"증명발급기, 광명테크, G10s, 무인민원발급기/시청각장애인겸용/촉각모니터",주식회사광명테크,중소기업,43211514,컴퓨터키오스크,4321151401,증명발급기,2,49600000,대,24800000,2,49600000,2,49600000,Y,대표품목,3730000,울산광역시 울주군,울산광역시 울주군,20250306
R25TB00258527,00,2025-03-06,1,002061436,11,25202556,"증명발급기, 에니텍시스, IS-2000L, 통합민원발급기",(주)에니텍시스,중소기업,43211514,컴퓨터키오스크,4321151401,증명발급기,1,7800000,대,7800000,1,7800000,1,7800000,Y,대표품목,3190041,서울특별시 동작구 상도1동,서울특별시 동작구,20250306
R25TB00258673,00,2025-03-06,1,002370024,00,24422601,"증명발급기, 한국타피, TAPI-9320B, 무인민원발급기/시청각장애인겸용",한국타피(주),중소기업,43211514,컴퓨터키오스크,4321151401,증명발급기,1,24800000,대,24800000,1,24800000,1,24800000,Y,대표품목,3190000,서울특별시 동작구,서울특별시 동작구,20250306
R25TB00258882,00,2025-03-06,1,002061437,09,24292472,"증명발급기, 한국타피, TAPI-9270T, 무인민원발급기/시청각장애인겸용",한국타피(주),중소기업,43211514,컴퓨터키오스크,4321151401,증명발급기,4,79200000,대,19800000,4,79200000,4,79200000,Y,대표품목,3160000,서울특별시 구로구,서울특별시 구로구,20250306
R25TB00259244,00,2025-03-06,1,002061436,11,25202556,"증명발급기, 에니텍시스, IS-2000L, 통합민원발급기",(주)에니텍시스,중소기업,43211514,컴퓨터키오스크,4321151401,증명발급기,2,15600000,대,7800000,2,15600000,2,15600000,Y,대표품목,3290053,부산광역시 부산진구 범천2동,부산광역시 부산진구,20250306
R25TB00259500,00,2025-03-06,1,002061437,09,24292471,"증명발급기, 한국타피, TAPI-9270J, 무인민원발급기/시청각장애인겸용",한국타피(주),중소기업,43211514,컴퓨터키오스크,4321151401,증명발급기,1,23800000,대,23800000,1,23800000,1,23800000,Y,대표품목,5845000,전남광주통합특별시 고흥군,전라남도 고흥군,20250306
R25TB00260139,00,2025-03-06,1,002061437,09,24292472,"증명발급기, 한국타피, TAPI-9270T, 무인민원발급기/시청각장애인겸용",한국타피(주),중소기업,43211514,컴퓨터키오스크,4321151401,증명발급기,1,19800000,대,19800000,1,19800000,1,19800000,Y,대표품목,4510000,충청남도 보령시,충청남도 보령시,20250306
R25TB00265073,00,2025-03-07,1,002061436,11,24362786,"증명발급기, 에니텍시스, AT-K300E, 무인민원발급기/시청각장애인겸용",(주)에니텍시스,중소기업,43211514,컴퓨터키오스크,4321151401,증명발급기,1,24800000,대,24800000,3,40400000,1,24800000,Y,대표품목,5890000,전남광주통합특별시 영광군,전라남도 영광군,20250307
R25TB00265073,00,2025-03-07,2,002061436,11,25202556,"증명발급기, 에니텍시스, IS-2000L, 통합민원발급기",(주)에니텍시스,중소기업,43211514,컴퓨터키오스크,4321151401,증명발급기,2,15600000,대,7800000,3,40400000,2,15600000,Y,대표품목,5890000,전남광주통합특별시 영광군,전라남도 영광군,20250307
R25TB00274442,00,2025-03-10,1,002061436,11,25202556,"증명발급기, 에니텍시스, IS-2000L, 통합민원발급기",(주)에니텍시스,중소기업,43211514,컴퓨터키오스크,4321151401,증명발급기,3,23400000,대,7800000,3,23400000,3,23400000,Y,대표품목,3770000,경기도 수원시 팔달구,경기도 수원시 팔달구,20250310
R25TB00274520,00,2025-03-10,1,002061436,11,24362786,"증명발급기, 에니텍시스, AT-K300E, 무인민원발급기/시청각장애인겸용",(주)에니텍시스,중소기업,43211514,컴퓨터키오스크,4321151401,증명발급기,5,108500000,대,21700000,5,108500000,5,108500000,Y,대표품목,3170000,서울특별시 금천구,서울특별시 금천구,20250310
R25TB00274749,00,2025-03-10,1,002061436,11,24362785,"증명발급기, 에니텍시스, AT-K300, 무인민원발급기/시청각장애인겸용",(주)에니텍시스,중소기업,43211514,컴퓨터키오스크,4321151401,증명발급기,1,21800000,대,21800000,1,21800000,1,21800000,Y,대표품목,5120000,경상북도 문경시,경상북도 문경시,20250310
R25TB00274755,00,2025-03-10,1,0023C0107,00,24359644,"증명발급기, 광명테크, G10, 무인민원발급기/시청각장애인겸용",주식회사광명테크,중소기업,43211514,컴퓨터키오스크,4321151401,증명발급기,1,19800000,대,19800000,1,19800000,1,19800000,Y,대표품목,5120000,경상북도 문경시,경상북도 문경시,20250310
R25TB00279829,00,2025-03-11,1,002370024,00,24422601,"증명발급기, 한국타피, TAPI-9320B, 무인민원발급기/시청각장애인겸용",한국타피(주),중소기업,43211514,컴퓨터키오스크,4321151401,증명발급기,1,24800000,대,24800000,1,24800000,1,24800000,Y,대표품목,6510000,제주특별자치도 제주시,제주특별자치도 제주시,20250311
R25TB00281766,00,2025-03-11,1,002370024,00,24422601,"증명발급기, 한국타피, TAPI-9320B, 무인민원발급기/시청각장애인겸용",한국타피(주),중소기업,43211514,컴퓨터키오스크,4321151401,증명발급기,22,545600000,대,24800000,22,540144000,22,545600000,N,대표품목,3030000,서울특별시 성동구,서울특별시 성동구,20250311
R25TB00281766,01,2025-03-19,1,002370024,00,24422601,"증명발급기, 한국타피, TAPI-9320B, 무인민원발급기/시청각장애인겸용",한국타피(주),중소기업,43211514,컴퓨터키오스크,4321151401,증명발급기,0,0,대,24800000,0,0,-22,-545600000,Y,대표품목,3030000,서울특별시 성동구,서울특별시 성동구,20250311
R25TB00282034,00,2025-03-11,1,002061436,11,25202556,"증명발급기, 에니텍시스, IS-2000L, 통합민원발급기",(주)에니텍시스,중소기업,43211514,컴퓨터키오스크,4321151401,증명발급기,1,7800000,대,7800000,1,7800000,1,7800000,Y,대표품목,5340000,경상남도 사천시,경상남도 사천시,20250311
R25TB00282035,00,2025-03-11,1,002061437,09,23893188,"증명발급기, 한국타피, TA-2200S(NEW), 통합민원발급기",한국타피(주),중소기업,43211514,컴퓨터키오스크,4321151401,증명발급기,1,7600000,대,7600000,1,7600000,1,7600000,Y,대표품목,5340000,경상남도 사천시,경상남도 사천시,20250311
R25TB00283049,00,2025-03-11,1,002061437,09,24292471,"증명발급기, 한국타피, TAPI-9270J, 무인민원발급기/시청각장애인겸용",한국타피(주),중소기업,43211514,컴퓨터키오스크,4321151401,증명발급기,1,23800000,대,23800000,1,23800000,1,23800000,Y,대표품목,4771000,전북특별자치도 순창군,전북특별자치도 순창군,20250311
R25TB00283305,00,2025-03-11,1,0023C0245,00,22764188,"증명발급기, 본시스, BON-6000K, 통합민원발급기",(주)본시스,중소기업,43211514,컴퓨터키오스크,4321151401,증명발급기,3,20550000,대,6850000,3,20550000,3,20550000,Y,대표품목,5735000,충청북도 청주시 청원구,충청북도 청주시 청원구,20250311
R25TB00283421,00,2025-03-11,1,002061437,09,24297224,"증명발급기, 한국타피, TAPI-9240S, 무인민원발급기/시청각장애인겸용",한국타피(주),중소기업,43211514,컴퓨터키오스크,4321151401,증명발급기,3,72900000,대,24300000,3,72900000,3,72900000,Y,대표품목,5730000,충청북도 청주시 흥덕구,충청북도 청주시 흥덕구,20250311
R25TB00284757,00,2025-03-11,1,002061437,09,24292472,"증명발급기, 한국타피, TAPI-9270T, 무인민원발급기/시청각장애인겸용",한국타피(주),중소기업,43211514,컴퓨터키오스크,4321151401,증명발급기,1,19800000,대,19800000,1,19800000,1,19800000,Y,대표품목,4160000,경기도 가평군,경기도 가평군,20250311
R25TB00289772,00,2025-03-12,1,002061436,11,25202556,"증명발급기, 에니텍시스, IS-2000L, 통합민원발급기",(주)에니텍시스,중소기업,43211514,컴퓨터키오스크,4321151401,증명발급기,1,7800000,대,7800000,1,7800000,1,7800000,Y,대표품목,3830000,경기도 안양시,경기도 안양시 동안구,20250312
R25TB00289952,00,2025-03-12,1,002061436,11,25202556,"증명발급기, 에니텍시스, IS-2000L, 통합민원발급기",(주)에니텍시스,중소기업,43211514,컴퓨터키오스크,4321151401,증명발급기,2,15600000,대,7800000,2,15600000,2,15600000,Y,대표품목,3510500,인천광역시 미추홀구,인천광역시 미추홀구,20250312
R25TB00290335,00,2025-03-12,1,0023C0245,00,22470740,"증명발급기, 본시스, BON7000s, 컬러통합민원발급기",(주)본시스,중소기업,43211514,컴퓨터키오스크,4321151401,증명발급기,2,15720000,대,7860000,2,15720000,2,15720000,Y,대표품목,3400019,부산광역시 기장군 철마면,부산광역시 기장군,20250312
R25TB00297444,00,2025-03-13,1,002370024,00,24422601,"증명발급기, 한국타피, TAPI-9320B, 무인민원발급기/시청각장애인겸용",한국타피(주),중소기업,43211514,컴퓨터키오스크,4321151401,증명발급기,7,173600000,대,24800000,7,173600000,7,173600000,Y,대표품목,3570000,인천광역시 강화군,인천광역시 강화군,20250313
R25TB00297747,00,2025-03-13,1,002061436,11,24362785,"증명발급기, 에니텍시스, AT-K300, 무인민원발급기/시청각장애인겸용",(주)에니텍시스,중소기업,43211514,컴퓨터키오스크,4321151401,증명발급기,16,305600000,대,19100000,16,305600000,16,305600000,N,대표품목,3210000,서울특별시 서초구,서울특별시 서초구,20250313
R25TB00297747,01,2025-04-23,1,002061436,11,24362785,"증명발급기, 에니텍시스, AT-K300, 무인민원발급기/시청각장애인겸용",(주)에니텍시스,중소기업,43211514,컴퓨터키오스크,4321151401,증명발급기,17,324700000,대,19100000,17,324700000,1,19100000,Y,대표품목,3210000,서울특별시 서초구,서울특별시 서초구,20250313
R25TB00303844,00,2025-03-14,1,002270152,01,23581064,"버스및차량정보안내장치, 에스앤티, SNS-BIT-LED-0412BC, 거치형",주식회사 에스앤티,중소기업,43211514,컴퓨터키오스크,4321151403,버스및차량정보안내장치,23,149385000,식,6495000,46,155273000,23,149385000,Y,대표품목,3920000,경기도 동두천시,경기도 동두천시,20250314
R25TB00303844,00,2025-03-14,2,002270152,01,23815862,"버스및차량정보안내장치, 에스앤티, BIT-ST-LE6-0412BK(S), (부품)",주식회사 에스앤티,중소기업,43211514,컴퓨터키오스크,4321151403,버스및차량정보안내장치,23,5888000,식,256000,46,155273000,23,5888000,Y,별도구매,3920000,경기도 동두천시,경기도 동두천시,20250314
R25TB00305628,00,2025-03-14,1,002470164,00,25240950,"버스및차량정보안내장치, 싸인텔레콤, ST-BIT-0308, 거치형",주식회사 싸인텔레콤,중소기업,43211514,컴퓨터키오스크,4321151403,버스및차량정보안내장치,3,21009000,대,7003000,3,21009000,3,21009000,Y,대표품목,3940000,경기도 고양시,경기도 고양시 덕양구,20250314
R25TB00305891,00,2025-03-14,1,002061436,11,24362786,"증명발급기, 에니텍시스, AT-K300E, 무인민원발급기/시청각장애인겸용",(주)에니텍시스,중소기업,43211514,컴퓨터키오스크,4321151401,증명발급기,3,74400000,대,24800000,3,74400000,3,74400000,Y,대표품목,4140000,경기도 연천군,경기도 연천군,20250314
R25TB00306188,00,2025-03-14,1,002061437,09,24292471,"증명발급기, 한국타피, TAPI-9270J, 무인민원발급기/시청각장애인겸용",한국타피(주),중소기업,43211514,컴퓨터키오스크,4321151401,증명발급기,11,230122200,대,20920200,11,230122200,11,230122200,N,대표품목,3240000,서울특별시 강동구,서울특별시 강동구,20250314
R25TB00306188,01,2025-03-19,1,002061437,09,24292471,"증명발급기, 한국타피, TAPI-9270J, 무인민원발급기/시청각장애인겸용",한국타피(주),중소기업,43211514,컴퓨터키오스크,4321151401,증명발급기,12,251042400,대,20920200,12,251042400,1,20920200,Y,대표품목,3240000,서울특별시 강동구,서울특별시 강동구,20250314
R25TB00308804,00,2025-03-14,1,002061436,11,24362785,"증명발급기, 에니텍시스, AT-K300, 무인민원발급기/시청각장애인겸용",(주)에니텍시스,중소기업,43211514,컴퓨터키오스크,4321151401,증명발급기,1,21800000,대,21800000,1,21800000,1,21800000,Y,대표품목,5550000,경기도 안산시 상록구,경기도 안산시 상록구,20250314
R25TB00308805,00,2025-03-14,1,002061437,09,24292470,"증명발급기, 한국타피, TAPI-9320T, 무인민원발급기/시청각장애인겸용",한국타피(주),중소기업,43211514,컴퓨터키오스크,4321151401,증명발급기,1,21800000,대,21800000,1,21800000,1,21800000,Y,대표품목,5550000,경기도 안산시 상록구,경기도 안산시 상록구,20250314
R25TB00308907,00,2025-03-15,1,002061436,11,25202556,"증명발급기, 에니텍시스, IS-2000L, 통합민원발급기",(주)에니텍시스,중소기업,43211514,컴퓨터키오스크,4321151401,증명발급기,2,15600000,대,7800000,2,15600000,2,15600000,Y,대표품목,5875000,전남광주통합특별시 영암군,전라남도 영암군,20250315
R25TB00312766,00,2025-03-17,1,002370024,00,24422601,"증명발급기, 한국타피, TAPI-9320B, 무인민원발급기/시청각장애인겸용",한국타피(주),중소기업,43211514,컴퓨터키오스크,4321151401,증명발급기,1,24800000,대,24800000,1,24800000,1,24800000,Y,대표품목,5650000,충청남도 천안시 동남구,충청남도 천안시 동남구,20250317
R25TB00312813,00,2025-03-17,1,002061436,11,24362788,"증명발급기, 에니텍시스, AT-K200(NEW), 무인민원발급기/시청각장애인겸용",(주)에니텍시스,중소기업,43211514,컴퓨터키오스크,4321151401,증명발급기,1,19850000,대,19850000,1,19850000,1,19850000,Y,대표품목,3420000,대구광역시 동구,대구광역시 동구,20250317
R25TB00313488,00,2025-03-17,1,002270152,01,23814274,"버스및차량정보안내장치, 에스앤티, SND-BIT-LC6-0412L5, 거치형",주식회사 에스앤티,중소기업,43211514,컴퓨터키오스크,4321151403,버스및차량정보안내장치,6,48324000,식,8054000,32,68844000,6,48324000,Y,대표품목,4701000,전북특별자치도 남원시,전북특별자치도 남원시,20250317
R25TB00313488,00,2025-03-17,2,002270152,01,23893659,"버스및차량정보안내장치, 에스앤티, SNS-BIT-UNI-0308, 독립형",주식회사 에스앤티,중소기업,43211514,컴퓨터키오스크,4321151403,버스및차량정보안내장치,2,14376000,식,7188000,32,68844000,2,14376000,Y,대표품목,4701000,전북특별자치도 남원시,전북특별자치도 남원시,20250317
R25TB00313488,00,2025-03-17,3,002270152,01,23815862,"버스및차량정보안내장치, 에스앤티, BIT-ST-LE6-0412BK(S), (부품)",주식회사 에스앤티,중소기업,43211514,컴퓨터키오스크,4321151403,버스및차량정보안내장치,24,6144000,식,256000,32,68844000,24,6144000,Y,별도구매,4701000,전북특별자치도 남원시,전북특별자치도 남원시,20250317
R25TB00314052,00,2025-03-17,1,002061436,11,24362786,"증명발급기, 에니텍시스, AT-K300E, 무인민원발급기/시청각장애인겸용",(주)에니텍시스,중소기업,43211514,컴퓨터키오스크,4321151401,증명발급기,2,49600000,대,24800000,2,49600000,2,49600000,Y,대표품목,5650000,충청남도 천안시 동남구,충청남도 천안시 동남구,20250317
R25TB00314650,00,2025-03-17,1,002061436,11,24362785,"증명발급기, 에니텍시스, AT-K300, 무인민원발급기/시청각장애인겸용",(주)에니텍시스,중소기업,43211514,컴퓨터키오스크,4321151401,증명발급기,2,43600000,대,21800000,2,43600000,2,43600000,Y,대표품목,3400000,부산광역시 기장군,부산광역시 기장군,20250317
R25TB00316745,00,2025-03-17,1,002370024,00,24422601,"증명발급기, 한국타피, TAPI-9320B, 무인민원발급기/시청각장애인겸용",한국타피(주),중소기업,43211514,컴퓨터키오스크,4321151401,증명발급기,1,24800000,대,24800000,1,24800000,1,24800000,Y,대표품목,3140000,서울특별시 양천구,서울특별시 양천구,20250317
R25TB00317047,00,2025-03-17,1,002061436,11,25202556,"증명발급기, 에니텍시스, IS-2000L, 통합민원발급기",(주)에니텍시스,중소기업,43211514,컴퓨터키오스크,4321151401,증명발급기,1,7800000,대,7800000,1,7800000,1,7800000,Y,대표품목,3480042,대구광역시 달성군 논공읍,대구광역시 달성군,20250317
R25TB00317413,00,2025-03-17,1,002270152,01,23947500,"버스및차량정보안내장치, 에스앤티, SNS-BIT-LE6-0312, 거치형",주식회사 에스앤티,중소기업,43211514,컴퓨터키오스크,4321151403,버스및차량정보안내장치,22,142406000,식,6473000,44,148038000,22,142406000,Y,대표품목,4530000,충청남도 서산시,충청남도 서산시,20250317
R25TB00317413,00,2025-03-17,2,002270152,01,23815862,"버스및차량정보안내장치, 에스앤티, BIT-ST-LE6-0412BK(S), (부품)",주식회사 에스앤티,중소기업,43211514,컴퓨터키오스크,4321151403,버스및차량정보안내장치,22,5632000,식,256000,44,148038000,22,5632000,Y,별도구매,4530000,충청남도 서산시,충청남도 서산시,20250317
R25TB00317967,00,2025-03-17,1,002061436,11,25202556,"증명발급기, 에니텍시스, IS-2000L, 통합민원발급기",(주)에니텍시스,중소기업,43211514,컴퓨터키오스크,4321151401,증명발급기,1,7800000,대,7800000,1,7800000,1,7800000,Y,대표품목,3010000,서울특별시 중구,서울특별시 중구,20250317
R25TB00317984,00,2025-03-17,1,002061436,11,24362786,"증명발급기, 에니텍시스, AT-K300E, 무인민원발급기/시청각장애인겸용",(주)에니텍시스,중소기업,43211514,컴퓨터키오스크,4321151401,증명발급기,1,24800000,대,24800000,1,24800000,1,24800000,Y,대표품목,5080000,경상북도 구미시,경상북도 구미시,20250317
R25TB00320418,00,2025-03-18,1,002061436,11,24362786,"증명발급기, 에니텍시스, AT-K300E, 무인민원발급기/시청각장애인겸용",(주)에니텍시스,중소기업,43211514,컴퓨터키오스크,4321151401,증명발급기,3,74400000,대,24800000,3,74400000,3,74400000,Y,대표품목,3140000,서울특별시 양천구,서울특별시 양천구,20250318
R25TB00320973,00,2025-03-18,1,002061436,11,24362786,"증명발급기, 에니텍시스, AT-K300E, 무인민원발급기/시청각장애인겸용",(주)에니텍시스,중소기업,43211514,컴퓨터키오스크,4321151401,증명발급기,2,49600000,대,24800000,2,49600000,2,49600000,Y,대표품목,5660000,충청남도 천안시 서북구,충청남도 천안시 서북구,20250318
R25TB00322065,00,2025-03-18,1,002061436,11,25202555,"증명발급기, 에니텍시스, IS-2000M, 통합민원발급기",(주)에니텍시스,중소기업,43211514,컴퓨터키오스크,4321151401,증명발급기,2,17000000,대,8500000,2,17000000,2,17000000,Y,대표품목,5180000,경상북도 영덕군,경상북도 영덕군,20250318
R25TB00322095,00,2025-03-18,1,002061437,09,24292469,"증명발급기, 한국타피, TAPI-9320J, 무인민원발급기/시청각장애인겸용",한국타피(주),중소기업,43211514,컴퓨터키오스크,4321151401,증명발급기,2,49600000,대,24800000,2,49600000,2,49600000,Y,대표품목,5180000,경상북도 영덕군,경상북도 영덕군,20250318
R25TB00322898,00,2025-03-18,1,002061437,09,24292469,"증명발급기, 한국타피, TAPI-9320J, 무인민원발급기/시청각장애인겸용",한국타피(주),중소기업,43211514,컴퓨터키오스크,4321151401,증명발급기,1,24800000,대,24800000,1,24800000,1,24800000,Y,대표품목,5210000,경상북도 성주군,경상북도 성주군,20250318
R25TB00323804,00,2025-03-18,1,002061436,11,24362785,"증명발급기, 에니텍시스, AT-K300, 무인민원발급기/시청각장애인겸용",(주)에니텍시스,중소기업,43211514,컴퓨터키오스크,4321151401,증명발급기,22,420200000,대,19100000,22,420200000,22,420200000,Y,대표품목,3130000,서울특별시 마포구,서울특별시 마포구,20250318
R25TB00324057,00,2025-03-18,1,002370024,00,24422601,"증명발급기, 한국타피, TAPI-9320B, 무인민원발급기/시청각장애인겸용",한국타피(주),중소기업,43211514,컴퓨터키오스크,4321151401,증명발급기,13,322400000,대,24800000,13,320788000,13,322400000,Y,대표품목,3070000,서울특별시 성북구,서울특별시 성북구,20250318
R25TB00324095,00,2025-03-18,1,002370024,00,24422601,"증명발급기, 한국타피, TAPI-9320B, 무인민원발급기/시청각장애인겸용",한국타피(주),중소기업,43211514,컴퓨터키오스크,4321151401,증명발급기,3,74400000,대,24800000,3,74400000,3,74400000,Y,대표품목,3070000,서울특별시 성북구,서울특별시 성북구,20250318
R25TB00325022,00,2025-03-18,1,002061436,11,25202556,"증명발급기, 에니텍시스, IS-2000L, 통합민원발급기",(주)에니텍시스,중소기업,43211514,컴퓨터키오스크,4321151401,증명발급기,1,7800000,대,7800000,1,7800000,1,7800000,Y,대표품목,5790000,전남광주통합특별시 순천시,전라남도 순천시,20250318
R25TB00325114,00,2025-03-18,1,002061437,09,23893188,"증명발급기, 한국타피, TA-2200S(NEW), 통합민원발급기",한국타피(주),중소기업,43211514,컴퓨터키오스크,4321151401,증명발급기,1,7600000,대,7600000,1,7600000,1,7600000,Y,대표품목,5790000,전남광주통합특별시 순천시,전라남도 순천시,20250318
R25TB00328062,00,2025-03-19,1,002061436,11,24362786,"증명발급기, 에니텍시스, AT-K300E, 무인민원발급기/시청각장애인겸용",(주)에니텍시스,중소기업,43211514,컴퓨터키오스크,4321151401,증명발급기,10,216500000,대,21650000,10,216500000,10,216500000,Y,대표품목,3090000,서울특별시 도봉구,서울특별시 도봉구,20250319
R25TB00329042,00,2025-03-19,1,002061436,11,25202556,"증명발급기, 에니텍시스, IS-2000L, 통합민원발급기",(주)에니텍시스,중소기업,43211514,컴퓨터키오스크,4321151401,증명발급기,1,7800000,대,7800000,1,7800000,1,7800000,Y,대표품목,3480029,대구광역시 달성군 구지면,대구광역시 달성군,20250319
R25TB00329322,00,2025-03-19,1,002061436,11,24362788,"증명발급기, 에니텍시스, AT-K200(NEW), 무인민원발급기/시청각장애인겸용",(주)에니텍시스,중소기업,43211514,컴퓨터키오스크,4321151401,증명발급기,4,79400000,대,19850000,4,79400000,4,79400000,Y,대표품목,3230000,서울특별시 송파구,서울특별시 송파구,20250319
R25TB00329368,00,2025-03-19,1,002061437,09,24292472,"증명발급기, 한국타피, TAPI-9270T, 무인민원발급기/시청각장애인겸용",한국타피(주),중소기업,43211514,컴퓨터키오스크,4321151401,증명발급기,4,79200000,대,19800000,4,79200000,4,79200000,Y,대표품목,3230000,서울특별시 송파구,서울특별시 송파구,20250319
R25TB00329561,00,2025-03-19,1,002270152,01,23581064,"버스및차량정보안내장치, 에스앤티, SNS-BIT-LED-0412BC, 거치형",주식회사 에스앤티,중소기업,43211514,컴퓨터키오스크,4321151403,버스및차량정보안내장치,22,142890000,식,6495000,68,239566000,22,142890000,Y,대표품목,3860000,경기도 부천시,경기도 부천시,20250319
R25TB00329561,00,2025-03-19,2,002270152,01,23581067,"버스및차량정보안내장치, 에스앤티, SND-BIT-LED-0412BC, 거치형",주식회사 에스앤티,중소기업,43211514,컴퓨터키오스크,4321151403,버스및차량정보안내장치,12,87972000,식,7331000,68,239566000,12,87972000,Y,대표품목,3860000,경기도 부천시,경기도 부천시,20250319
R25TB00329561,00,2025-03-19,3,002270152,01,23815862,"버스및차량정보안내장치, 에스앤티, BIT-ST-LE6-0412BK(S), (부품)",주식회사 에스앤티,중소기업,43211514,컴퓨터키오스크,4321151403,버스및차량정보안내장치,34,8704000,식,256000,68,239566000,34,8704000,Y,별도구매,3860000,경기도 부천시,경기도 부천시,20250319
R25TB00329886,00,2025-03-19,1,002370030,00,24056641,"버스및차량정보안내장치, 싸인텔레콤, SIGN-LEDLCDBIT, 거치형",주식회사 싸인텔레콤,중소기업,43211514,컴퓨터키오스크,4321151403,버스및차량정보안내장치,5,60270000,식,12054000,5,60270000,5,60270000,Y,대표품목,5790000,전남광주통합특별시 순천시,전라남도 순천시,20250319
R25TB00334474,00,2025-03-19,1,002061436,11,25202556,"증명발급기, 에니텍시스, IS-2000L, 통합민원발급기",(주)에니텍시스,중소기업,43211514,컴퓨터키오스크,4321151401,증명발급기,1,7800000,대,7800000,1,7800000,1,7800000,Y,대표품목,5795000,전남광주통합특별시 나주시,전라남도 나주시,20250319
R25TB00347743,00,2025-03-21,1,002370030,00,23842448,"버스및차량정보안내장치, 싸인텔레콤, ST-BIT-SEL-0312, 거치형",주식회사 싸인텔레콤,중소기업,43211514,컴퓨터키오스크,4321151403,버스및차량정보안내장치,13,95953000,식,7381000,13,95953000,13,95953000,Y,대표품목,5600000,경기도 포천시,경기도 포천시,20250321
R25TB00348785,00,2025-03-21,1,002370030,00,23842448,"버스및차량정보안내장치, 싸인텔레콤, ST-BIT-SEL-0312, 거치형",주식회사 싸인텔레콤,중소기업,43211514,컴퓨터키오스크,4321151403,버스및차량정보안내장치,5,36905000,식,7381000,8,63767000,5,36905000,Y,대표품목,5590000,경기도 양주시,경기도 양주시,20250321
R25TB00348785,00,2025-03-21,2,002370030,00,23861030,"버스및차량정보안내장치, 싸인텔레콤, ST-BIS-US64-01, 거치형",주식회사 싸인텔레콤,중소기업,43211514,컴퓨터키오스크,4321151403,버스및차량정보안내장치,3,26862000,식,8954000,8,63767000,3,26862000,Y,대표품목,5590000,경기도 양주시,경기도 양주시,20250321
R25TB00349254,00,2025-03-22,1,0023C0107,00,24359644,"증명발급기, 광명테크, G10, 무인민원발급기/시청각장애인겸용",주식회사광명테크,중소기업,43211514,컴퓨터키오스크,4321151401,증명발급기,3,35400000,대,11800000,3,35400000,3,35400000,N,대표품목,5670156,경상남도 창원시 마산합포구,경상남도 창원시 마산합포구,20250322
R25TB00349254,01,2025-03-24,1,0023C0107,00,24359644,"증명발급기, 광명테크, G10, 무인민원발급기/시청각장애인겸용",주식회사광명테크,중소기업,43211514,컴퓨터키오스크,4321151401,증명발급기,4,47200000,대,11800000,4,47200000,1,11800000,Y,대표품목,5670156,경상남도 창원시 마산합포구,경상남도 창원시 마산합포구,20250322
R25TB00354012,00,2025-03-24,1,002370024,00,24422601,"증명발급기, 한국타피, TAPI-9320B, 무인민원발급기/시청각장애인겸용",한국타피(주),중소기업,43211514,컴퓨터키오스크,4321151401,증명발급기,5,124000000,대,24800000,5,124000000,5,124000000,Y,대표품목,3040000,서울특별시 광진구,서울특별시 광진구,20250324
R25TB00354476,00,2025-03-24,1,002061436,11,24362785,"증명발급기, 에니텍시스, AT-K300, 무인민원발급기/시청각장애인겸용",(주)에니텍시스,중소기업,43211514,컴퓨터키오스크,4321151401,증명발급기,10,190000000,대,19000000,10,190000000,10,190000000,Y,대표품목,3010000,서울특별시 중구,서울특별시 중구,20250324
R25TB00359036,00,2025-03-25,1,002370030,00,24043785,"버스및차량정보안내장치, 싸인텔레콤, SND-BIT-LED-0412BC-01, 거치형",주식회사 싸인텔레콤,중소기업,43211514,컴퓨터키오스크,4321151403,버스및차량정보안내장치,13,110019000,식,8463000,13,110019000,13,110019000,Y,대표품목,5800000,전남광주통합특별시 광양시,전라남도 광양시,20250325
R25TB00363410,00,2025-03-25,1,002061436,11,25202556,"증명발급기, 에니텍시스, IS-2000L, 통합민원발급기",(주)에니텍시스,중소기업,43211514,컴퓨터키오스크,4321151401,증명발급기,1,7800000,대,7800000,1,7800000,1,7800000,Y,대표품목,3070000,서울특별시 성북구,서울특별시 성북구,20250325
R25TB00364143,00,2025-03-25,1,002061436,11,24362786,"증명발급기, 에니텍시스, AT-K300E, 무인민원발급기/시청각장애인겸용",(주)에니텍시스,중소기업,43211514,컴퓨터키오스크,4321151401,증명발급기,1,24800000,대,24800000,1,24800000,1,24800000,Y,대표품목,3970000,경기도 과천시,경기도 과천시,20250325
R25TB00365751,00,2025-03-26,1,002370024,00,24422601,"증명발급기, 한국타피, TAPI-9320B, 무인민원발급기/시청각장애인겸용",한국타피(주),중소기업,43211514,컴퓨터키오스크,4321151401,증명발급기,16,396800000,대,24800000,16,394816000,16,396800000,Y,대표품목,3050000,서울특별시 동대문구,서울특별시 동대문구,20250326
R25TB00372211,00,2025-03-26,1,002061437,09,24292469,"증명발급기, 한국타피, TAPI-9320J, 무인민원발급기/시청각장애인겸용",한국타피(주),중소기업,43211514,컴퓨터키오스크,4321151401,증명발급기,5,110350000,대,22070000,5,110350000,5,110350000,Y,대표품목,4400000,충청북도 제천시,충청북도 제천시,20250326
R25TB00378494,00,2025-03-27,1,002061436,11,25202556,"증명발급기, 에니텍시스, IS-2000L, 통합민원발급기",(주)에니텍시스,중소기업,43211514,컴퓨터키오스크,4321151401,증명발급기,1,7800000,대,7800000,1,7800000,1,7800000,Y,대표품목,3040000,서울특별시 광진구,서울특별시 광진구,20250327
R25TB00378796,00,2025-03-27,1,002061437,09,24292471,"증명발급기, 한국타피, TAPI-9270J, 무인민원발급기/시청각장애인겸용",한국타피(주),중소기업,43211514,컴퓨터키오스크,4321151401,증명발급기,1,23800000,대,23800000,1,23800000,1,23800000,Y,대표품목,3960100,경기도 고양시 일산동구,경기도 고양시 일산동구,20250327
R25TB00379774,00,2025-03-27,1,002370024,00,24422601,"증명발급기, 한국타피, TAPI-9320B, 무인민원발급기/시청각장애인겸용",한국타피(주),중소기업,43211514,컴퓨터키오스크,4321151401,증명발급기,1,24800000,대,24800000,1,24800000,1,24800000,Y,대표품목,5845000,전남광주통합특별시 고흥군,전라남도 고흥군,20250327
R25TB00382724,00,2025-03-28,1,002370030,00,23217236,"버스및차량정보안내장치, 싸인텔레콤, LCD-ST-BIS-1701, 거치형",주식회사 싸인텔레콤,중소기업,43211514,컴퓨터키오스크,4321151403,버스및차량정보안내장치,70,593964000,식,8485200,70,588024360,70,593964000,Y,대표품목,6310000,울산광역시,울산광역시 남구,20250328
R25TB00385814,00,2025-03-28,1,0023C0107,00,23813369,"증명발급기, 광명테크, G7i, 통합민원발급기",주식회사광명테크,중소기업,43211514,컴퓨터키오스크,4321151401,증명발급기,12,93000000,대,7750000,12,93000000,12,93000000,Y,대표품목,3730000,울산광역시 울주군,울산광역시 울주군,20250328
R25TB00391985,00,2025-03-31,1,002061437,09,23893188,"증명발급기, 한국타피, TA-2200S(NEW), 통합민원발급기",한국타피(주),중소기업,43211514,컴퓨터키오스크,4321151401,증명발급기,1,7600000,대,7600000,1,7600000,1,7600000,Y,대표품목,4020040,경기도 군포시 오금동,경기도 군포시,20250331
R25TB00394774,00,2025-04-01,1,002061437,09,24292471,"증명발급기, 한국타피, TAPI-9270J, 무인민원발급기/시청각장애인겸용",한국타피(주),중소기업,43211514,컴퓨터키오스크,4321151401,증명발급기,1,23800000,대,23800000,1,23800000,1,23800000,Y,대표품목,3950000,경기도 고양시 덕양구,경기도 고양시 덕양구,20250401
R25TB00401615,00,2025-04-02,1,002061436,11,24362785,"증명발급기, 에니텍시스, AT-K300, 무인민원발급기/시청각장애인겸용",(주)에니텍시스,중소기업,43211514,컴퓨터키오스크,4321151401,증명발급기,4,87200000,대,21800000,4,87200000,4,87200000,Y,대표품목,3100000,서울특별시 노원구,서울특별시 노원구,20250402
R25TB00404857,00,2025-04-02,1,002061436,11,24362788,"증명발급기, 에니텍시스, AT-K200(NEW), 무인민원발급기/시청각장애인겸용",(주)에니텍시스,중소기업,43211514,컴퓨터키오스크,4321151401,증명발급기,1,19850000,대,19850000,1,19850000,1,19850000,Y,대표품목,5825000,전남광주통합특별시 광산구,광주광역시 광산구,20250402
R25TB00405807,00,2025-04-02,1,002061436,11,24362786,"증명발급기, 에니텍시스, AT-K300E, 무인민원발급기/시청각장애인겸용",(주)에니텍시스,중소기업,43211514,컴퓨터키오스크,4321151401,증명발급기,4,99200000,대,24800000,4,99200000,4,99200000,Y,대표품목,3220000,서울특별시 강남구,서울특별시 강남구,20250402
R25TB00405808,00,2025-04-02,1,002370024,00,24422601,"증명발급기, 한국타피, TAPI-9320B, 무인민원발급기/시청각장애인겸용",한국타피(주),중소기업,43211514,컴퓨터키오스크,4321151401,증명발급기,12,297600000,대,24800000,12,297600000,12,297600000,Y,대표품목,3220000,서울특별시 강남구,서울특별시 강남구,20250402
R25TB00407014,00,2025-04-02,1,002061437,09,24292470,"증명발급기, 한국타피, TAPI-9320T, 무인민원발급기/시청각장애인겸용",한국타피(주),중소기업,43211514,컴퓨터키오스크,4321151401,증명발급기,1,21800000,대,21800000,1,21800000,1,21800000,Y,대표품목,3910000,경기도 평택시,경기도 평택시,20250402
R25TB00407054,00,2025-04-02,1,002061436,11,24362786,"증명발급기, 에니텍시스, AT-K300E, 무인민원발급기/시청각장애인겸용",(주)에니텍시스,중소기업,43211514,컴퓨터키오스크,4321151401,증명발급기,1,24800000,대,24800000,1,24800000,1,24800000,Y,대표품목,5080000,경상북도 구미시,경상북도 구미시,20250402
R25TB00412410,00,2025-04-03,1,002061436,11,25202556,"증명발급기, 에니텍시스, IS-2000L, 통합민원발급기",(주)에니텍시스,중소기업,43211514,컴퓨터키오스크,4321151401,증명발급기,1,7800000,대,7800000,1,7800000,1,7800000,Y,대표품목,3881013,경기도 부천시 소사구 소사본1동,경기도 부천시 소사구,20250403
R25TB00413061,00,2025-04-03,1,002061436,11,24362788,"증명발급기, 에니텍시스, AT-K200(NEW), 무인민원발급기/시청각장애인겸용",(주)에니텍시스,중소기업,43211514,컴퓨터키오스크,4321151401,증명발급기,1,19850000,대,19850000,1,19850000,1,19850000,Y,대표품목,4651000,전북특별자치도 전주시 완산구,전북특별자치도 전주시 완산구,20250403
R25TB00413956,00,2025-04-04,1,002370024,00,24422601,"증명발급기, 한국타피, TAPI-9320B, 무인민원발급기/시청각장애인겸용",한국타피(주),중소기업,43211514,컴퓨터키오스크,4321151401,증명발급기,11,272800000,대,24800000,11,272800000,11,272800000,Y,대표품목,3220000,서울특별시 강남구,서울특별시 강남구,20250404
R25TB00414950,00,2025-04-04,1,002061436,11,24362786,"증명발급기, 에니텍시스, AT-K300E, 무인민원발급기/시청각장애인겸용",(주)에니텍시스,중소기업,43211514,컴퓨터키오스크,4321151401,증명발급기,4,99200000,대,24800000,4,99200000,4,99200000,Y,대표품목,3220000,서울특별시 강남구,서울특별시 강남구,20250404
R25TB00415718,00,2025-04-04,1,002370024,00,24422601,"증명발급기, 한국타피, TAPI-9320B, 무인민원발급기/시청각장애인겸용",한국타피(주),중소기업,43211514,컴퓨터키오스크,4321151401,증명발급기,1,24800000,대,24800000,1,24800000,1,24800000,Y,대표품목,5780000,전남광주통합특별시 목포시,전라남도 목포시,20250404
R25TB00416250,00,2025-04-04,1,0023C0107,00,24359644,"증명발급기, 광명테크, G10, 무인민원발급기/시청각장애인겸용",주식회사광명테크,중소기업,43211514,컴퓨터키오스크,4321151401,증명발급기,1,19800000,대,19800000,1,19800000,1,19800000,Y,대표품목,4651000,전북특별자치도 전주시 완산구,전북특별자치도 전주시 완산구,20250404
R25TB00416599,00,2025-04-04,1,002061437,09,23893188,"증명발급기, 한국타피, TA-2200S(NEW), 통합민원발급기",한국타피(주),중소기업,43211514,컴퓨터키오스크,4321151401,증명발급기,1,7600000,대,7600000,1,7600000,1,7600000,Y,대표품목,5580000,충청남도 계룡시,충청남도 계룡시,20250404
R25TB00416600,00,2025-04-04,1,0023C0245,00,22470740,"증명발급기, 본시스, BON7000s, 컬러통합민원발급기",(주)본시스,중소기업,43211514,컴퓨터키오스크,4321151401,증명발급기,2,15720000,대,7860000,2,15720000,2,15720000,Y,대표품목,5580000,충청남도 계룡시,충청남도 계룡시,20250404
R25TB00416866,00,2025-04-04,1,002061436,11,24362785,"증명발급기, 에니텍시스, AT-K300, 무인민원발급기/시청각장애인겸용",(주)에니텍시스,중소기업,43211514,컴퓨터키오스크,4321151401,증명발급기,1,21800000,대,21800000,1,21800000,1,21800000,Y,대표품목,3480000,대구광역시 달성군,대구광역시 달성군,20250404
R25TB00416867,00,2025-04-04,1,002062281,05,24333819,"증명발급기, 한국에임, HAIM-6800K, 무인민원발급기/시청각장애인겸용",(주)한국에임,중소기업,43211514,컴퓨터키오스크,4321151401,증명발급기,1,19500000,대,19500000,1,19500000,1,19500000,Y,대표품목,3480000,대구광역시 달성군,대구광역시 달성군,20250404
R25TB00416868,00,2025-04-04,1,0023C0107,00,24359644,"증명발급기, 광명테크, G10, 무인민원발급기/시청각장애인겸용",주식회사광명테크,중소기업,43211514,컴퓨터키오스크,4321151401,증명발급기,1,19800000,대,19800000,1,19800000,1,19800000,Y,대표품목,3480000,대구광역시 달성군,대구광역시 달성군,20250404
R25TB00419550,00,2025-04-07,1,002061436,11,25202556,"증명발급기, 에니텍시스, IS-2000L, 통합민원발급기",(주)에니텍시스,중소기업,43211514,컴퓨터키오스크,4321151401,증명발급기,11,49390000,대,4490000,11,49390000,11,49390000,N,대표품목,5670000,경상남도 창원시,경상남도 창원시 의창구,20250407
R25TB00419550,01,2025-04-15,1,002061436,11,25202556,"증명발급기, 에니텍시스, IS-2000L, 통합민원발급기",(주)에니텍시스,중소기업,43211514,컴퓨터키오스크,4321151401,증명발급기,13,58370000,대,4490000,13,58370000,2,8980000,Y,대표품목,5670000,경상남도 창원시,경상남도 창원시 의창구,20250407
R25TB00419583,00,2025-04-07,1,002061436,11,24362785,"증명발급기, 에니텍시스, AT-K300, 무인민원발급기/시청각장애인겸용",(주)에니텍시스,중소기업,43211514,컴퓨터키오스크,4321151401,증명발급기,3,65400000,대,21800000,3,65400000,3,65400000,Y,대표품목,3000000,서울특별시 종로구,서울특별시 종로구,20250407
R25TB00422237,00,2025-04-07,1,002370030,00,23838870,"버스및차량정보안내장치, 싸인텔레콤, ST-BIT-SEL-0406, 독립형",주식회사 싸인텔레콤,중소기업,43211514,컴퓨터키오스크,4321151403,버스및차량정보안내장치,14,120988000,식,8642000,28,239544000,14,120988000,Y,대표품목,5530000,경기도 화성시,경기도 화성시,20250407
R25TB00422237,00,2025-04-07,2,002370030,00,23861029,"버스및차량정보안내장치, 싸인텔레콤, ST-BIS-US64, 거치형",주식회사 싸인텔레콤,중소기업,43211514,컴퓨터키오스크,4321151403,버스및차량정보안내장치,5,37970000,식,7594000,28,239544000,5,37970000,Y,대표품목,5530000,경기도 화성시,경기도 화성시,20250407
R25TB00422237,00,2025-04-07,3,002370030,00,23861030,"버스및차량정보안내장치, 싸인텔레콤, ST-BIS-US64-01, 거치형",주식회사 싸인텔레콤,중소기업,43211514,컴퓨터키오스크,4321151403,버스및차량정보안내장치,9,80586000,식,8954000,28,239544000,9,80586000,Y,대표품목,5530000,경기도 화성시,경기도 화성시,20250407
R25TB00422238,00,2025-04-07,1,002470164,01,25240950,"버스및차량정보안내장치, 싸인텔레콤, ST-BIT-0308, 거치형",주식회사 싸인텔레콤,중소기업,43211514,컴퓨터키오스크,4321151403,버스및차량정보안내장치,5,35015000,대,7003000,5,35015000,5,35015000,Y,대표품목,5530000,경기도 화성시,경기도 화성시,20250407
R25TB00422290,00,2025-04-07,1,002370030,00,23838870,"버스및차량정보안내장치, 싸인텔레콤, ST-BIT-SEL-0406, 독립형",주식회사 싸인텔레콤,중소기업,43211514,컴퓨터키오스크,4321151403,버스및차량정보안내장치,4,34568000,식,8642000,14,114588000,4,34568000,Y,대표품목,5530000,경기도 화성시,경기도 화성시,20250407
R25TB00422290,00,2025-04-07,2,002370030,00,23861029,"버스및차량정보안내장치, 싸인텔레콤, ST-BIS-US64, 거치형",주식회사 싸인텔레콤,중소기업,43211514,컴퓨터키오스크,4321151403,버스및차량정보안내장치,7,53158000,식,7594000,14,114588000,7,53158000,Y,대표품목,5530000,경기도 화성시,경기도 화성시,20250407
R25TB00422290,00,2025-04-07,3,002370030,00,23861030,"버스및차량정보안내장치, 싸인텔레콤, ST-BIS-US64-01, 거치형",주식회사 싸인텔레콤,중소기업,43211514,컴퓨터키오스크,4321151403,버스및차량정보안내장치,3,26862000,식,8954000,14,114588000,3,26862000,Y,대표품목,5530000,경기도 화성시,경기도 화성시,20250407
R25TB00422291,00,2025-04-07,1,002470164,01,25240950,"버스및차량정보안내장치, 싸인텔레콤, ST-BIT-0308, 거치형",주식회사 싸인텔레콤,중소기업,43211514,컴퓨터키오스크,4321151403,버스및차량정보안내장치,5,35015000,대,7003000,5,35015000,5,35015000,Y,대표품목,5530000,경기도 화성시,경기도 화성시,20250407
R25TB00423835,00,2025-04-07,1,002061436,11,24362786,"증명발급기, 에니텍시스, AT-K300E, 무인민원발급기/시청각장애인겸용",(주)에니텍시스,중소기업,43211514,컴퓨터키오스크,4321151401,증명발급기,3,74400000,대,24800000,3,74400000,3,74400000,Y,대표품목,3900000,경기도 광명시,경기도 광명시,20250407
R25TB00424607,00,2025-04-07,1,002370030,00,23838870,"버스및차량정보안내장치, 싸인텔레콤, ST-BIT-SEL-0406, 독립형",주식회사 싸인텔레콤,중소기업,43211514,컴퓨터키오스크,4321151403,버스및차량정보안내장치,2,17284000,식,8642000,24,184352000,2,17284000,Y,대표품목,4090000,경기도 김포시,경기도 김포시,20250407
R25TB00424607,00,2025-04-07,2,002370030,00,23861029,"버스및차량정보안내장치, 싸인텔레콤, ST-BIS-US64, 거치형",주식회사 싸인텔레콤,중소기업,43211514,컴퓨터키오스크,4321151403,버스및차량정보안내장치,22,167068000,식,7594000,24,184352000,22,167068000,Y,대표품목,4090000,경기도 김포시,경기도 김포시,20250407
R25TB00424797,00,2025-04-07,1,002370030,00,24043786,"버스및차량정보안내장치, 싸인텔레콤, SIGN-BIT-LED-480312S, 거치형",주식회사 싸인텔레콤,중소기업,43211514,컴퓨터키오스크,4321151403,버스및차량정보안내장치,3,22356000,식,7452000,3,22356000,3,22356000,Y,대표품목,5540000,경기도 광주시,경기도 광주시,20250407
R25TB00431168,00,2025-04-08,1,0023C0245,00,22764188,"증명발급기, 본시스, BON-6000K, 통합민원발급기",(주)본시스,중소기업,43211514,컴퓨터키오스크,4321151401,증명발급기,1,6850000,대,6850000,1,6850000,1,6850000,Y,대표품목,3330128,부산광역시 해운대구 우3동,부산광역시 해운대구,20250408
R25TB00431685,00,2025-04-08,1,002370030,00,24043786,"버스및차량정보안내장치, 싸인텔레콤, SIGN-BIT-LED-480312S, 거치형",주식회사 싸인텔레콤,중소기업,43211514,컴퓨터키오스크,4321151403,버스및차량정보안내장치,25,172650000,식,6906000,25,172650000,25,172650000,Y,대표품목,4520000,충청남도 아산시,충청남도 아산시,20250408
R25TB00433246,00,2025-04-09,1,002061436,11,24362788,"증명발급기, 에니텍시스, AT-K200(NEW), 무인민원발급기/시청각장애인겸용",(주)에니텍시스,중소기업,43211514,컴퓨터키오스크,4321151401,증명발급기,1,19850000,대,19850000,1,19850000,1,19850000,Y,대표품목,3150000,서울특별시 강서구,서울특별시 강서구,20250409
R25TB00433247,00,2025-04-09,1,002370024,00,24422601,"증명발급기, 한국타피, TAPI-9320B, 무인민원발급기/시청각장애인겸용",한국타피(주),중소기업,43211514,컴퓨터키오스크,4321151401,증명발급기,4,99200000,대,24800000,4,99200000,4,99200000,Y,대표품목,3150000,서울특별시 강서구,서울특별시 강서구,20250409
R25TB00434943,00,2025-04-09,1,002061437,09,24292469,"증명발급기, 한국타피, TAPI-9320J, 무인민원발급기/시청각장애인겸용",한국타피(주),중소기업,43211514,컴퓨터키오스크,4321151401,증명발급기,22,483956000,대,21998000,22,483956000,22,483956000,Y,대표품목,3030000,서울특별시 성동구,서울특별시 성동구,20250409
R25TB00435708,00,2025-04-09,1,002061436,11,25202556,"증명발급기, 에니텍시스, IS-2000L, 통합민원발급기",(주)에니텍시스,중소기업,43211514,컴퓨터키오스크,4321151401,증명발급기,1,7800000,대,7800000,1,7800000,1,7800000,Y,대표품목,3871018,경기도 부천시 원미구 춘의동,경기도 부천시 원미구,20250409
R25TB00439153,00,2025-04-10,1,002370024,00,24422601,"증명발급기, 한국타피, TAPI-9320B, 무인민원발급기/시청각장애인겸용",한국타피(주),중소기업,43211514,컴퓨터키오스크,4321151401,증명발급기,1,24800000,대,24800000,1,24800000,1,24800000,Y,대표품목,3190000,서울특별시 동작구,서울특별시 동작구,20250410
R25TB00443276,00,2025-04-10,1,002061436,11,25202556,"증명발급기, 에니텍시스, IS-2000L, 통합민원발급기",(주)에니텍시스,중소기업,43211514,컴퓨터키오스크,4321151401,증명발급기,1,7800000,대,7800000,1,7800000,1,7800000,Y,대표품목,5360000,경상남도 밀양시,경상남도 밀양시,20250410
R25TB00443277,00,2025-04-10,1,0023C0107,00,23777412,"증명발급기, 광명테크, G7, 통합민원발급기",주식회사광명테크,중소기업,43211514,컴퓨터키오스크,4321151401,증명발급기,1,7700000,대,7700000,1,7700000,1,7700000,Y,대표품목,5360000,경상남도 밀양시,경상남도 밀양시,20250410
R25TB00443529,00,2025-04-10,1,R25TA00246464,00,24396429,"무인안내시스템, 아이티고, SAFETOUCH(O)-55S2F, 옥외용비접촉키오스크","아이티고 주식회사 (ITGO Co., Ltd.)",중소기업,43211514,컴퓨터키오스크,4321151402,무인안내시스템,2,56880000,대,28440000,2,56880000,2,56880000,Y,대표품목,3220000,서울특별시 강남구,서울특별시 강남구,20250410
R25TB00444903,00,2025-04-11,1,002061436,11,24362788,"증명발급기, 에니텍시스, AT-K200(NEW), 무인민원발급기/시청각장애인겸용",(주)에니텍시스,중소기업,43211514,컴퓨터키오스크,4321151401,증명발급기,3,59550000,대,19850000,3,59550000,3,59550000,Y,대표품목,3120000,서울특별시 서대문구,서울특별시 서대문구,20250411
R25TB00451048,00,2025-04-14,1,002470164,01,25240950,"버스및차량정보안내장치, 싸인텔레콤, ST-BIT-0308, 거치형",주식회사 싸인텔레콤,중소기업,43211514,컴퓨터키오스크,4321151403,버스및차량정보안내장치,3,21009000,대,7003000,3,21009000,3,21009000,N,대표품목,3090000,서울특별시 도봉구,서울특별시 도봉구,20250414
R25TB00451048,01,2025-04-16,1,002470164,01,25240950,"버스및차량정보안내장치, 싸인텔레콤, ST-BIT-0308, 거치형",주식회사 싸인텔레콤,중소기업,43211514,컴퓨터키오스크,4321151403,버스및차량정보안내장치,0,0,대,7003000,0,0,-3,-21009000,Y,대표품목,3090000,서울특별시 도봉구,서울특별시 도봉구,20250414
R25TB00453486,00,2025-04-14,1,002061436,11,25202556,"증명발급기, 에니텍시스, IS-2000L, 통합민원발급기",(주)에니텍시스,중소기업,43211514,컴퓨터키오스크,4321151401,증명발급기,1,7800000,대,7800000,1,7800000,1,7800000,Y,대표품목,3960056,경기도 고양시 일산동구 마두1동,경기도 고양시 일산동구,20250414
R25TB00454167,00,2025-04-14,1,002370030,00,23273105,"버스및차량정보안내장치, 싸인텔레콤, LCD-ST-BIS-1704, 거치형",주식회사 싸인텔레콤,중소기업,43211514,컴퓨터키오스크,4321151403,버스및차량정보안내장치,5,42426000,식,8485200,5,42426000,5,42426000,Y,대표품목,Z038358,에스케이플래닛(주),경기도 성남시 분당구,20250414
R25TB00462038,00,2025-04-15,1,002370030,00,23838870,"버스및차량정보안내장치, 싸인텔레콤, ST-BIT-SEL-0406, 독립형",주식회사 싸인텔레콤,중소기업,43211514,컴퓨터키오스크,4321151403,버스및차량정보안내장치,3,25926000,식,8642000,3,25926000,3,25926000,Y,대표품목,3090000,서울특별시 도봉구,서울특별시 도봉구,20250415
R25TB00469762,00,2025-04-17,1,002061436,11,24362786,"증명발급기, 에니텍시스, AT-K300E, 무인민원발급기/시청각장애인겸용",(주)에니텍시스,중소기업,43211514,컴퓨터키오스크,4321151401,증명발급기,1,24800000,대,24800000,1,24800000,1,24800000,Y,대표품목,6510000,제주특별자치도 제주시,제주특별자치도 제주시,20250417
R25TB00473218,00,2025-04-17,1,002061436,11,24362786,"증명발급기, 에니텍시스, AT-K300E, 무인민원발급기/시청각장애인겸용",(주)에니텍시스,중소기업,43211514,컴퓨터키오스크,4321151401,증명발급기,1,24800000,대,24800000,1,24800000,1,24800000,Y,대표품목,3700000,울산광역시 남구,울산광역시 남구,20250417
R25TB00476973,00,2025-04-18,1,002370030,00,23842448,"버스및차량정보안내장치, 싸인텔레콤, ST-BIT-SEL-0312, 거치형",주식회사 싸인텔레콤,중소기업,43211514,컴퓨터키오스크,4321151403,버스및차량정보안내장치,10,73810000,식,7381000,15,111780000,10,73810000,Y,대표품목,4070000,경기도 이천시,경기도 이천시,20250418
R25TB00476973,00,2025-04-18,2,002370030,00,23861029,"버스및차량정보안내장치, 싸인텔레콤, ST-BIS-US64, 거치형",주식회사 싸인텔레콤,중소기업,43211514,컴퓨터키오스크,4321151403,버스및차량정보안내장치,5,37970000,식,7594000,15,111780000,5,37970000,Y,대표품목,4070000,경기도 이천시,경기도 이천시,20250418
R25TB00477134,00,2025-04-18,1,002061437,09,23893188,"증명발급기, 한국타피, TA-2200S(NEW), 통합민원발급기",한국타피(주),중소기업,43211514,컴퓨터키오스크,4321151401,증명발급기,1,7600000,대,7600000,1,7600000,1,7600000,Y,대표품목,4020036,경기도 군포시 산본1동,경기도 군포시,20250418
R25TB00483261,00,2025-04-21,1,002061436,11,24362786,"증명발급기, 에니텍시스, AT-K300E, 무인민원발급기/시청각장애인겸용",(주)에니텍시스,중소기업,43211514,컴퓨터키오스크,4321151401,증명발급기,18,376200000,대,20900000,18,376200000,18,376200000,N,대표품목,3110000,서울특별시 은평구,서울특별시 은평구,20250421
R25TB00483261,01,2025-05-09,1,002061436,11,24362786,"증명발급기, 에니텍시스, AT-K300E, 무인민원발급기/시청각장애인겸용",(주)에니텍시스,중소기업,43211514,컴퓨터키오스크,4321151401,증명발급기,21,438900000,대,20900000,21,438900000,3,62700000,Y,대표품목,3110000,서울특별시 은평구,서울특별시 은평구,20250421
R25TB00486081,00,2025-04-21,1,002061437,09,24292472,"증명발급기, 한국타피, TAPI-9270T, 무인민원발급기/시청각장애인겸용",한국타피(주),중소기업,43211514,컴퓨터키오스크,4321151401,증명발급기,2,39600000,대,19800000,2,39600000,2,39600000,Y,대표품목,4500234,충청남도 공주시 월송동,충청남도 공주시,20250421
R25TB00488588,00,2025-04-22,1,002061436,11,24362788,"증명발급기, 에니텍시스, AT-K200(NEW), 무인민원발급기/시청각장애인겸용",(주)에니텍시스,중소기업,43211514,컴퓨터키오스크,4321151401,증명발급기,4,79400000,대,19850000,4,79400000,4,79400000,Y,대표품목,3120000,서울특별시 서대문구,서울특별시 서대문구,20250422
R25TB00495342,00,2025-04-23,1,002061437,09,24292469,"증명발급기, 한국타피, TAPI-9320J, 무인민원발급기/시청각장애인겸용",한국타피(주),중소기업,43211514,컴퓨터키오스크,4321151401,증명발급기,3,74400000,대,24800000,3,74400000,3,74400000,Y,대표품목,3190000,서울특별시 동작구,서울특별시 동작구,20250423
R25TB00496828,00,2025-04-23,1,002061436,11,24362788,"증명발급기, 에니텍시스, AT-K200(NEW), 무인민원발급기/시청각장애인겸용",(주)에니텍시스,중소기업,43211514,컴퓨터키오스크,4321151401,증명발급기,1,19850000,대,19850000,1,19850000,1,19850000,Y,대표품목,5825000,전남광주통합특별시 광산구,광주광역시 광산구,20250423
R25TB00500904,00,2025-04-24,1,002061436,11,25202556,"증명발급기, 에니텍시스, IS-2000L, 통합민원발급기",(주)에니텍시스,중소기업,43211514,컴퓨터키오스크,4321151401,증명발급기,2,15600000,대,7800000,2,15600000,2,15600000,Y,대표품목,3840016,경기도 안양시 만안구 안양6동,경기도 안양시 만안구,20250424
R25TB00505328,00,2025-04-24,1,002061436,11,25202556,"증명발급기, 에니텍시스, IS-2000L, 통합민원발급기",(주)에니텍시스,중소기업,43211514,컴퓨터키오스크,4321151401,증명발급기,1,7800000,대,7800000,1,7800000,1,7800000,Y,대표품목,3980000,경기도 구리시,경기도 구리시,20250424
R25TB00505776,00,2025-04-24,1,002061436,11,24362786,"증명발급기, 에니텍시스, AT-K300E, 무인민원발급기/시청각장애인겸용",(주)에니텍시스,중소기업,43211514,컴퓨터키오스크,4321151401,증명발급기,1,24800000,대,24800000,1,24800000,1,24800000,Y,대표품목,3060000,서울특별시 중랑구,서울특별시 중랑구,20250424
R25TB00506192,00,2025-04-24,1,002061437,09,24292469,"증명발급기, 한국타피, TAPI-9320J, 무인민원발급기/시청각장애인겸용",한국타피(주),중소기업,43211514,컴퓨터키오스크,4321151401,증명발급기,1,24800000,대,24800000,1,24800000,1,24800000,Y,대표품목,4241055,강원특별자치도 삼척시 도계읍,강원특별자치도 삼척시,20250424
R25TB00506413,00,2025-04-24,1,002061436,11,25202556,"증명발급기, 에니텍시스, IS-2000L, 통합민원발급기",(주)에니텍시스,중소기업,43211514,컴퓨터키오스크,4321151401,증명발급기,1,7800000,대,7800000,1,7800000,1,7800000,Y,대표품목,5620033,경기도 용인시 처인구 이동읍,경기도 용인시 처인구,20250424
R25TB00509983,00,2025-04-25,1,002370030,00,23842448,"버스및차량정보안내장치, 싸인텔레콤, ST-BIT-SEL-0312, 거치형",주식회사 싸인텔레콤,중소기업,43211514,컴퓨터키오스크,4321151403,버스및차량정보안내장치,6,44286000,식,7381000,9,69788000,6,44286000,Y,대표품목,4010000,경기도 시흥시,경기도 시흥시,20250425
R25TB00509983,00,2025-04-25,2,002370030,00,23861029,"버스및차량정보안내장치, 싸인텔레콤, ST-BIS-US64, 거치형",주식회사 싸인텔레콤,중소기업,43211514,컴퓨터키오스크,4321151403,버스및차량정보안내장치,1,7594000,식,7594000,9,69788000,1,7594000,Y,대표품목,4010000,경기도 시흥시,경기도 시흥시,20250425
R25TB00509983,00,2025-04-25,3,002370030,00,23861030,"버스및차량정보안내장치, 싸인텔레콤, ST-BIS-US64-01, 거치형",주식회사 싸인텔레콤,중소기업,43211514,컴퓨터키오스크,4321151403,버스및차량정보안내장치,2,17908000,식,8954000,9,69788000,2,17908000,Y,대표품목,4010000,경기도 시흥시,경기도 시흥시,20250425
R25TB00516266,00,2025-04-28,1,002370030,00,23842448,"버스및차량정보안내장치, 싸인텔레콤, ST-BIT-SEL-0312, 거치형",주식회사 싸인텔레콤,중소기업,43211514,컴퓨터키오스크,4321151403,버스및차량정보안내장치,1,7381000,식,7381000,1,7381000,1,7381000,Y,대표품목,6260361,부산광역시 건설본부,부산광역시 연제구,20250428
R25TB00517107,00,2025-04-28,1,002061437,09,24292472,"증명발급기, 한국타피, TAPI-9270T, 무인민원발급기/시청각장애인겸용",한국타피(주),중소기업,43211514,컴퓨터키오스크,4321151401,증명발급기,1,19800000,대,19800000,1,19800000,1,19800000,Y,대표품목,5020000,경상북도 포항시,경상북도 포항시 남구,20250428
R25TB00518588,00,2025-04-29,1,002061437,09,24292472,"증명발급기, 한국타피, TAPI-9270T, 무인민원발급기/시청각장애인겸용",한국타피(주),중소기업,43211514,컴퓨터키오스크,4321151401,증명발급기,1,19800000,대,19800000,1,19800000,1,19800000,Y,대표품목,4500066,충청남도 공주시 웅진동,충청남도 공주시,20250429
R25TB00521215,00,2025-04-29,1,002061436,11,25202556,"증명발급기, 에니텍시스, IS-2000L, 통합민원발급기",(주)에니텍시스,중소기업,43211514,컴퓨터키오스크,4321151401,증명발급기,1,7800000,대,7800000,1,7800000,1,7800000,Y,대표품목,5850000,전남광주통합특별시 보성군,전라남도 보성군,20250429
R25TB00524736,00,2025-04-30,1,002370024,00,24422601,"증명발급기, 한국타피, TAPI-9320B, 무인민원발급기/시청각장애인겸용",한국타피(주),중소기업,43211514,컴퓨터키오스크,4321151401,증명발급기,4,99200000,대,24800000,4,99200000,4,99200000,Y,대표품목,3740000,경기도 수원시,경기도 수원시 팔달구,20250430
R25TB00524741,00,2025-04-30,1,002370024,00,24422601,"증명발급기, 한국타피, TAPI-9320B, 무인민원발급기/시청각장애인겸용",한국타피(주),중소기업,43211514,컴퓨터키오스크,4321151401,증명발급기,2,49600000,대,24800000,2,49600000,2,49600000,Y,대표품목,3190000,서울특별시 동작구,서울특별시 동작구,20250430
R25TB00524988,00,2025-04-30,1,002061436,11,24362788,"증명발급기, 에니텍시스, AT-K200(NEW), 무인민원발급기/시청각장애인겸용",(주)에니텍시스,중소기업,43211514,컴퓨터키오스크,4321151401,증명발급기,1,19850000,대,19850000,1,19850000,1,19850000,Y,대표품목,5020000,경상북도 포항시,경상북도 포항시 남구,20250430
R25TB00526719,00,2025-04-30,1,002061436,11,25202556,"증명발급기, 에니텍시스, IS-2000L, 통합민원발급기",(주)에니텍시스,중소기업,43211514,컴퓨터키오스크,4321151401,증명발급기,1,7800000,대,7800000,1,7800000,1,7800000,Y,대표품목,5070059,경상북도 안동시 명륜동,경상북도 안동시,20250430
R25TB00530471,00,2025-05-01,1,002370024,01,24422601,"증명발급기, 한국타피, TAPI-9320B, 무인민원발급기/시청각장애인겸용",한국타피(주),중소기업,43211514,컴퓨터키오스크,4321151401,증명발급기,2,49600000,대,24800000,2,49600000,2,49600000,Y,대표품목,4070000,경기도 이천시,경기도 이천시,20250501
R25TB00531649,00,2025-05-01,1,0023C0107,01,23813369,"증명발급기, 광명테크, G7i, 통합민원발급기",주식회사광명테크,중소기업,43211514,컴퓨터키오스크,4321151401,증명발급기,1,7750000,대,7750000,1,7750000,1,7750000,Y,대표품목,5370058,경상남도 거제시 옥포2동,경상남도 거제시,20250501
R25TB00532167,00,2025-05-01,1,002061436,11,25202556,"증명발급기, 에니텍시스, IS-2000L, 통합민원발급기",(주)에니텍시스,중소기업,43211514,컴퓨터키오스크,4321151401,증명발급기,2,15600000,대,7800000,2,15600000,2,15600000,Y,대표품목,4060000,경기도 파주시,경기도 파주시,20250501
R25TB00533108,00,2025-05-01,1,002061437,09,24292472,"증명발급기, 한국타피, TAPI-9270T, 무인민원발급기/시청각장애인겸용",한국타피(주),중소기업,43211514,컴퓨터키오스크,4321151401,증명발급기,1,19800000,대,19800000,1,19800000,1,19800000,Y,대표품목,4500053,충청남도 공주시 이인면,충청남도 공주시,20250501
R25TB00533629,00,2025-05-01,1,002061437,09,24292472,"증명발급기, 한국타피, TAPI-9270T, 무인민원발급기/시청각장애인겸용",한국타피(주),중소기업,43211514,컴퓨터키오스크,4321151401,증명발급기,1,19800000,대,19800000,1,19800000,1,19800000,Y,대표품목,4500056,충청남도 공주시 반포면,충청남도 공주시,20250501
R25TB00537391,00,2025-05-02,1,002061436,11,25202556,"증명발급기, 에니텍시스, IS-2000L, 통합민원발급기",(주)에니텍시스,중소기업,43211514,컴퓨터키오스크,4321151401,증명발급기,1,7800000,대,7800000,1,7800000,1,7800000,Y,대표품목,5370049,경상남도 거제시 연초면,경상남도 거제시,20250502
R25TB00539897,00,2025-05-07,1,0023C0107,01,23813369,"증명발급기, 광명테크, G7i, 통합민원발급기",주식회사광명테크,중소기업,43211514,컴퓨터키오스크,4321151401,증명발급기,1,7750000,대,7750000,1,7750000,1,7750000,Y,대표품목,3420000,대구광역시 동구,대구광역시 동구,20250507
R25TB00540057,00,2025-05-07,1,002061436,11,25202556,"증명발급기, 에니텍시스, IS-2000L, 통합민원발급기",(주)에니텍시스,중소기업,43211514,컴퓨터키오스크,4321151401,증명발급기,1,7800000,대,7800000,1,7800000,1,7800000,Y,대표품목,4030032,경기도 의왕시 청계동,경기도 의왕시,20250507
R25TB00540655,00,2025-05-07,1,002470164,01,25233039,"버스및차량정보안내장치, 싸인텔레콤, ST-LED-BIT-01, 거치형",주식회사 싸인텔레콤,중소기업,43211514,컴퓨터키오스크,4321151403,버스및차량정보안내장치,6,53526000,대,8921000,6,53526000,6,53526000,Y,대표품목,5020000,경상북도 포항시,경상북도 포항시 남구,20250507
R25TB00541511,00,2025-05-07,1,002061436,11,24362788,"증명발급기, 에니텍시스, AT-K200(NEW), 무인민원발급기/시청각장애인겸용",(주)에니텍시스,중소기업,43211514,컴퓨터키오스크,4321151401,증명발급기,1,19850000,대,19850000,1,19850000,1,19850000,Y,대표품목,5330000,경상남도 통영시,경상남도 통영시,20250507
R25TB00542432,00,2025-05-07,1,002370030,00,24043784,"버스및차량정보안내장치, 싸인텔레콤, SNS-BIT-LED-0412BC-01, 거치형",주식회사 싸인텔레콤,중소기업,43211514,컴퓨터키오스크,4321151403,버스및차량정보안내장치,5,38900000,식,7780000,33,309200000,5,38900000,Y,대표품목,3830000,경기도 안양시,경기도 안양시 동안구,20250507
R25TB00542432,00,2025-05-07,2,002370030,00,24043785,"버스및차량정보안내장치, 싸인텔레콤, SND-BIT-LED-0412BC-01, 거치형",주식회사 싸인텔레콤,중소기업,43211514,컴퓨터키오스크,4321151403,버스및차량정보안내장치,24,219912000,식,9163000,33,309200000,24,219912000,Y,대표품목,3830000,경기도 안양시,경기도 안양시 동안구,20250507
R25TB00542432,00,2025-05-07,3,002370030,00,24056641,"버스및차량정보안내장치, 싸인텔레콤, SIGN-LEDLCDBIT, 거치형",주식회사 싸인텔레콤,중소기업,43211514,컴퓨터키오스크,4321151403,버스및차량정보안내장치,4,50388000,식,12597000,33,309200000,4,50388000,Y,대표품목,3830000,경기도 안양시,경기도 안양시 동안구,20250507
R25TB00542433,00,2025-05-07,1,002470164,01,25233046,"버스및차량정보안내장치, 싸인텔레콤, ST-64LED-MY, 독립형",주식회사 싸인텔레콤,중소기업,43211514,컴퓨터키오스크,4321151403,버스및차량정보안내장치,2,14334000,대,7167000,2,14334000,2,14334000,Y,대표품목,3830000,경기도 안양시,경기도 안양시 동안구,20250507
R25TB00542751,00,2025-05-07,1,002061436,11,25202556,"증명발급기, 에니텍시스, IS-2000L, 통합민원발급기",(주)에니텍시스,중소기업,43211514,컴퓨터키오스크,4321151401,증명발급기,1,7800000,대,7800000,1,7800000,1,7800000,Y,대표품목,4070031,경기도 이천시 부발읍,경기도 이천시,20250507
R25TB00544760,00,2025-05-07,1,002370030,00,23273105,"버스및차량정보안내장치, 싸인텔레콤, LCD-ST-BIS-1704, 거치형",주식회사 싸인텔레콤,중소기업,43211514,컴퓨터키오스크,4321151403,버스및차량정보안내장치,16,135763200,식,8485200,38,302831200,16,135763200,Y,대표품목,4181000,강원특별자치도 춘천시,강원특별자치도 춘천시,20250507
R25TB00544760,00,2025-05-07,2,002370030,00,23861029,"버스및차량정보안내장치, 싸인텔레콤, ST-BIS-US64, 거치형",주식회사 싸인텔레콤,중소기업,43211514,컴퓨터키오스크,4321151403,버스및차량정보안내장치,22,167068000,식,7594000,38,302831200,22,167068000,Y,대표품목,4181000,강원특별자치도 춘천시,강원특별자치도 춘천시,20250507
R25TB00544761,00,2025-05-07,1,002470164,01,25240950,"버스및차량정보안내장치, 싸인텔레콤, ST-BIT-0308, 거치형",주식회사 싸인텔레콤,중소기업,43211514,컴퓨터키오스크,4321151403,버스및차량정보안내장치,1,7003000,대,7003000,1,7003000,1,7003000,Y,대표품목,4181000,강원특별자치도 춘천시,강원특별자치도 춘천시,20250507
R25TB00546041,00,2025-05-08,1,002061436,11,24362786,"증명발급기, 에니텍시스, AT-K300E, 무인민원발급기/시청각장애인겸용",(주)에니텍시스,중소기업,43211514,컴퓨터키오스크,4321151401,증명발급기,2,49600000,대,24800000,2,49600000,2,49600000,Y,대표품목,3000000,서울특별시 종로구,서울특별시 종로구,20250508
R25TB00552384,00,2025-05-09,1,002470164,01,25233046,"버스및차량정보안내장치, 싸인텔레콤, ST-64LED-MY, 독립형",주식회사 싸인텔레콤,중소기업,43211514,컴퓨터키오스크,4321151403,버스및차량정보안내장치,1,7167000,대,7167000,1,7167000,1,7167000,Y,대표품목,3180000,서울특별시 영등포구,서울특별시 영등포구,20250509
R25TB00554529,00,2025-05-09,1,002061436,11,24362788,"증명발급기, 에니텍시스, AT-K200(NEW), 무인민원발급기/시청각장애인겸용",(주)에니텍시스,중소기업,43211514,컴퓨터키오스크,4321151401,증명발급기,1,19850000,대,19850000,1,19850000,1,19850000,Y,대표품목,4661000,전북특별자치도 전주시 덕진구,전북특별자치도 전주시 덕진구,20250509
R25TB00554783,00,2025-05-09,1,002061437,09,24292472,"증명발급기, 한국타피, TAPI-9270T, 무인민원발급기/시청각장애인겸용",한국타피(주),중소기업,43211514,컴퓨터키오스크,4321151401,증명발급기,1,19800000,대,19800000,1,19800000,1,19800000,Y,대표품목,4500062,충청남도 공주시 신풍면,충청남도 공주시,20250509
R25TB00567848,00,2025-05-14,1,002061437,09,24292471,"증명발급기, 한국타피, TAPI-9270J, 무인민원발급기/시청각장애인겸용",한국타피(주),중소기업,43211514,컴퓨터키오스크,4321151401,증명발급기,1,23800000,대,23800000,1,23800000,1,23800000,Y,대표품목,3800000,경기도 성남시 중원구,경기도 성남시 중원구,20250514
R25TB00568329,00,2025-05-14,1,002061437,09,23893188,"증명발급기, 한국타피, TA-2200S(NEW), 통합민원발급기",한국타피(주),중소기업,43211514,컴퓨터키오스크,4321151401,증명발급기,1,7600000,대,7600000,1,7600000,1,7600000,Y,대표품목,4070035,경기도 이천시 마장면,경기도 이천시,20250514
R25TB00568552,00,2025-05-14,1,002061437,09,24292471,"증명발급기, 한국타피, TAPI-9270J, 무인민원발급기/시청각장애인겸용",한국타피(주),중소기업,43211514,컴퓨터키오스크,4321151401,증명발급기,3,71400000,대,23800000,3,71400000,3,71400000,Y,대표품목,3810000,경기도 성남시 분당구,경기도 성남시 분당구,20250514
R25TB00571521,00,2025-05-14,1,002061437,09,24292472,"증명발급기, 한국타피, TAPI-9270T, 무인민원발급기/시청각장애인겸용",한국타피(주),중소기업,43211514,컴퓨터키오스크,4321151401,증명발급기,1,19800000,대,19800000,1,19800000,1,19800000,Y,대표품목,4500063,충청남도 공주시 중학동,충청남도 공주시,20250514
R25TB00576329,00,2025-05-15,1,002061436,11,24362786,"증명발급기, 에니텍시스, AT-K300E, 무인민원발급기/시청각장애인겸용",(주)에니텍시스,중소기업,43211514,컴퓨터키오스크,4321151401,증명발급기,1,24800000,대,24800000,1,24800000,1,24800000,Y,대표품목,3170000,서울특별시 금천구,서울특별시 금천구,20250515
R25TB00579359,00,2025-05-16,1,002061436,11,25202556,"증명발급기, 에니텍시스, IS-2000L, 통합민원발급기",(주)에니텍시스,중소기업,43211514,컴퓨터키오스크,4321151401,증명발급기,1,7800000,대,7800000,1,7800000,1,7800000,Y,대표품목,3850022,경기도 안양시 동안구 호계1동,경기도 안양시 동안구,20250516
R25TB00580267,00,2025-05-16,1,002061436,11,24362788,"증명발급기, 에니텍시스, AT-K200(NEW), 무인민원발급기/시청각장애인겸용",(주)에니텍시스,중소기업,43211514,컴퓨터키오스크,4321151401,증명발급기,1,19850000,대,19850000,1,19850000,1,19850000,Y,대표품목,5470000,경상남도 거창군,경상남도 거창군,20250516
R25TB00581509,00,2025-05-16,1,002061437,09,24292472,"증명발급기, 한국타피, TAPI-9270T, 무인민원발급기/시청각장애인겸용",한국타피(주),중소기업,43211514,컴퓨터키오스크,4321151401,증명발급기,5,99000000,대,19800000,5,99000000,5,99000000,Y,대표품목,3240000,서울특별시 강동구,서울특별시 강동구,20250516
R25TB00581867,00,2025-05-16,1,0023C0107,01,23813369,"증명발급기, 광명테크, G7i, 통합민원발급기",주식회사광명테크,중소기업,43211514,컴퓨터키오스크,4321151401,증명발급기,1,7750000,대,7750000,1,7750000,1,7750000,Y,대표품목,5540034,경기도 광주시 퇴촌면,경기도 광주시,20250516
R25TB00583443,00,2025-05-16,1,002061436,11,25202556,"증명발급기, 에니텍시스, IS-2000L, 통합민원발급기",(주)에니텍시스,중소기업,43211514,컴퓨터키오스크,4321151401,증명발급기,1,7800000,대,7800000,1,7800000,1,7800000,Y,대표품목,5795000,전남광주통합특별시 나주시,전라남도 나주시,20250516
R25TB00583731,00,2025-05-18,1,002061437,09,23893188,"증명발급기, 한국타피, TA-2200S(NEW), 통합민원발급기",한국타피(주),중소기업,43211514,컴퓨터키오스크,4321151401,증명발급기,1,7600000,대,7600000,1,7600000,1,7600000,Y,대표품목,5370126,경상남도 거제시 수양동,경상남도 거제시,20250518
R25TB00584827,00,2025-05-19,1,002370030,00,24043784,"버스및차량정보안내장치, 싸인텔레콤, SNS-BIT-LED-0412BC-01, 거치형",주식회사 싸인텔레콤,중소기업,43211514,컴퓨터키오스크,4321151403,버스및차량정보안내장치,1,7120800,식,7120800,1,7120800,1,7120800,Y,대표품목,3830000,경기도 안양시,경기도 안양시 동안구,20250519
R25TB00586996,00,2025-05-19,1,002061437,09,24292472,"증명발급기, 한국타피, TAPI-9270T, 무인민원발급기/시청각장애인겸용",한국타피(주),중소기업,43211514,컴퓨터키오스크,4321151401,증명발급기,1,19800000,대,19800000,1,19800000,1,19800000,Y,대표품목,4500052,충청남도 공주시 유구읍,충청남도 공주시,20250519
R25TB00587170,00,2025-05-19,1,002061436,11,25202556,"증명발급기, 에니텍시스, IS-2000L, 통합민원발급기",(주)에니텍시스,중소기업,43211514,컴퓨터키오스크,4321151401,증명발급기,1,7800000,대,7800000,1,7800000,1,7800000,Y,대표품목,3840042,경기도 안양시 만안구 박달동,경기도 안양시 만안구,20250519
R25TB00588505,00,2025-05-19,1,002061436,11,25202556,"증명발급기, 에니텍시스, IS-2000L, 통합민원발급기",(주)에니텍시스,중소기업,43211514,컴퓨터키오스크,4321151401,증명발급기,2,15600000,대,7800000,2,15600000,2,15600000,Y,대표품목,3840043,경기도 안양시 만안구 호현동,경기도 안양시 만안구,20250519
R25TB00589161,00,2025-05-19,1,002370030,00,23842448,"버스및차량정보안내장치, 싸인텔레콤, ST-BIT-SEL-0312, 거치형",주식회사 싸인텔레콤,중소기업,43211514,컴퓨터키오스크,4321151403,버스및차량정보안내장치,7,51667000,식,7381000,7,51667000,7,51667000,N,대표품목,5600000,경기도 포천시,경기도 포천시,20250519
R25TB00589161,01,2025-09-12,1,002370030,00,23842448,"버스및차량정보안내장치, 싸인텔레콤, ST-BIT-SEL-0312, 거치형",주식회사 싸인텔레콤,중소기업,43211514,컴퓨터키오스크,4321151403,버스및차량정보안내장치,8,59048000,식,7381000,8,59048000,1,7381000,Y,대표품목,5600000,경기도 포천시,경기도 포천시,20250519
R25TB00591057,00,2025-05-20,1,0023C0107,01,24359645,"증명발급기, 광명테크, G10s, 무인민원발급기/시청각장애인겸용/촉각모니터",주식회사광명테크,중소기업,43211514,컴퓨터키오스크,4321151401,증명발급기,1,24800000,대,24800000,1,24800000,1,24800000,Y,대표품목,3700000,울산광역시 남구,울산광역시 남구,20250520
R25TB00592145,00,2025-05-20,1,002061437,09,24292472,"증명발급기, 한국타피, TAPI-9270T, 무인민원발급기/시청각장애인겸용",한국타피(주),중소기업,43211514,컴퓨터키오스크,4321151401,증명발급기,1,19800000,대,19800000,1,19800000,1,19800000,Y,대표품목,4500059,충청남도 공주시 정안면,충청남도 공주시,20250520
R25TB00594242,00,2025-05-20,1,002061436,11,25202556,"증명발급기, 에니텍시스, IS-2000L, 통합민원발급기",(주)에니텍시스,중소기업,43211514,컴퓨터키오스크,4321151401,증명발급기,1,7800000,대,7800000,1,7800000,1,7800000,Y,대표품목,5800000,전남광주통합특별시 광양시,전라남도 광양시,20250520
R25TB00598168,00,2025-05-21,1,002061436,11,24362785,"증명발급기, 에니텍시스, AT-K300, 무인민원발급기/시청각장애인겸용",(주)에니텍시스,중소기업,43211514,컴퓨터키오스크,4321151401,증명발급기,1,21800000,대,21800000,1,21800000,1,21800000,Y,대표품목,4191000,강원특별자치도 원주시,강원특별자치도 원주시,20250521
R25TB00600048,00,2025-05-21,1,0023C0107,01,23777412,"증명발급기, 광명테크, G7, 통합민원발급기",주식회사광명테크,중소기업,43211514,컴퓨터키오스크,4321151401,증명발급기,1,7700000,대,7700000,1,7700000,1,7700000,Y,대표품목,5130038,경상북도 경산시 진량읍,경상북도 경산시,20250521
R25TB00601603,00,2025-05-22,1,002061436,11,24362788,"증명발급기, 에니텍시스, AT-K200(NEW), 무인민원발급기/시청각장애인겸용",(주)에니텍시스,중소기업,43211514,컴퓨터키오스크,4321151401,증명발급기,1,19850000,대,19850000,4,43250000,1,19850000,Y,대표품목,4291000,강원특별자치도 정선군,강원특별자치도 정선군,20250522
R25TB00601603,00,2025-05-22,2,002061436,11,25202556,"증명발급기, 에니텍시스, IS-2000L, 통합민원발급기",(주)에니텍시스,중소기업,43211514,컴퓨터키오스크,4321151401,증명발급기,3,23400000,대,7800000,4,43250000,3,23400000,Y,대표품목,4291000,강원특별자치도 정선군,강원특별자치도 정선군,20250522
R25TB00601604,00,2025-05-22,1,002061437,09,23893188,"증명발급기, 한국타피, TA-2200S(NEW), 통합민원발급기",한국타피(주),중소기업,43211514,컴퓨터키오스크,4321151401,증명발급기,2,15200000,대,7600000,2,15200000,2,15200000,Y,대표품목,4291000,강원특별자치도 정선군,강원특별자치도 정선군,20250522
R25TB00603139,00,2025-05-22,1,002061436,11,25202556,"증명발급기, 에니텍시스, IS-2000L, 통합민원발급기",(주)에니텍시스,중소기업,43211514,컴퓨터키오스크,4321151401,증명발급기,2,15600000,대,7800000,2,15600000,2,15600000,Y,대표품목,5620000,경기도 용인시 처인구,경기도 용인시 처인구,20250522
R25TB00605912,00,2025-05-22,1,0023C0107,01,23813369,"증명발급기, 광명테크, G7i, 통합민원발급기",주식회사광명테크,중소기업,43211514,컴퓨터키오스크,4321151401,증명발급기,2,15500000,대,7750000,2,15500000,2,15500000,Y,대표품목,5540000,경기도 광주시,경기도 광주시,20250522
R25TB00610033,00,2025-05-23,1,002061436,11,25202556,"증명발급기, 에니텍시스, IS-2000L, 통합민원발급기",(주)에니텍시스,중소기업,43211514,컴퓨터키오스크,4321151401,증명발급기,1,7800000,대,7800000,1,7800000,1,7800000,Y,대표품목,3320000,부산광역시 북구,부산광역시 북구,20250523
R25TB00610288,00,2025-05-23,1,002370024,01,24422601,"증명발급기, 한국타피, TAPI-9320B, 무인민원발급기/시청각장애인겸용",한국타피(주),중소기업,43211514,컴퓨터키오스크,4321151401,증명발급기,3,74400000,대,24800000,3,74400000,3,74400000,Y,대표품목,5150000,경상북도 의성군,경상북도 의성군,20250523
R25TB00614985,00,2025-05-26,1,002061436,11,24362785,"증명발급기, 에니텍시스, AT-K300, 무인민원발급기/시청각장애인겸용",(주)에니텍시스,중소기업,43211514,컴퓨터키오스크,4321151401,증명발급기,1,21800000,대,21800000,1,21800000,1,21800000,Y,대표품목,4000000,경기도 오산시,경기도 오산시,20250526
R25TB00619898,00,2025-05-27,1,002370030,00,23842448,"버스및차량정보안내장치, 싸인텔레콤, ST-BIT-SEL-0312, 거치형",주식회사 싸인텔레콤,중소기업,43211514,컴퓨터키오스크,4321151403,버스및차량정보안내장치,13,95953000,식,7381000,13,95953000,13,95953000,Y,대표품목,5600000,경기도 포천시,경기도 포천시,20250527
R25TB00621766,00,2025-05-27,1,002370024,01,24422601,"증명발급기, 한국타피, TAPI-9320B, 무인민원발급기/시청각장애인겸용",한국타피(주),중소기업,43211514,컴퓨터키오스크,4321151401,증명발급기,1,24800000,대,24800000,1,24800000,1,24800000,Y,대표품목,4420000,충청북도 보은군,충청북도 보은군,20250527
R25TB00622205,00,2025-05-27,1,002061437,09,24297224,"증명발급기, 한국타피, TAPI-9240S, 무인민원발급기/시청각장애인겸용",한국타피(주),중소기업,43211514,컴퓨터키오스크,4321151401,증명발급기,3,72900000,대,24300000,3,72900000,3,72900000,Y,대표품목,5735000,충청북도 청주시 청원구,충청북도 청주시 청원구,20250527
R25TB00623645,00,2025-05-27,1,002061436,11,24362785,"증명발급기, 에니텍시스, AT-K300, 무인민원발급기/시청각장애인겸용",(주)에니텍시스,중소기업,43211514,컴퓨터키오스크,4321151401,증명발급기,1,21800000,대,21800000,1,21800000,1,21800000,Y,대표품목,4590000,충청남도 청양군,충청남도 청양군,20250527
R25TB00623646,00,2025-05-27,1,002061437,09,24292470,"증명발급기, 한국타피, TAPI-9320T, 무인민원발급기/시청각장애인겸용",한국타피(주),중소기업,43211514,컴퓨터키오스크,4321151401,증명발급기,1,21800000,대,21800000,1,21800000,1,21800000,Y,대표품목,4590000,충청남도 청양군,충청남도 청양군,20250527
R25TB00629134,00,2025-05-28,1,R25TA00404451,00,25300626,"버스및차량정보안내장치, 삼원에프에이, EBIT-1000P-60W, 독립형/단면",삼원에프에이주식회사,중소기업,43211514,컴퓨터키오스크,4321151403,버스및차량정보안내장치,1,5688600,대,5688600,1,5688600,1,5688600,Y,대표품목,4010000,경기도 시흥시,경기도 시흥시,20250528
R25TB00633120,00,2025-05-29,1,002061437,09,24292472,"증명발급기, 한국타피, TAPI-9270T, 무인민원발급기/시청각장애인겸용",한국타피(주),중소기업,43211514,컴퓨터키오스크,4321151401,증명발급기,1,19800000,대,19800000,1,19800000,1,19800000,Y,대표품목,3360000,부산광역시 강서구,부산광역시 강서구,20250529
R25TB00639171,00,2025-05-30,1,002061436,11,25202556,"증명발급기, 에니텍시스, IS-2000L, 통합민원발급기",(주)에니텍시스,중소기업,43211514,컴퓨터키오스크,4321151401,증명발급기,1,7800000,대,7800000,1,7800000,1,7800000,Y,대표품목,3390031,부산광역시 사상구 괘법동,부산광역시 사상구,20250530
R25TB00649681,00,2025-06-04,1,0023C0107,01,24359645,"증명발급기, 광명테크, G10s, 무인민원발급기/시청각장애인겸용/촉각모니터",주식회사광명테크,중소기업,43211514,컴퓨터키오스크,4321151401,증명발급기,7,89950000,대,12850000,7,89950000,7,89950000,Y,대표품목,4550000,충청남도 금산군,충청남도 금산군,20250604
R25TB00650059,00,2025-06-04,1,002061437,09,24292472,"증명발급기, 한국타피, TAPI-9270T, 무인민원발급기/시청각장애인겸용",한국타피(주),중소기업,43211514,컴퓨터키오스크,4321151401,증명발급기,1,19800000,대,19800000,1,19800000,1,19800000,Y,대표품목,4261000,강원특별자치도 횡성군,강원특별자치도 횡성군,20250604
R25TB00654801,00,2025-06-05,1,002370030,00,23861029,"버스및차량정보안내장치, 싸인텔레콤, ST-BIS-US64, 거치형",주식회사 싸인텔레콤,중소기업,43211514,컴퓨터키오스크,4321151403,버스및차량정보안내장치,1,7594000,식,7594000,2,16548000,1,7594000,Y,대표품목,5530000,경기도 화성시,경기도 화성시,20250605
R25TB00654801,00,2025-06-05,2,002370030,00,23861030,"버스및차량정보안내장치, 싸인텔레콤, ST-BIS-US64-01, 거치형",주식회사 싸인텔레콤,중소기업,43211514,컴퓨터키오스크,4321151403,버스및차량정보안내장치,1,8954000,식,8954000,2,16548000,1,8954000,Y,대표품목,5530000,경기도 화성시,경기도 화성시,20250605
R25TB00654802,00,2025-06-05,1,002470164,01,25240950,"버스및차량정보안내장치, 싸인텔레콤, ST-BIT-0308, 거치형",주식회사 싸인텔레콤,중소기업,43211514,컴퓨터키오스크,4321151403,버스및차량정보안내장치,1,7003000,대,7003000,1,7003000,1,7003000,Y,대표품목,5530000,경기도 화성시,경기도 화성시,20250605
R25TB00662929,00,2025-06-09,1,002061437,09,24292469,"증명발급기, 한국타피, TAPI-9320J, 무인민원발급기/시청각장애인겸용",한국타피(주),중소기업,43211514,컴퓨터키오스크,4321151401,증명발급기,1,24800000,대,24800000,1,24800000,1,24800000,Y,대표품목,5620000,경기도 용인시 처인구,경기도 용인시 처인구,20250609
R25TB00663203,00,2025-06-09,1,002061436,11,24362788,"증명발급기, 에니텍시스, AT-K200(NEW), 무인민원발급기/시청각장애인겸용",(주)에니텍시스,중소기업,43211514,컴퓨터키오스크,4321151401,증명발급기,1,19850000,대,19850000,1,19850000,1,19850000,Y,대표품목,5050000,경상북도 경주시,경상북도 경주시,20250609
R25TB00663603,00,2025-06-10,1,002370030,00,23273106,"버스및차량정보안내장치, 싸인텔레콤, LCD-ST-BIS-1703, 독립형",주식회사 싸인텔레콤,중소기업,43211514,컴퓨터키오스크,4321151403,버스및차량정보안내장치,129,1185587400,식,9190600,129,1161875650,129,1185587400,Y,대표품목,6500000,제주특별자치도,제주특별자치도 제주시,20250610
R25TB00663604,00,2025-06-10,1,002470164,01,25233046,"버스및차량정보안내장치, 싸인텔레콤, ST-64LED-MY, 독립형",주식회사 싸인텔레콤,중소기업,43211514,컴퓨터키오스크,4321151403,버스및차량정보안내장치,21,150507000,대,7167000,21,150507000,21,150507000,Y,대표품목,6500000,제주특별자치도,제주특별자치도 제주시,20250610
R25TB00665159,00,2025-06-10,1,002061436,11,25202556,"증명발급기, 에니텍시스, IS-2000L, 통합민원발급기",(주)에니텍시스,중소기업,43211514,컴퓨터키오스크,4321151401,증명발급기,1,7800000,대,7800000,1,7800000,1,7800000,Y,대표품목,3360028,부산광역시 강서구 강동동,부산광역시 강서구,20250610
R25TB00667329,00,2025-06-10,1,R25TA00404451,00,25109706,"버스및차량정보안내장치, 삼원에프에이, EBIT-1000S-60W, 거치형/단면",삼원에프에이주식회사,중소기업,43211514,컴퓨터키오스크,4321151403,버스및차량정보안내장치,5,26447000,대,5289400,5,26447000,5,26447000,Y,대표품목,3360000,부산광역시 강서구,부산광역시 강서구,20250610
R25TB00669045,00,2025-06-10,1,002061436,11,25202556,"증명발급기, 에니텍시스, IS-2000L, 통합민원발급기",(주)에니텍시스,중소기업,43211514,컴퓨터키오스크,4321151401,증명발급기,1,7800000,대,7800000,1,7800000,1,7800000,Y,대표품목,5070065,경상북도 안동시 안기동,경상북도 안동시,20250610
R25TB00672476,00,2025-06-11,1,002370024,01,24422601,"증명발급기, 한국타피, TAPI-9320B, 무인민원발급기/시청각장애인겸용",한국타피(주),중소기업,43211514,컴퓨터키오스크,4321151401,증명발급기,1,24800000,대,24800000,1,24800000,1,24800000,Y,대표품목,3720000,울산광역시 북구,울산광역시 북구,20250611
R25TB00673437,00,2025-06-11,1,002370030,00,23273105,"버스및차량정보안내장치, 싸인텔레콤, LCD-ST-BIS-1704, 거치형",주식회사 싸인텔레콤,중소기업,43211514,컴퓨터키오스크,4321151403,버스및차량정보안내장치,5,42426000,식,8485200,5,42426000,5,42426000,Y,대표품목,5770000,경기도 화성시 동탄구,경기도 화성시,20250611
R25TB00673599,00,2025-06-11,1,002370030,00,23273105,"버스및차량정보안내장치, 싸인텔레콤, LCD-ST-BIS-1704, 거치형",주식회사 싸인텔레콤,중소기업,43211514,컴퓨터키오스크,4321151403,버스및차량정보안내장치,7,59396400,식,8485200,7,59396400,7,59396400,Y,대표품목,5770000,경기도 화성시 동탄구,경기도 화성시,20250611
R25TB00679225,00,2025-06-12,1,002061436,11,25202556,"증명발급기, 에니텍시스, IS-2000L, 통합민원발급기",(주)에니텍시스,중소기업,43211514,컴퓨터키오스크,4321151401,증명발급기,1,7800000,대,7800000,1,7800000,1,7800000,Y,대표품목,3850018,경기도 안양시 동안구 부림동,경기도 안양시 동안구,20250612
R25TB00687295,00,2025-06-15,1,002370030,00,23838870,"버스및차량정보안내장치, 싸인텔레콤, ST-BIT-SEL-0406, 독립형",주식회사 싸인텔레콤,중소기업,43211514,컴퓨터키오스크,4321151403,버스및차량정보안내장치,1,8128000,식,8128000,1,8128000,1,8128000,Y,대표품목,4520000,충청남도 아산시,충청남도 아산시,20250615
R25TB00687296,00,2025-06-15,1,R25TA00404451,00,25109706,"버스및차량정보안내장치, 삼원에프에이, EBIT-1000S-60W, 거치형/단면",삼원에프에이주식회사,중소기업,43211514,컴퓨터키오스크,4321151403,버스및차량정보안내장치,3,15868200,대,5289400,3,15868200,3,15868200,Y,대표품목,4520000,충청남도 아산시,충청남도 아산시,20250615
R25TB00688910,00,2025-06-16,1,002370024,01,24422601,"증명발급기, 한국타피, TAPI-9320B, 무인민원발급기/시청각장애인겸용",한국타피(주),중소기업,43211514,컴퓨터키오스크,4321151401,증명발급기,1,24800000,대,24800000,1,24800000,1,24800000,Y,대표품목,3050000,서울특별시 동대문구,서울특별시 동대문구,20250616
R25TB00689093,00,2025-06-16,1,002061436,11,25202556,"증명발급기, 에니텍시스, IS-2000L, 통합민원발급기",(주)에니텍시스,중소기업,43211514,컴퓨터키오스크,4321151401,증명발급기,2,15600000,대,7800000,2,15600000,2,15600000,Y,대표품목,3050000,서울특별시 동대문구,서울특별시 동대문구,20250616
R25TB00692386,00,2025-06-16,1,0023C0107,01,24359644,"증명발급기, 광명테크, G10, 무인민원발급기/시청각장애인겸용",주식회사광명테크,중소기업,43211514,컴퓨터키오스크,4321151401,증명발급기,1,19800000,대,19800000,1,19800000,1,19800000,Y,대표품목,5130000,경상북도 경산시,경상북도 경산시,20250616
R25TB00695601,00,2025-06-17,1,002061436,11,24362785,"증명발급기, 에니텍시스, AT-K300, 무인민원발급기/시청각장애인겸용",(주)에니텍시스,중소기업,43211514,컴퓨터키오스크,4321151401,증명발급기,1,21800000,대,21800000,1,21800000,1,21800000,Y,대표품목,3010000,서울특별시 중구,서울특별시 중구,20250617
R25TB00701284,00,2025-06-18,1,0023C0107,01,24359645,"증명발급기, 광명테크, G10s, 무인민원발급기/시청각장애인겸용/촉각모니터",주식회사광명테크,중소기업,43211514,컴퓨터키오스크,4321151401,증명발급기,1,24800000,대,24800000,1,24800000,1,24800000,Y,대표품목,4550000,충청남도 금산군,충청남도 금산군,20250618
R25TB00707692,00,2025-06-19,1,002061436,11,25202556,"증명발급기, 에니텍시스, IS-2000L, 통합민원발급기",(주)에니텍시스,중소기업,43211514,컴퓨터키오스크,4321151401,증명발급기,1,7800000,대,7800000,1,7800000,1,7800000,Y,대표품목,4030029,경기도 의왕시 오전동,경기도 의왕시,20250619
R25TB00713831,00,2025-06-20,1,002370030,00,23861029,"버스및차량정보안내장치, 싸인텔레콤, ST-BIS-US64, 거치형",주식회사 싸인텔레콤,중소기업,43211514,컴퓨터키오스크,4321151403,버스및차량정보안내장치,18,128178000,식,7121000,18,128178000,18,128178000,Y,대표품목,6280548,인천광역시 경제자유구역청,인천광역시 연수구,20250620
R25TB00717544,00,2025-06-20,1,002061436,11,25202556,"증명발급기, 에니텍시스, IS-2000L, 통합민원발급기",(주)에니텍시스,중소기업,43211514,컴퓨터키오스크,4321151401,증명발급기,1,7800000,대,7800000,1,7800000,1,7800000,Y,대표품목,4490099,충청남도 천안시 쌍용2동,충청남도 천안시 서북구,20250620
R25TB00718137,00,2025-06-21,1,002061436,11,25202556,"증명발급기, 에니텍시스, IS-2000L, 통합민원발급기",(주)에니텍시스,중소기업,43211514,컴퓨터키오스크,4321151401,증명발급기,1,7800000,대,7800000,1,7800000,1,7800000,Y,대표품목,5370044,경상남도 거제시 일운면,경상남도 거제시,20250621
R25TB00718283,00,2025-06-21,1,002061437,10,24292469,"증명발급기, 한국타피, TAPI-9320J, 무인민원발급기/시청각장애인겸용",한국타피(주),중소기업,43211514,컴퓨터키오스크,4321151401,증명발급기,2,49600000,대,24800000,2,49600000,2,49600000,Y,대표품목,4251000,강원특별자치도 홍천군,강원특별자치도 홍천군,20250621
R25TB00720928,00,2025-06-23,1,002061436,11,25202556,"증명발급기, 에니텍시스, IS-2000L, 통합민원발급기",(주)에니텍시스,중소기업,43211514,컴퓨터키오스크,4321151401,증명발급기,1,7800000,대,7800000,1,7800000,1,7800000,Y,대표품목,3810040,경기도 성남시 분당구 서현1동,경기도 성남시 분당구,20250623
R25TB00724284,00,2025-06-23,1,002370030,00,24043786,"버스및차량정보안내장치, 싸인텔레콤, SIGN-BIT-LED-480312S, 거치형",주식회사 싸인텔레콤,중소기업,43211514,컴퓨터키오스크,4321151403,버스및차량정보안내장치,1,7452000,식,7452000,1,7452000,1,7452000,Y,대표품목,5540000,경기도 광주시,경기도 광주시,20250623
R25TB00725628,00,2025-06-24,1,002370030,00,23273105,"버스및차량정보안내장치, 싸인텔레콤, LCD-ST-BIS-1704, 거치형",주식회사 싸인텔레콤,중소기업,43211514,컴퓨터키오스크,4321151403,버스및차량정보안내장치,1,8485200,식,8485200,19,150391200,1,8485200,Y,대표품목,5370000,경상남도 거제시,경상남도 거제시,20250624
R25TB00725628,00,2025-06-24,2,002370030,00,23273106,"버스및차량정보안내장치, 싸인텔레콤, LCD-ST-BIS-1703, 독립형",주식회사 싸인텔레콤,중소기업,43211514,컴퓨터키오스크,4321151403,버스및차량정보안내장치,5,45953000,식,9190600,19,150391200,5,45953000,Y,대표품목,5370000,경상남도 거제시,경상남도 거제시,20250624
R25TB00725628,00,2025-06-24,3,002370030,00,23842448,"버스및차량정보안내장치, 싸인텔레콤, ST-BIT-SEL-0312, 거치형",주식회사 싸인텔레콤,중소기업,43211514,컴퓨터키오스크,4321151403,버스및차량정보안내장치,13,95953000,식,7381000,19,150391200,13,95953000,Y,대표품목,5370000,경상남도 거제시,경상남도 거제시,20250624
R25TB00725629,00,2025-06-24,1,002470164,01,25233047,"버스및차량정보안내장치, 싸인텔레콤, ST-BIS0412, 거치형",주식회사 싸인텔레콤,중소기업,43211514,컴퓨터키오스크,4321151403,버스및차량정보안내장치,5,39050000,대,7810000,5,39050000,5,39050000,Y,대표품목,5370000,경상남도 거제시,경상남도 거제시,20250624
R25TB00727867,00,2025-06-24,1,002061436,11,24362788,"증명발급기, 에니텍시스, AT-K200(NEW), 무인민원발급기/시청각장애인겸용",(주)에니텍시스,중소기업,43211514,컴퓨터키오스크,4321151401,증명발급기,11,140250000,대,12750000,11,140250000,11,140250000,Y,대표품목,3150000,서울특별시 강서구,서울특별시 강서구,20250624
R25TB00730071,00,2025-06-24,1,002061436,11,25202556,"증명발급기, 에니텍시스, IS-2000L, 통합민원발급기",(주)에니텍시스,중소기업,43211514,컴퓨터키오스크,4321151401,증명발급기,1,7800000,대,7800000,1,7800000,1,7800000,Y,대표품목,4090039,경기도 김포시 대곶면,경기도 김포시,20250624
R25TB00730084,00,2025-06-24,1,002061436,11,24362785,"증명발급기, 에니텍시스, AT-K300, 무인민원발급기/시청각장애인겸용",(주)에니텍시스,중소기업,43211514,컴퓨터키오스크,4321151401,증명발급기,1,21800000,대,21800000,1,21800000,1,21800000,Y,대표품목,4311000,강원특별자치도 화천군,강원특별자치도 화천군,20250624
R25TB00732138,00,2025-06-25,1,002470164,01,25233047,"버스및차량정보안내장치, 싸인텔레콤, ST-BIS0412, 거치형",주식회사 싸인텔레콤,중소기업,43211514,컴퓨터키오스크,4321151403,버스및차량정보안내장치,5,35750000,대,7150000,5,35750000,5,35750000,Y,대표품목,3820000,경기도 의정부시,경기도 의정부시,20250625
R25TB00736945,00,2025-06-26,1,002370030,00,23861030,"버스및차량정보안내장치, 싸인텔레콤, ST-BIS-US64-01, 거치형",주식회사 싸인텔레콤,중소기업,43211514,컴퓨터키오스크,4321151403,버스및차량정보안내장치,18,152334000,식,8463000,18,152334000,18,152334000,Y,대표품목,D171181,한국토지주택공사 경기북부지역본부,경기도 의정부시,20250626
R25TB00737252,00,2025-06-26,1,002370030,00,24043786,"버스및차량정보안내장치, 싸인텔레콤, SIGN-BIT-LED-480312S, 거치형",주식회사 싸인텔레콤,중소기업,43211514,컴퓨터키오스크,4321151403,버스및차량정보안내장치,13,96876000,식,7452000,13,96876000,13,96876000,Y,대표품목,5540000,경기도 광주시,경기도 광주시,20250626
R25TB00750540,00,2025-06-30,1,002370024,01,24422601,"증명발급기, 한국타피, TAPI-9320B, 무인민원발급기/시청각장애인겸용",한국타피(주),중소기업,43211514,컴퓨터키오스크,4321151401,증명발급기,2,49600000,대,24800000,2,49600000,2,49600000,Y,대표품목,3190000,서울특별시 동작구,서울특별시 동작구,20250630
R25TB00752482,00,2025-07-01,1,002370030,00,24043785,"버스및차량정보안내장치, 싸인텔레콤, SND-BIT-LED-0412BC-01, 거치형",주식회사 싸인텔레콤,중소기업,43211514,컴퓨터키오스크,4321151403,버스및차량정보안내장치,2,18326000,식,9163000,2,18326000,2,18326000,N,대표품목,Z003657,경기주택도시공사,경기도 수원시 권선구,20250701
R25TB00752482,01,2025-07-07,1,002370030,00,24043785,"버스및차량정보안내장치, 싸인텔레콤, SND-BIT-LED-0412BC-01, 거치형",주식회사 싸인텔레콤,중소기업,43211514,컴퓨터키오스크,4321151403,버스및차량정보안내장치,0,0,식,9163000,0,0,-2,-18326000,Y,대표품목,Z003657,경기주택도시공사,경기도 수원시 권선구,20250701
R25TB00753827,00,2025-07-01,1,002061437,10,24292472,"증명발급기, 한국타피, TAPI-9270T, 무인민원발급기/시청각장애인겸용",한국타피(주),중소기업,43211514,컴퓨터키오스크,4321151401,증명발급기,1,19800000,대,19800000,1,19800000,1,19800000,Y,대표품목,5785000,전남광주통합특별시 여수시,전라남도 여수시,20250701
R25TB00756347,00,2025-07-02,1,002061437,10,24292472,"증명발급기, 한국타피, TAPI-9270T, 무인민원발급기/시청각장애인겸용",한국타피(주),중소기업,43211514,컴퓨터키오스크,4321151401,증명발급기,1,19800000,대,19800000,1,19800000,1,19800000,Y,대표품목,5190000,경상북도 청도군,경상북도 청도군,20250702
R25TB00759631,00,2025-07-03,1,002061436,11,25202556,"증명발급기, 에니텍시스, IS-2000L, 통합민원발급기",(주)에니텍시스,중소기업,43211514,컴퓨터키오스크,4321151401,증명발급기,1,7800000,대,7800000,1,7800000,1,7800000,Y,대표품목,3290046,부산광역시 부산진구 가야1동,부산광역시 부산진구,20250703
R25TB00765476,00,2025-07-04,1,R25TA00404451,00,25300626,"버스및차량정보안내장치, 삼원에프에이, EBIT-1000P-60W, 독립형/단면",삼원에프에이주식회사,중소기업,43211514,컴퓨터키오스크,4321151403,버스및차량정보안내장치,6,34131600,대,5688600,6,34131600,6,34131600,Y,대표품목,3280000,부산광역시 영도구,부산광역시 영도구,20250704
R25TB00770059,00,2025-07-07,1,002370030,00,24043785,"버스및차량정보안내장치, 싸인텔레콤, SND-BIT-LED-0412BC-01, 거치형",주식회사 싸인텔레콤,중소기업,43211514,컴퓨터키오스크,4321151403,버스및차량정보안내장치,2,18326000,식,9163000,2,18326000,2,18326000,N,대표품목,Z003657,경기주택도시공사,경기도 수원시 권선구,20250707
R25TB00770059,01,2025-07-07,1,002370030,00,24043785,"버스및차량정보안내장치, 싸인텔레콤, SND-BIT-LED-0412BC-01, 거치형",주식회사 싸인텔레콤,중소기업,43211514,컴퓨터키오스크,4321151403,버스및차량정보안내장치,0,0,식,9163000,0,0,-2,-18326000,Y,대표품목,Z003657,경기주택도시공사,경기도 수원시 권선구,20250707
R25TB00770108,00,2025-07-07,1,002370030,00,24043785,"버스및차량정보안내장치, 싸인텔레콤, SND-BIT-LED-0412BC-01, 거치형",주식회사 싸인텔레콤,중소기업,43211514,컴퓨터키오스크,4321151403,버스및차량정보안내장치,2,18326000,식,9163000,2,18326000,2,18326000,Y,대표품목,Z003657,경기주택도시공사,경기도 수원시 권선구,20250707
R25TB00771945,00,2025-07-07,1,002061437,10,24292472,"증명발급기, 한국타피, TAPI-9270T, 무인민원발급기/시청각장애인겸용",한국타피(주),중소기업,43211514,컴퓨터키오스크,4321151401,증명발급기,2,39600000,대,19800000,2,39600000,2,39600000,Y,대표품목,3320000,부산광역시 북구,부산광역시 북구,20250707
R25TB00779714,00,2025-07-09,1,R25TA00404451,00,25300626,"버스및차량정보안내장치, 삼원에프에이, EBIT-1000P-60W, 독립형/단면",삼원에프에이주식회사,중소기업,43211514,컴퓨터키오스크,4321151403,버스및차량정보안내장치,2,11377200,대,5688600,2,11377200,2,11377200,Y,대표품목,4020000,경기도 군포시,경기도 군포시,20250709
R25TB00780310,00,2025-07-09,1,002061437,10,24292472,"증명발급기, 한국타피, TAPI-9270T, 무인민원발급기/시청각장애인겸용",한국타피(주),중소기업,43211514,컴퓨터키오스크,4321151401,증명발급기,1,19800000,대,19800000,1,19800000,1,19800000,Y,대표품목,4520000,충청남도 아산시,충청남도 아산시,20250709
R25TB00781321,00,2025-07-09,1,002370030,00,24043787,"버스및차량정보안내장치, 싸인텔레콤, SIGN-BIT-LED-480312D, 거치형",주식회사 싸인텔레콤,중소기업,43211514,컴퓨터키오스크,4321151403,버스및차량정보안내장치,9,78147000,식,8683000,9,78147000,9,78147000,Y,대표품목,5100000,경상북도 영천시,경상북도 영천시,20250709
R25TB00783254,00,2025-07-09,1,002370030,00,23842448,"버스및차량정보안내장치, 싸인텔레콤, ST-BIT-SEL-0312, 거치형",주식회사 싸인텔레콤,중소기업,43211514,컴퓨터키오스크,4321151403,버스및차량정보안내장치,13,95953000,식,7381000,13,95953000,13,95953000,Y,대표품목,5600000,경기도 포천시,경기도 포천시,20250709
R25TB00792916,00,2025-07-13,1,0023C0107,01,23813369,"증명발급기, 광명테크, G7i, 통합민원발급기",주식회사광명테크,중소기업,43211514,컴퓨터키오스크,4321151401,증명발급기,1,7750000,대,7750000,1,7750000,1,7750000,Y,대표품목,3150000,서울특별시 강서구,서울특별시 강서구,20250713
R25TB00795167,00,2025-07-14,1,R25TA00404451,00,25300626,"버스및차량정보안내장치, 삼원에프에이, EBIT-1000P-60W, 독립형/단면",삼원에프에이주식회사,중소기업,43211514,컴퓨터키오스크,4321151403,버스및차량정보안내장치,7,39820200,대,5688600,16,91217200,7,39820200,Y,대표품목,3780000,경기도 성남시,경기도 성남시 중원구,20250714
R25TB00795167,00,2025-07-14,2,R25TA00404451,00,25109706,"버스및차량정보안내장치, 삼원에프에이, EBIT-1000S-60W, 거치형/단면",삼원에프에이주식회사,중소기업,43211514,컴퓨터키오스크,4321151403,버스및차량정보안내장치,7,37025800,대,5289400,16,91217200,7,37025800,Y,대표품목,3780000,경기도 성남시,경기도 성남시 중원구,20250714
R25TB00795167,00,2025-07-14,3,R25TA00404451,00,25300628,"버스및차량정보안내장치, 삼원에프에이, EBIT-2000P-60W, 독립형/단면",삼원에프에이주식회사,중소기업,43211514,컴퓨터키오스크,4321151403,버스및차량정보안내장치,2,14371200,대,7185600,16,91217200,2,14371200,Y,대표품목,3780000,경기도 성남시,경기도 성남시 중원구,20250714
R25TB00796227,00,2025-07-14,1,002061437,10,23893188,"증명발급기, 한국타피, TA-2200S(NEW), 통합민원발급기",한국타피(주),중소기업,43211514,컴퓨터키오스크,4321151401,증명발급기,1,7600000,대,7600000,1,7600000,1,7600000,Y,대표품목,3020000,서울특별시 용산구,서울특별시 용산구,20250714
R25TB00800360,00,2025-07-15,1,002061436,11,25202555,"증명발급기, 에니텍시스, IS-2000M, 통합민원발급기",(주)에니텍시스,중소기업,43211514,컴퓨터키오스크,4321151401,증명발급기,1,8500000,대,8500000,1,8500000,1,8500000,Y,대표품목,4351000,강원특별자치도 양양군,강원특별자치도 양양군,20250715
R25TB00801040,00,2025-07-15,1,002370030,00,23861029,"버스및차량정보안내장치, 싸인텔레콤, ST-BIS-US64, 거치형",주식회사 싸인텔레콤,중소기업,43211514,컴퓨터키오스크,4321151403,버스및차량정보안내장치,2,15188000,식,7594000,2,15188000,2,15188000,Y,대표품목,3920000,경기도 동두천시,경기도 동두천시,20250715
R25TB00804558,00,2025-07-16,1,002061437,10,24292472,"증명발급기, 한국타피, TAPI-9270T, 무인민원발급기/시청각장애인겸용",한국타피(주),중소기업,43211514,컴퓨터키오스크,4321151401,증명발급기,1,19800000,대,19800000,1,19800000,1,19800000,Y,대표품목,4681000,전북특별자치도 익산시,전북특별자치도 익산시,20250716
R25TB00807081,00,2025-07-16,1,002061436,11,24362786,"증명발급기, 에니텍시스, AT-K300E, 무인민원발급기/시청각장애인겸용",(주)에니텍시스,중소기업,43211514,컴퓨터키오스크,4321151401,증명발급기,1,24800000,대,24800000,1,24800000,1,24800000,Y,대표품목,3970000,경기도 과천시,경기도 과천시,20250716
R25TB00810704,00,2025-07-17,1,002061436,11,24362785,"증명발급기, 에니텍시스, AT-K300, 무인민원발급기/시청각장애인겸용",(주)에니텍시스,중소기업,43211514,컴퓨터키오스크,4321151401,증명발급기,1,21800000,대,21800000,1,21800000,1,21800000,Y,대표품목,3400000,부산광역시 기장군,부산광역시 기장군,20250717
R25TB00810705,00,2025-07-17,1,0023C0107,01,24359644,"증명발급기, 광명테크, G10, 무인민원발급기/시청각장애인겸용",주식회사광명테크,중소기업,43211514,컴퓨터키오스크,4321151401,증명발급기,1,19800000,대,19800000,1,19800000,1,19800000,Y,대표품목,3400000,부산광역시 기장군,부산광역시 기장군,20250717
R25TB00812865,00,2025-07-17,1,002061436,11,24362785,"증명발급기, 에니텍시스, AT-K300, 무인민원발급기/시청각장애인겸용",(주)에니텍시스,중소기업,43211514,컴퓨터키오스크,4321151401,증명발급기,1,21800000,대,21800000,1,21800000,1,21800000,Y,대표품목,4201000,강원특별자치도 강릉시,강원특별자치도 강릉시,20250717
R25TB00826733,00,2025-07-22,1,002061436,11,24362786,"증명발급기, 에니텍시스, AT-K300E, 무인민원발급기/시청각장애인겸용",(주)에니텍시스,중소기업,43211514,컴퓨터키오스크,4321151401,증명발급기,21,212100000,대,10100000,21,212100000,21,212100000,Y,대표품목,3180000,서울특별시 영등포구,서울특별시 영등포구,20250722
R25TB00827663,00,2025-07-22,1,002061436,11,25202556,"증명발급기, 에니텍시스, IS-2000L, 통합민원발급기",(주)에니텍시스,중소기업,43211514,컴퓨터키오스크,4321151401,증명발급기,4,31200000,대,7800000,4,31200000,4,31200000,Y,대표품목,4010000,경기도 시흥시,경기도 시흥시,20250722
R25TB00832686,00,2025-07-23,1,002370024,01,24422601,"증명발급기, 한국타피, TAPI-9320B, 무인민원발급기/시청각장애인겸용",한국타피(주),중소기업,43211514,컴퓨터키오스크,4321151401,증명발급기,3,74400000,대,24800000,3,74400000,3,74400000,Y,대표품목,4010000,경기도 시흥시,경기도 시흥시,20250723
R25TB00834604,00,2025-07-24,1,002370030,00,23273105,"버스및차량정보안내장치, 싸인텔레콤, LCD-ST-BIS-1704, 거치형",주식회사 싸인텔레콤,중소기업,43211514,컴퓨터키오스크,4321151403,버스및차량정보안내장치,2,16970400,식,8485200,8,61256400,2,16970400,N,대표품목,Z016612,평택도시공사,경기도 평택시,20250724
R25TB00834604,00,2025-07-24,2,002370030,00,23842448,"버스및차량정보안내장치, 싸인텔레콤, ST-BIT-SEL-0312, 거치형",주식회사 싸인텔레콤,중소기업,43211514,컴퓨터키오스크,4321151403,버스및차량정보안내장치,6,44286000,식,7381000,8,61256400,6,44286000,N,대표품목,Z016612,평택도시공사,경기도 평택시,20250724
R25TB00834604,01,2026-04-15,1,002370030,00,23273105,"버스및차량정보안내장치, 싸인텔레콤, LCD-ST-BIS-1704, 거치형",주식회사 싸인텔레콤,중소기업,43211514,컴퓨터키오스크,4321151403,버스및차량정보안내장치,2,16970400,식,8485200,7,53875400,0,0,Y,대표품목,Z016612,평택도시공사,경기도 평택시,20250724
R25TB00834604,01,2026-04-15,2,002370030,00,23842448,"버스및차량정보안내장치, 싸인텔레콤, ST-BIT-SEL-0312, 거치형",주식회사 싸인텔레콤,중소기업,43211514,컴퓨터키오스크,4321151403,버스및차량정보안내장치,5,36905000,식,7381000,7,53875400,-1,-7381000,Y,대표품목,Z016612,평택도시공사,경기도 평택시,20250724
R25TB00835852,00,2025-07-24,1,002061436,11,25202556,"증명발급기, 에니텍시스, IS-2000L, 통합민원발급기",(주)에니텍시스,중소기업,43211514,컴퓨터키오스크,4321151401,증명발급기,1,7800000,대,7800000,1,7800000,1,7800000,Y,대표품목,5805044,전남광주통합특별시 동구 계림2동,광주광역시 동구,20250724
R25TB00838476,00,2025-07-25,1,R25TA00404451,00,25286961,"버스및차량정보안내장치, 삼원에프에이, EBIT-2000S-60W, 거치형/단면",삼원에프에이주식회사,중소기업,43211514,컴퓨터키오스크,4321151403,버스및차량정보안내장치,1,6786400,대,6786400,1,6786400,1,6786400,Y,대표품목,3820000,경기도 의정부시,경기도 의정부시,20250725
R25TB00839218,00,2025-07-25,1,002370030,00,23217236,"버스및차량정보안내장치, 싸인텔레콤, LCD-ST-BIS-1701, 거치형",주식회사 싸인텔레콤,중소기업,43211514,컴퓨터키오스크,4321151403,버스및차량정보안내장치,1,8485200,식,8485200,1,8485200,1,8485200,Y,대표품목,Z031659,재단법인 울산정보산업진흥원,울산광역시 남구,20250725
R25TB00840074,00,2025-07-25,1,002370030,00,23842448,"버스및차량정보안내장치, 싸인텔레콤, ST-BIT-SEL-0312, 거치형",주식회사 싸인텔레콤,중소기업,43211514,컴퓨터키오스크,4321151403,버스및차량정보안내장치,1,7381000,식,7381000,1,7381000,1,7381000,Y,대표품목,5600000,경기도 포천시,경기도 포천시,20250725
R25TB00849975,00,2025-07-29,1,002061436,11,24362785,"증명발급기, 에니텍시스, AT-K300, 무인민원발급기/시청각장애인겸용",(주)에니텍시스,중소기업,43211514,컴퓨터키오스크,4321151401,증명발급기,1,21800000,대,21800000,1,21800000,1,21800000,Y,대표품목,4530000,충청남도 서산시,충청남도 서산시,20250729
R25TB00850445,00,2025-07-29,1,002061436,11,25202556,"증명발급기, 에니텍시스, IS-2000L, 통합민원발급기",(주)에니텍시스,중소기업,43211514,컴퓨터키오스크,4321151401,증명발급기,2,15600000,대,7800000,2,15600000,2,15600000,Y,대표품목,3290032,부산광역시 부산진구 양정2동,부산광역시 부산진구,20250729
R25TB00860510,00,2025-07-31,1,002061436,11,24362787,"증명발급기, 에니텍시스, AT-K200E(NEW), 무인민원발급기/시청각장애인겸용",(주)에니텍시스,중소기업,43211514,컴퓨터키오스크,4321151401,증명발급기,1,23850000,대,23850000,1,23850000,1,23850000,Y,대표품목,4090249,경기도 김포시 양촌읍,경기도 김포시,20250731
R25TB00860718,00,2025-07-31,1,002061436,11,25202556,"증명발급기, 에니텍시스, IS-2000L, 통합민원발급기",(주)에니텍시스,중소기업,43211514,컴퓨터키오스크,4321151401,증명발급기,2,15600000,대,7800000,2,15600000,2,15600000,Y,대표품목,3290039,부산광역시 부산진구 부암1동,부산광역시 부산진구,20250731
R25TB00866086,00,2025-08-04,1,002061437,10,24292471,"증명발급기, 한국타피, TAPI-9270J, 무인민원발급기/시청각장애인겸용",한국타피(주),중소기업,43211514,컴퓨터키오스크,4321151401,증명발급기,1,23800000,대,23800000,1,23800000,1,23800000,Y,대표품목,5835000,전남광주통합특별시 곡성군,전라남도 곡성군,20250804
R25TB00868361,00,2025-08-04,1,R25TA00404451,00,25300626,"버스및차량정보안내장치, 삼원에프에이, EBIT-1000P-60W, 독립형/단면",삼원에프에이주식회사,중소기업,43211514,컴퓨터키오스크,4321151403,버스및차량정보안내장치,1,5688600,대,5688600,2,10978000,1,5688600,Y,대표품목,3820000,경기도 의정부시,경기도 의정부시,20250804
R25TB00868361,00,2025-08-04,2,R25TA00404451,00,25109706,"버스및차량정보안내장치, 삼원에프에이, EBIT-1000S-60W, 거치형/단면",삼원에프에이주식회사,중소기업,43211514,컴퓨터키오스크,4321151403,버스및차량정보안내장치,1,5289400,대,5289400,2,10978000,1,5289400,Y,대표품목,3820000,경기도 의정부시,경기도 의정부시,20250804
R25TB00868373,00,2025-08-04,1,R25TA00404451,00,25286961,"버스및차량정보안내장치, 삼원에프에이, EBIT-2000S-60W, 거치형/단면",삼원에프에이주식회사,중소기업,43211514,컴퓨터키오스크,4321151403,버스및차량정보안내장치,2,13572800,대,6786400,2,13572800,2,13572800,Y,대표품목,3820000,경기도 의정부시,경기도 의정부시,20250804
R25TB00868379,00,2025-08-04,1,R25TA00404451,00,25109706,"버스및차량정보안내장치, 삼원에프에이, EBIT-1000S-60W, 거치형/단면",삼원에프에이주식회사,중소기업,43211514,컴퓨터키오스크,4321151403,버스및차량정보안내장치,2,10578800,대,5289400,2,10578800,2,10578800,Y,대표품목,3820000,경기도 의정부시,경기도 의정부시,20250804
R25TB00876990,00,2025-08-06,1,002470164,01,25233046,"버스및차량정보안내장치, 싸인텔레콤, ST-64LED-MY, 독립형",주식회사 싸인텔레콤,중소기업,43211514,컴퓨터키오스크,4321151403,버스및차량정보안내장치,42,301014000,대,7167000,42,301014000,42,301014000,Y,대표품목,3180000,서울특별시 영등포구,서울특별시 영등포구,20250806
R25TB00878530,00,2025-08-07,1,002370024,01,24422601,"증명발급기, 한국타피, TAPI-9320B, 무인민원발급기/시청각장애인겸용",한국타피(주),중소기업,43211514,컴퓨터키오스크,4321151401,증명발급기,1,24800000,대,24800000,1,24800000,1,24800000,Y,대표품목,5900000,전남광주통합특별시 완도군,전라남도 완도군,20250807
R25TB00881794,00,2025-08-07,1,002061436,11,24362786,"증명발급기, 에니텍시스, AT-K300E, 무인민원발급기/시청각장애인겸용",(주)에니텍시스,중소기업,43211514,컴퓨터키오스크,4321151401,증명발급기,1,24800000,대,24800000,1,24800000,1,24800000,Y,대표품목,3140000,서울특별시 양천구,서울특별시 양천구,20250807
R25TB00887815,00,2025-08-11,1,002370030,00,23861029,"버스및차량정보안내장치, 싸인텔레콤, ST-BIS-US64, 거치형",주식회사 싸인텔레콤,중소기업,43211514,컴퓨터키오스크,4321151403,버스및차량정보안내장치,1,7594000,식,7594000,1,7594000,1,7594000,Y,대표품목,4181000,강원특별자치도 춘천시,강원특별자치도 춘천시,20250811
R25TB00894820,00,2025-08-13,1,002061436,11,25202556,"증명발급기, 에니텍시스, IS-2000L, 통합민원발급기",(주)에니텍시스,중소기업,43211514,컴퓨터키오스크,4321151401,증명발급기,2,15600000,대,7800000,2,15600000,2,15600000,Y,대표품목,5360000,경상남도 밀양시,경상남도 밀양시,20250813
R25TB00894821,00,2025-08-13,1,0023C0107,01,23777412,"증명발급기, 광명테크, G7, 통합민원발급기",주식회사광명테크,중소기업,43211514,컴퓨터키오스크,4321151401,증명발급기,2,15400000,대,7700000,2,15400000,2,15400000,Y,대표품목,5360000,경상남도 밀양시,경상남도 밀양시,20250813
R25TB00899514,00,2025-08-14,1,002061436,11,24362785,"증명발급기, 에니텍시스, AT-K300, 무인민원발급기/시청각장애인겸용",(주)에니텍시스,중소기업,43211514,컴퓨터키오스크,4321151401,증명발급기,1,21800000,대,21800000,1,21800000,1,21800000,Y,대표품목,3250000,부산광역시 중구,부산광역시 중구,20250814
R25TB00904760,00,2025-08-18,1,0023C0107,01,23813369,"증명발급기, 광명테크, G7i, 통합민원발급기",주식회사광명테크,중소기업,43211514,컴퓨터키오스크,4321151401,증명발급기,6,46500000,대,7750000,6,46500000,6,46500000,Y,대표품목,5830000,전남광주통합특별시 담양군,전라남도 담양군,20250818
R25TB00905003,00,2025-08-18,1,002061437,10,24292472,"증명발급기, 한국타피, TAPI-9270T, 무인민원발급기/시청각장애인겸용",한국타피(주),중소기업,43211514,컴퓨터키오스크,4321151401,증명발급기,1,19800000,대,19800000,1,19800000,1,19800000,Y,대표품목,4291000,강원특별자치도 정선군,강원특별자치도 정선군,20250818
R25TB00909721,00,2025-08-19,1,R25TA00404451,00,25300626,"버스및차량정보안내장치, 삼원에프에이, EBIT-1000P-60W, 독립형/단면",삼원에프에이주식회사,중소기업,43211514,컴퓨터키오스크,4321151403,버스및차량정보안내장치,4,22754400,대,5688600,14,75648400,4,22754400,Y,대표품목,6310000,울산광역시,울산광역시 남구,20250819
R25TB00909721,00,2025-08-19,2,R25TA00404451,00,25109706,"버스및차량정보안내장치, 삼원에프에이, EBIT-1000S-60W, 거치형/단면",삼원에프에이주식회사,중소기업,43211514,컴퓨터키오스크,4321151403,버스및차량정보안내장치,10,52894000,대,5289400,14,75648400,10,52894000,Y,대표품목,6310000,울산광역시,울산광역시 남구,20250819
R25TB00914396,00,2025-08-20,1,002470164,01,25233046,"버스및차량정보안내장치, 싸인텔레콤, ST-64LED-MY, 독립형",주식회사 싸인텔레콤,중소기업,43211514,컴퓨터키오스크,4321151403,버스및차량정보안내장치,18,129006000,대,7167000,18,129006000,18,129006000,N,대표품목,3090000,서울특별시 도봉구,서울특별시 도봉구,20250820
R25TB00914396,01,2025-10-10,1,002470164,01,25233046,"버스및차량정보안내장치, 싸인텔레콤, ST-64LED-MY, 독립형",주식회사 싸인텔레콤,중소기업,43211514,컴퓨터키오스크,4321151403,버스및차량정보안내장치,41,293847000,대,7167000,41,293847000,23,164841000,N,대표품목,3090000,서울특별시 도봉구,서울특별시 도봉구,20250820
R25TB00914396,02,2025-11-05,1,002470164,01,25233046,"버스및차량정보안내장치, 싸인텔레콤, ST-64LED-MY, 독립형",주식회사 싸인텔레콤,중소기업,43211514,컴퓨터키오스크,4321151403,버스및차량정보안내장치,44,315348000,대,7167000,44,315348000,3,21501000,Y,대표품목,3090000,서울특별시 도봉구,서울특별시 도봉구,20250820
R25TB00916054,00,2025-08-21,1,002370030,00,23861029,"버스및차량정보안내장치, 싸인텔레콤, ST-BIS-US64, 거치형",주식회사 싸인텔레콤,중소기업,43211514,컴퓨터키오스크,4321151403,버스및차량정보안내장치,1,7594000,식,7594000,1,7594000,1,7594000,Y,대표품목,3920000,경기도 동두천시,경기도 동두천시,20250821
R25TB00921301,00,2025-08-22,1,0023C0107,01,23813369,"증명발급기, 광명테크, G7i, 통합민원발급기",주식회사광명테크,중소기업,43211514,컴퓨터키오스크,4321151401,증명발급기,1,7750000,대,7750000,1,7750000,1,7750000,Y,대표품목,5020000,경상북도 포항시,경상북도 포항시 남구,20250822
R25TB00923527,00,2025-08-22,1,R25TA00404451,00,25300626,"버스및차량정보안내장치, 삼원에프에이, EBIT-1000P-60W, 독립형/단면",삼원에프에이주식회사,중소기업,43211514,컴퓨터키오스크,4321151403,버스및차량정보안내장치,4,22754400,대,5688600,8,43912000,4,22754400,Y,대표품목,3330000,부산광역시 해운대구,부산광역시 해운대구,20250822
R25TB00923527,00,2025-08-22,2,R25TA00404451,00,25109706,"버스및차량정보안내장치, 삼원에프에이, EBIT-1000S-60W, 거치형/단면",삼원에프에이주식회사,중소기업,43211514,컴퓨터키오스크,4321151403,버스및차량정보안내장치,4,21157600,대,5289400,8,43912000,4,21157600,Y,대표품목,3330000,부산광역시 해운대구,부산광역시 해운대구,20250822
R25TB00929136,00,2025-08-25,1,R25TA00404451,00,25109706,"버스및차량정보안내장치, 삼원에프에이, EBIT-1000S-60W, 거치형/단면",삼원에프에이주식회사,중소기업,43211514,컴퓨터키오스크,4321151403,버스및차량정보안내장치,1,5289400,대,5289400,1,5289400,1,5289400,Y,대표품목,3820000,경기도 의정부시,경기도 의정부시,20250825
R25TB00929943,00,2025-08-26,1,002061436,11,24362786,"증명발급기, 에니텍시스, AT-K300E, 무인민원발급기/시청각장애인겸용",(주)에니텍시스,중소기업,43211514,컴퓨터키오스크,4321151401,증명발급기,4,99200000,대,24800000,4,99200000,4,99200000,Y,대표품목,4140000,경기도 연천군,경기도 연천군,20250826
R25TB00936862,00,2025-08-27,1,002370024,01,24422601,"증명발급기, 한국타피, TAPI-9320B, 무인민원발급기/시청각장애인겸용",한국타피(주),중소기업,43211514,컴퓨터키오스크,4321151401,증명발급기,1,24800000,대,24800000,1,24800000,1,24800000,Y,대표품목,3680000,대전광역시 대덕구,대전광역시 대덕구,20250827
R25TB00942777,00,2025-08-28,1,002370030,00,23861029,"버스및차량정보안내장치, 싸인텔레콤, ST-BIS-US64, 거치형",주식회사 싸인텔레콤,중소기업,43211514,컴퓨터키오스크,4321151403,버스및차량정보안내장치,2,15188000,식,7594000,2,15188000,2,15188000,Y,대표품목,4010000,경기도 시흥시,경기도 시흥시,20250828
R25TB00946134,00,2025-08-29,1,002370030,00,23842448,"버스및차량정보안내장치, 싸인텔레콤, ST-BIT-SEL-0312, 거치형",주식회사 싸인텔레콤,중소기업,43211514,컴퓨터키오스크,4321151403,버스및차량정보안내장치,13,89778000,식,6906000,13,89778000,13,89778000,N,대표품목,5600000,경기도 포천시,경기도 포천시,20250829
R25TB00946134,01,2025-09-01,1,002370030,00,23842448,"버스및차량정보안내장치, 싸인텔레콤, ST-BIT-SEL-0312, 거치형",주식회사 싸인텔레콤,중소기업,43211514,컴퓨터키오스크,4321151403,버스및차량정보안내장치,0,0,식,6906000,0,0,-13,-89778000,Y,대표품목,5600000,경기도 포천시,경기도 포천시,20250829
R25TB00947333,00,2025-09-01,1,002370030,00,23842448,"버스및차량정보안내장치, 싸인텔레콤, ST-BIT-SEL-0312, 거치형",주식회사 싸인텔레콤,중소기업,43211514,컴퓨터키오스크,4321151403,버스및차량정보안내장치,13,95953000,식,7381000,13,95953000,13,95953000,Y,대표품목,5600000,경기도 포천시,경기도 포천시,20250901
R25TB00949735,00,2025-09-01,1,0023C0107,01,24359644,"증명발급기, 광명테크, G10, 무인민원발급기/시청각장애인겸용",주식회사광명테크,중소기업,43211514,컴퓨터키오스크,4321151401,증명발급기,1,19800000,대,19800000,1,19800000,1,19800000,Y,대표품목,5130000,경상북도 경산시,경상북도 경산시,20250901
R25TB00950198,00,2025-09-01,1,002061436,11,25202556,"증명발급기, 에니텍시스, IS-2000L, 통합민원발급기",(주)에니텍시스,중소기업,43211514,컴퓨터키오스크,4321151401,증명발급기,3,23400000,대,7800000,3,23400000,3,23400000,Y,대표품목,3060000,서울특별시 중랑구,서울특별시 중랑구,20250901
R25TB00952034,00,2025-09-02,1,002061436,11,24362785,"증명발급기, 에니텍시스, AT-K300, 무인민원발급기/시청각장애인겸용",(주)에니텍시스,중소기업,43211514,컴퓨터키오스크,4321151401,증명발급기,1,21800000,대,21800000,1,21800000,1,21800000,Y,대표품목,3510500,인천광역시 미추홀구,인천광역시 미추홀구,20250902
R25TB00954502,00,2025-09-02,1,002370030,00,23842449,"버스및차량정보안내장치, 싸인텔레콤, ST-BIT-SEL-0312-01, 거치형",주식회사 싸인텔레콤,중소기업,43211514,컴퓨터키오스크,4321151403,버스및차량정보안내장치,2,17052000,식,8526000,2,17052000,2,17052000,Y,대표품목,5590000,경기도 양주시,경기도 양주시,20250902
R25TB00954503,00,2025-09-02,1,002470164,01,25240950,"버스및차량정보안내장치, 싸인텔레콤, ST-BIT-0308, 거치형",주식회사 싸인텔레콤,중소기업,43211514,컴퓨터키오스크,4321151403,버스및차량정보안내장치,1,7003000,대,7003000,1,7003000,1,7003000,Y,대표품목,5590000,경기도 양주시,경기도 양주시,20250902
R25TB00961466,00,2025-09-04,1,002370030,00,23273105,"버스및차량정보안내장치, 싸인텔레콤, LCD-ST-BIS-1704, 거치형",주식회사 싸인텔레콤,중소기업,43211514,컴퓨터키오스크,4321151403,버스및차량정보안내장치,8,64680000,식,8085000,8,64680000,8,64680000,Y,대표품목,5880000,전남광주통합특별시 무안군,전라남도 무안군,20250904
R25TB00961588,00,2025-09-04,1,R25TA00404451,00,25286961,"버스및차량정보안내장치, 삼원에프에이, EBIT-2000S-60W, 거치형/단면",삼원에프에이주식회사,중소기업,43211514,컴퓨터키오스크,4321151403,버스및차량정보안내장치,1,6786400,대,6786400,1,6786400,1,6786400,Y,대표품목,3820000,경기도 의정부시,경기도 의정부시,20250904
R25TB00964016,00,2025-09-04,1,002061436,11,25202556,"증명발급기, 에니텍시스, IS-2000L, 통합민원발급기",(주)에니텍시스,중소기업,43211514,컴퓨터키오스크,4321151401,증명발급기,1,7800000,대,7800000,1,7800000,1,7800000,Y,대표품목,4530072,충청남도 서산시 해미면,충청남도 서산시,20250904
R25TB00964332,00,2025-09-04,1,0023C0245,00,22470740,"증명발급기, 본시스, BON7000s, 컬러통합민원발급기",(주)본시스,중소기업,43211514,컴퓨터키오스크,4321151401,증명발급기,1,7860000,대,7860000,1,7860000,1,7860000,Y,대표품목,4600044,충청남도 홍성군 은하면,충청남도 홍성군,20250904
R25TB00964337,00,2025-09-04,1,002370030,00,23842448,"버스및차량정보안내장치, 싸인텔레콤, ST-BIT-SEL-0312, 거치형",주식회사 싸인텔레콤,중소기업,43211514,컴퓨터키오스크,4321151403,버스및차량정보안내장치,4,29524000,식,7381000,4,29524000,4,29524000,Y,대표품목,3940000,경기도 고양시,경기도 고양시 덕양구,20250904
R25TB00968493,00,2025-09-05,1,0023C0107,01,23777412,"증명발급기, 광명테크, G7, 통합민원발급기",주식회사광명테크,중소기업,43211514,컴퓨터키오스크,4321151401,증명발급기,1,7700000,대,7700000,1,7700000,1,7700000,Y,대표품목,3240000,서울특별시 강동구,서울특별시 강동구,20250905
R25TB00970867,00,2025-09-08,1,002370030,00,23217236,"버스및차량정보안내장치, 싸인텔레콤, LCD-ST-BIS-1701, 거치형",주식회사 싸인텔레콤,중소기업,43211514,컴퓨터키오스크,4321151403,버스및차량정보안내장치,4,33940800,식,8485200,4,33940800,4,33940800,Y,대표품목,4321000,강원특별자치도 양구군,강원특별자치도 양구군,20250908
R25TB00970868,00,2025-09-08,1,002470164,01,25233040,"버스및차량정보안내장치, 싸인텔레콤, ST-BIT-0312, 거치형",주식회사 싸인텔레콤,중소기업,43211514,컴퓨터키오스크,4321151403,버스및차량정보안내장치,8,59288000,대,7411000,8,59288000,8,59288000,Y,대표품목,4321000,강원특별자치도 양구군,강원특별자치도 양구군,20250908
R25TB00971131,00,2025-09-08,1,002370030,00,23842448,"버스및차량정보안내장치, 싸인텔레콤, ST-BIT-SEL-0312, 거치형",주식회사 싸인텔레콤,중소기업,43211514,컴퓨터키오스크,4321151403,버스및차량정보안내장치,6,44286000,식,7381000,6,44286000,6,44286000,Y,대표품목,5590000,경기도 양주시,경기도 양주시,20250908
R25TB00971455,00,2025-09-08,1,002061437,10,24292471,"증명발급기, 한국타피, TAPI-9270J, 무인민원발급기/시청각장애인겸용",한국타피(주),중소기업,43211514,컴퓨터키오스크,4321151401,증명발급기,1,23800000,대,23800000,1,23800000,1,23800000,Y,대표품목,6520030,제주특별자치도 서귀포시 성산읍,제주특별자치도 서귀포시,20250908
R25TB00975920,00,2025-09-09,1,002061436,11,25202556,"증명발급기, 에니텍시스, IS-2000L, 통합민원발급기",(주)에니텍시스,중소기업,43211514,컴퓨터키오스크,4321151401,증명발급기,2,15600000,대,7800000,2,15600000,2,15600000,Y,대표품목,3561000,인천광역시 서해구,인천광역시 서구,20250909
R25TB00977405,00,2025-09-09,1,002370024,01,24422601,"증명발급기, 한국타피, TAPI-9320B, 무인민원발급기/시청각장애인겸용",한국타피(주),중소기업,43211514,컴퓨터키오스크,4321151401,증명발급기,1,24800000,대,24800000,1,24800000,1,24800000,Y,대표품목,5080000,경상북도 구미시,경상북도 구미시,20250909
R25TB00978974,00,2025-09-10,1,002061437,10,24292472,"증명발급기, 한국타피, TAPI-9270T, 무인민원발급기/시청각장애인겸용",한국타피(주),중소기업,43211514,컴퓨터키오스크,4321151401,증명발급기,1,19800000,대,19800000,1,19800000,1,19800000,Y,대표품목,4691000,전북특별자치도 정읍시,전북특별자치도 정읍시,20250910
R25TB00986614,00,2025-09-11,1,002061437,10,24292471,"증명발급기, 한국타피, TAPI-9270J, 무인민원발급기/시청각장애인겸용",한국타피(주),중소기업,43211514,컴퓨터키오스크,4321151401,증명발급기,1,23800000,대,23800000,1,23800000,1,23800000,Y,대표품목,3190000,서울특별시 동작구,서울특별시 동작구,20250911
R25TB00991904,00,2025-09-15,1,0023C0245,00,22470740,"증명발급기, 본시스, BON7000s, 컬러통합민원발급기",(주)본시스,중소기업,43211514,컴퓨터키오스크,4321151401,증명발급기,2,15720000,대,7860000,2,15720000,2,15720000,Y,대표품목,4600181,충청남도 홍성군 홍북읍,충청남도 홍성군,20250915
R25TB00995359,00,2025-09-15,1,002370030,00,23861030,"버스및차량정보안내장치, 싸인텔레콤, ST-BIS-US64-01, 거치형",주식회사 싸인텔레콤,중소기업,43211514,컴퓨터키오스크,4321151403,버스및차량정보안내장치,8,71632000,식,8954000,8,71632000,8,71632000,Y,대표품목,4040000,경기도 하남시,경기도 하남시,20250915
R25TB00997150,00,2025-09-16,1,002061437,10,24292472,"증명발급기, 한국타피, TAPI-9270T, 무인민원발급기/시청각장애인겸용",한국타피(주),중소기업,43211514,컴퓨터키오스크,4321151401,증명발급기,1,19800000,대,19800000,1,19800000,1,19800000,Y,대표품목,4661000,전북특별자치도 전주시 덕진구,전북특별자치도 전주시 덕진구,20250916
R25TB00997808,00,2025-09-16,1,002061436,11,25202556,"증명발급기, 에니텍시스, IS-2000L, 통합민원발급기",(주)에니텍시스,중소기업,43211514,컴퓨터키오스크,4321151401,증명발급기,1,7800000,대,7800000,1,7800000,1,7800000,Y,대표품목,4191100,강원특별자치도 원주시 반곡관설동,강원특별자치도 원주시,20250916
R25TB01001333,00,2025-09-16,1,002061436,11,25202555,"증명발급기, 에니텍시스, IS-2000M, 통합민원발급기",(주)에니텍시스,중소기업,43211514,컴퓨터키오스크,4321151401,증명발급기,1,8500000,대,8500000,1,8500000,1,8500000,Y,대표품목,4500058,충청남도 공주시 의당면,충청남도 공주시,20250916
R25TB01003383,00,2025-09-17,1,002061436,11,25202556,"증명발급기, 에니텍시스, IS-2000L, 통합민원발급기",(주)에니텍시스,중소기업,43211514,컴퓨터키오스크,4321151401,증명발급기,1,7800000,대,7800000,1,7800000,1,7800000,Y,대표품목,3850022,경기도 안양시 동안구 호계1동,경기도 안양시 동안구,20250917
R25TB01004220,00,2025-09-17,1,002061436,11,25202556,"증명발급기, 에니텍시스, IS-2000L, 통합민원발급기",(주)에니텍시스,중소기업,43211514,컴퓨터키오스크,4321151401,증명발급기,2,15600000,대,7800000,2,15600000,2,15600000,Y,대표품목,3230000,서울특별시 송파구,서울특별시 송파구,20250917
R25TB01004911,00,2025-09-17,1,002370030,00,24043784,"버스및차량정보안내장치, 싸인텔레콤, SNS-BIT-LED-0412BC-01, 거치형",주식회사 싸인텔레콤,중소기업,43211514,컴퓨터키오스크,4321151403,버스및차량정보안내장치,1,7780000,식,7780000,2,16943000,1,7780000,Y,대표품목,3830000,경기도 안양시,경기도 안양시 동안구,20250917
R25TB01004911,00,2025-09-17,2,002370030,00,24043785,"버스및차량정보안내장치, 싸인텔레콤, SND-BIT-LED-0412BC-01, 거치형",주식회사 싸인텔레콤,중소기업,43211514,컴퓨터키오스크,4321151403,버스및차량정보안내장치,1,9163000,식,9163000,2,16943000,1,9163000,Y,대표품목,3830000,경기도 안양시,경기도 안양시 동안구,20250917
R25TB01009445,00,2025-09-18,1,R25TA00404451,00,25109706,"버스및차량정보안내장치, 삼원에프에이, EBIT-1000S-60W, 거치형/단면",삼원에프에이주식회사,중소기업,43211514,컴퓨터키오스크,4321151403,버스및차량정보안내장치,1,5289400,대,5289400,1,5289400,1,5289400,Y,대표품목,4010000,경기도 시흥시,경기도 시흥시,20250918
R25TB01010580,00,2025-09-18,1,002061436,11,25202556,"증명발급기, 에니텍시스, IS-2000L, 통합민원발급기",(주)에니텍시스,중소기업,43211514,컴퓨터키오스크,4321151401,증명발급기,3,23400000,대,7800000,3,23400000,3,23400000,Y,대표품목,4661000,전북특별자치도 전주시 덕진구,전북특별자치도 전주시 덕진구,20250918
R25TB01012636,00,2025-09-19,1,0023C0245,00,22470740,"증명발급기, 본시스, BON7000s, 컬러통합민원발급기",(주)본시스,중소기업,43211514,컴퓨터키오스크,4321151401,증명발급기,1,7860000,대,7860000,1,7860000,1,7860000,Y,대표품목,4390055,충청북도 충주시 엄정면,충청북도 충주시,20250919
R25TB01014065,00,2025-09-19,1,002061437,10,24292470,"증명발급기, 한국타피, TAPI-9320T, 무인민원발급기/시청각장애인겸용",한국타피(주),중소기업,43211514,컴퓨터키오스크,4321151401,증명발급기,1,21800000,대,21800000,1,21800000,1,21800000,Y,대표품목,4590000,충청남도 청양군,충청남도 청양군,20250919
R25TB01014066,00,2025-09-19,1,0023C0107,01,24359644,"증명발급기, 광명테크, G10, 무인민원발급기/시청각장애인겸용",주식회사광명테크,중소기업,43211514,컴퓨터키오스크,4321151401,증명발급기,1,19800000,대,19800000,1,19800000,1,19800000,Y,대표품목,4590000,충청남도 청양군,충청남도 청양군,20250919
R25TB01014259,00,2025-09-19,1,002061436,11,24362786,"증명발급기, 에니텍시스, AT-K300E, 무인민원발급기/시청각장애인겸용",(주)에니텍시스,중소기업,43211514,컴퓨터키오스크,4321151401,증명발급기,3,74400000,대,24800000,3,74400000,3,74400000,Y,대표품목,4170000,경기도 양평군,경기도 양평군,20250919
R25TB01014912,00,2025-09-21,1,002061436,11,25202556,"증명발급기, 에니텍시스, IS-2000L, 통합민원발급기",(주)에니텍시스,중소기업,43211514,컴퓨터키오스크,4321151401,증명발급기,4,31200000,대,7800000,4,31200000,4,31200000,Y,대표품목,3561000,인천광역시 서해구,인천광역시 서구,20250921
R25TB01015642,00,2025-09-22,1,0023C0107,01,23813369,"증명발급기, 광명테크, G7i, 통합민원발급기",주식회사광명테크,중소기업,43211514,컴퓨터키오스크,4321151401,증명발급기,1,7750000,대,7750000,1,7750000,1,7750000,Y,대표품목,4160024,경기도 가평군 가평읍,경기도 가평군,20250922
R25TB01017212,00,2025-09-22,1,002061436,11,25202556,"증명발급기, 에니텍시스, IS-2000L, 통합민원발급기",(주)에니텍시스,중소기업,43211514,컴퓨터키오스크,4321151401,증명발급기,1,7800000,대,7800000,1,7800000,1,7800000,Y,대표품목,5120069,경상북도 문경시 점촌5동,경상북도 문경시,20250922
R25TB01017872,00,2025-09-22,1,002061436,11,25202556,"증명발급기, 에니텍시스, IS-2000L, 통합민원발급기",(주)에니텍시스,중소기업,43211514,컴퓨터키오스크,4321151401,증명발급기,8,62400000,대,7800000,8,62400000,8,62400000,Y,대표품목,3210000,서울특별시 서초구,서울특별시 서초구,20250922
R25TB01020212,00,2025-09-23,1,0023C0107,01,23813369,"증명발급기, 광명테크, G7i, 통합민원발급기",주식회사광명테크,중소기업,43211514,컴퓨터키오스크,4321151401,증명발급기,1,7750000,대,7750000,1,7750000,1,7750000,Y,대표품목,5540205,경기도 광주시 남한산성면,경기도 광주시,20250923
R25TB01020235,00,2025-09-23,1,002061436,11,25202556,"증명발급기, 에니텍시스, IS-2000L, 통합민원발급기",(주)에니텍시스,중소기업,43211514,컴퓨터키오스크,4321151401,증명발급기,3,23400000,대,7800000,3,23400000,3,23400000,Y,대표품목,3000000,서울특별시 종로구,서울특별시 종로구,20250923
R25TB01024257,00,2025-09-23,1,002370024,01,24422601,"증명발급기, 한국타피, TAPI-9320B, 무인민원발급기/시청각장애인겸용",한국타피(주),중소기업,43211514,컴퓨터키오스크,4321151401,증명발급기,1,24800000,대,24800000,1,24800000,1,24800000,Y,대표품목,4500058,충청남도 공주시 의당면,충청남도 공주시,20250923
R25TB01025611,00,2025-09-24,1,0023C0245,00,22470740,"증명발급기, 본시스, BON7000s, 컬러통합민원발급기",(주)본시스,중소기업,43211514,컴퓨터키오스크,4321151401,증명발급기,1,7860000,대,7860000,1,7860000,1,7860000,Y,대표품목,4390057,충청북도 충주시 성내.충인동,충청북도 충주시,20250924
R25TB01026886,00,2025-09-24,1,002061437,10,24292470,"증명발급기, 한국타피, TAPI-9320T, 무인민원발급기/시청각장애인겸용",한국타피(주),중소기업,43211514,컴퓨터키오스크,4321151401,증명발급기,1,21800000,대,21800000,1,21800000,1,21800000,Y,대표품목,4160000,경기도 가평군,경기도 가평군,20250924
R25TB01029080,00,2025-09-24,1,002370030,00,23861029,"버스및차량정보안내장치, 싸인텔레콤, ST-BIS-US64, 거치형",주식회사 싸인텔레콤,중소기업,43211514,컴퓨터키오스크,4321151403,버스및차량정보안내장치,1,7594000,식,7594000,1,7594000,1,7594000,Y,대표품목,4140000,경기도 연천군,경기도 연천군,20250924
R25TB01030918,00,2025-09-25,1,002061436,11,24362788,"증명발급기, 에니텍시스, AT-K200(NEW), 무인민원발급기/시청각장애인겸용",(주)에니텍시스,중소기업,43211514,컴퓨터키오스크,4321151401,증명발급기,1,19850000,대,19850000,1,19850000,1,19850000,Y,대표품목,5020000,경상북도 포항시,경상북도 포항시 남구,20250925
R25TB01030959,00,2025-09-25,1,0023C0107,01,24359644,"증명발급기, 광명테크, G10, 무인민원발급기/시청각장애인겸용",주식회사광명테크,중소기업,43211514,컴퓨터키오스크,4321151401,증명발급기,1,19800000,대,19800000,1,19800000,1,19800000,Y,대표품목,5020000,경상북도 포항시,경상북도 포항시 남구,20250925
R25TB01030985,00,2025-09-25,1,002370030,00,23273105,"버스및차량정보안내장치, 싸인텔레콤, LCD-ST-BIS-1704, 거치형",주식회사 싸인텔레콤,중소기업,43211514,컴퓨터키오스크,4321151403,버스및차량정보안내장치,5,42426000,식,8485200,6,49807000,5,42426000,Y,대표품목,4160000,경기도 가평군,경기도 가평군,20250925
R25TB01030985,00,2025-09-25,2,002370030,00,23842448,"버스및차량정보안내장치, 싸인텔레콤, ST-BIT-SEL-0312, 거치형",주식회사 싸인텔레콤,중소기업,43211514,컴퓨터키오스크,4321151403,버스및차량정보안내장치,1,7381000,식,7381000,6,49807000,1,7381000,Y,대표품목,4160000,경기도 가평군,경기도 가평군,20250925
R25TB01031301,00,2025-09-25,1,002061436,11,24362786,"증명발급기, 에니텍시스, AT-K300E, 무인민원발급기/시청각장애인겸용",(주)에니텍시스,중소기업,43211514,컴퓨터키오스크,4321151401,증명발급기,12,178800000,대,14900000,12,178800000,12,178800000,N,대표품목,3180000,서울특별시 영등포구,서울특별시 영등포구,20250925
R25TB01031301,01,2025-11-06,1,002061436,11,24362786,"증명발급기, 에니텍시스, AT-K300E, 무인민원발급기/시청각장애인겸용",(주)에니텍시스,중소기업,43211514,컴퓨터키오스크,4321151401,증명발급기,14,208600000,대,14900000,14,208600000,2,29800000,Y,대표품목,3180000,서울특별시 영등포구,서울특별시 영등포구,20250925
R25TB01033967,00,2025-09-25,1,002061436,11,25202556,"증명발급기, 에니텍시스, IS-2000L, 통합민원발급기",(주)에니텍시스,중소기업,43211514,컴퓨터키오스크,4321151401,증명발급기,1,7800000,대,7800000,1,7800000,1,7800000,Y,대표품목,5370125,경상남도 거제시 상문동,경상남도 거제시,20250925
R25TB01036630,00,2025-09-26,1,002061436,11,24362785,"증명발급기, 에니텍시스, AT-K300, 무인민원발급기/시청각장애인겸용",(주)에니텍시스,중소기업,43211514,컴퓨터키오스크,4321151401,증명발급기,1,21800000,대,21800000,1,21800000,1,21800000,Y,대표품목,4100100,고양시 일산서구청,경기도 고양시 일산서구,20250926
R25TB01037332,00,2025-09-26,1,0023C0107,01,23813369,"증명발급기, 광명테크, G7i, 통합민원발급기",주식회사광명테크,중소기업,43211514,컴퓨터키오스크,4321151401,증명발급기,1,7750000,대,7750000,1,7750000,1,7750000,Y,대표품목,5370124,경상남도 거제시 고현동,경상남도 거제시,20250926
R25TB01040653,00,2025-10-10,1,R25TA00404451,00,25300626,"버스및차량정보안내장치, 삼원에프에이, EBIT-1000P-60W, 독립형/단면",삼원에프에이주식회사,중소기업,43211514,컴퓨터키오스크,4321151403,버스및차량정보안내장치,1,5688600,대,5688600,2,10978000,1,5688600,Y,대표품목,3310000,부산광역시 남구,부산광역시 남구,20251010
R25TB01040653,00,2025-10-10,2,R25TA00404451,00,25109706,"버스및차량정보안내장치, 삼원에프에이, EBIT-1000S-60W, 거치형/단면",삼원에프에이주식회사,중소기업,43211514,컴퓨터키오스크,4321151403,버스및차량정보안내장치,1,5289400,대,5289400,2,10978000,1,5289400,Y,대표품목,3310000,부산광역시 남구,부산광역시 남구,20251010
R25TB01041541,00,2025-10-10,1,002061436,11,24362788,"증명발급기, 에니텍시스, AT-K200(NEW), 무인민원발급기/시청각장애인겸용",(주)에니텍시스,중소기업,43211514,컴퓨터키오스크,4321151401,증명발급기,3,59550000,대,19850000,3,59550000,3,59550000,Y,대표품목,3160000,서울특별시 구로구,서울특별시 구로구,20251010
R25TB01041542,00,2025-10-10,1,002061437,10,24292472,"증명발급기, 한국타피, TAPI-9270T, 무인민원발급기/시청각장애인겸용",한국타피(주),중소기업,43211514,컴퓨터키오스크,4321151401,증명발급기,2,39600000,대,19800000,2,39600000,2,39600000,Y,대표품목,3160000,서울특별시 구로구,서울특별시 구로구,20251010
R25TB01042692,00,2025-10-10,1,0023C0107,01,24359645,"증명발급기, 광명테크, G10s, 무인민원발급기/시청각장애인겸용/촉각모니터",주식회사광명테크,중소기업,43211514,컴퓨터키오스크,4321151401,증명발급기,3,74400000,대,24800000,3,74400000,3,74400000,Y,대표품목,5600000,경기도 포천시,경기도 포천시,20251010
R25TB01044146,00,2025-10-11,1,R25TA00404451,00,25109706,"버스및차량정보안내장치, 삼원에프에이, EBIT-1000S-60W, 거치형/단면",삼원에프에이주식회사,중소기업,43211514,컴퓨터키오스크,4321151403,버스및차량정보안내장치,1,5289400,대,5289400,1,5289400,1,5289400,Y,대표품목,3820000,경기도 의정부시,경기도 의정부시,20251011
R25TB01057906,00,2025-10-14,1,002370024,02,24422601,"증명발급기, 한국타피, TAPI-9320B, 무인민원발급기/시청각장애인겸용",한국타피(주),중소기업,43211514,컴퓨터키오스크,4321151401,증명발급기,1,24800000,대,24800000,1,24800000,1,24800000,Y,대표품목,4500054,충청남도 공주시 탄천면,충청남도 공주시,20251014
R25TB01059299,00,2025-10-14,1,002370030,00,23842448,"버스및차량정보안내장치, 싸인텔레콤, ST-BIT-SEL-0312, 거치형",주식회사 싸인텔레콤,중소기업,43211514,컴퓨터키오스크,4321151403,버스및차량정보안내장치,13,95953000,식,7381000,13,95953000,13,95953000,Y,대표품목,5600000,경기도 포천시,경기도 포천시,20251014
R25TB01059895,00,2025-10-14,1,002061436,11,24362786,"증명발급기, 에니텍시스, AT-K300E, 무인민원발급기/시청각장애인겸용",(주)에니텍시스,중소기업,43211514,컴퓨터키오스크,4321151401,증명발급기,1,24800000,대,24800000,1,24800000,1,24800000,Y,대표품목,5600000,경기도 포천시,경기도 포천시,20251014
R25TB01059900,00,2025-10-14,1,002061436,11,25202556,"증명발급기, 에니텍시스, IS-2000L, 통합민원발급기",(주)에니텍시스,중소기업,43211514,컴퓨터키오스크,4321151401,증명발급기,2,15600000,대,7800000,2,15600000,2,15600000,Y,대표품목,5600000,경기도 포천시,경기도 포천시,20251014
R25TB01059901,00,2025-10-14,1,0023C0107,01,23813369,"증명발급기, 광명테크, G7i, 통합민원발급기",주식회사광명테크,중소기업,43211514,컴퓨터키오스크,4321151401,증명발급기,2,15500000,대,7750000,2,15500000,2,15500000,Y,대표품목,5600000,경기도 포천시,경기도 포천시,20251014
R25TB01066917,00,2025-10-16,1,002370024,02,24422601,"증명발급기, 한국타피, TAPI-9320B, 무인민원발급기/시청각장애인겸용",한국타피(주),중소기업,43211514,컴퓨터키오스크,4321151401,증명발급기,3,74400000,대,24800000,3,74400000,3,74400000,Y,대표품목,3190000,서울특별시 동작구,서울특별시 동작구,20251016
R25TB01068524,00,2025-10-16,1,002061436,11,24362785,"증명발급기, 에니텍시스, AT-K300, 무인민원발급기/시청각장애인겸용",(주)에니텍시스,중소기업,43211514,컴퓨터키오스크,4321151401,증명발급기,1,21800000,대,21800000,1,21800000,1,21800000,Y,대표품목,5885000,전남광주통합특별시 함평군,전라남도 함평군,20251016
R25TB01069454,00,2025-10-16,1,R25TA00404451,00,25109706,"버스및차량정보안내장치, 삼원에프에이, EBIT-1000S-60W, 거치형/단면",삼원에프에이주식회사,중소기업,43211514,컴퓨터키오스크,4321151403,버스및차량정보안내장치,3,15868200,대,5289400,3,15868200,3,15868200,Y,대표품목,4490000,충청남도 천안시,충청남도 천안시 서북구,20251016
R25TB01075581,00,2025-10-17,1,002061437,11,24292472,"증명발급기, 한국타피, TAPI-9270T, 무인민원발급기/시청각장애인겸용",한국타피(주),중소기업,43211514,컴퓨터키오스크,4321151401,증명발급기,2,39600000,대,19800000,2,39600000,2,39600000,Y,대표품목,4500069,충청남도 공주시 신관동,충청남도 공주시,20251017
R25TB01076319,00,2025-10-17,1,002370030,00,23217236,"버스및차량정보안내장치, 싸인텔레콤, LCD-ST-BIS-1701, 거치형",주식회사 싸인텔레콤,중소기업,43211514,컴퓨터키오스크,4321151403,버스및차량정보안내장치,1,8485200,식,8485200,1,8485200,1,8485200,Y,대표품목,3710000,울산광역시 동구,울산광역시 동구,20251017
R25TB01078883,00,2025-10-20,1,002061436,11,25202556,"증명발급기, 에니텍시스, IS-2000L, 통합민원발급기",(주)에니텍시스,중소기업,43211514,컴퓨터키오스크,4321151401,증명발급기,2,15600000,대,7800000,2,15600000,2,15600000,Y,대표품목,3110000,서울특별시 은평구,서울특별시 은평구,20251020
R25TB01078928,00,2025-10-20,1,002061436,11,24362786,"증명발급기, 에니텍시스, AT-K300E, 무인민원발급기/시청각장애인겸용",(주)에니텍시스,중소기업,43211514,컴퓨터키오스크,4321151401,증명발급기,1,24800000,대,24800000,1,24800000,1,24800000,Y,대표품목,3730000,울산광역시 울주군,울산광역시 울주군,20251020
R25TB01080365,00,2025-10-20,1,002061437,11,24292471,"증명발급기, 한국타피, TAPI-9270J, 무인민원발급기/시청각장애인겸용",한국타피(주),중소기업,43211514,컴퓨터키오스크,4321151401,증명발급기,1,23800000,대,23800000,1,23800000,1,23800000,Y,대표품목,3240000,서울특별시 강동구,서울특별시 강동구,20251020
R25TB01085455,00,2025-10-21,1,002370030,00,23861029,"버스및차량정보안내장치, 싸인텔레콤, ST-BIS-US64, 거치형",주식회사 싸인텔레콤,중소기업,43211514,컴퓨터키오스크,4321151403,버스및차량정보안내장치,3,22782000,식,7594000,3,22782000,3,22782000,Y,대표품목,4090000,경기도 김포시,경기도 김포시,20251021
R25TB01087633,00,2025-10-21,1,002061437,11,24292471,"증명발급기, 한국타피, TAPI-9270J, 무인민원발급기/시청각장애인겸용",한국타피(주),중소기업,43211514,컴퓨터키오스크,4321151401,증명발급기,2,47600000,대,23800000,2,47600000,2,47600000,Y,대표품목,3020000,서울특별시 용산구,서울특별시 용산구,20251021
R25TB01089122,00,2025-10-21,1,002061436,11,25202556,"증명발급기, 에니텍시스, IS-2000L, 통합민원발급기",(주)에니텍시스,중소기업,43211514,컴퓨터키오스크,4321151401,증명발급기,3,23400000,대,7800000,3,23400000,3,23400000,Y,대표품목,3050000,서울특별시 동대문구,서울특별시 동대문구,20251021
R25TB01089138,00,2025-10-21,1,0023C0107,01,24359645,"증명발급기, 광명테크, G10s, 무인민원발급기/시청각장애인겸용/촉각모니터",주식회사광명테크,중소기업,43211514,컴퓨터키오스크,4321151401,증명발급기,1,24800000,대,24800000,1,24800000,1,24800000,Y,대표품목,4430000,충청북도 옥천군,충청북도 옥천군,20251021
R25TB01090346,00,2025-10-22,1,002370024,02,24422601,"증명발급기, 한국타피, TAPI-9320B, 무인민원발급기/시청각장애인겸용",한국타피(주),중소기업,43211514,컴퓨터키오스크,4321151401,증명발급기,1,24800000,대,24800000,1,24800000,1,24800000,Y,대표품목,5070000,경상북도 안동시,경상북도 안동시,20251022
R25TB01093573,00,2025-10-22,1,002061436,11,25202556,"증명발급기, 에니텍시스, IS-2000L, 통합민원발급기",(주)에니텍시스,중소기업,43211514,컴퓨터키오스크,4321151401,증명발급기,1,7800000,대,7800000,1,7800000,1,7800000,Y,대표품목,4500066,충청남도 공주시 웅진동,충청남도 공주시,20251022
R25TB01098921,00,2025-10-23,1,002370024,02,24422601,"증명발급기, 한국타피, TAPI-9320B, 무인민원발급기/시청각장애인겸용",한국타피(주),중소기업,43211514,컴퓨터키오스크,4321151401,증명발급기,3,74400000,대,24800000,3,74400000,3,74400000,Y,대표품목,3140000,서울특별시 양천구,서울특별시 양천구,20251023
R25TB01103375,00,2025-10-24,1,002061436,11,24362786,"증명발급기, 에니텍시스, AT-K300E, 무인민원발급기/시청각장애인겸용",(주)에니텍시스,중소기업,43211514,컴퓨터키오스크,4321151401,증명발급기,1,24800000,대,24800000,1,24800000,1,24800000,Y,대표품목,4400000,충청북도 제천시,충청북도 제천시,20251024
R25TB01104616,00,2025-10-24,1,0023C0107,01,23777412,"증명발급기, 광명테크, G7, 통합민원발급기",주식회사광명테크,중소기업,43211514,컴퓨터키오스크,4321151401,증명발급기,1,7700000,대,7700000,1,7700000,1,7700000,Y,대표품목,4000000,경기도 오산시,경기도 오산시,20251024
R25TB01104949,00,2025-10-24,1,0023C0107,01,23813369,"증명발급기, 광명테크, G7i, 통합민원발급기",주식회사광명테크,중소기업,43211514,컴퓨터키오스크,4321151401,증명발급기,1,7750000,대,7750000,1,7750000,1,7750000,Y,대표품목,3200000,서울특별시 관악구,서울특별시 관악구,20251024
R25TB01106707,00,2025-10-27,1,0023C0107,01,24359644,"증명발급기, 광명테크, G10, 무인민원발급기/시청각장애인겸용",주식회사광명테크,중소기업,43211514,컴퓨터키오스크,4321151401,증명발급기,1,19800000,대,19800000,1,19800000,1,19800000,Y,대표품목,3240000,서울특별시 강동구,서울특별시 강동구,20251027
R25TB01112300,00,2025-10-27,1,002061437,11,24292470,"증명발급기, 한국타피, TAPI-9320T, 무인민원발급기/시청각장애인겸용",한국타피(주),중소기업,43211514,컴퓨터키오스크,4321151401,증명발급기,1,21800000,대,21800000,1,21800000,1,21800000,Y,대표품목,3010000,서울특별시 중구,서울특별시 중구,20251027
R25TB01113446,00,2025-10-28,1,002061436,11,25202556,"증명발급기, 에니텍시스, IS-2000L, 통합민원발급기",(주)에니텍시스,중소기업,43211514,컴퓨터키오스크,4321151401,증명발급기,1,7800000,대,7800000,1,7800000,1,7800000,Y,대표품목,3120000,서울특별시 서대문구,서울특별시 서대문구,20251028
R25TB01113781,00,2025-10-28,1,002370030,00,23861029,"버스및차량정보안내장치, 싸인텔레콤, ST-BIS-US64, 거치형",주식회사 싸인텔레콤,중소기업,43211514,컴퓨터키오스크,4321151403,버스및차량정보안내장치,2,15188000,식,7594000,2,15188000,2,15188000,Y,대표품목,4181000,강원특별자치도 춘천시,강원특별자치도 춘천시,20251028
R25TB01118828,00,2025-10-28,1,002370030,00,23842448,"버스및차량정보안내장치, 싸인텔레콤, ST-BIT-SEL-0312, 거치형",주식회사 싸인텔레콤,중소기업,43211514,컴퓨터키오스크,4321151403,버스및차량정보안내장치,7,51667000,식,7381000,7,51667000,7,51667000,Y,대표품목,5600000,경기도 포천시,경기도 포천시,20251028
R25TB01119199,00,2025-10-28,1,002061437,11,24292469,"증명발급기, 한국타피, TAPI-9320J, 무인민원발급기/시청각장애인겸용",한국타피(주),중소기업,43211514,컴퓨터키오스크,4321151401,증명발급기,1,24800000,대,24800000,1,24800000,1,24800000,Y,대표품목,5480000,경상남도 합천군,경상남도 합천군,20251028
R25TB01124840,00,2025-10-29,1,002061436,11,24362785,"증명발급기, 에니텍시스, AT-K300, 무인민원발급기/시청각장애인겸용",(주)에니텍시스,중소기업,43211514,컴퓨터키오스크,4321151401,증명발급기,1,21800000,대,21800000,1,21800000,1,21800000,Y,대표품목,4030000,경기도 의왕시,경기도 의왕시,20251029
R25TB01130191,00,2025-10-30,1,002061436,11,25202556,"증명발급기, 에니텍시스, IS-2000L, 통합민원발급기",(주)에니텍시스,중소기업,43211514,컴퓨터키오스크,4321151401,증명발급기,1,7800000,대,7800000,1,7800000,1,7800000,Y,대표품목,5020000,경상북도 포항시,경상북도 포항시 남구,20251030
R25TB01134007,00,2025-10-31,1,002370024,02,24422601,"증명발급기, 한국타피, TAPI-9320B, 무인민원발급기/시청각장애인겸용",한국타피(주),중소기업,43211514,컴퓨터키오스크,4321151401,증명발급기,1,24800000,대,24800000,1,24800000,1,24800000,Y,대표품목,4390000,충청북도 충주시,충청북도 충주시,20251031
R25TB01135368,00,2025-10-31,1,R25TA00404451,00,25300626,"버스및차량정보안내장치, 삼원에프에이, EBIT-1000P-60W, 독립형/단면",삼원에프에이주식회사,중소기업,43211514,컴퓨터키오스크,4321151403,버스및차량정보안내장치,2,11377200,대,5688600,4,21956000,2,11377200,Y,대표품목,3360000,부산광역시 강서구,부산광역시 강서구,20251031
R25TB01135368,00,2025-10-31,2,R25TA00404451,00,25109706,"버스및차량정보안내장치, 삼원에프에이, EBIT-1000S-60W, 거치형/단면",삼원에프에이주식회사,중소기업,43211514,컴퓨터키오스크,4321151403,버스및차량정보안내장치,2,10578800,대,5289400,4,21956000,2,10578800,Y,대표품목,3360000,부산광역시 강서구,부산광역시 강서구,20251031
R25TB01136342,00,2025-10-31,1,002061437,11,24292470,"증명발급기, 한국타피, TAPI-9320T, 무인민원발급기/시청각장애인겸용",한국타피(주),중소기업,43211514,컴퓨터키오스크,4321151401,증명발급기,2,43600000,대,21800000,2,43600000,2,43600000,Y,대표품목,3070000,서울특별시 성북구,서울특별시 성북구,20251031
R25TB01138672,00,2025-11-03,1,002061437,11,23893188,"증명발급기, 한국타피, TA-2200S(NEW), 통합민원발급기",한국타피(주),중소기업,43211514,컴퓨터키오스크,4321151401,증명발급기,1,7600000,대,7600000,1,7600000,1,7600000,Y,대표품목,4261000,강원특별자치도 횡성군,강원특별자치도 횡성군,20251103
R25TB01138870,00,2025-11-03,1,002061436,11,25202556,"증명발급기, 에니텍시스, IS-2000L, 통합민원발급기",(주)에니텍시스,중소기업,43211514,컴퓨터키오스크,4321151401,증명발급기,2,15600000,대,7800000,2,15600000,2,15600000,Y,대표품목,3230000,서울특별시 송파구,서울특별시 송파구,20251103
R25TB01139876,00,2025-11-03,1,002061436,11,25202556,"증명발급기, 에니텍시스, IS-2000L, 통합민원발급기",(주)에니텍시스,중소기업,43211514,컴퓨터키오스크,4321151401,증명발급기,1,7800000,대,7800000,1,7800000,1,7800000,Y,대표품목,5340000,경상남도 사천시,경상남도 사천시,20251103
R25TB01148557,00,2025-11-04,1,002061437,11,24292472,"증명발급기, 한국타피, TAPI-9270T, 무인민원발급기/시청각장애인겸용",한국타피(주),중소기업,43211514,컴퓨터키오스크,4321151401,증명발급기,3,59400000,대,19800000,3,59400000,3,59400000,Y,대표품목,4550000,충청남도 금산군,충청남도 금산군,20251104
R25TB01150527,00,2025-11-05,1,002061436,11,25202556,"증명발급기, 에니텍시스, IS-2000L, 통합민원발급기",(주)에니텍시스,중소기업,43211514,컴퓨터키오스크,4321151401,증명발급기,1,7800000,대,7800000,1,7800000,1,7800000,Y,대표품목,4390062,충청북도 충주시 문화동,충청북도 충주시,20251105
R25TB01151429,00,2025-11-05,1,002470164,02,25233040,"버스및차량정보안내장치, 싸인텔레콤, ST-BIT-0312, 거치형",주식회사 싸인텔레콤,중소기업,43211514,컴퓨터키오스크,4321151403,버스및차량정보안내장치,4,29644000,대,7411000,4,29644000,4,29644000,Y,대표품목,3980000,경기도 구리시,경기도 구리시,20251105
R25TB01155445,00,2025-11-05,1,002370030,00,24043785,"버스및차량정보안내장치, 싸인텔레콤, SND-BIT-LED-0412BC-01, 거치형",주식회사 싸인텔레콤,중소기업,43211514,컴퓨터키오스크,4321151403,버스및차량정보안내장치,6,54978000,식,9163000,6,54978000,6,54978000,Y,대표품목,Z003657,경기주택도시공사,경기도 수원시 권선구,20251105
R25TB01157237,00,2025-11-06,1,R25TA00404451,00,25109706,"버스및차량정보안내장치, 삼원에프에이, EBIT-1000S-60W, 거치형/단면",삼원에프에이주식회사,중소기업,43211514,컴퓨터키오스크,4321151403,버스및차량정보안내장치,7,37025800,대,5289400,7,37025800,7,37025800,Y,대표품목,D257739,한국수자원공사 물관리계획부문 부산에코델타시티사업단,부산광역시 강서구,20251106
R25TB01162355,00,2025-11-06,1,002061437,11,24292471,"증명발급기, 한국타피, TAPI-9270J, 무인민원발급기/시청각장애인겸용",한국타피(주),중소기업,43211514,컴퓨터키오스크,4321151401,증명발급기,1,23800000,대,23800000,1,23800000,1,23800000,Y,대표품목,3110000,서울특별시 은평구,서울특별시 은평구,20251106
R25TB01164364,00,2025-11-07,1,R25TA00404451,00,25286961,"버스및차량정보안내장치, 삼원에프에이, EBIT-2000S-60W, 거치형/단면",삼원에프에이주식회사,중소기업,43211514,컴퓨터키오스크,4321151403,버스및차량정보안내장치,1,6786400,대,6786400,1,6786400,1,6786400,Y,대표품목,4090000,경기도 김포시,경기도 김포시,20251107
R25TB01164844,00,2025-11-07,1,002370024,02,24422601,"증명발급기, 한국타피, TAPI-9320B, 무인민원발급기/시청각장애인겸용",한국타피(주),중소기업,43211514,컴퓨터키오스크,4321151401,증명발급기,1,24800000,대,24800000,1,24800000,1,24800000,Y,대표품목,3050000,서울특별시 동대문구,서울특별시 동대문구,20251107
R25TB01167049,00,2025-11-07,1,R25TA00404451,00,25300626,"버스및차량정보안내장치, 삼원에프에이, EBIT-1000P-60W, 독립형/단면",삼원에프에이주식회사,중소기업,43211514,컴퓨터키오스크,4321151403,버스및차량정보안내장치,2,11377200,대,5688600,2,11377200,2,11377200,Y,대표품목,3820000,경기도 의정부시,경기도 의정부시,20251107
R25TB01170125,00,2025-11-10,1,002061436,11,25202556,"증명발급기, 에니텍시스, IS-2000L, 통합민원발급기",(주)에니텍시스,중소기업,43211514,컴퓨터키오스크,4321151401,증명발급기,1,7800000,대,7800000,1,7800000,1,7800000,Y,대표품목,4390083,충청북도 충주시 목행.용탄동,충청북도 충주시,20251110
R25TB01175110,00,2025-11-11,1,002061436,11,25202556,"증명발급기, 에니텍시스, IS-2000L, 통합민원발급기",(주)에니텍시스,중소기업,43211514,컴퓨터키오스크,4321151401,증명발급기,1,7800000,대,7800000,1,7800000,1,7800000,Y,대표품목,3010000,서울특별시 중구,서울특별시 중구,20251111
R25TB01175857,00,2025-11-11,1,0023C0107,01,23813369,"증명발급기, 광명테크, G7i, 통합민원발급기",주식회사광명테크,중소기업,43211514,컴퓨터키오스크,4321151401,증명발급기,1,7750000,대,7750000,1,7750000,1,7750000,Y,대표품목,5670000,경상남도 창원시,경상남도 창원시 의창구,20251111
R25TB01176980,00,2025-11-11,1,0023C0107,01,23813369,"증명발급기, 광명테크, G7i, 통합민원발급기",주식회사광명테크,중소기업,43211514,컴퓨터키오스크,4321151401,증명발급기,1,7750000,대,7750000,1,7750000,1,7750000,Y,대표품목,4671080,전북특별자치도 군산시 조촌동,전북특별자치도 군산시,20251111
R25TB01182819,00,2025-11-12,1,002061437,11,24292472,"증명발급기, 한국타피, TAPI-9270T, 무인민원발급기/시청각장애인겸용",한국타피(주),중소기업,43211514,컴퓨터키오스크,4321151401,증명발급기,1,19800000,대,19800000,1,19800000,1,19800000,Y,대표품목,5020000,경상북도 포항시,경상북도 포항시 남구,20251112
R25TB01196552,00,2025-11-14,1,R25TA00404451,00,25109706,"버스및차량정보안내장치, 삼원에프에이, EBIT-1000S-60W, 거치형/단면",삼원에프에이주식회사,중소기업,43211514,컴퓨터키오스크,4321151403,버스및차량정보안내장치,1,5289400,대,5289400,1,5289400,1,5289400,Y,대표품목,3400000,부산광역시 기장군,부산광역시 기장군,20251114
R25TB01199310,00,2025-11-17,1,002061436,11,25202556,"증명발급기, 에니텍시스, IS-2000L, 통합민원발급기",(주)에니텍시스,중소기업,43211514,컴퓨터키오스크,4321151401,증명발급기,2,15600000,대,7800000,2,15600000,2,15600000,Y,대표품목,3210000,서울특별시 서초구,서울특별시 서초구,20251117
R25TB01204731,00,2025-11-18,1,002061436,11,25202556,"증명발급기, 에니텍시스, IS-2000L, 통합민원발급기",(주)에니텍시스,중소기업,43211514,컴퓨터키오스크,4321151401,증명발급기,1,7800000,대,7800000,1,7800000,1,7800000,Y,대표품목,3010000,서울특별시 중구,서울특별시 중구,20251118
R25TB01205255,00,2025-11-18,1,002061436,11,25202556,"증명발급기, 에니텍시스, IS-2000L, 통합민원발급기",(주)에니텍시스,중소기업,43211514,컴퓨터키오스크,4321151401,증명발급기,1,7800000,대,7800000,1,7800000,1,7800000,Y,대표품목,4030031,경기도 의왕시 내손2동,경기도 의왕시,20251118
R25TB01209436,00,2025-11-18,1,0023C0107,01,24359644,"증명발급기, 광명테크, G10, 무인민원발급기/시청각장애인겸용",주식회사광명테크,중소기업,43211514,컴퓨터키오스크,4321151401,증명발급기,1,19800000,대,19800000,1,19800000,1,19800000,Y,대표품목,5060000,경상북도 김천시,경상북도 김천시,20251118
R25TB01209489,00,2025-11-18,1,002061437,11,24292471,"증명발급기, 한국타피, TAPI-9270J, 무인민원발급기/시청각장애인겸용",한국타피(주),중소기업,43211514,컴퓨터키오스크,4321151401,증명발급기,1,23800000,대,23800000,1,23800000,1,23800000,Y,대표품목,5060000,경상북도 김천시,경상북도 김천시,20251118
R25TB01209501,00,2025-11-18,1,002061436,11,24362785,"증명발급기, 에니텍시스, AT-K300, 무인민원발급기/시청각장애인겸용",(주)에니텍시스,중소기업,43211514,컴퓨터키오스크,4321151401,증명발급기,1,21800000,대,21800000,1,21800000,1,21800000,Y,대표품목,5060000,경상북도 김천시,경상북도 김천시,20251118
R25TB01213217,00,2025-11-19,1,002061436,11,24362788,"증명발급기, 에니텍시스, AT-K200(NEW), 무인민원발급기/시청각장애인겸용",(주)에니텍시스,중소기업,43211514,컴퓨터키오스크,4321151401,증명발급기,1,19850000,대,19850000,1,19850000,1,19850000,Y,대표품목,5330000,경상남도 통영시,경상남도 통영시,20251119
R25TB01216551,00,2025-11-19,1,R25TA00404451,00,25300626,"버스및차량정보안내장치, 삼원에프에이, EBIT-1000P-60W, 독립형/단면",삼원에프에이주식회사,중소기업,43211514,컴퓨터키오스크,4321151403,버스및차량정보안내장치,1,5688600,대,5688600,1,5688600,1,5688600,Y,대표품목,3820000,경기도 의정부시,경기도 의정부시,20251119
R25TB01218072,00,2025-11-20,1,002061437,11,24292472,"증명발급기, 한국타피, TAPI-9270T, 무인민원발급기/시청각장애인겸용",한국타피(주),중소기업,43211514,컴퓨터키오스크,4321151401,증명발급기,4,79200000,대,19800000,4,79200000,4,79200000,Y,대표품목,5330000,경상남도 통영시,경상남도 통영시,20251120
R25TB01218809,00,2025-11-20,1,002061436,11,25202556,"증명발급기, 에니텍시스, IS-2000L, 통합민원발급기",(주)에니텍시스,중소기업,43211514,컴퓨터키오스크,4321151401,증명발급기,1,7800000,대,7800000,1,7800000,1,7800000,Y,대표품목,3180000,서울특별시 영등포구,서울특별시 영등포구,20251120
R25TB01218810,00,2025-11-20,1,0023C0107,01,23813369,"증명발급기, 광명테크, G7i, 통합민원발급기",주식회사광명테크,중소기업,43211514,컴퓨터키오스크,4321151401,증명발급기,2,15500000,대,7750000,2,15500000,2,15500000,Y,대표품목,3180000,서울특별시 영등포구,서울특별시 영등포구,20251120
R25TB01218952,00,2025-11-20,1,002061436,11,25202556,"증명발급기, 에니텍시스, IS-2000L, 통합민원발급기",(주)에니텍시스,중소기업,43211514,컴퓨터키오스크,4321151401,증명발급기,3,23400000,대,7800000,3,23400000,3,23400000,Y,대표품목,3491043,인천광역시 영종구 운서1동,인천광역시 중구,20251120
R25TB01219216,00,2025-11-20,1,002061436,11,25202556,"증명발급기, 에니텍시스, IS-2000L, 통합민원발급기",(주)에니텍시스,중소기업,43211514,컴퓨터키오스크,4321151401,증명발급기,2,15600000,대,7800000,2,15600000,2,15600000,Y,대표품목,3230000,서울특별시 송파구,서울특별시 송파구,20251120
R25TB01219849,00,2025-11-20,1,002061436,11,24362786,"증명발급기, 에니텍시스, AT-K300E, 무인민원발급기/시청각장애인겸용",(주)에니텍시스,중소기업,43211514,컴퓨터키오스크,4321151401,증명발급기,2,49600000,대,24800000,2,49600000,2,49600000,Y,대표품목,3170000,서울특별시 금천구,서울특별시 금천구,20251120
R25TB01220911,00,2025-11-20,1,002370030,00,23842448,"버스및차량정보안내장치, 싸인텔레콤, ST-BIT-SEL-0312, 거치형",주식회사 싸인텔레콤,중소기업,43211514,컴퓨터키오스크,4321151403,버스및차량정보안내장치,6,44286000,식,7381000,6,44286000,6,44286000,Y,대표품목,5590000,경기도 양주시,경기도 양주시,20251120
R25TB01220912,00,2025-11-20,1,002470164,02,25240950,"버스및차량정보안내장치, 싸인텔레콤, ST-BIT-0308, 거치형",주식회사 싸인텔레콤,중소기업,43211514,컴퓨터키오스크,4321151403,버스및차량정보안내장치,2,14006000,대,7003000,2,14006000,2,14006000,Y,대표품목,5590000,경기도 양주시,경기도 양주시,20251120
R25TB01221425,00,2025-11-20,1,002061436,11,24362786,"증명발급기, 에니텍시스, AT-K300E, 무인민원발급기/시청각장애인겸용",(주)에니텍시스,중소기업,43211514,컴퓨터키오스크,4321151401,증명발급기,1,24800000,대,24800000,1,24800000,1,24800000,Y,대표품목,3090000,서울특별시 도봉구,서울특별시 도봉구,20251120
R25TB01225027,00,2025-11-21,1,002061436,11,25202556,"증명발급기, 에니텍시스, IS-2000L, 통합민원발급기",(주)에니텍시스,중소기업,43211514,컴퓨터키오스크,4321151401,증명발급기,2,15600000,대,7800000,2,15600000,2,15600000,Y,대표품목,4651000,전북특별자치도 전주시 완산구,전북특별자치도 전주시 완산구,20251121
R25TB01227910,00,2025-11-21,1,002470164,02,25240950,"버스및차량정보안내장치, 싸인텔레콤, ST-BIT-0308, 거치형",주식회사 싸인텔레콤,중소기업,43211514,컴퓨터키오스크,4321151403,버스및차량정보안내장치,2,14006000,대,7003000,2,14006000,2,14006000,Y,대표품목,5590000,경기도 양주시,경기도 양주시,20251121
R25TB01233181,00,2025-11-24,1,002370024,02,24422601,"증명발급기, 한국타피, TAPI-9320B, 무인민원발급기/시청각장애인겸용",한국타피(주),중소기업,43211514,컴퓨터키오스크,4321151401,증명발급기,2,49600000,대,24800000,2,49600000,2,49600000,Y,대표품목,3030000,서울특별시 성동구,서울특별시 성동구,20251124
R25TB01237397,00,2025-11-25,1,0023C0107,01,23813369,"증명발급기, 광명테크, G7i, 통합민원발급기",주식회사광명테크,중소기업,43211514,컴퓨터키오스크,4321151401,증명발급기,1,7750000,대,7750000,1,7750000,1,7750000,Y,대표품목,5785000,전남광주통합특별시 여수시,전라남도 여수시,20251125
R25TB01237879,00,2025-11-25,1,002061436,12,25202556,"증명발급기, 에니텍시스, IS-2000L, 통합민원발급기",(주)에니텍시스,중소기업,43211514,컴퓨터키오스크,4321151401,증명발급기,1,7800000,대,7800000,1,7800000,1,7800000,Y,대표품목,3891000,경기도 부천시 오정구,경기도 부천시 오정구,20251125
R25TB01238477,00,2025-11-25,1,002370024,02,24422601,"증명발급기, 한국타피, TAPI-9320B, 무인민원발급기/시청각장애인겸용",한국타피(주),중소기업,43211514,컴퓨터키오스크,4321151401,증명발급기,2,49600000,대,24800000,2,49600000,2,49600000,Y,대표품목,3190000,서울특별시 동작구,서울특별시 동작구,20251125
R25TB01240377,00,2025-11-25,1,002061436,12,25202556,"증명발급기, 에니텍시스, IS-2000L, 통합민원발급기",(주)에니텍시스,중소기업,43211514,컴퓨터키오스크,4321151401,증명발급기,1,7800000,대,7800000,1,7800000,1,7800000,Y,대표품목,5370123,경상남도 거제시 장평동,경상남도 거제시,20251125
R25TB01244467,00,2025-11-26,1,0023C0107,02,25962410,"증명발급기, 광명테크, G12s, 통합무인발급기/시청각장애인 겸용/촉각모니터",주식회사광명테크,중소기업,43211514,컴퓨터키오스크,4321151401,증명발급기,1,26000000,대,26000000,1,26000000,1,26000000,N,대표품목,3190000,서울특별시 동작구,서울특별시 동작구,20251126
R25TB01244467,01,2025-12-04,1,0023C0107,02,25962410,"증명발급기, 광명테크, G12s, 통합무인발급기/시청각장애인 겸용/촉각모니터",주식회사광명테크,중소기업,43211514,컴퓨터키오스크,4321151401,증명발급기,0,0,대,26000000,1,21980000,-1,-26000000,Y,대표품목,3190000,서울특별시 동작구,서울특별시 동작구,20251126
R25TB01244467,01,2025-12-04,2,0023C0107,02,25962411,"증명발급기, 광명테크, G12, 통합무인발급기/시청각장애인 겸용",주식회사광명테크,중소기업,43211514,컴퓨터키오스크,4321151401,증명발급기,1,21980000,대,21980000,1,21980000,1,21980000,Y,대표품목,3190000,서울특별시 동작구,서울특별시 동작구,20251126
R25TB01248815,00,2025-11-27,1,002061436,12,25202556,"증명발급기, 에니텍시스, IS-2000L, 통합민원발급기",(주)에니텍시스,중소기업,43211514,컴퓨터키오스크,4321151401,증명발급기,1,7800000,대,7800000,1,7800000,1,7800000,Y,대표품목,3871000,경기도 부천시 원미구,경기도 부천시 원미구,20251127
R25TB01256939,00,2025-11-28,1,002061436,12,24362786,"증명발급기, 에니텍시스, AT-K300E, 무인민원발급기/시청각장애인겸용",(주)에니텍시스,중소기업,43211514,컴퓨터키오스크,4321151401,증명발급기,4,99200000,대,24800000,4,99200000,4,99200000,Y,대표품목,4020000,경기도 군포시,경기도 군포시,20251128
R25TB01259567,00,2025-11-28,1,R25TA00404451,00,25109706,"버스및차량정보안내장치, 삼원에프에이, EBIT-1000S-60W, 거치형/단면",삼원에프에이주식회사,중소기업,43211514,컴퓨터키오스크,4321151403,버스및차량정보안내장치,1,5289400,대,5289400,1,5289400,1,5289400,Y,대표품목,3290000,부산광역시 부산진구,부산광역시 부산진구,20251128
R25TB01260117,00,2025-11-29,1,002061436,12,24362786,"증명발급기, 에니텍시스, AT-K300E, 무인민원발급기/시청각장애인겸용",(주)에니텍시스,중소기업,43211514,컴퓨터키오스크,4321151401,증명발급기,3,74400000,대,24800000,3,74400000,3,74400000,Y,대표품목,3150000,서울특별시 강서구,서울특별시 강서구,20251129
R25TB01262492,00,2025-12-01,1,002061436,12,24362785,"증명발급기, 에니텍시스, AT-K300, 무인민원발급기/시청각장애인겸용",(주)에니텍시스,중소기업,43211514,컴퓨터키오스크,4321151401,증명발급기,2,43600000,대,21800000,2,43600000,2,43600000,Y,대표품목,3480000,대구광역시 달성군,대구광역시 달성군,20251201
R25TB01262493,00,2025-12-01,1,002062281,07,24333819,"증명발급기, 한국에임, HAIM-6800K, 무인민원발급기/시청각장애인겸용",(주)한국에임,중소기업,43211514,컴퓨터키오스크,4321151401,증명발급기,2,39000000,대,19500000,2,39000000,2,39000000,Y,대표품목,3480000,대구광역시 달성군,대구광역시 달성군,20251201
R25TB01263194,00,2025-12-01,1,002370030,00,23273105,"버스및차량정보안내장치, 싸인텔레콤, LCD-ST-BIS-1704, 거치형",주식회사 싸인텔레콤,중소기업,43211514,컴퓨터키오스크,4321151403,버스및차량정보안내장치,4,32340000,식,8085000,28,203244000,4,32340000,Y,대표품목,D168321,한국토지주택공사 부산울산지역본부,부산광역시 동구,20251201
R25TB01263194,00,2025-12-01,2,002370030,00,23861029,"버스및차량정보안내장치, 싸인텔레콤, ST-BIS-US64, 거치형",주식회사 싸인텔레콤,중소기업,43211514,컴퓨터키오스크,4321151403,버스및차량정보안내장치,24,170904000,식,7121000,28,203244000,24,170904000,Y,대표품목,D168321,한국토지주택공사 부산울산지역본부,부산광역시 동구,20251201
R25TB01264155,00,2025-12-01,1,0023C0107,02,24359645,"증명발급기, 광명테크, G10s, 무인민원발급기/시청각장애인겸용/촉각모니터",주식회사광명테크,중소기업,43211514,컴퓨터키오스크,4321151401,증명발급기,1,24800000,대,24800000,1,24800000,1,24800000,Y,대표품목,5100000,경상북도 영천시,경상북도 영천시,20251201
R25TB01265412,00,2025-12-01,1,002061437,12,24292472,"증명발급기, 한국타피, TAPI-9270T, 무인민원발급기/시청각장애인겸용",한국타피(주),중소기업,43211514,컴퓨터키오스크,4321151401,증명발급기,1,19800000,대,19800000,1,19800000,1,19800000,Y,대표품목,5670184,경상남도 창원시 마산회원구,경상남도 창원시 마산회원구,20251201
R25TB01268927,00,2025-12-02,1,002061436,12,24362785,"증명발급기, 에니텍시스, AT-K300, 무인민원발급기/시청각장애인겸용",(주)에니텍시스,중소기업,43211514,컴퓨터키오스크,4321151401,증명발급기,3,65400000,대,21800000,3,65400000,3,65400000,Y,대표품목,3210000,서울특별시 서초구,서울특별시 서초구,20251202
R25TB01270615,00,2025-12-02,1,002370030,00,24043786,"버스및차량정보안내장치, 싸인텔레콤, SIGN-BIT-LED-480312S, 거치형",주식회사 싸인텔레콤,중소기업,43211514,컴퓨터키오스크,4321151403,버스및차량정보안내장치,3,22356000,식,7452000,3,22356000,3,22356000,Y,대표품목,5540000,경기도 광주시,경기도 광주시,20251202
R25TB01272554,00,2025-12-02,1,0023C0107,02,23813369,"증명발급기, 광명테크, G7i, 통합민원발급기",주식회사광명테크,중소기업,43211514,컴퓨터키오스크,4321151401,증명발급기,3,23250000,대,7750000,3,23250000,3,23250000,Y,대표품목,3200000,서울특별시 관악구,서울특별시 관악구,20251202
R25TB01273861,00,2025-12-03,1,002062281,07,25959485,"증명발급기, 한국에임, HAIM-7000SC, 통합무인발급기/시청각장애인겸용",(주)한국에임,중소기업,43211514,컴퓨터키오스크,4321151401,증명발급기,1,23000000,대,23000000,1,23000000,1,23000000,Y,대표품목,4090000,경기도 김포시,경기도 김포시,20251203
R25TB01275162,00,2025-12-03,1,002370024,02,24422601,"증명발급기, 한국타피, TAPI-9320B, 무인민원발급기/시청각장애인겸용",한국타피(주),중소기업,43211514,컴퓨터키오스크,4321151401,증명발급기,6,148800000,대,24800000,6,148800000,6,148800000,Y,대표품목,4020000,경기도 군포시,경기도 군포시,20251203
R25TB01278630,00,2025-12-03,1,0023C0107,02,23813369,"증명발급기, 광명테크, G7i, 통합민원발급기",주식회사광명테크,중소기업,43211514,컴퓨터키오스크,4321151401,증명발급기,1,7750000,대,7750000,1,7750000,1,7750000,Y,대표품목,3100000,서울특별시 노원구,서울특별시 노원구,20251203
R25TB01285583,00,2025-12-04,1,002061437,12,24292472,"증명발급기, 한국타피, TAPI-9270T, 무인민원발급기/시청각장애인겸용",한국타피(주),중소기업,43211514,컴퓨터키오스크,4321151401,증명발급기,1,19800000,대,19800000,1,19800000,1,19800000,Y,대표품목,3320000,부산광역시 북구,부산광역시 북구,20251204
R25TB01286609,00,2025-12-05,1,002062281,07,25959485,"증명발급기, 한국에임, HAIM-7000SC, 통합무인발급기/시청각장애인겸용",(주)한국에임,중소기업,43211514,컴퓨터키오스크,4321151401,증명발급기,1,23000000,대,23000000,1,23000000,1,23000000,Y,대표품목,3140000,서울특별시 양천구,서울특별시 양천구,20251205
R25TB01290276,00,2025-12-05,1,002061436,12,24362787,"증명발급기, 에니텍시스, AT-K200E(NEW), 무인민원발급기/시청각장애인겸용",(주)에니텍시스,중소기업,43211514,컴퓨터키오스크,4321151401,증명발급기,5,104000000,대,20800000,5,104000000,5,104000000,Y,대표품목,5530000,경기도 화성시,경기도 화성시,20251205
R25TB01293011,00,2025-12-08,1,002370030,00,23217236,"버스및차량정보안내장치, 싸인텔레콤, LCD-ST-BIS-1701, 거치형",주식회사 싸인텔레콤,중소기업,43211514,컴퓨터키오스크,4321151403,버스및차량정보안내장치,3,25455600,식,8485200,3,25455600,3,25455600,Y,대표품목,6310113,울산광역시 종합건설본부,울산광역시 남구,20251208
R25TB01293901,00,2025-12-08,1,002260098,04,24414168,"증명발급기, 앤로보틱스, CI-9000H, 무인민원발급기/시청각장애인겸용",주식회사 앤로보틱스,중소기업,43211514,컴퓨터키오스크,4321151401,증명발급기,1,13167000,대,13167000,1,13167000,1,13167000,Y,대표품목,3140000,서울특별시 양천구,서울특별시 양천구,20251208
R25TB01301574,00,2025-12-09,1,002061436,12,24362785,"증명발급기, 에니텍시스, AT-K300, 무인민원발급기/시청각장애인겸용",(주)에니텍시스,중소기업,43211514,컴퓨터키오스크,4321151401,증명발급기,3,65400000,대,21800000,3,65400000,3,65400000,Y,대표품목,5680000,충청남도 당진시,충청남도 당진시,20251209
R25TB01302335,00,2025-12-09,1,002061436,12,25202556,"증명발급기, 에니텍시스, IS-2000L, 통합민원발급기",(주)에니텍시스,중소기업,43211514,컴퓨터키오스크,4321151401,증명발급기,1,7800000,대,7800000,1,7800000,1,7800000,Y,대표품목,3230000,서울특별시 송파구,서울특별시 송파구,20251209
R25TB01305150,00,2025-12-09,1,002370030,00,23842448,"버스및차량정보안내장치, 싸인텔레콤, ST-BIT-SEL-0312, 거치형",주식회사 싸인텔레콤,중소기업,43211514,컴퓨터키오스크,4321151403,버스및차량정보안내장치,2,14762000,식,7381000,2,14762000,2,14762000,Y,대표품목,5600000,경기도 포천시,경기도 포천시,20251209
R25TB01305428,00,2025-12-09,1,002061436,12,25202556,"증명발급기, 에니텍시스, IS-2000L, 통합민원발급기",(주)에니텍시스,중소기업,43211514,컴퓨터키오스크,4321151401,증명발급기,1,7800000,대,7800000,1,7800000,1,7800000,Y,대표품목,5875000,전남광주통합특별시 영암군,전라남도 영암군,20251209
R25TB01305726,00,2025-12-10,1,002061437,12,24292471,"증명발급기, 한국타피, TAPI-9270J, 무인민원발급기/시청각장애인겸용",한국타피(주),중소기업,43211514,컴퓨터키오스크,4321151401,증명발급기,3,71400000,대,23800000,3,71400000,3,71400000,Y,대표품목,3220000,서울특별시 강남구,서울특별시 강남구,20251210
R25TB01306317,00,2025-12-10,1,002370030,00,24043785,"버스및차량정보안내장치, 싸인텔레콤, SND-BIT-LED-0412BC-01, 거치형",주식회사 싸인텔레콤,중소기업,43211514,컴퓨터키오스크,4321151403,버스및차량정보안내장치,1,8463000,식,8463000,1,8463000,1,8463000,Y,대표품목,3830000,경기도 안양시,경기도 안양시 동안구,20251210
R25TB01311027,00,2025-12-10,1,002062281,07,25959485,"증명발급기, 한국에임, HAIM-7000SC, 통합무인발급기/시청각장애인겸용",(주)한국에임,중소기업,43211514,컴퓨터키오스크,4321151401,증명발급기,1,23000000,대,23000000,1,23000000,1,23000000,Y,대표품목,3130000,서울특별시 마포구,서울특별시 마포구,20251210
R25TB01311048,00,2025-12-10,1,002061437,12,24292470,"증명발급기, 한국타피, TAPI-9320T, 무인민원발급기/시청각장애인겸용",한국타피(주),중소기업,43211514,컴퓨터키오스크,4321151401,증명발급기,2,43600000,대,21800000,2,43600000,2,43600000,Y,대표품목,3130000,서울특별시 마포구,서울특별시 마포구,20251210
R25TB01314759,00,2025-12-11,1,002061436,12,25202556,"증명발급기, 에니텍시스, IS-2000L, 통합민원발급기",(주)에니텍시스,중소기업,43211514,컴퓨터키오스크,4321151401,증명발급기,1,7800000,대,7800000,1,7800000,1,7800000,Y,대표품목,4030031,경기도 의왕시 내손2동,경기도 의왕시,20251211
R25TB01314907,00,2025-12-11,1,002370024,02,24422601,"증명발급기, 한국타피, TAPI-9320B, 무인민원발급기/시청각장애인겸용",한국타피(주),중소기업,43211514,컴퓨터키오스크,4321151401,증명발급기,1,24800000,대,24800000,1,24800000,1,24800000,Y,대표품목,3080000,서울특별시 강북구,서울특별시 강북구,20251211
R25TB01316698,00,2025-12-11,1,002061437,12,24292471,"증명발급기, 한국타피, TAPI-9270J, 무인민원발급기/시청각장애인겸용",한국타피(주),중소기업,43211514,컴퓨터키오스크,4321151401,증명발급기,1,23800000,대,23800000,1,23800000,1,23800000,Y,대표품목,3810000,경기도 성남시 분당구,경기도 성남시 분당구,20251211
R25TB01318223,00,2025-12-12,1,002061436,12,25202556,"증명발급기, 에니텍시스, IS-2000L, 통합민원발급기",(주)에니텍시스,중소기업,43211514,컴퓨터키오스크,4321151401,증명발급기,4,31200000,대,7800000,4,31200000,4,31200000,Y,대표품목,3871000,경기도 부천시 원미구,경기도 부천시 원미구,20251212
R25TB01321900,00,2025-12-12,1,002061436,12,25202556,"증명발급기, 에니텍시스, IS-2000L, 통합민원발급기",(주)에니텍시스,중소기업,43211514,컴퓨터키오스크,4321151401,증명발급기,2,15600000,대,7800000,2,15600000,2,15600000,Y,대표품목,3130000,서울특별시 마포구,서울특별시 마포구,20251212
R25TB01322627,00,2025-12-12,1,002061436,12,25202556,"증명발급기, 에니텍시스, IS-2000L, 통합민원발급기",(주)에니텍시스,중소기업,43211514,컴퓨터키오스크,4321151401,증명발급기,2,15600000,대,7800000,2,15600000,2,15600000,Y,대표품목,3881000,경기도 부천시 소사구,경기도 부천시 소사구,20251212
R25TB01322717,00,2025-12-12,1,002061436,12,24362788,"증명발급기, 에니텍시스, AT-K200(NEW), 무인민원발급기/시청각장애인겸용",(주)에니텍시스,중소기업,43211514,컴퓨터키오스크,4321151401,증명발급기,2,39700000,대,19850000,2,39700000,2,39700000,Y,대표품목,5810000,전남광주통합특별시 서구,광주광역시 서구,20251212
R25TB01322718,00,2025-12-12,1,002061437,12,24292472,"증명발급기, 한국타피, TAPI-9270T, 무인민원발급기/시청각장애인겸용",한국타피(주),중소기업,43211514,컴퓨터키오스크,4321151401,증명발급기,1,19800000,대,19800000,1,19800000,1,19800000,Y,대표품목,5810000,전남광주통합특별시 서구,광주광역시 서구,20251212
R25TB01323495,00,2025-12-13,1,002061437,12,26001990,"증명발급기, 한국타피, TAPI-9320D, 통합무인발급기/시청각장애인겸용",한국타피(주),중소기업,43211514,컴퓨터키오스크,4321151401,증명발급기,2,46000000,대,23000000,2,46000000,2,46000000,Y,대표품목,3220000,서울특별시 강남구,서울특별시 강남구,20251213
R25TB01327170,00,2025-12-15,1,002061436,12,25202556,"증명발급기, 에니텍시스, IS-2000L, 통합민원발급기",(주)에니텍시스,중소기업,43211514,컴퓨터키오스크,4321151401,증명발급기,2,15600000,대,7800000,2,15600000,2,15600000,Y,대표품목,3891000,경기도 부천시 오정구,경기도 부천시 오정구,20251215
R25TB01329950,00,2025-12-15,1,002061436,12,25202556,"증명발급기, 에니텍시스, IS-2000L, 통합민원발급기",(주)에니텍시스,중소기업,43211514,컴퓨터키오스크,4321151401,증명발급기,1,7800000,대,7800000,1,7800000,1,7800000,Y,대표품목,3230000,서울특별시 송파구,서울특별시 송파구,20251215
R25TB01330862,00,2025-12-16,1,002061436,12,25202556,"증명발급기, 에니텍시스, IS-2000L, 통합민원발급기",(주)에니텍시스,중소기업,43211514,컴퓨터키오스크,4321151401,증명발급기,1,7800000,대,7800000,1,7800000,1,7800000,Y,대표품목,3240000,서울특별시 강동구,서울특별시 강동구,20251216
R25TB01333714,00,2025-12-16,1,002061437,12,23893188,"증명발급기, 한국타피, TA-2200S(NEW), 통합민원발급기",한국타피(주),중소기업,43211514,컴퓨터키오스크,4321151401,증명발급기,9,68400000,대,7600000,9,68400000,9,68400000,Y,대표품목,5530000,경기도 화성시,경기도 화성시,20251216
R25TB01338610,00,2025-12-17,1,002061437,12,23893188,"증명발급기, 한국타피, TA-2200S(NEW), 통합민원발급기",한국타피(주),중소기업,43211514,컴퓨터키오스크,4321151401,증명발급기,1,7600000,대,7600000,1,7600000,1,7600000,Y,대표품목,4070036,경기도 이천시 대월면,경기도 이천시,20251217
R25TB01339830,00,2025-12-17,1,002061436,12,24362785,"증명발급기, 에니텍시스, AT-K300, 무인민원발급기/시청각장애인겸용",(주)에니텍시스,중소기업,43211514,컴퓨터키오스크,4321151401,증명발급기,2,43600000,대,21800000,2,43600000,2,43600000,Y,대표품목,4030000,경기도 의왕시,경기도 의왕시,20251217
R25TB01347535,00,2025-12-18,1,002061437,12,24292470,"증명발급기, 한국타피, TAPI-9320T, 무인민원발급기/시청각장애인겸용",한국타피(주),중소기업,43211514,컴퓨터키오스크,4321151401,증명발급기,1,21800000,대,21800000,1,21800000,1,21800000,Y,대표품목,4160000,경기도 가평군,경기도 가평군,20251218
R25TB01349047,00,2025-12-18,1,002061436,12,25202556,"증명발급기, 에니텍시스, IS-2000L, 통합민원발급기",(주)에니텍시스,중소기업,43211514,컴퓨터키오스크,4321151401,증명발급기,2,15600000,대,7800000,2,15600000,2,15600000,Y,대표품목,4030030,경기도 의왕시 내손1동,경기도 의왕시,20251218
R25TB01357596,00,2025-12-22,1,002062281,07,25959485,"증명발급기, 한국에임, HAIM-7000SC, 통합무인발급기/시청각장애인겸용",(주)한국에임,중소기업,43211514,컴퓨터키오스크,4321151401,증명발급기,280,4564000000,대,16300000,280,4564000000,280,4564000000,Y,대표품목,9740000,대법원,서울특별시 서초구,20251222
R25TB01375987,00,2025-12-26,1,002370030,00,23838870,"버스및차량정보안내장치, 싸인텔레콤, ST-BIT-SEL-0406, 독립형",주식회사 싸인텔레콤,중소기업,43211514,컴퓨터키오스크,4321151403,버스및차량정보안내장치,2,17284000,식,8642000,2,17284000,2,17284000,Y,대표품목,4500000,충청남도 공주시,충청남도 공주시,20251226
R25TB01379167,00,2025-12-27,1,002061436,12,24362785,"증명발급기, 에니텍시스, AT-K300, 무인민원발급기/시청각장애인겸용",(주)에니텍시스,중소기업,43211514,컴퓨터키오스크,4321151401,증명발급기,4,87200000,대,21800000,4,87200000,4,87200000,Y,대표품목,4480000,충청북도 단양군,충청북도 단양군,20251227
R25TB01384479,00,2025-12-29,1,R25TA00246464,01,25559903,"무인안내시스템, 아이티고, SAFETOUCH(O)-55S2FC, 키오스크","아이티고 주식회사 (ITGO Co., Ltd.)",중소기업,43211514,컴퓨터키오스크,4321151402,무인안내시스템,2,64000000,대,32000000,2,64000000,2,64000000,Y,대표품목,B554805,대구교통공사,대구광역시 달서구,20251229
R26TB01392952,00,2026-01-02,1,002061436,12,25202556,"증명발급기, 에니텍시스, IS-2000L, 통합민원발급기",(주)에니텍시스,중소기업,43211514,컴퓨터키오스크,4321151401,증명발급기,1,7800000,대,7800000,1,7800000,1,7800000,Y,대표품목,5620049,경기도 용인시 처인구 유림2동,경기도 용인시 처인구 고림동,20260102
R26TB01393549,00,2026-01-02,1,0023C0107,02,23813369,"증명발급기, 광명테크, G7i, 통합민원발급기",주식회사광명테크,중소기업,43211514,컴퓨터키오스크,4321151401,증명발급기,1,7750000,대,7750000,1,7750000,1,7750000,Y,대표품목,4700066,전라북도 남원시 향교동,전북특별자치도 남원시,20260102
R26TB01394295,00,2026-01-02,1,002061436,12,25202556,"증명발급기, 에니텍시스, IS-2000L, 통합민원발급기",(주)에니텍시스,중소기업,43211514,컴퓨터키오스크,4321151401,증명발급기,1,7800000,대,7800000,1,7800000,1,7800000,Y,대표품목,3960073,경기도 고양시 일산서구 주엽1동,경기도 고양시 일산서구,20260102
R26TB01394725,00,2026-01-05,1,002061437,12,23893188,"증명발급기, 한국타피, TA-2200S(NEW), 통합민원발급기",한국타피(주),중소기업,43211514,컴퓨터키오스크,4321151401,증명발급기,2,15200000,대,7600000,2,15200000,2,15200000,Y,대표품목,4020038,경기도 군포시 금정동,경기도 군포시,20260105
R26TB01394854,00,2026-01-05,1,002061436,12,25202556,"증명발급기, 에니텍시스, IS-2000L, 통합민원발급기",(주)에니텍시스,중소기업,43211514,컴퓨터키오스크,4321151401,증명발급기,5,39000000,대,7800000,5,39000000,5,39000000,Y,대표품목,5700000,경기도 여주시,경기도 여주시,20260105
R26TB01395418,00,2026-01-05,1,002061436,12,24362785,"증명발급기, 에니텍시스, AT-K300, 무인민원발급기/시청각장애인겸용",(주)에니텍시스,중소기업,43211514,컴퓨터키오스크,4321151401,증명발급기,3,65400000,대,21800000,3,65400000,3,65400000,Y,대표품목,3260000,부산광역시 서구,부산광역시 서구,20260105
R26TB01397727,00,2026-01-06,1,002061437,12,23893188,"증명발급기, 한국타피, TA-2200S(NEW), 통합민원발급기",한국타피(주),중소기업,43211514,컴퓨터키오스크,4321151401,증명발급기,2,15200000,대,7600000,2,15200000,2,15200000,Y,대표품목,3570018,인천광역시 강화군 강화읍,인천광역시 강화군,20260106
R26TB01397983,00,2026-01-06,1,002370024,02,24422601,"증명발급기, 한국타피, TAPI-9320B, 무인민원발급기/시청각장애인겸용",한국타피(주),중소기업,43211514,컴퓨터키오스크,4321151401,증명발급기,3,74400000,대,24800000,3,74400000,3,74400000,Y,대표품목,3920000,경기도 동두천시,경기도 동두천시,20260106
R26TB01398725,00,2026-01-06,1,002061436,12,25202556,"증명발급기, 에니텍시스, IS-2000L, 통합민원발급기",(주)에니텍시스,중소기업,43211514,컴퓨터키오스크,4321151401,증명발급기,2,15600000,대,7800000,2,15600000,2,15600000,Y,대표품목,4170000,경기도 양평군,경기도 양평군,20260106
R26TB01398865,00,2026-01-06,1,002061436,12,25202556,"증명발급기, 에니텍시스, IS-2000L, 통합민원발급기",(주)에니텍시스,중소기업,43211514,컴퓨터키오스크,4321151401,증명발급기,1,7800000,대,7800000,1,7800000,1,7800000,Y,대표품목,4090086,경기도 김포시 통진읍,경기도 김포시,20260106
R26TB01400528,00,2026-01-06,1,002061436,12,24362785,"증명발급기, 에니텍시스, AT-K300, 무인민원발급기/시청각장애인겸용",(주)에니텍시스,중소기업,43211514,컴퓨터키오스크,4321151401,증명발급기,3,65400000,대,21800000,3,65400000,3,65400000,Y,대표품목,4100100,고양시 일산서구청,경기도 고양시 일산서구,20260106
R26TB01402603,00,2026-01-07,1,002061436,12,25202555,"증명발급기, 에니텍시스, IS-2000M, 통합민원발급기",(주)에니텍시스,중소기업,43211514,컴퓨터키오스크,4321151401,증명발급기,1,8500000,대,8500000,1,8500000,1,8500000,Y,대표품목,5120031,경상북도 문경시 문경읍,경상북도 문경시,20260107
R26TB01402611,00,2026-01-07,1,002061436,12,24362788,"증명발급기, 에니텍시스, AT-K200(NEW), 무인민원발급기/시청각장애인겸용",(주)에니텍시스,중소기업,43211514,컴퓨터키오스크,4321151401,증명발급기,1,19850000,대,19850000,1,19850000,1,19850000,Y,대표품목,5050000,경상북도 경주시,경상북도 경주시,20260107
R26TB01403202,00,2026-01-07,1,0023C0107,02,23813369,"증명발급기, 광명테크, G7i, 통합민원발급기",주식회사광명테크,중소기업,43211514,컴퓨터키오스크,4321151401,증명발급기,1,7750000,대,7750000,1,7750000,1,7750000,Y,대표품목,5130045,경상북도 경산시 중방동,경상북도 경산시,20260107
R26TB01404673,00,2026-01-07,1,002061436,12,25202556,"증명발급기, 에니텍시스, IS-2000L, 통합민원발급기",(주)에니텍시스,중소기업,43211514,컴퓨터키오스크,4321151401,증명발급기,1,7800000,대,7800000,1,7800000,1,7800000,Y,대표품목,3850011,경기도 안양시 동안구 비산1동,경기도 안양시 동안구,20260107
R26TB01405318,00,2026-01-08,1,002061436,12,24362788,"증명발급기, 에니텍시스, AT-K200(NEW), 무인민원발급기/시청각장애인겸용",(주)에니텍시스,중소기업,43211514,컴퓨터키오스크,4321151401,증명발급기,1,19850000,대,19850000,2,41650000,1,19850000,Y,대표품목,3250000,부산광역시 중구,부산광역시 중구,20260108
R26TB01405318,00,2026-01-08,2,002061436,12,24362785,"증명발급기, 에니텍시스, AT-K300, 무인민원발급기/시청각장애인겸용",(주)에니텍시스,중소기업,43211514,컴퓨터키오스크,4321151401,증명발급기,1,21800000,대,21800000,2,41650000,1,21800000,Y,대표품목,3250000,부산광역시 중구,부산광역시 중구,20260108
R26TB01405562,00,2026-01-08,1,002061437,12,23893188,"증명발급기, 한국타피, TA-2200S(NEW), 통합민원발급기",한국타피(주),중소기업,43211514,컴퓨터키오스크,4321151401,증명발급기,1,7600000,대,7600000,1,7600000,1,7600000,Y,대표품목,3810037,경기도 성남시 분당구 정자1동,경기도 성남시 분당구,20260108
R26TB01405700,00,2026-01-08,1,002061437,12,24292472,"증명발급기, 한국타피, TAPI-9270T, 무인민원발급기/시청각장애인겸용",한국타피(주),중소기업,43211514,컴퓨터키오스크,4321151401,증명발급기,1,19800000,대,19800000,1,19800000,1,19800000,Y,대표품목,5330000,경상남도 통영시,경상남도 통영시,20260108
R26TB01405809,00,2026-01-08,1,002061437,12,23893188,"증명발급기, 한국타피, TA-2200S(NEW), 통합민원발급기",한국타피(주),중소기업,43211514,컴퓨터키오스크,4321151401,증명발급기,1,7600000,대,7600000,1,7600000,1,7600000,Y,대표품목,4020034,경기도 군포시 군포2동,경기도 군포시,20260108
R26TB01405894,00,2026-01-08,1,002370024,02,24422601,"증명발급기, 한국타피, TAPI-9320B, 무인민원발급기/시청각장애인겸용",한국타피(주),중소기업,43211514,컴퓨터키오스크,4321151401,증명발급기,1,24800000,대,24800000,1,24800000,1,24800000,Y,대표품목,5080000,경상북도 구미시,경상북도 구미시,20260108
R26TB01406015,00,2026-01-08,1,002061436,12,24362785,"증명발급기, 에니텍시스, AT-K300, 무인민원발급기/시청각장애인겸용",(주)에니텍시스,중소기업,43211514,컴퓨터키오스크,4321151401,증명발급기,2,43600000,대,21800000,2,43600000,2,43600000,Y,대표품목,5825000,전남광주통합특별시 광산구,광주광역시 광산구,20260108
R26TB01406338,00,2026-01-08,1,002061437,12,24292472,"증명발급기, 한국타피, TAPI-9270T, 무인민원발급기/시청각장애인겸용",한국타피(주),중소기업,43211514,컴퓨터키오스크,4321151401,증명발급기,2,39600000,대,19800000,2,39600000,2,39600000,Y,대표품목,4500069,충청남도 공주시 신관동,충청남도 공주시,20260108
R26TB01407024,00,2026-01-08,1,002061436,12,25202556,"증명발급기, 에니텍시스, IS-2000L, 통합민원발급기",(주)에니텍시스,중소기업,43211514,컴퓨터키오스크,4321151401,증명발급기,3,23400000,대,7800000,3,23400000,3,23400000,Y,대표품목,6510045,제주특별자치도 제주시 일도2동,제주특별자치도 제주시,20260108
R26TB01407138,00,2026-01-08,1,002061436,12,25202556,"증명발급기, 에니텍시스, IS-2000L, 통합민원발급기",(주)에니텍시스,중소기업,43211514,컴퓨터키오스크,4321151401,증명발급기,1,7800000,대,7800000,1,7800000,1,7800000,Y,대표품목,4090300,경기도 김포시 운양동,경기도 김포시,20260108
R26TB01407482,00,2026-01-08,1,002061436,12,24362788,"증명발급기, 에니텍시스, AT-K200(NEW), 무인민원발급기/시청각장애인겸용",(주)에니텍시스,중소기업,43211514,컴퓨터키오스크,4321151401,증명발급기,1,19850000,대,19850000,1,19850000,1,19850000,Y,대표품목,4610000,충청남도 예산군,충청남도 예산군,20260108
R26TB01407653,00,2026-01-08,1,002061436,12,24362786,"증명발급기, 에니텍시스, AT-K300E, 무인민원발급기/시청각장애인겸용",(주)에니텍시스,중소기업,43211514,컴퓨터키오스크,4321151401,증명발급기,1,24800000,대,24800000,1,24800000,1,24800000,Y,대표품목,4140000,경기도 연천군,경기도 연천군,20260108
R26TB01407781,00,2026-01-08,1,002061436,12,24362785,"증명발급기, 에니텍시스, AT-K300, 무인민원발급기/시청각장애인겸용",(주)에니텍시스,중소기업,43211514,컴퓨터키오스크,4321151401,증명발급기,4,87200000,대,21800000,4,87200000,4,87200000,Y,대표품목,3280000,부산광역시 영도구,부산광역시 영도구,20260108
R26TB01408350,00,2026-01-08,1,002061437,12,24292472,"증명발급기, 한국타피, TAPI-9270T, 무인민원발급기/시청각장애인겸용",한국타피(주),중소기업,43211514,컴퓨터키오스크,4321151401,증명발급기,1,19800000,대,19800000,1,19800000,1,19800000,Y,대표품목,5450000,경상남도 산청군,경상남도 산청군,20260108
R26TB01408382,00,2026-01-08,1,002061436,12,25202556,"증명발급기, 에니텍시스, IS-2000L, 통합민원발급기",(주)에니텍시스,중소기업,43211514,컴퓨터키오스크,4321151401,증명발급기,6,46800000,대,7800000,6,46800000,6,46800000,Y,대표품목,3160000,서울특별시 구로구,서울특별시 구로구,20260108
R26TB01408831,00,2026-01-08,1,002061437,12,24292470,"증명발급기, 한국타피, TAPI-9320T, 무인민원발급기/시청각장애인겸용",한국타피(주),중소기업,43211514,컴퓨터키오스크,4321151401,증명발급기,1,21800000,대,21800000,1,21800000,1,21800000,Y,대표품목,4080000,경기도 안성시,경기도 안성시,20260108
R26TB01408932,00,2026-01-08,1,002061436,12,25202555,"증명발급기, 에니텍시스, IS-2000M, 통합민원발급기",(주)에니텍시스,중소기업,43211514,컴퓨터키오스크,4321151401,증명발급기,2,17000000,대,8500000,2,17000000,2,17000000,Y,대표품목,4510094,충청남도 보령시 대천3동,충청남도 보령시,20260108
R26TB01409049,00,2026-01-08,1,002061436,12,24362786,"증명발급기, 에니텍시스, AT-K300E, 무인민원발급기/시청각장애인겸용",(주)에니텍시스,중소기업,43211514,컴퓨터키오스크,4321151401,증명발급기,1,24800000,대,24800000,1,24800000,1,24800000,Y,대표품목,5141000,대구광역시 군위군,대구광역시 군위군,20260108
R26TB01409111,00,2026-01-09,1,002061436,12,25202556,"증명발급기, 에니텍시스, IS-2000L, 통합민원발급기",(주)에니텍시스,중소기업,43211514,컴퓨터키오스크,4321151401,증명발급기,4,31200000,대,7800000,4,31200000,4,31200000,Y,대표품목,5610000,경기도 수원시 영통구,경기도 수원시 영통구,20260109
R26TB01409494,00,2026-01-09,1,002061437,12,23893188,"증명발급기, 한국타피, TA-2200S(NEW), 통합민원발급기",한국타피(주),중소기업,43211514,컴퓨터키오스크,4321151401,증명발급기,1,7600000,대,7600000,1,7600000,1,7600000,Y,대표품목,4251061,강원특별자치도 홍천군 화촌면,강원특별자치도 홍천군,20260109
R26TB01409748,00,2026-01-09,1,002061437,12,24292472,"증명발급기, 한국타피, TAPI-9270T, 무인민원발급기/시청각장애인겸용",한국타피(주),중소기업,43211514,컴퓨터키오스크,4321151401,증명발급기,3,59400000,대,19800000,4,82400000,3,59400000,Y,대표품목,3360000,부산광역시 강서구,부산광역시 강서구,20260109
R26TB01409748,00,2026-01-09,2,002061437,12,26001990,"증명발급기, 한국타피, TAPI-9320D, 통합무인발급기/시청각장애인겸용",한국타피(주),중소기업,43211514,컴퓨터키오스크,4321151401,증명발급기,1,23000000,대,23000000,4,82400000,1,23000000,Y,대표품목,3360000,부산광역시 강서구,부산광역시 강서구,20260109
R26TB01409789,00,2026-01-09,1,002061436,12,25202555,"증명발급기, 에니텍시스, IS-2000M, 통합민원발급기",(주)에니텍시스,중소기업,43211514,컴퓨터키오스크,4321151401,증명발급기,1,8500000,대,8500000,1,8500000,1,8500000,Y,대표품목,4500052,충청남도 공주시 유구읍,충청남도 공주시,20260109
R26TB01409946,00,2026-01-09,1,002470164,02,25240950,"버스및차량정보안내장치, 싸인텔레콤, ST-BIT-0308, 거치형",주식회사 싸인텔레콤,중소기업,43211514,컴퓨터키오스크,4321151403,버스및차량정보안내장치,1,6738000,대,6738000,1,6738000,1,6738000,Y,대표품목,3820000,경기도 의정부시,경기도 의정부시,20260109
R26TB01410623,00,2026-01-09,1,002061436,12,25202556,"증명발급기, 에니텍시스, IS-2000L, 통합민원발급기",(주)에니텍시스,중소기업,43211514,컴퓨터키오스크,4321151401,증명발급기,1,7800000,대,7800000,1,7800000,1,7800000,Y,대표품목,5650010,충청남도 천안시 동남구 광덕면,충청남도 천안시 동남구,20260109
R26TB01410960,00,2026-01-09,1,002061436,12,25202556,"증명발급기, 에니텍시스, IS-2000L, 통합민원발급기",(주)에니텍시스,중소기업,43211514,컴퓨터키오스크,4321151401,증명발급기,2,15600000,대,7800000,2,15600000,2,15600000,Y,대표품목,3390037,부산광역시 사상구 학장동,부산광역시 사상구,20260109
R26TB01411087,00,2026-01-09,1,002061437,12,23893188,"증명발급기, 한국타피, TA-2200S(NEW), 통합민원발급기",한국타피(주),중소기업,43211514,컴퓨터키오스크,4321151401,증명발급기,1,7600000,대,7600000,1,7600000,1,7600000,Y,대표품목,3800018,경기도 성남시 중원구 상대원1동,경기도 성남시 중원구,20260109
R26TB01412133,00,2026-01-09,1,002061436,12,25202556,"증명발급기, 에니텍시스, IS-2000L, 통합민원발급기",(주)에니텍시스,중소기업,43211514,컴퓨터키오스크,4321151401,증명발급기,1,7800000,대,7800000,1,7800000,1,7800000,Y,대표품목,5050000,경상북도 경주시,경상북도 경주시,20260109
R26TB01412143,00,2026-01-09,1,002061436,12,24362785,"증명발급기, 에니텍시스, AT-K300, 무인민원발급기/시청각장애인겸용",(주)에니텍시스,중소기업,43211514,컴퓨터키오스크,4321151401,증명발급기,1,21800000,대,21800000,1,21800000,1,21800000,Y,대표품목,5825082,전남광주통합특별시 광산구 신창동,광주광역시 광산구,20260109
R26TB01412618,00,2026-01-09,1,002370024,02,24422601,"증명발급기, 한국타피, TAPI-9320B, 무인민원발급기/시청각장애인겸용",한국타피(주),중소기업,43211514,컴퓨터키오스크,4321151401,증명발급기,1,24800000,대,24800000,1,24800000,1,24800000,Y,대표품목,5845000,전남광주통합특별시 고흥군,전라남도 고흥군,20260109
R26TB01412894,00,2026-01-10,1,002061437,12,26001990,"증명발급기, 한국타피, TAPI-9320D, 통합무인발급기/시청각장애인겸용",한국타피(주),중소기업,43211514,컴퓨터키오스크,4321151401,증명발급기,1,23000000,대,23000000,1,23000000,1,23000000,Y,대표품목,5875000,전남광주통합특별시 영암군,전라남도 영암군,20260110
R26TB01412895,00,2026-01-10,1,002370024,02,24422601,"증명발급기, 한국타피, TAPI-9320B, 무인민원발급기/시청각장애인겸용",한국타피(주),중소기업,43211514,컴퓨터키오스크,4321151401,증명발급기,3,74400000,대,24800000,3,74400000,3,74400000,Y,대표품목,5875000,전남광주통합특별시 영암군,전라남도 영암군,20260110
R26TB01413461,00,2026-01-12,1,002061436,12,25202556,"증명발급기, 에니텍시스, IS-2000L, 통합민원발급기",(주)에니텍시스,중소기업,43211514,컴퓨터키오스크,4321151401,증명발급기,1,7800000,대,7800000,1,7800000,1,7800000,Y,대표품목,3470000,대구광역시 달서구,대구광역시 달서구,20260112
R26TB01413826,00,2026-01-12,1,002061436,12,24362788,"증명발급기, 에니텍시스, AT-K200(NEW), 무인민원발급기/시청각장애인겸용",(주)에니텍시스,중소기업,43211514,컴퓨터키오스크,4321151401,증명발급기,1,19850000,대,19850000,1,19850000,1,19850000,Y,대표품목,5020000,경상북도 포항시,경상북도 포항시 남구,20260112
R26TB01413827,00,2026-01-12,1,002061437,12,24292472,"증명발급기, 한국타피, TAPI-9270T, 무인민원발급기/시청각장애인겸용",한국타피(주),중소기업,43211514,컴퓨터키오스크,4321151401,증명발급기,1,19800000,대,19800000,1,19800000,1,19800000,Y,대표품목,5020000,경상북도 포항시,경상북도 포항시 남구,20260112
R26TB01413828,00,2026-01-12,1,0023C0107,02,24359644,"증명발급기, 광명테크, G10, 무인민원발급기/시청각장애인겸용",주식회사광명테크,중소기업,43211514,컴퓨터키오스크,4321151401,증명발급기,1,19800000,대,19800000,1,19800000,1,19800000,Y,대표품목,5020000,경상북도 포항시,경상북도 포항시 남구,20260112
R26TB01413984,00,2026-01-12,1,002370024,02,24422601,"증명발급기, 한국타피, TAPI-9320B, 무인민원발급기/시청각장애인겸용",한국타피(주),중소기업,43211514,컴퓨터키오스크,4321151401,증명발급기,3,74400000,대,24800000,3,74400000,3,74400000,Y,대표품목,4010000,경기도 시흥시,경기도 시흥시,20260112
R26TB01414692,00,2026-01-12,1,002061436,12,24362785,"증명발급기, 에니텍시스, AT-K300, 무인민원발급기/시청각장애인겸용",(주)에니텍시스,중소기업,43211514,컴퓨터키오스크,4321151401,증명발급기,3,65400000,대,21800000,3,65400000,3,65400000,Y,대표품목,4530000,충청남도 서산시,충청남도 서산시,20260112
R26TB01415295,00,2026-01-12,1,002061436,12,24362785,"증명발급기, 에니텍시스, AT-K300, 무인민원발급기/시청각장애인겸용",(주)에니텍시스,중소기업,43211514,컴퓨터키오스크,4321151401,증명발급기,1,21800000,대,21800000,1,21800000,1,21800000,Y,대표품목,3400000,부산광역시 기장군,부산광역시 기장군,20260112
R26TB01416426,00,2026-01-12,1,002061436,12,25202556,"증명발급기, 에니텍시스, IS-2000L, 통합민원발급기",(주)에니텍시스,중소기업,43211514,컴퓨터키오스크,4321151401,증명발급기,2,15600000,대,7800000,2,15600000,2,15600000,Y,대표품목,3370036,부산광역시 연제구 연산9동,부산광역시 연제구,20260112
R26TB01417355,00,2026-01-12,1,002061436,12,24362785,"증명발급기, 에니텍시스, AT-K300, 무인민원발급기/시청각장애인겸용",(주)에니텍시스,중소기업,43211514,컴퓨터키오스크,4321151401,증명발급기,4,87200000,대,21800000,5,95000000,4,87200000,Y,대표품목,3910000,경기도 평택시,경기도 평택시,20260112
R26TB01417355,00,2026-01-12,2,002061436,12,25202556,"증명발급기, 에니텍시스, IS-2000L, 통합민원발급기",(주)에니텍시스,중소기업,43211514,컴퓨터키오스크,4321151401,증명발급기,1,7800000,대,7800000,5,95000000,1,7800000,Y,대표품목,3910000,경기도 평택시,경기도 평택시,20260112
R26TB01418062,00,2026-01-12,1,002061437,12,24292472,"증명발급기, 한국타피, TAPI-9270T, 무인민원발급기/시청각장애인겸용",한국타피(주),중소기업,43211514,컴퓨터키오스크,4321151401,증명발급기,2,39600000,대,19800000,2,39600000,2,39600000,Y,대표품목,5390000,경상남도 의령군,경상남도 의령군,20260112
R26TB01419650,00,2026-01-13,1,002370024,02,24422601,"증명발급기, 한국타피, TAPI-9320B, 무인민원발급기/시청각장애인겸용",한국타피(주),중소기업,43211514,컴퓨터키오스크,4321151401,증명발급기,1,24800000,대,24800000,1,24800000,1,24800000,Y,대표품목,4010000,경기도 시흥시,경기도 시흥시,20260113
R26TB01419897,00,2026-01-13,1,0023C0107,02,23813369,"증명발급기, 광명테크, G7i, 통합민원발급기",주식회사광명테크,중소기업,43211514,컴퓨터키오스크,4321151401,증명발급기,1,7750000,대,7750000,1,7750000,1,7750000,Y,대표품목,3310044,부산광역시 남구 문현4동,부산광역시 남구,20260113
R26TB01420091,00,2026-01-13,1,002061437,12,26001990,"증명발급기, 한국타피, TAPI-9320D, 통합무인발급기/시청각장애인겸용",한국타피(주),중소기업,43211514,컴퓨터키오스크,4321151401,증명발급기,1,23000000,대,23000000,1,23000000,1,23000000,Y,대표품목,3020000,서울특별시 용산구,서울특별시 용산구,20260113
R26TB01420623,00,2026-01-13,1,002061437,12,24292469,"증명발급기, 한국타피, TAPI-9320J, 무인민원발급기/시청각장애인겸용",한국타피(주),중소기업,43211514,컴퓨터키오스크,4321151401,증명발급기,1,24800000,대,24800000,1,24800000,1,24800000,Y,대표품목,4241000,강원특별자치도 삼척시,강원특별자치도 삼척시,20260113
R26TB01420907,00,2026-01-13,1,002061436,12,24362788,"증명발급기, 에니텍시스, AT-K200(NEW), 무인민원발급기/시청각장애인겸용",(주)에니텍시스,중소기업,43211514,컴퓨터키오스크,4321151401,증명발급기,2,39700000,대,19850000,2,39700000,2,39700000,Y,대표품목,5540000,경기도 광주시,경기도 광주시,20260113
R26TB01420908,00,2026-01-13,1,0023C0107,02,24359644,"증명발급기, 광명테크, G10, 무인민원발급기/시청각장애인겸용",주식회사광명테크,중소기업,43211514,컴퓨터키오스크,4321151401,증명발급기,2,39600000,대,19800000,2,39600000,2,39600000,Y,대표품목,5540000,경기도 광주시,경기도 광주시,20260113
R26TB01421039,00,2026-01-13,1,002062281,08,25959485,"증명발급기, 한국에임, HAIM-7000SC, 통합무인발급기/시청각장애인겸용",(주)한국에임,중소기업,43211514,컴퓨터키오스크,4321151401,증명발급기,1,23000000,대,23000000,1,23000000,1,23000000,Y,대표품목,3030000,서울특별시 성동구,서울특별시 성동구,20260113
R26TB01421440,00,2026-01-13,1,002061436,12,24362787,"증명발급기, 에니텍시스, AT-K200E(NEW), 무인민원발급기/시청각장애인겸용",(주)에니텍시스,중소기업,43211514,컴퓨터키오스크,4321151401,증명발급기,2,47700000,대,23850000,2,47700000,2,47700000,Y,대표품목,3960100,경기도 고양시 일산동구,경기도 고양시 일산동구,20260113
R26TB01421441,00,2026-01-13,1,002061437,12,24292471,"증명발급기, 한국타피, TAPI-9270J, 무인민원발급기/시청각장애인겸용",한국타피(주),중소기업,43211514,컴퓨터키오스크,4321151401,증명발급기,2,47600000,대,23800000,2,47600000,2,47600000,Y,대표품목,3960100,경기도 고양시 일산동구,경기도 고양시 일산동구,20260113
R26TB01421466,00,2026-01-13,1,002061436,12,24362785,"증명발급기, 에니텍시스, AT-K300, 무인민원발급기/시청각장애인겸용",(주)에니텍시스,중소기업,43211514,컴퓨터키오스크,4321151401,증명발급기,2,43600000,대,21800000,2,43600000,2,43600000,Y,대표품목,3310000,부산광역시 남구,부산광역시 남구,20260113
R26TB01422353,00,2026-01-13,1,002061436,12,25202556,"증명발급기, 에니텍시스, IS-2000L, 통합민원발급기",(주)에니텍시스,중소기업,43211514,컴퓨터키오스크,4321151401,증명발급기,1,7800000,대,7800000,1,7800000,1,7800000,Y,대표품목,4530064,충청남도 서산시 대산읍,충청남도 서산시,20260113
R26TB01422513,00,2026-01-13,1,002061436,12,24362785,"증명발급기, 에니텍시스, AT-K300, 무인민원발급기/시청각장애인겸용",(주)에니텍시스,중소기업,43211514,컴퓨터키오스크,4321151401,증명발급기,2,43600000,대,21800000,2,43600000,2,43600000,Y,대표품목,5470000,경상남도 거창군,경상남도 거창군,20260113
R26TB01422514,00,2026-01-13,1,002061437,12,24292472,"증명발급기, 한국타피, TAPI-9270T, 무인민원발급기/시청각장애인겸용",한국타피(주),중소기업,43211514,컴퓨터키오스크,4321151401,증명발급기,1,19800000,대,19800000,1,19800000,1,19800000,Y,대표품목,5470000,경상남도 거창군,경상남도 거창군,20260113
R26TB01423466,00,2026-01-14,1,002061436,12,24362786,"증명발급기, 에니텍시스, AT-K300E, 무인민원발급기/시청각장애인겸용",(주)에니텍시스,중소기업,43211514,컴퓨터키오스크,4321151401,증명발급기,3,74400000,대,24800000,3,74400000,3,74400000,Y,대표품목,4070000,경기도 이천시,경기도 이천시,20260114
R26TB01423730,00,2026-01-14,1,002061437,12,23893188,"증명발급기, 한국타피, TA-2200S(NEW), 통합민원발급기",한국타피(주),중소기업,43211514,컴퓨터키오스크,4321151401,증명발급기,1,7600000,대,7600000,1,7600000,1,7600000,Y,대표품목,3570021,인천광역시 강화군 길상면,인천광역시 강화군,20260114
R26TB01424181,00,2026-01-14,1,002061436,12,24362786,"증명발급기, 에니텍시스, AT-K300E, 무인민원발급기/시청각장애인겸용",(주)에니텍시스,중소기업,43211514,컴퓨터키오스크,4321151401,증명발급기,1,24800000,대,24800000,1,24800000,1,24800000,Y,대표품목,3430000,대구광역시 서구,대구광역시 서구,20260114
R26TB01424227,00,2026-01-14,1,002061436,12,24362786,"증명발급기, 에니텍시스, AT-K300E, 무인민원발급기/시청각장애인겸용",(주)에니텍시스,중소기업,43211514,컴퓨터키오스크,4321151401,증명발급기,1,24800000,대,24800000,1,24800000,1,24800000,Y,대표품목,3430000,대구광역시 서구,대구광역시 서구,20260114
R26TB01424447,00,2026-01-14,1,002061436,12,24362785,"증명발급기, 에니텍시스, AT-K300, 무인민원발급기/시청각장애인겸용",(주)에니텍시스,중소기업,43211514,컴퓨터키오스크,4321151401,증명발급기,3,65400000,대,21800000,3,65400000,3,65400000,Y,대표품목,5700000,경기도 여주시,경기도 여주시,20260114
R26TB01424740,00,2026-01-14,1,002061436,12,25202556,"증명발급기, 에니텍시스, IS-2000L, 통합민원발급기",(주)에니텍시스,중소기업,43211514,컴퓨터키오스크,4321151401,증명발급기,1,7800000,대,7800000,1,7800000,1,7800000,Y,대표품목,3040000,서울특별시 광진구,서울특별시 광진구,20260114
R26TB01424864,00,2026-01-14,1,002061437,12,26001990,"증명발급기, 한국타피, TAPI-9320D, 통합무인발급기/시청각장애인겸용",한국타피(주),중소기업,43211514,컴퓨터키오스크,4321151401,증명발급기,2,46000000,대,23000000,2,46000000,2,46000000,Y,대표품목,3740000,경기도 수원시,경기도 수원시 팔달구,20260114
R26TB01424865,00,2026-01-14,1,002370024,02,24422601,"증명발급기, 한국타피, TAPI-9320B, 무인민원발급기/시청각장애인겸용",한국타피(주),중소기업,43211514,컴퓨터키오스크,4321151401,증명발급기,8,198400000,대,24800000,8,198400000,8,198400000,Y,대표품목,3740000,경기도 수원시,경기도 수원시 팔달구,20260114
R26TB01425070,00,2026-01-14,1,002061436,12,25202556,"증명발급기, 에니텍시스, IS-2000L, 통합민원발급기",(주)에니텍시스,중소기업,43211514,컴퓨터키오스크,4321151401,증명발급기,1,7800000,대,7800000,1,7800000,1,7800000,Y,대표품목,3400015,부산광역시 기장군 기장읍,부산광역시 기장군,20260114
R26TB01425088,00,2026-01-14,1,002061436,12,24362788,"증명발급기, 에니텍시스, AT-K200(NEW), 무인민원발급기/시청각장애인겸용",(주)에니텍시스,중소기업,43211514,컴퓨터키오스크,4321151401,증명발급기,1,19850000,대,19850000,1,19850000,1,19850000,Y,대표품목,4610040,충청남도 예산군 예산읍,충청남도 예산군,20260114
R26TB01426476,00,2026-01-14,1,002061437,12,24292469,"증명발급기, 한국타피, TAPI-9320J, 무인민원발급기/시청각장애인겸용",한국타피(주),중소기업,43211514,컴퓨터키오스크,4321151401,증명발급기,1,24800000,대,24800000,1,24800000,1,24800000,Y,대표품목,4241057,강원특별자치도 삼척시 원덕읍,강원특별자치도 삼척시,20260114
R26TB01426893,00,2026-01-14,1,002061437,12,23893188,"증명발급기, 한국타피, TA-2200S(NEW), 통합민원발급기",한국타피(주),중소기업,43211514,컴퓨터키오스크,4321151401,증명발급기,1,7600000,대,7600000,1,7600000,1,7600000,Y,대표품목,3570023,인천광역시 강화군 양도면,인천광역시 강화군,20260114
R26TB01427656,00,2026-01-15,1,002061436,12,25202556,"증명발급기, 에니텍시스, IS-2000L, 통합민원발급기",(주)에니텍시스,중소기업,43211514,컴퓨터키오스크,4321151401,증명발급기,1,7800000,대,7800000,1,7800000,1,7800000,Y,대표품목,4040000,경기도 하남시,경기도 하남시,20260115
R26TB01428104,00,2026-01-15,1,002370024,02,24422601,"증명발급기, 한국타피, TAPI-9320B, 무인민원발급기/시청각장애인겸용",한국타피(주),중소기업,43211514,컴퓨터키오스크,4321151401,증명발급기,1,24800000,대,24800000,1,24800000,1,24800000,Y,대표품목,5580000,충청남도 계룡시,충청남도 계룡시,20260115
R26TB01428385,00,2026-01-15,1,002061436,12,25202555,"증명발급기, 에니텍시스, IS-2000M, 통합민원발급기",(주)에니텍시스,중소기업,43211514,컴퓨터키오스크,4321151401,증명발급기,1,8500000,대,8500000,1,8500000,1,8500000,Y,대표품목,4520054,충청남도 아산시 음봉면,충청남도 아산시,20260115
R26TB01428745,00,2026-01-15,1,002061436,12,24362785,"증명발급기, 에니텍시스, AT-K300, 무인민원발급기/시청각장애인겸용",(주)에니텍시스,중소기업,43211514,컴퓨터키오스크,4321151401,증명발급기,2,43600000,대,21800000,2,43600000,2,43600000,Y,대표품목,5440000,경상남도 하동군,경상남도 하동군,20260115
R26TB01428856,00,2026-01-15,1,002370024,02,24422601,"증명발급기, 한국타피, TAPI-9320B, 무인민원발급기/시청각장애인겸용",한국타피(주),중소기업,43211514,컴퓨터키오스크,4321151401,증명발급기,1,24800000,대,24800000,1,24800000,1,24800000,Y,대표품목,5240000,경상북도 봉화군,경상북도 봉화군,20260115
R26TB01429004,00,2026-01-15,1,002061436,12,24362787,"증명발급기, 에니텍시스, AT-K200E(NEW), 무인민원발급기/시청각장애인겸용",(주)에니텍시스,중소기업,43211514,컴퓨터키오스크,4321151401,증명발급기,9,181368000,대,20152000,9,181368000,9,181368000,Y,대표품목,3950000,경기도 고양시 덕양구,경기도 고양시 덕양구,20260115
R26TB01429220,00,2026-01-15,1,002061436,12,24362788,"증명발급기, 에니텍시스, AT-K200(NEW), 무인민원발급기/시청각장애인겸용",(주)에니텍시스,중소기업,43211514,컴퓨터키오스크,4321151401,증명발급기,1,19850000,대,19850000,1,19850000,1,19850000,Y,대표품목,5570000,충청북도 증평군,충청북도 증평군,20260115
R26TB01429228,00,2026-01-15,1,002061437,12,24292469,"증명발급기, 한국타피, TAPI-9320J, 무인민원발급기/시청각장애인겸용",한국타피(주),중소기업,43211514,컴퓨터키오스크,4321151401,증명발급기,1,24800000,대,24800000,1,24800000,1,24800000,Y,대표품목,4241067,강원특별자치도 삼척시 남양동,강원특별자치도 삼척시,20260115
R26TB01430404,00,2026-01-15,1,002061436,12,25202556,"증명발급기, 에니텍시스, IS-2000L, 통합민원발급기",(주)에니텍시스,중소기업,43211514,컴퓨터키오스크,4321151401,증명발급기,1,7800000,대,7800000,1,7800000,1,7800000,Y,대표품목,4720052,전라북도 완주군 운주면,전북특별자치도 완주군,20260115
R26TB01431032,00,2026-01-15,1,002061436,12,25202556,"증명발급기, 에니텍시스, IS-2000L, 통합민원발급기",(주)에니텍시스,중소기업,43211514,컴퓨터키오스크,4321151401,증명발급기,2,15600000,대,7800000,2,15600000,2,15600000,Y,대표품목,3540000,인천광역시 부평구,인천광역시 부평구,20260115
R26TB01432744,00,2026-01-16,1,002370024,02,24422601,"증명발급기, 한국타피, TAPI-9320B, 무인민원발급기/시청각장애인겸용",한국타피(주),중소기업,43211514,컴퓨터키오스크,4321151401,증명발급기,3,74400000,대,24800000,3,74400000,3,74400000,Y,대표품목,4070000,경기도 이천시,경기도 이천시,20260116
R26TB01432772,00,2026-01-16,1,002370024,02,24422601,"증명발급기, 한국타피, TAPI-9320B, 무인민원발급기/시청각장애인겸용",한국타피(주),중소기업,43211514,컴퓨터키오스크,4321151401,증명발급기,2,49600000,대,24800000,2,49600000,2,49600000,Y,대표품목,4390000,충청북도 충주시,충청북도 충주시,20260116
R26TB01432798,00,2026-01-16,1,002061436,12,25202556,"증명발급기, 에니텍시스, IS-2000L, 통합민원발급기",(주)에니텍시스,중소기업,43211514,컴퓨터키오스크,4321151401,증명발급기,1,7800000,대,7800000,1,7800000,1,7800000,Y,대표품목,5660012,충청남도 천안시 서북구 성정1동,충청남도 천안시 서북구,20260116
R26TB01433049,00,2026-01-16,1,002061436,12,25202556,"증명발급기, 에니텍시스, IS-2000L, 통합민원발급기",(주)에니텍시스,중소기업,43211514,컴퓨터키오스크,4321151401,증명발급기,1,7800000,대,7800000,1,7800000,1,7800000,Y,대표품목,4530077,충청남도 서산시 수석동,충청남도 서산시,20260116
R26TB01436429,00,2026-01-16,1,002061436,12,24362785,"증명발급기, 에니텍시스, AT-K300, 무인민원발급기/시청각장애인겸용",(주)에니텍시스,중소기업,43211514,컴퓨터키오스크,4321151401,증명발급기,1,21800000,대,21800000,1,21800000,1,21800000,Y,대표품목,3520000,인천광역시 연수구,인천광역시 연수구,20260116
R26TB01436430,00,2026-01-16,1,002061437,12,24292470,"증명발급기, 한국타피, TAPI-9320T, 무인민원발급기/시청각장애인겸용",한국타피(주),중소기업,43211514,컴퓨터키오스크,4321151401,증명발급기,1,21800000,대,21800000,1,21800000,1,21800000,Y,대표품목,3520000,인천광역시 연수구,인천광역시 연수구,20260116
R26TB01437602,00,2026-01-19,1,002061436,12,25202556,"증명발급기, 에니텍시스, IS-2000L, 통합민원발급기",(주)에니텍시스,중소기업,43211514,컴퓨터키오스크,4321151401,증명발급기,3,23400000,대,7800000,3,23400000,3,23400000,Y,대표품목,4651000,전북특별자치도 전주시 완산구,전북특별자치도 전주시 완산구,20260119
R26TB01437603,00,2026-01-19,1,002061437,12,23893188,"증명발급기, 한국타피, TA-2200S(NEW), 통합민원발급기",한국타피(주),중소기업,43211514,컴퓨터키오스크,4321151401,증명발급기,1,7600000,대,7600000,1,7600000,1,7600000,Y,대표품목,4651000,전북특별자치도 전주시 완산구,전북특별자치도 전주시 완산구,20260119
R26TB01438109,00,2026-01-19,1,002061437,12,24292472,"증명발급기, 한국타피, TAPI-9270T, 무인민원발급기/시청각장애인겸용",한국타피(주),중소기업,43211514,컴퓨터키오스크,4321151401,증명발급기,2,39600000,대,19800000,2,39600000,2,39600000,Y,대표품목,5170000,경상북도 영양군,경상북도 영양군,20260119
R26TB01439539,00,2026-01-19,1,002061437,12,24292472,"증명발급기, 한국타피, TAPI-9270T, 무인민원발급기/시청각장애인겸용",한국타피(주),중소기업,43211514,컴퓨터키오스크,4321151401,증명발급기,5,54450000,대,10890000,5,54450000,5,54450000,N,대표품목,5670184,경상남도 창원시 마산회원구,경상남도 창원시 마산회원구,20260119
R26TB01439539,01,2026-01-22,1,002061437,12,24292472,"증명발급기, 한국타피, TAPI-9270T, 무인민원발급기/시청각장애인겸용",한국타피(주),중소기업,43211514,컴퓨터키오스크,4321151401,증명발급기,7,76230000,대,10890000,7,76230000,2,21780000,Y,대표품목,5670184,경상남도 창원시 마산회원구,경상남도 창원시 마산회원구,20260119
R26TB01440943,00,2026-01-19,1,002062281,08,25959485,"증명발급기, 한국에임, HAIM-7000SC, 통합무인발급기/시청각장애인겸용",(주)한국에임,중소기업,43211514,컴퓨터키오스크,4321151401,증명발급기,1,23000000,대,23000000,1,23000000,1,23000000,Y,대표품목,3040000,서울특별시 광진구,서울특별시 광진구,20260119
R26TB01441042,00,2026-01-19,1,002061436,12,24362785,"증명발급기, 에니텍시스, AT-K300, 무인민원발급기/시청각장애인겸용",(주)에니텍시스,중소기업,43211514,컴퓨터키오스크,4321151401,증명발급기,1,21800000,대,21800000,1,21800000,1,21800000,Y,대표품목,3480000,대구광역시 달성군,대구광역시 달성군,20260119
R26TB01441043,00,2026-01-19,1,002061437,12,26001990,"증명발급기, 한국타피, TAPI-9320D, 통합무인발급기/시청각장애인겸용",한국타피(주),중소기업,43211514,컴퓨터키오스크,4321151401,증명발급기,1,23000000,대,23000000,1,23000000,1,23000000,Y,대표품목,3480000,대구광역시 달성군,대구광역시 달성군,20260119
R26TB01441044,00,2026-01-19,1,0023C0107,02,24359644,"증명발급기, 광명테크, G10, 무인민원발급기/시청각장애인겸용",주식회사광명테크,중소기업,43211514,컴퓨터키오스크,4321151401,증명발급기,1,19800000,대,19800000,1,19800000,1,19800000,Y,대표품목,3480000,대구광역시 달성군,대구광역시 달성군,20260119
R26TB01441062,00,2026-01-19,1,0023C0107,02,23777412,"증명발급기, 광명테크, G7, 통합민원발급기",주식회사광명테크,중소기업,43211514,컴퓨터키오스크,4321151401,증명발급기,1,7700000,대,7700000,1,7700000,1,7700000,Y,대표품목,3480363,대구광역시 달성군 유가읍,대구광역시 달성군,20260119
R26TB01441309,00,2026-01-19,1,002061436,12,24362785,"증명발급기, 에니텍시스, AT-K300, 무인민원발급기/시청각장애인겸용",(주)에니텍시스,중소기업,43211514,컴퓨터키오스크,4321151401,증명발급기,1,21800000,대,21800000,1,21800000,1,21800000,Y,대표품목,4201000,강원특별자치도 강릉시,강원특별자치도 강릉시,20260119
R26TB01441382,00,2026-01-19,1,002061436,12,24362788,"증명발급기, 에니텍시스, AT-K200(NEW), 무인민원발급기/시청각장애인겸용",(주)에니텍시스,중소기업,43211514,컴퓨터키오스크,4321151401,증명발급기,2,39700000,대,19850000,2,39700000,2,39700000,Y,대표품목,5360000,경상남도 밀양시,경상남도 밀양시,20260119
R26TB01441383,00,2026-01-19,1,002061437,12,24292472,"증명발급기, 한국타피, TAPI-9270T, 무인민원발급기/시청각장애인겸용",한국타피(주),중소기업,43211514,컴퓨터키오스크,4321151401,증명발급기,1,19800000,대,19800000,1,19800000,1,19800000,Y,대표품목,5360000,경상남도 밀양시,경상남도 밀양시,20260119
R26TB01442387,00,2026-01-20,1,002061437,12,24292469,"증명발급기, 한국타피, TAPI-9320J, 무인민원발급기/시청각장애인겸용",한국타피(주),중소기업,43211514,컴퓨터키오스크,4321151401,증명발급기,2,49600000,대,24800000,2,49600000,2,49600000,Y,대표품목,5110000,경상북도 상주시,경상북도 상주시,20260120
R26TB01444052,00,2026-01-20,1,002061436,12,24362785,"증명발급기, 에니텍시스, AT-K300, 무인민원발급기/시청각장애인겸용",(주)에니텍시스,중소기업,43211514,컴퓨터키오스크,4321151401,증명발급기,1,21800000,대,21800000,1,21800000,1,21800000,Y,대표품목,5885000,전남광주통합특별시 함평군,전라남도 함평군,20260120
R26TB01445477,00,2026-01-20,1,002061437,12,23893188,"증명발급기, 한국타피, TA-2200S(NEW), 통합민원발급기",한국타피(주),중소기업,43211514,컴퓨터키오스크,4321151401,증명발급기,1,7600000,대,7600000,1,7600000,1,7600000,Y,대표품목,4251000,강원특별자치도 홍천군,강원특별자치도 홍천군,20260120
R26TB01446242,00,2026-01-20,1,002061436,12,24362785,"증명발급기, 에니텍시스, AT-K300, 무인민원발급기/시청각장애인겸용",(주)에니텍시스,중소기업,43211514,컴퓨터키오스크,4321151401,증명발급기,1,21800000,대,21800000,1,21800000,1,21800000,Y,대표품목,3300000,부산광역시 동래구,부산광역시 동래구,20260120
R26TB01446510,00,2026-01-20,1,002061437,12,26001990,"증명발급기, 한국타피, TAPI-9320D, 통합무인발급기/시청각장애인겸용",한국타피(주),중소기업,43211514,컴퓨터키오스크,4321151401,증명발급기,1,23000000,대,23000000,1,23000000,1,23000000,Y,대표품목,5710000,충청북도 청주시,충청북도 청주시 상당구,20260120
R26TB01447085,00,2026-01-21,1,002061436,12,25202556,"증명발급기, 에니텍시스, IS-2000L, 통합민원발급기",(주)에니텍시스,중소기업,43211514,컴퓨터키오스크,4321151401,증명발급기,2,15600000,대,7800000,2,15600000,2,15600000,Y,대표품목,3750000,경기도 수원시 장안구,경기도 수원시 장안구,20260121
R26TB01448756,00,2026-01-21,1,002061436,12,25202556,"증명발급기, 에니텍시스, IS-2000L, 통합민원발급기",(주)에니텍시스,중소기업,43211514,컴퓨터키오스크,4321151401,증명발급기,1,7800000,대,7800000,1,7800000,1,7800000,Y,대표품목,4520060,충청남도 아산시 신창면,충청남도 아산시,20260121
R26TB01448961,00,2026-01-21,1,002061437,12,24292472,"증명발급기, 한국타피, TAPI-9270T, 무인민원발급기/시청각장애인겸용",한국타피(주),중소기업,43211514,컴퓨터키오스크,4321151401,증명발급기,3,59400000,대,19800000,3,59400000,3,59400000,Y,대표품목,3350000,부산광역시 금정구,부산광역시 금정구,20260121
R26TB01449395,00,2026-01-21,1,002061436,12,25202556,"증명발급기, 에니텍시스, IS-2000L, 통합민원발급기",(주)에니텍시스,중소기업,43211514,컴퓨터키오스크,4321151401,증명발급기,1,7800000,대,7800000,1,7800000,1,7800000,Y,대표품목,4720047,전라북도 완주군 이서면,전북특별자치도 완주군,20260121
R26TB01449902,00,2026-01-21,1,002370024,02,24422601,"증명발급기, 한국타피, TAPI-9320B, 무인민원발급기/시청각장애인겸용",한국타피(주),중소기업,43211514,컴퓨터키오스크,4321151401,증명발급기,1,24800000,대,24800000,1,24800000,1,24800000,Y,대표품목,4420000,충청북도 보은군,충청북도 보은군,20260121
R26TB01450333,00,2026-01-21,1,R25TA00404451,00,25109706,"버스및차량정보안내장치, 삼원에프에이, EBIT-1000S-60W, 거치형/단면",삼원에프에이주식회사,중소기업,43211514,컴퓨터키오스크,4321151403,버스및차량정보안내장치,2,10578800,대,5289400,2,10578800,2,10578800,Y,대표품목,5630000,경기도 용인시 기흥구,경기도 용인시 기흥구,20260121
R26TB01450468,00,2026-01-21,1,0023C0107,02,23813369,"증명발급기, 광명테크, G7i, 통합민원발급기",주식회사광명테크,중소기업,43211514,컴퓨터키오스크,4321151401,증명발급기,1,7750000,대,7750000,1,7750000,1,7750000,Y,대표품목,3480021,대구광역시 달성군 화원읍,대구광역시 달성군,20260121
R26TB01450469,00,2026-01-21,1,002370024,02,24422601,"증명발급기, 한국타피, TAPI-9320B, 무인민원발급기/시청각장애인겸용",한국타피(주),중소기업,43211514,컴퓨터키오스크,4321151401,증명발급기,1,24800000,대,24800000,1,24800000,1,24800000,Y,대표품목,5805000,전남광주통합특별시 동구,광주광역시 동구,20260121
R26TB01450898,00,2026-01-21,1,002061437,12,23893188,"증명발급기, 한국타피, TA-2200S(NEW), 통합민원발급기",한국타피(주),중소기업,43211514,컴퓨터키오스크,4321151401,증명발급기,1,7600000,대,7600000,1,7600000,1,7600000,Y,대표품목,5470000,경상남도 거창군,경상남도 거창군,20260121
R26TB01451442,00,2026-01-21,1,002061437,12,24292471,"증명발급기, 한국타피, TAPI-9270J, 무인민원발급기/시청각장애인겸용",한국타피(주),중소기업,43211514,컴퓨터키오스크,4321151401,증명발급기,3,71400000,대,23800000,3,71400000,3,71400000,Y,대표품목,6520000,제주특별자치도 서귀포시,제주특별자치도 서귀포시,20260121
R26TB01451774,00,2026-01-22,1,002370024,02,24422601,"증명발급기, 한국타피, TAPI-9320B, 무인민원발급기/시청각장애인겸용",한국타피(주),중소기업,43211514,컴퓨터키오스크,4321151401,증명발급기,1,24800000,대,24800000,1,24800000,1,24800000,Y,대표품목,4500000,충청남도 공주시,충청남도 공주시,20260122
R26TB01452644,00,2026-01-22,1,002061436,12,24362785,"증명발급기, 에니텍시스, AT-K300, 무인민원발급기/시청각장애인겸용",(주)에니텍시스,중소기업,43211514,컴퓨터키오스크,4321151401,증명발급기,1,21800000,대,21800000,1,21800000,1,21800000,Y,대표품목,5120031,경상북도 문경시 문경읍,경상북도 문경시,20260122
R26TB01452886,00,2026-01-22,1,002061437,12,24292471,"증명발급기, 한국타피, TAPI-9270J, 무인민원발급기/시청각장애인겸용",한국타피(주),중소기업,43211514,컴퓨터키오스크,4321151401,증명발급기,1,23800000,대,23800000,1,23800000,1,23800000,Y,대표품목,5835000,전남광주통합특별시 곡성군,전라남도 곡성군,20260122
R26TB01453490,00,2026-01-22,1,0023C0245,01,25885679,"증명발급기, 본시스, BON-7100S, 통합민원발급기",(주)본시스,중소기업,43211514,컴퓨터키오스크,4321151401,증명발급기,1,7860000,대,7860000,1,7860000,1,7860000,Y,대표품목,4600046,충청남도 홍성군 서부면,충청남도 홍성군,20260122
R26TB01454040,00,2026-01-22,1,002061437,12,26001990,"증명발급기, 한국타피, TAPI-9320D, 통합무인발급기/시청각장애인겸용",한국타피(주),중소기업,43211514,컴퓨터키오스크,4321151401,증명발급기,1,23000000,대,23000000,1,23000000,1,23000000,N,대표품목,5590000,경기도 양주시,경기도 양주시,20260122
R26TB01454040,01,2026-01-28,1,002061437,12,26001990,"증명발급기, 한국타피, TAPI-9320D, 통합무인발급기/시청각장애인겸용",한국타피(주),중소기업,43211514,컴퓨터키오스크,4321151401,증명발급기,0,0,대,23000000,0,0,-1,-23000000,Y,대표품목,5590000,경기도 양주시,경기도 양주시,20260122
R26TB01454519,00,2026-01-22,1,002061436,12,24362788,"증명발급기, 에니텍시스, AT-K200(NEW), 무인민원발급기/시청각장애인겸용",(주)에니텍시스,중소기업,43211514,컴퓨터키오스크,4321151401,증명발급기,11,190300000,대,17300000,11,190300000,11,190300000,Y,대표품목,3370000,부산광역시 연제구,부산광역시 연제구,20260122
R26TB01454738,00,2026-01-22,1,002061437,12,23893188,"증명발급기, 한국타피, TA-2200S(NEW), 통합민원발급기",한국타피(주),중소기업,43211514,컴퓨터키오스크,4321151401,증명발급기,1,7600000,대,7600000,1,7600000,1,7600000,Y,대표품목,5590028,경기도 양주시 광적면,경기도 양주시,20260122
R26TB01455048,00,2026-01-22,1,002061436,12,25202556,"증명발급기, 에니텍시스, IS-2000L, 통합민원발급기",(주)에니텍시스,중소기업,43211514,컴퓨터키오스크,4321151401,증명발급기,1,7800000,대,7800000,1,7800000,1,7800000,Y,대표품목,4090215,경기도 김포시 고촌읍,경기도 김포시,20260122
R26TB01455144,00,2026-01-22,1,002061436,12,25202556,"증명발급기, 에니텍시스, IS-2000L, 통합민원발급기",(주)에니텍시스,중소기업,43211514,컴퓨터키오스크,4321151401,증명발급기,5,39000000,대,7800000,5,39000000,5,39000000,Y,대표품목,4610000,충청남도 예산군,충청남도 예산군,20260122
R26TB01455815,00,2026-01-22,1,002370024,02,24422601,"증명발급기, 한국타피, TAPI-9320B, 무인민원발급기/시청각장애인겸용",한국타피(주),중소기업,43211514,컴퓨터키오스크,4321151401,증명발급기,4,99200000,대,24800000,4,99200000,4,99200000,Y,대표품목,5650000,충청남도 천안시 동남구,충청남도 천안시 동남구,20260122
R26TB01456137,00,2026-01-22,1,002061436,12,24362786,"증명발급기, 에니텍시스, AT-K300E, 무인민원발급기/시청각장애인겸용",(주)에니텍시스,중소기업,43211514,컴퓨터키오스크,4321151401,증명발급기,1,24800000,대,24800000,1,24800000,1,24800000,Y,대표품목,5650000,충청남도 천안시 동남구,충청남도 천안시 동남구,20260122
R26TB01456377,00,2026-01-22,1,002061436,12,25202556,"증명발급기, 에니텍시스, IS-2000L, 통합민원발급기",(주)에니텍시스,중소기업,43211514,컴퓨터키오스크,4321151401,증명발급기,3,23400000,대,7800000,3,23400000,3,23400000,Y,대표품목,5350000,경상남도 김해시,경상남도 김해시,20260122
R26TB01456542,00,2026-01-22,1,002061436,12,25202556,"증명발급기, 에니텍시스, IS-2000L, 통합민원발급기",(주)에니텍시스,중소기업,43211514,컴퓨터키오스크,4321151401,증명발급기,1,7800000,대,7800000,1,7800000,1,7800000,Y,대표품목,3840018,경기도 안양시 만안구 안양8동,경기도 안양시 만안구,20260122
R26TB01456974,00,2026-01-23,1,002061437,12,26001990,"증명발급기, 한국타피, TAPI-9320D, 통합무인발급기/시청각장애인겸용",한국타피(주),중소기업,43211514,컴퓨터키오스크,4321151401,증명발급기,1,23000000,대,23000000,1,23000000,1,23000000,Y,대표품목,3110000,서울특별시 은평구,서울특별시 은평구,20260123
R26TB01457630,00,2026-01-23,1,002061437,12,23893188,"증명발급기, 한국타피, TA-2200S(NEW), 통합민원발급기",한국타피(주),중소기업,43211514,컴퓨터키오스크,4321151401,증명발급기,2,15200000,대,7600000,2,15200000,2,15200000,Y,대표품목,5420000,경상남도 고성군,경상남도 고성군,20260123
R26TB01457688,00,2026-01-23,1,002061437,12,24292471,"증명발급기, 한국타피, TAPI-9270J, 무인민원발급기/시청각장애인겸용",한국타피(주),중소기업,43211514,컴퓨터키오스크,4321151401,증명발급기,1,23800000,대,23800000,1,23800000,1,23800000,Y,대표품목,5420000,경상남도 고성군,경상남도 고성군,20260123
R26TB01458819,00,2026-01-23,1,002061436,12,25202556,"증명발급기, 에니텍시스, IS-2000L, 통합민원발급기",(주)에니텍시스,중소기업,43211514,컴퓨터키오스크,4321151401,증명발급기,1,7800000,대,7800000,1,7800000,1,7800000,Y,대표품목,3370025,부산광역시 연제구 거제2동,부산광역시 연제구,20260123
R26TB01459577,00,2026-01-23,1,002061436,12,25202556,"증명발급기, 에니텍시스, IS-2000L, 통합민원발급기",(주)에니텍시스,중소기업,43211514,컴퓨터키오스크,4321151401,증명발급기,1,7800000,대,7800000,1,7800000,1,7800000,Y,대표품목,5660000,충청남도 천안시 서북구,충청남도 천안시 서북구,20260123
R26TB01460574,00,2026-01-23,1,002061436,12,25202556,"증명발급기, 에니텍시스, IS-2000L, 통합민원발급기",(주)에니텍시스,중소기업,43211514,컴퓨터키오스크,4321151401,증명발급기,2,15600000,대,7800000,2,15600000,2,15600000,Y,대표품목,3850025,경기도 안양시 동안구 범계동,경기도 안양시 동안구,20260123
R26TB01460652,00,2026-01-23,1,002061436,12,25202556,"증명발급기, 에니텍시스, IS-2000L, 통합민원발급기",(주)에니텍시스,중소기업,43211514,컴퓨터키오스크,4321151401,증명발급기,1,7800000,대,7800000,1,7800000,1,7800000,Y,대표품목,3840045,경기도 안양시 만안구 병목안동,경기도 안양시 만안구,20260123
R26TB01460700,00,2026-01-23,1,002061436,12,25202556,"증명발급기, 에니텍시스, IS-2000L, 통합민원발급기",(주)에니텍시스,중소기업,43211514,컴퓨터키오스크,4321151401,증명발급기,6,46800000,대,7800000,6,46800000,6,46800000,Y,대표품목,3220000,서울특별시 강남구,서울특별시 강남구,20260123
R26TB01461252,00,2026-01-23,1,002061436,12,25202556,"증명발급기, 에니텍시스, IS-2000L, 통합민원발급기",(주)에니텍시스,중소기업,43211514,컴퓨터키오스크,4321151401,증명발급기,1,7800000,대,7800000,1,7800000,1,7800000,Y,대표품목,5410000,경상남도 창녕군,경상남도 창녕군,20260123
R26TB01461444,00,2026-01-23,1,002061436,12,25202556,"증명발급기, 에니텍시스, IS-2000L, 통합민원발급기",(주)에니텍시스,중소기업,43211514,컴퓨터키오스크,4321151401,증명발급기,1,7800000,대,7800000,1,7800000,1,7800000,Y,대표품목,4761000,전북특별자치도 임실군,전북특별자치도 임실군,20260123
R26TB01461878,00,2026-01-24,1,002370024,02,24422601,"증명발급기, 한국타피, TAPI-9320B, 무인민원발급기/시청각장애인겸용",한국타피(주),중소기업,43211514,컴퓨터키오스크,4321151401,증명발급기,5,124000000,대,24800000,5,124000000,5,124000000,Y,대표품목,5850000,전남광주통합특별시 보성군,전라남도 보성군,20260124
R26TB01462047,00,2026-01-25,1,002061437,12,24292472,"증명발급기, 한국타피, TAPI-9270T, 무인민원발급기/시청각장애인겸용",한국타피(주),중소기업,43211514,컴퓨터키오스크,4321151401,증명발급기,2,39600000,대,19800000,2,39600000,2,39600000,Y,대표품목,5670140,경상남도 창원시 성산구,경상남도 창원시 성산구,20260125
R26TB01463823,00,2026-01-26,1,002061437,12,23893188,"증명발급기, 한국타피, TA-2200S(NEW), 통합민원발급기",한국타피(주),중소기업,43211514,컴퓨터키오스크,4321151401,증명발급기,2,15200000,대,7600000,2,15200000,2,15200000,Y,대표품목,3570019,인천광역시 강화군 선원면,인천광역시 강화군,20260126
R26TB01464473,00,2026-01-26,1,002370024,02,24422601,"증명발급기, 한국타피, TAPI-9320B, 무인민원발급기/시청각장애인겸용",한국타피(주),중소기업,43211514,컴퓨터키오스크,4321151401,증명발급기,1,24800000,대,24800000,1,24800000,1,24800000,Y,대표품목,5790000,전남광주통합특별시 순천시,전라남도 순천시,20260126
R26TB01464577,00,2026-01-26,1,002061436,12,25202556,"증명발급기, 에니텍시스, IS-2000L, 통합민원발급기",(주)에니텍시스,중소기업,43211514,컴퓨터키오스크,4321151401,증명발급기,2,15600000,대,7800000,2,15600000,2,15600000,Y,대표품목,3390038,부산광역시 사상구 엄궁동,부산광역시 사상구,20260126
R26TB01464619,00,2026-01-26,1,002061436,12,24362786,"증명발급기, 에니텍시스, AT-K300E, 무인민원발급기/시청각장애인겸용",(주)에니텍시스,중소기업,43211514,컴퓨터키오스크,4321151401,증명발급기,1,24800000,대,24800000,1,24800000,1,24800000,Y,대표품목,5600000,경기도 포천시,경기도 포천시,20260126
R26TB01464621,00,2026-01-26,1,0023C0107,02,24359645,"증명발급기, 광명테크, G10s, 무인민원발급기/시청각장애인겸용/촉각모니터",주식회사광명테크,중소기업,43211514,컴퓨터키오스크,4321151401,증명발급기,1,24800000,대,24800000,1,24800000,1,24800000,Y,대표품목,5600000,경기도 포천시,경기도 포천시,20260126
R26TB01464889,00,2026-01-26,1,002061436,12,25202556,"증명발급기, 에니텍시스, IS-2000L, 통합민원발급기",(주)에니텍시스,중소기업,43211514,컴퓨터키오스크,4321151401,증명발급기,1,7800000,대,7800000,1,7800000,1,7800000,Y,대표품목,5600000,경기도 포천시,경기도 포천시,20260126
R26TB01464891,00,2026-01-26,1,0023C0107,02,23813369,"증명발급기, 광명테크, G7i, 통합민원발급기",주식회사광명테크,중소기업,43211514,컴퓨터키오스크,4321151401,증명발급기,5,38750000,대,7750000,5,38750000,5,38750000,Y,대표품목,5600000,경기도 포천시,경기도 포천시,20260126
R26TB01466292,00,2026-01-26,1,002061436,12,24362786,"증명발급기, 에니텍시스, AT-K300E, 무인민원발급기/시청각장애인겸용",(주)에니텍시스,중소기업,43211514,컴퓨터키오스크,4321151401,증명발급기,1,24800000,대,24800000,1,24800000,1,24800000,Y,대표품목,9750000,헌법재판소,서울특별시 종로구,20260126
R26TB01466422,00,2026-01-26,1,002061436,12,24362788,"증명발급기, 에니텍시스, AT-K200(NEW), 무인민원발급기/시청각장애인겸용",(주)에니텍시스,중소기업,43211514,컴퓨터키오스크,4321151401,증명발급기,4,79400000,대,19850000,4,79400000,4,79400000,Y,대표품목,3830000,경기도 안양시,경기도 안양시 동안구,20260126
R26TB01467017,00,2026-01-26,1,0023C0107,02,23813369,"증명발급기, 광명테크, G7i, 통합민원발급기",주식회사광명테크,중소기업,43211514,컴퓨터키오스크,4321151401,증명발급기,1,7750000,대,7750000,1,7750000,1,7750000,Y,대표품목,4160024,경기도 가평군 가평읍,경기도 가평군,20260126
R26TB01467774,00,2026-01-27,1,002061436,12,24362785,"증명발급기, 에니텍시스, AT-K300, 무인민원발급기/시청각장애인겸용",(주)에니텍시스,중소기업,43211514,컴퓨터키오스크,4321151401,증명발급기,3,65400000,대,21800000,3,65400000,3,65400000,Y,대표품목,4000000,경기도 오산시,경기도 오산시,20260127
R26TB01467836,00,2026-01-27,1,0023C0245,01,25885679,"증명발급기, 본시스, BON-7100S, 통합민원발급기",(주)본시스,중소기업,43211514,컴퓨터키오스크,4321151401,증명발급기,3,23580000,대,7860000,3,23580000,3,23580000,Y,대표품목,5730000,충청북도 청주시 흥덕구,충청북도 청주시 흥덕구,20260127
R26TB01468022,00,2026-01-27,1,0023C0107,02,24359644,"증명발급기, 광명테크, G10, 무인민원발급기/시청각장애인겸용",주식회사광명테크,중소기업,43211514,컴퓨터키오스크,4321151401,증명발급기,1,19800000,대,19800000,1,19800000,1,19800000,Y,대표품목,3580000,인천광역시 옹진군,인천광역시 미추홀구,20260127
R26TB01468737,00,2026-01-27,1,002061436,12,24362786,"증명발급기, 에니텍시스, AT-K300E, 무인민원발급기/시청각장애인겸용",(주)에니텍시스,중소기업,43211514,컴퓨터키오스크,4321151401,증명발급기,2,49600000,대,24800000,2,49600000,2,49600000,Y,대표품목,4060000,경기도 파주시,경기도 파주시,20260127
R26TB01468960,00,2026-01-27,1,002061436,12,24362786,"증명발급기, 에니텍시스, AT-K300E, 무인민원발급기/시청각장애인겸용",(주)에니텍시스,중소기업,43211514,컴퓨터키오스크,4321151401,증명발급기,2,49600000,대,24800000,2,49600000,2,49600000,Y,대표품목,3170000,서울특별시 금천구,서울특별시 금천구,20260127
R26TB01469294,00,2026-01-27,1,002061436,12,25202556,"증명발급기, 에니텍시스, IS-2000L, 통합민원발급기",(주)에니텍시스,중소기업,43211514,컴퓨터키오스크,4321151401,증명발급기,4,31200000,대,7800000,4,31200000,4,31200000,Y,대표품목,4060000,경기도 파주시,경기도 파주시,20260127
R26TB01469604,00,2026-01-27,1,002061437,12,26001990,"증명발급기, 한국타피, TAPI-9320D, 통합무인발급기/시청각장애인겸용",한국타피(주),중소기업,43211514,컴퓨터키오스크,4321151401,증명발급기,1,23000000,대,23000000,1,23000000,1,23000000,Y,대표품목,4060000,경기도 파주시,경기도 파주시,20260127
R26TB01471482,00,2026-01-27,1,002370024,02,24422601,"증명발급기, 한국타피, TAPI-9320B, 무인민원발급기/시청각장애인겸용",한국타피(주),중소기업,43211514,컴퓨터키오스크,4321151401,증명발급기,1,24800000,대,24800000,1,24800000,1,24800000,Y,대표품목,5590000,경기도 양주시,경기도 양주시,20260127
R26TB01472971,00,2026-01-28,1,002061437,12,24292470,"증명발급기, 한국타피, TAPI-9320T, 무인민원발급기/시청각장애인겸용",한국타피(주),중소기업,43211514,컴퓨터키오스크,4321151401,증명발급기,1,21800000,대,21800000,1,21800000,1,21800000,Y,대표품목,4570000,충청남도 부여군,충청남도 부여군,20260128
R26TB01473164,00,2026-01-28,1,002061436,12,24362788,"증명발급기, 에니텍시스, AT-K200(NEW), 무인민원발급기/시청각장애인겸용",(주)에니텍시스,중소기업,43211514,컴퓨터키오스크,4321151401,증명발급기,1,19850000,대,19850000,1,19850000,1,19850000,Y,대표품목,4651000,전북특별자치도 전주시 완산구,전북특별자치도 전주시 완산구,20260128
R26TB01473214,00,2026-01-28,1,002061436,12,24362785,"증명발급기, 에니텍시스, AT-K300, 무인민원발급기/시청각장애인겸용",(주)에니텍시스,중소기업,43211514,컴퓨터키오스크,4321151401,증명발급기,1,21800000,대,21800000,1,21800000,1,21800000,Y,대표품목,3561000,인천광역시 서해구,인천광역시 서구,20260128
R26TB01473215,00,2026-01-28,1,002061437,12,24292470,"증명발급기, 한국타피, TAPI-9320T, 무인민원발급기/시청각장애인겸용",한국타피(주),중소기업,43211514,컴퓨터키오스크,4321151401,증명발급기,1,21800000,대,21800000,1,21800000,1,21800000,Y,대표품목,3561000,인천광역시 서해구,인천광역시 서구,20260128
R26TB01473504,00,2026-01-28,1,002061437,12,24292472,"증명발급기, 한국타피, TAPI-9270T, 무인민원발급기/시청각장애인겸용",한국타피(주),중소기업,43211514,컴퓨터키오스크,4321151401,증명발급기,1,19800000,대,19800000,1,19800000,1,19800000,Y,대표품목,4661000,전북특별자치도 전주시 덕진구,전북특별자치도 전주시 덕진구,20260128
R26TB01473892,00,2026-01-28,1,002061436,12,24362786,"증명발급기, 에니텍시스, AT-K300E, 무인민원발급기/시청각장애인겸용",(주)에니텍시스,중소기업,43211514,컴퓨터키오스크,4321151401,증명발급기,1,24800000,대,24800000,1,24800000,1,24800000,Y,대표품목,5895000,전남광주통합특별시 장성군,전라남도 장성군,20260128
R26TB01475100,00,2026-01-28,1,002061437,12,26001990,"증명발급기, 한국타피, TAPI-9320D, 통합무인발급기/시청각장애인겸용",한국타피(주),중소기업,43211514,컴퓨터키오스크,4321151401,증명발급기,1,23000000,대,23000000,1,23000000,1,23000000,Y,대표품목,3050000,서울특별시 동대문구,서울특별시 동대문구,20260128
R26TB01476518,00,2026-01-28,1,002370024,02,24422601,"증명발급기, 한국타피, TAPI-9320B, 무인민원발급기/시청각장애인겸용",한국타피(주),중소기업,43211514,컴퓨터키오스크,4321151401,증명발급기,2,49600000,대,24800000,2,49600000,2,49600000,Y,대표품목,4600000,충청남도 홍성군,충청남도 홍성군,20260128
R26TB01476519,00,2026-01-28,1,0023C0107,02,24359645,"증명발급기, 광명테크, G10s, 무인민원발급기/시청각장애인겸용/촉각모니터",주식회사광명테크,중소기업,43211514,컴퓨터키오스크,4321151401,증명발급기,1,24800000,대,24800000,1,24800000,1,24800000,Y,대표품목,4600000,충청남도 홍성군,충청남도 홍성군,20260128
R26TB01478423,00,2026-01-29,1,002061436,12,25202556,"증명발급기, 에니텍시스, IS-2000L, 통합민원발급기",(주)에니텍시스,중소기업,43211514,컴퓨터키오스크,4321151401,증명발급기,1,7800000,대,7800000,1,7800000,1,7800000,Y,대표품목,3120000,서울특별시 서대문구,서울특별시 서대문구,20260129
R26TB01481574,00,2026-01-29,1,002061437,12,23893188,"증명발급기, 한국타피, TA-2200S(NEW), 통합민원발급기",한국타피(주),중소기업,43211514,컴퓨터키오스크,4321151401,증명발급기,1,7600000,대,7600000,1,7600000,1,7600000,Y,대표품목,4241069,강원특별자치도 삼척시 교동,강원특별자치도 삼척시,20260129
R26TB01482785,00,2026-01-29,1,002061436,12,25202556,"증명발급기, 에니텍시스, IS-2000L, 통합민원발급기",(주)에니텍시스,중소기업,43211514,컴퓨터키오스크,4321151401,증명발급기,1,7800000,대,7800000,1,7800000,1,7800000,Y,대표품목,4490089,충청남도 천안시 입장면,충청남도 천안시 서북구,20260129
R26TB01483119,00,2026-01-29,1,002370024,02,24422601,"증명발급기, 한국타피, TAPI-9320B, 무인민원발급기/시청각장애인겸용",한국타피(주),중소기업,43211514,컴퓨터키오스크,4321151401,증명발급기,1,24800000,대,24800000,1,24800000,1,24800000,Y,대표품목,5855000,전남광주통합특별시 화순군,전라남도 화순군,20260129
R26TB01483845,00,2026-01-30,1,002061436,12,25202556,"증명발급기, 에니텍시스, IS-2000L, 통합민원발급기",(주)에니텍시스,중소기업,43211514,컴퓨터키오스크,4321151401,증명발급기,3,23400000,대,7800000,3,23400000,3,23400000,Y,대표품목,3350000,부산광역시 금정구,부산광역시 금정구,20260130
R26TB01486093,00,2026-01-30,1,002470164,02,25233040,"버스및차량정보안내장치, 싸인텔레콤, ST-BIT-0312, 거치형",주식회사 싸인텔레콤,중소기업,43211514,컴퓨터키오스크,4321151403,버스및차량정보안내장치,10,74110000,대,7411000,10,74110000,10,74110000,Y,대표품목,3980000,경기도 구리시,경기도 구리시,20260130
R26TB01487264,00,2026-01-30,1,002061436,12,24362786,"증명발급기, 에니텍시스, AT-K300E, 무인민원발급기/시청각장애인겸용",(주)에니텍시스,중소기업,43211514,컴퓨터키오스크,4321151401,증명발급기,2,49600000,대,24800000,2,49600000,2,49600000,Y,대표품목,5660000,충청남도 천안시 서북구,충청남도 천안시 서북구,20260130
R26TB01487265,00,2026-01-30,1,002061437,12,26001990,"증명발급기, 한국타피, TAPI-9320D, 통합무인발급기/시청각장애인겸용",한국타피(주),중소기업,43211514,컴퓨터키오스크,4321151401,증명발급기,1,23000000,대,23000000,1,23000000,1,23000000,Y,대표품목,5660000,충청남도 천안시 서북구,충청남도 천안시 서북구,20260130
R26TB01487266,00,2026-01-30,1,002370024,02,24422601,"증명발급기, 한국타피, TAPI-9320B, 무인민원발급기/시청각장애인겸용",한국타피(주),중소기업,43211514,컴퓨터키오스크,4321151401,증명발급기,2,49600000,대,24800000,2,49600000,2,49600000,Y,대표품목,5660000,충청남도 천안시 서북구,충청남도 천안시 서북구,20260130
R26TB01487843,00,2026-01-30,1,002061436,12,24362785,"증명발급기, 에니텍시스, AT-K300, 무인민원발급기/시청각장애인겸용",(주)에니텍시스,중소기업,43211514,컴퓨터키오스크,4321151401,증명발급기,2,43600000,대,21800000,2,43600000,2,43600000,Y,대표품목,3500000,인천광역시 동구,인천광역시 동구,20260130
R26TB01487891,00,2026-01-31,1,002061436,12,25202556,"증명발급기, 에니텍시스, IS-2000L, 통합민원발급기",(주)에니텍시스,중소기업,43211514,컴퓨터키오스크,4321151401,증명발급기,2,15600000,대,7800000,2,15600000,2,15600000,Y,대표품목,5680000,충청남도 당진시,충청남도 당진시,20260131
R26TB01489737,00,2026-02-02,1,002062281,08,25959485,"증명발급기, 한국에임, HAIM-7000SC, 통합무인발급기/시청각장애인겸용",(주)한국에임,중소기업,43211514,컴퓨터키오스크,4321151401,증명발급기,1,23000000,대,23000000,1,23000000,1,23000000,Y,대표품목,3400000,부산광역시 기장군,부산광역시 기장군,20260202
R26TB01491127,00,2026-02-02,1,002061436,12,24362785,"증명발급기, 에니텍시스, AT-K300, 무인민원발급기/시청각장애인겸용",(주)에니텍시스,중소기업,43211514,컴퓨터키오스크,4321151401,증명발급기,1,21800000,대,21800000,1,21800000,1,21800000,N,대표품목,5090000,경상북도 영주시,경상북도 영주시,20260202
R26TB01491127,01,2026-02-09,1,002061436,12,24362785,"증명발급기, 에니텍시스, AT-K300, 무인민원발급기/시청각장애인겸용",(주)에니텍시스,중소기업,43211514,컴퓨터키오스크,4321151401,증명발급기,0,0,대,21800000,0,0,-1,-21800000,Y,대표품목,5090000,경상북도 영주시,경상북도 영주시,20260202
R26TB01491128,00,2026-02-02,1,002061437,12,24292472,"증명발급기, 한국타피, TAPI-9270T, 무인민원발급기/시청각장애인겸용",한국타피(주),중소기업,43211514,컴퓨터키오스크,4321151401,증명발급기,1,19800000,대,19800000,1,19800000,1,19800000,N,대표품목,5090000,경상북도 영주시,경상북도 영주시,20260202
R26TB01491128,01,2026-02-09,1,002061437,12,24292472,"증명발급기, 한국타피, TAPI-9270T, 무인민원발급기/시청각장애인겸용",한국타피(주),중소기업,43211514,컴퓨터키오스크,4321151401,증명발급기,0,0,대,19800000,0,0,-1,-19800000,Y,대표품목,5090000,경상북도 영주시,경상북도 영주시,20260202
R26TB01493305,00,2026-02-02,1,002061436,12,24362786,"증명발급기, 에니텍시스, AT-K300E, 무인민원발급기/시청각장애인겸용",(주)에니텍시스,중소기업,43211514,컴퓨터키오스크,4321151401,증명발급기,1,24800000,대,24800000,1,24800000,1,24800000,Y,대표품목,3690000,울산광역시 중구,울산광역시 중구,20260202
R26TB01493454,00,2026-02-02,1,002061436,12,25202556,"증명발급기, 에니텍시스, IS-2000L, 통합민원발급기",(주)에니텍시스,중소기업,43211514,컴퓨터키오스크,4321151401,증명발급기,1,7800000,대,7800000,1,7800000,1,7800000,Y,대표품목,3850014,경기도 안양시 동안구 부흥동,경기도 안양시 동안구,20260202
R26TB01494342,00,2026-02-03,1,002061436,12,24362785,"증명발급기, 에니텍시스, AT-K300, 무인민원발급기/시청각장애인겸용",(주)에니텍시스,중소기업,43211514,컴퓨터키오스크,4321151401,증명발급기,1,21800000,대,21800000,1,21800000,1,21800000,Y,대표품목,4620000,충청남도 태안군,충청남도 태안군,20260203
R26TB01495104,00,2026-02-03,1,0023C0107,02,23813369,"증명발급기, 광명테크, G7i, 통합민원발급기",주식회사광명테크,중소기업,43211514,컴퓨터키오스크,4321151401,증명발급기,1,7750000,대,7750000,1,7750000,1,7750000,Y,대표품목,3980000,경기도 구리시,경기도 구리시,20260203
R26TB01495113,00,2026-02-03,1,002061436,12,24362788,"증명발급기, 에니텍시스, AT-K200(NEW), 무인민원발급기/시청각장애인겸용",(주)에니텍시스,중소기업,43211514,컴퓨터키오스크,4321151401,증명발급기,5,99250000,대,19850000,5,99250000,5,99250000,Y,대표품목,3980000,경기도 구리시,경기도 구리시,20260203
R26TB01495842,00,2026-02-03,1,002061436,12,24362786,"증명발급기, 에니텍시스, AT-K300E, 무인민원발급기/시청각장애인겸용",(주)에니텍시스,중소기업,43211514,컴퓨터키오스크,4321151401,증명발급기,1,24800000,대,24800000,1,24800000,1,24800000,Y,대표품목,4170000,경기도 양평군,경기도 양평군,20260203
R26TB01495843,00,2026-02-03,1,002370024,02,24422601,"증명발급기, 한국타피, TAPI-9320B, 무인민원발급기/시청각장애인겸용",한국타피(주),중소기업,43211514,컴퓨터키오스크,4321151401,증명발급기,1,24800000,대,24800000,1,24800000,1,24800000,Y,대표품목,4170000,경기도 양평군,경기도 양평군,20260203
R26TB01496335,00,2026-02-03,1,002061436,12,25202555,"증명발급기, 에니텍시스, IS-2000M, 통합민원발급기",(주)에니텍시스,중소기업,43211514,컴퓨터키오스크,4321151401,증명발급기,1,8500000,대,8500000,1,8500000,1,8500000,Y,대표품목,4520000,충청남도 아산시,충청남도 아산시,20260203
R26TB01498910,00,2026-02-03,1,002061436,12,24362785,"증명발급기, 에니텍시스, AT-K300, 무인민원발급기/시청각장애인겸용",(주)에니텍시스,중소기업,43211514,컴퓨터키오스크,4321151401,증명발급기,1,21800000,대,21800000,1,21800000,1,21800000,Y,대표품목,5120000,경상북도 문경시,경상북도 문경시,20260203
R26TB01499516,00,2026-02-03,1,002061437,12,26001990,"증명발급기, 한국타피, TAPI-9320D, 통합무인발급기/시청각장애인겸용",한국타피(주),중소기업,43211514,컴퓨터키오스크,4321151401,증명발급기,1,23000000,대,23000000,1,23000000,1,23000000,N,대표품목,4231000,강원특별자치도 속초시,강원특별자치도 속초시,20260203
R26TB01499516,01,2026-03-12,1,002061437,12,26001990,"증명발급기, 한국타피, TAPI-9320D, 통합무인발급기/시청각장애인겸용",한국타피(주),중소기업,43211514,컴퓨터키오스크,4321151401,증명발급기,0,0,대,23000000,0,0,-1,-23000000,Y,대표품목,4231000,강원특별자치도 속초시,강원특별자치도 속초시,20260203
R26TB01500765,00,2026-02-04,1,002061436,12,24362788,"증명발급기, 에니텍시스, AT-K200(NEW), 무인민원발급기/시청각장애인겸용",(주)에니텍시스,중소기업,43211514,컴퓨터키오스크,4321151401,증명발급기,1,19850000,대,19850000,1,19850000,1,19850000,Y,대표품목,3210000,서울특별시 서초구,서울특별시 서초구,20260204
R26TB01500766,00,2026-02-04,1,002061437,12,24292472,"증명발급기, 한국타피, TAPI-9270T, 무인민원발급기/시청각장애인겸용",한국타피(주),중소기업,43211514,컴퓨터키오스크,4321151401,증명발급기,4,79200000,대,19800000,4,79200000,4,79200000,Y,대표품목,3210000,서울특별시 서초구,서울특별시 서초구,20260204
R26TB01501984,00,2026-02-04,1,002061437,12,24292472,"증명발급기, 한국타피, TAPI-9270T, 무인민원발급기/시청각장애인겸용",한국타피(주),중소기업,43211514,컴퓨터키오스크,4321151401,증명발급기,1,19800000,대,19800000,1,19800000,1,19800000,Y,대표품목,5785000,전남광주통합특별시 여수시,전라남도 여수시,20260204
R26TB01501985,00,2026-02-04,1,0023C0107,02,24359644,"증명발급기, 광명테크, G10, 무인민원발급기/시청각장애인겸용",주식회사광명테크,중소기업,43211514,컴퓨터키오스크,4321151401,증명발급기,1,19800000,대,19800000,1,19800000,1,19800000,Y,대표품목,5785000,전남광주통합특별시 여수시,전라남도 여수시,20260204
R26TB01502201,00,2026-02-04,1,002061437,12,24297224,"증명발급기, 한국타피, TAPI-9240S, 무인민원발급기/시청각장애인겸용",한국타피(주),중소기업,43211514,컴퓨터키오스크,4321151401,증명발급기,2,48600000,대,24300000,2,48600000,2,48600000,Y,대표품목,4470000,충청북도 음성군,충청북도 음성군,20260204
R26TB01504391,00,2026-02-04,1,002061436,12,25202556,"증명발급기, 에니텍시스, IS-2000L, 통합민원발급기",(주)에니텍시스,중소기업,43211514,컴퓨터키오스크,4321151401,증명발급기,1,7800000,대,7800000,1,7800000,1,7800000,Y,대표품목,5650000,충청남도 천안시 동남구,충청남도 천안시 동남구,20260204
R26TB01504966,00,2026-02-04,1,002061436,12,24362785,"증명발급기, 에니텍시스, AT-K300, 무인민원발급기/시청각장애인겸용",(주)에니텍시스,중소기업,43211514,컴퓨터키오스크,4321151401,증명발급기,1,21800000,대,21800000,1,21800000,1,21800000,Y,대표품목,5550000,경기도 안산시 상록구,경기도 안산시 상록구,20260204
R26TB01504967,00,2026-02-04,1,002061437,12,24292470,"증명발급기, 한국타피, TAPI-9320T, 무인민원발급기/시청각장애인겸용",한국타피(주),중소기업,43211514,컴퓨터키오스크,4321151401,증명발급기,2,43600000,대,21800000,2,43600000,2,43600000,Y,대표품목,5550000,경기도 안산시 상록구,경기도 안산시 상록구,20260204
R26TB01505159,00,2026-02-04,1,002061437,12,23893188,"증명발급기, 한국타피, TA-2200S(NEW), 통합민원발급기",한국타피(주),중소기업,43211514,컴퓨터키오스크,4321151401,증명발급기,1,7600000,대,7600000,1,7600000,1,7600000,Y,대표품목,5340049,경상남도 사천시 용현면,경상남도 사천시,20260204
R26TB01506249,00,2026-02-05,1,002370024,02,24422601,"증명발급기, 한국타피, TAPI-9320B, 무인민원발급기/시청각장애인겸용",한국타피(주),중소기업,43211514,컴퓨터키오스크,4321151401,증명발급기,1,24800000,대,24800000,1,24800000,1,24800000,Y,대표품목,3720000,울산광역시 북구,울산광역시 북구,20260205
R26TB01507220,00,2026-02-05,1,002370024,02,24422601,"증명발급기, 한국타피, TAPI-9320B, 무인민원발급기/시청각장애인겸용",한국타피(주),중소기업,43211514,컴퓨터키오스크,4321151401,증명발급기,1,24800000,대,24800000,1,24800000,1,24800000,Y,대표품목,5860000,전남광주통합특별시 장흥군,전라남도 장흥군,20260205
R26TB01507298,00,2026-02-05,1,002061436,12,25202556,"증명발급기, 에니텍시스, IS-2000L, 통합민원발급기",(주)에니텍시스,중소기업,43211514,컴퓨터키오스크,4321151401,증명발급기,1,7800000,대,7800000,1,7800000,1,7800000,Y,대표품목,3850021,경기도 안양시 동안구 귀인동,경기도 안양시 동안구,20260205
R26TB01508144,00,2026-02-05,1,002061437,12,24292472,"증명발급기, 한국타피, TAPI-9270T, 무인민원발급기/시청각장애인겸용",한국타피(주),중소기업,43211514,컴퓨터키오스크,4321151401,증명발급기,7,83160000,대,11880000,7,83160000,7,83160000,Y,대표품목,4520000,충청남도 아산시,충청남도 아산시,20260205
R26TB01509145,00,2026-02-05,1,0023C0107,02,25713566,"증명발급기, 광명테크, G10SL, 무인민원발급기/시청각장애인겸용/촉각모니터",주식회사광명테크,중소기업,43211514,컴퓨터키오스크,4321151401,증명발급기,1,24800000,대,24800000,1,24800000,1,24800000,Y,대표품목,5210000,경상북도 성주군,경상북도 성주군,20260205
R26TB01509540,00,2026-02-05,1,002061436,12,24362786,"증명발급기, 에니텍시스, AT-K300E, 무인민원발급기/시청각장애인겸용",(주)에니텍시스,중소기업,43211514,컴퓨터키오스크,4321151401,증명발급기,9,94050000,대,10450000,9,94050000,9,94050000,Y,대표품목,5350000,경상남도 김해시,경상남도 김해시,20260205
R26TB01509658,00,2026-02-05,1,0023C0107,02,25713566,"증명발급기, 광명테크, G10SL, 무인민원발급기/시청각장애인겸용/촉각모니터",주식회사광명테크,중소기업,43211514,컴퓨터키오스크,4321151401,증명발급기,1,24800000,대,24800000,1,24800000,1,24800000,Y,대표품목,4331000,강원특별자치도 인제군,강원특별자치도 인제군,20260205
R26TB01509937,00,2026-02-05,1,002061436,12,24362785,"증명발급기, 에니텍시스, AT-K300, 무인민원발급기/시청각장애인겸용",(주)에니텍시스,중소기업,43211514,컴퓨터키오스크,4321151401,증명발급기,1,21800000,대,21800000,1,21800000,1,21800000,Y,대표품목,4030000,경기도 의왕시,경기도 의왕시,20260205
R26TB01512606,00,2026-02-06,1,002061436,12,25202556,"증명발급기, 에니텍시스, IS-2000L, 통합민원발급기",(주)에니텍시스,중소기업,43211514,컴퓨터키오스크,4321151401,증명발급기,1,7800000,대,7800000,1,7800000,1,7800000,Y,대표품목,5900000,전남광주통합특별시 완도군,전라남도 완도군,20260206
R26TB01513626,00,2026-02-06,1,R25TA00404451,00,25300626,"버스및차량정보안내장치, 삼원에프에이, EBIT-1000P-60W, 독립형/단면",삼원에프에이주식회사,중소기업,43211514,컴퓨터키오스크,4321151403,버스및차량정보안내장치,3,17065800,대,5688600,28,149300800,3,17065800,Y,대표품목,4490000,충청남도 천안시,충청남도 천안시 서북구,20260206
R26TB01513626,00,2026-02-06,2,R25TA00404451,00,25109706,"버스및차량정보안내장치, 삼원에프에이, EBIT-1000S-60W, 거치형/단면",삼원에프에이주식회사,중소기업,43211514,컴퓨터키오스크,4321151403,버스및차량정보안내장치,25,132235000,대,5289400,28,149300800,25,132235000,Y,대표품목,4490000,충청남도 천안시,충청남도 천안시 서북구,20260206
R26TB01513732,00,2026-02-06,1,0023C0107,02,23813369,"증명발급기, 광명테크, G7i, 통합민원발급기",주식회사광명테크,중소기업,43211514,컴퓨터키오스크,4321151401,증명발급기,3,23250000,대,7750000,3,23250000,3,23250000,Y,대표품목,3730000,울산광역시 울주군,울산광역시 울주군,20260206
R26TB01516036,00,2026-02-08,1,002370024,02,24422601,"증명발급기, 한국타피, TAPI-9320B, 무인민원발급기/시청각장애인겸용",한국타피(주),중소기업,43211514,컴퓨터키오스크,4321151401,증명발급기,1,24800000,대,24800000,1,24800000,1,24800000,Y,대표품목,3070000,서울특별시 성북구,서울특별시 성북구,20260208
R26TB01516307,00,2026-02-09,1,002061436,12,24362788,"증명발급기, 에니텍시스, AT-K200(NEW), 무인민원발급기/시청각장애인겸용",(주)에니텍시스,중소기업,43211514,컴퓨터키오스크,4321151401,증명발급기,3,59550000,대,19850000,3,59550000,3,59550000,Y,대표품목,3530000,인천광역시 남동구,인천광역시 남동구,20260209
R26TB01516816,00,2026-02-09,1,002061436,12,25202556,"증명발급기, 에니텍시스, IS-2000L, 통합민원발급기",(주)에니텍시스,중소기업,43211514,컴퓨터키오스크,4321151401,증명발급기,2,15600000,대,7800000,2,15600000,2,15600000,Y,대표품목,3760000,경기도 수원시 권선구,경기도 수원시 권선구,20260209
R26TB01518573,00,2026-02-09,1,002061436,12,25202556,"증명발급기, 에니텍시스, IS-2000L, 통합민원발급기",(주)에니텍시스,중소기업,43211514,컴퓨터키오스크,4321151401,증명발급기,2,15600000,대,7800000,2,15600000,2,15600000,Y,대표품목,3170000,서울특별시 금천구,서울특별시 금천구,20260209
R26TB01520265,00,2026-02-09,1,002061436,12,24362788,"증명발급기, 에니텍시스, AT-K200(NEW), 무인민원발급기/시청각장애인겸용",(주)에니텍시스,중소기업,43211514,컴퓨터키오스크,4321151401,증명발급기,1,19850000,대,19850000,1,19850000,1,19850000,Y,대표품목,5680000,충청남도 당진시,충청남도 당진시,20260209
R26TB01520266,00,2026-02-09,1,002061437,12,24292472,"증명발급기, 한국타피, TAPI-9270T, 무인민원발급기/시청각장애인겸용",한국타피(주),중소기업,43211514,컴퓨터키오스크,4321151401,증명발급기,3,59400000,대,19800000,3,59400000,3,59400000,Y,대표품목,5680000,충청남도 당진시,충청남도 당진시,20260209
R26TB01520796,00,2026-02-09,1,002061436,12,24362786,"증명발급기, 에니텍시스, AT-K300E, 무인민원발급기/시청각장애인겸용",(주)에니텍시스,중소기업,43211514,컴퓨터키오스크,4321151401,증명발급기,2,49600000,대,24800000,2,49600000,2,49600000,Y,대표품목,5865000,전남광주통합특별시 강진군,전라남도 강진군,20260209
R26TB01521236,00,2026-02-09,1,002061436,12,24362785,"증명발급기, 에니텍시스, AT-K300, 무인민원발급기/시청각장애인겸용",(주)에니텍시스,중소기업,43211514,컴퓨터키오스크,4321151401,증명발급기,1,21800000,대,21800000,1,21800000,1,21800000,Y,대표품목,5250000,경상북도 울진군,경상북도 울진군,20260209
R26TB01521264,00,2026-02-09,1,0023C0107,02,25713564,"증명발급기, 광명테크, G10i, 무인민원발급기/시청각장애인겸용",주식회사광명테크,중소기업,43211514,컴퓨터키오스크,4321151401,증명발급기,1,21800000,대,21800000,1,21800000,1,21800000,Y,대표품목,5250000,경상북도 울진군,경상북도 울진군,20260209
R26TB01522401,00,2026-02-10,1,002061436,12,25202556,"증명발급기, 에니텍시스, IS-2000L, 통합민원발급기",(주)에니텍시스,중소기업,43211514,컴퓨터키오스크,4321151401,증명발급기,1,7800000,대,7800000,1,7800000,1,7800000,Y,대표품목,3900051,경기도 광명시 소하2동,경기도 광명시,20260210
R26TB01525137,00,2026-02-10,1,002061436,12,24362785,"증명발급기, 에니텍시스, AT-K300, 무인민원발급기/시청각장애인겸용",(주)에니텍시스,중소기업,43211514,컴퓨터키오스크,4321151401,증명발급기,2,43600000,대,21800000,2,43600000,2,43600000,Y,대표품목,4721000,전북특별자치도 완주군,전북특별자치도 완주군,20260210
R26TB01527586,00,2026-02-10,1,002061436,12,25202555,"증명발급기, 에니텍시스, IS-2000M, 통합민원발급기",(주)에니텍시스,중소기업,43211514,컴퓨터키오스크,4321151401,증명발급기,1,8500000,대,8500000,1,8500000,1,8500000,Y,대표품목,4040000,경기도 하남시,경기도 하남시,20260210
R26TB01528384,00,2026-02-10,1,002061436,12,24362785,"증명발급기, 에니텍시스, AT-K300, 무인민원발급기/시청각장애인겸용",(주)에니텍시스,중소기업,43211514,컴퓨터키오스크,4321151401,증명발급기,1,21800000,대,21800000,1,21800000,1,21800000,Y,대표품목,5090000,경상북도 영주시,경상북도 영주시,20260210
R26TB01528385,00,2026-02-10,1,002061437,12,24292470,"증명발급기, 한국타피, TAPI-9320T, 무인민원발급기/시청각장애인겸용",한국타피(주),중소기업,43211514,컴퓨터키오스크,4321151401,증명발급기,1,21800000,대,21800000,1,21800000,1,21800000,Y,대표품목,5090000,경상북도 영주시,경상북도 영주시,20260210
R26TB01528566,00,2026-02-10,1,0023C0107,02,23813369,"증명발급기, 광명테크, G7i, 통합민원발급기",주식회사광명테크,중소기업,43211514,컴퓨터키오스크,4321151401,증명발급기,1,7750000,대,7750000,1,7750000,1,7750000,Y,대표품목,4691067,전북특별자치도 정읍시 내장상동,전북특별자치도 정읍시,20260210
R26TB01530727,00,2026-02-11,1,002370024,02,24422601,"증명발급기, 한국타피, TAPI-9320B, 무인민원발급기/시청각장애인겸용",한국타피(주),중소기업,43211514,컴퓨터키오스크,4321151401,증명발급기,1,24800000,대,24800000,1,24800000,1,24800000,Y,대표품목,4701000,전북특별자치도 남원시,전북특별자치도 남원시,20260211
R26TB01530728,00,2026-02-11,1,0023C0107,02,25713566,"증명발급기, 광명테크, G10SL, 무인민원발급기/시청각장애인겸용/촉각모니터",주식회사광명테크,중소기업,43211514,컴퓨터키오스크,4321151401,증명발급기,1,24800000,대,24800000,1,24800000,1,24800000,Y,대표품목,4701000,전북특별자치도 남원시,전북특별자치도 남원시,20260211
R26TB01531056,00,2026-02-11,1,0023C0245,01,25885679,"증명발급기, 본시스, BON-7100S, 통합민원발급기",(주)본시스,중소기업,43211514,컴퓨터키오스크,4321151401,증명발급기,2,15720000,대,7860000,2,15720000,2,15720000,Y,대표품목,4440000,충청북도 영동군,충청북도 영동군,20260211
R26TB01531429,00,2026-02-11,1,002061436,12,24362785,"증명발급기, 에니텍시스, AT-K300, 무인민원발급기/시청각장애인겸용",(주)에니텍시스,중소기업,43211514,컴퓨터키오스크,4321151401,증명발급기,7,115850000,대,16550000,7,115850000,7,115850000,Y,대표품목,5810000,전남광주통합특별시 서구,광주광역시 서구,20260211
R26TB01531736,00,2026-02-11,1,002061436,12,24362786,"증명발급기, 에니텍시스, AT-K300E, 무인민원발급기/시청각장애인겸용",(주)에니텍시스,중소기업,43211514,컴퓨터키오스크,4321151401,증명발급기,5,102750000,대,20550000,5,102750000,5,102750000,N,대표품목,4510000,충청남도 보령시,충청남도 보령시,20260211
R26TB01531736,01,2026-02-13,1,002061436,12,24362786,"증명발급기, 에니텍시스, AT-K300E, 무인민원발급기/시청각장애인겸용",(주)에니텍시스,중소기업,43211514,컴퓨터키오스크,4321151401,증명발급기,6,123300000,대,20550000,6,123300000,1,20550000,Y,대표품목,4510000,충청남도 보령시,충청남도 보령시,20260211
R26TB01532166,00,2026-02-11,1,002061436,12,25202556,"증명발급기, 에니텍시스, IS-2000L, 통합민원발급기",(주)에니텍시스,중소기업,43211514,컴퓨터키오스크,4321151401,증명발급기,3,23400000,대,7800000,3,23400000,3,23400000,Y,대표품목,3770000,경기도 수원시 팔달구,경기도 수원시 팔달구,20260211
R26TB01536203,00,2026-02-12,1,002061436,12,24362786,"증명발급기, 에니텍시스, AT-K300E, 무인민원발급기/시청각장애인겸용",(주)에니텍시스,중소기업,43211514,컴퓨터키오스크,4321151401,증명발급기,1,24800000,대,24800000,1,24800000,1,24800000,Y,대표품목,3460000,대구광역시 수성구,대구광역시 수성구,20260212
R26TB01536205,00,2026-02-12,1,0023C0107,02,24359645,"증명발급기, 광명테크, G10s, 무인민원발급기/시청각장애인겸용/촉각모니터",주식회사광명테크,중소기업,43211514,컴퓨터키오스크,4321151401,증명발급기,1,24800000,대,24800000,1,24800000,1,24800000,Y,대표품목,3460000,대구광역시 수성구,대구광역시 수성구,20260212
R26TB01536993,00,2026-02-12,1,002061436,12,24362786,"증명발급기, 에니텍시스, AT-K300E, 무인민원발급기/시청각장애인겸용",(주)에니텍시스,중소기업,43211514,컴퓨터키오스크,4321151401,증명발급기,1,24800000,대,24800000,1,24800000,1,24800000,Y,대표품목,3510500,인천광역시 미추홀구,인천광역시 미추홀구,20260212
R26TB01537150,00,2026-02-12,1,002061436,12,24362788,"증명발급기, 에니텍시스, AT-K200(NEW), 무인민원발급기/시청각장애인겸용",(주)에니텍시스,중소기업,43211514,컴퓨터키오스크,4321151401,증명발급기,1,19850000,대,19850000,1,19850000,1,19850000,Y,대표품목,5795000,전남광주통합특별시 나주시,전라남도 나주시,20260212
R26TB01537151,00,2026-02-12,1,002061437,12,24292472,"증명발급기, 한국타피, TAPI-9270T, 무인민원발급기/시청각장애인겸용",한국타피(주),중소기업,43211514,컴퓨터키오스크,4321151401,증명발급기,2,39600000,대,19800000,2,39600000,2,39600000,Y,대표품목,5795000,전남광주통합특별시 나주시,전라남도 나주시,20260212
R26TB01537955,00,2026-02-12,1,002061436,12,25202556,"증명발급기, 에니텍시스, IS-2000L, 통합민원발급기",(주)에니텍시스,중소기업,43211514,컴퓨터키오스크,4321151401,증명발급기,1,7800000,대,7800000,1,7800000,1,7800000,Y,대표품목,3370032,부산광역시 연제구 연산5동,부산광역시 연제구,20260212
R26TB01538094,00,2026-02-12,1,002061436,12,25202556,"증명발급기, 에니텍시스, IS-2000L, 통합민원발급기",(주)에니텍시스,중소기업,43211514,컴퓨터키오스크,4321151401,증명발급기,10,78000000,대,7800000,10,78000000,10,78000000,Y,대표품목,3210000,서울특별시 서초구,서울특별시 서초구,20260212
R26TB01538959,00,2026-02-12,1,R25TA00246464,02,25559903,"무인안내시스템, 아이티고, SAFETOUCH(O)-55S2FC, 키오스크","아이티고 주식회사 (ITGO Co., Ltd.)",중소기업,43211514,컴퓨터키오스크,4321151402,무인안내시스템,1,32000000,대,32000000,1,32000000,1,32000000,Y,대표품목,5330000,경상남도 통영시,경상남도 통영시,20260212
R26TB01539450,00,2026-02-12,1,002061436,12,24362786,"증명발급기, 에니텍시스, AT-K300E, 무인민원발급기/시청각장애인겸용",(주)에니텍시스,중소기업,43211514,컴퓨터키오스크,4321151401,증명발급기,1,24800000,대,24800000,1,24800000,1,24800000,Y,대표품목,6510000,제주특별자치도 제주시,제주특별자치도 제주시,20260212
R26TB01539484,00,2026-02-12,1,002370024,02,24422601,"증명발급기, 한국타피, TAPI-9320B, 무인민원발급기/시청각장애인겸용",한국타피(주),중소기업,43211514,컴퓨터키오스크,4321151401,증명발급기,1,24800000,대,24800000,1,24800000,1,24800000,Y,대표품목,6510000,제주특별자치도 제주시,제주특별자치도 제주시,20260212
R26TB01540116,00,2026-02-12,1,002061436,12,24362785,"증명발급기, 에니텍시스, AT-K300, 무인민원발급기/시청각장애인겸용",(주)에니텍시스,중소기업,43211514,컴퓨터키오스크,4321151401,증명발급기,2,43600000,대,21800000,2,43600000,2,43600000,Y,대표품목,4191000,강원특별자치도 원주시,강원특별자치도 원주시,20260212
R26TB01541250,00,2026-02-12,1,0023C0107,02,23813369,"증명발급기, 광명테크, G7i, 통합민원발급기",주식회사광명테크,중소기업,43211514,컴퓨터키오스크,4321151401,증명발급기,4,31000000,대,7750000,4,31000000,4,31000000,Y,대표품목,4000000,경기도 오산시,경기도 오산시,20260212
R26TB01542558,00,2026-02-13,1,002370024,02,24422601,"증명발급기, 한국타피, TAPI-9320B, 무인민원발급기/시청각장애인겸용",한국타피(주),중소기업,43211514,컴퓨터키오스크,4321151401,증명발급기,5,124000000,대,24800000,5,124000000,5,124000000,Y,대표품목,5880000,전남광주통합특별시 무안군,전라남도 무안군,20260213
R26TB01548436,00,2026-02-13,1,002061436,12,24362788,"증명발급기, 에니텍시스, AT-K200(NEW), 무인민원발급기/시청각장애인겸용",(주)에니텍시스,중소기업,43211514,컴퓨터키오스크,4321151401,증명발급기,3,59550000,대,19850000,3,59550000,3,59550000,Y,대표품목,3290000,부산광역시 부산진구,부산광역시 부산진구,20260213
R26TB01549501,00,2026-02-17,1,002470164,02,24064111,"버스및차량정보안내장치, 싸인텔레콤, SMARTVISION-PLUS-BIS-US64, 거치형",주식회사 싸인텔레콤,중소기업,43211514,컴퓨터키오스크,4321151403,버스및차량정보안내장치,22,197648000,대,8984000,22,197648000,22,197648000,Y,대표품목,3990000,경기도 남양주시,경기도 남양주시,20260217
R26TB01550466,00,2026-02-19,1,0023C0107,02,24359645,"증명발급기, 광명테크, G10s, 무인민원발급기/시청각장애인겸용/촉각모니터",주식회사광명테크,중소기업,43211514,컴퓨터키오스크,4321151401,증명발급기,1,24800000,대,24800000,1,24800000,1,24800000,Y,대표품목,5100000,경상북도 영천시,경상북도 영천시,20260219
R26TB01551307,00,2026-02-19,1,0023C0245,01,25885679,"증명발급기, 본시스, BON-7100S, 통합민원발급기",(주)본시스,중소기업,43211514,컴퓨터키오스크,4321151401,증명발급기,3,23580000,대,7860000,3,23580000,3,23580000,Y,대표품목,5720000,충청북도 청주시 상당구,충청북도 청주시 상당구,20260219
R26TB01554964,00,2026-02-19,1,002061436,12,24362787,"증명발급기, 에니텍시스, AT-K200E(NEW), 무인민원발급기/시청각장애인겸용",(주)에니텍시스,중소기업,43211514,컴퓨터키오스크,4321151401,증명발급기,2,47700000,대,23850000,2,47700000,2,47700000,Y,대표품목,4751000,전북특별자치도 장수군,전북특별자치도 장수군,20260219
R26TB01555766,00,2026-02-19,1,R25TA00404451,00,25300626,"버스및차량정보안내장치, 삼원에프에이, EBIT-1000P-60W, 독립형/단면",삼원에프에이주식회사,중소기업,43211514,컴퓨터키오스크,4321151403,버스및차량정보안내장치,1,5688600,대,5688600,1,5688600,1,5688600,Y,대표품목,3260000,부산광역시 서구,부산광역시 서구,20260219
R26TB01556387,00,2026-02-19,1,002061437,12,26001990,"증명발급기, 한국타피, TAPI-9320D, 통합무인발급기/시청각장애인겸용",한국타피(주),중소기업,43211514,컴퓨터키오스크,4321151401,증명발급기,1,23000000,대,23000000,1,23000000,1,23000000,Y,대표품목,3030000,서울특별시 성동구,서울특별시 성동구,20260219
R26TB01556421,00,2026-02-19,1,002061437,12,24292472,"증명발급기, 한국타피, TAPI-9270T, 무인민원발급기/시청각장애인겸용",한국타피(주),중소기업,43211514,컴퓨터키오스크,4321151401,증명발급기,1,19800000,대,19800000,1,19800000,1,19800000,Y,대표품목,5410000,경상남도 창녕군,경상남도 창녕군,20260219
R26TB01558136,00,2026-02-20,1,002061436,12,25202556,"증명발급기, 에니텍시스, IS-2000L, 통합민원발급기",(주)에니텍시스,중소기업,43211514,컴퓨터키오스크,4321151401,증명발급기,1,7800000,대,7800000,1,7800000,1,7800000,Y,대표품목,3050000,서울특별시 동대문구,서울특별시 동대문구,20260220
R26TB01560086,00,2026-02-20,1,002061436,12,25202556,"증명발급기, 에니텍시스, IS-2000L, 통합민원발급기",(주)에니텍시스,중소기업,43211514,컴퓨터키오스크,4321151401,증명발급기,1,7800000,대,7800000,1,7800000,1,7800000,Y,대표품목,4390066,충청북도 충주시 봉방동,충청북도 충주시,20260220
R26TB01564812,00,2026-02-23,1,002061436,12,24362786,"증명발급기, 에니텍시스, AT-K300E, 무인민원발급기/시청각장애인겸용",(주)에니텍시스,중소기업,43211514,컴퓨터키오스크,4321151401,증명발급기,1,24800000,대,24800000,1,24800000,1,24800000,Y,대표품목,6510000,제주특별자치도 제주시,제주특별자치도 제주시,20260223
R26TB01565557,00,2026-02-23,1,002061436,12,25202556,"증명발급기, 에니텍시스, IS-2000L, 통합민원발급기",(주)에니텍시스,중소기업,43211514,컴퓨터키오스크,4321151401,증명발급기,1,7800000,대,7800000,1,7800000,1,7800000,Y,대표품목,3190042,서울특별시 동작구 상도2동,서울특별시 동작구,20260223
R26TB01569268,00,2026-02-23,1,0023C0107,02,24359645,"증명발급기, 광명테크, G10s, 무인민원발급기/시청각장애인겸용/촉각모니터",주식회사광명테크,중소기업,43211514,컴퓨터키오스크,4321151401,증명발급기,3,74400000,대,24800000,3,74400000,3,74400000,Y,대표품목,5130000,경상북도 경산시,경상북도 경산시,20260223
R26TB01570423,00,2026-02-23,1,002061436,12,25202556,"증명발급기, 에니텍시스, IS-2000L, 통합민원발급기",(주)에니텍시스,중소기업,43211514,컴퓨터키오스크,4321151401,증명발급기,1,7800000,대,7800000,1,7800000,1,7800000,Y,대표품목,5825000,전남광주통합특별시 광산구,광주광역시 광산구,20260223
R26TB01570879,00,2026-02-23,1,R25TA00404451,00,25286961,"버스및차량정보안내장치, 삼원에프에이, EBIT-2000S-60W, 거치형/단면",삼원에프에이주식회사,중소기업,43211514,컴퓨터키오스크,4321151403,버스및차량정보안내장치,1,6786400,대,6786400,1,6786400,1,6786400,Y,대표품목,4010000,경기도 시흥시,경기도 시흥시,20260223
R26TB01570994,00,2026-02-23,1,002061437,12,23893188,"증명발급기, 한국타피, TA-2200S(NEW), 통합민원발급기",한국타피(주),중소기업,43211514,컴퓨터키오스크,4321151401,증명발급기,2,15200000,대,7600000,2,15200000,2,15200000,Y,대표품목,4020037,경기도 군포시 산본2동,경기도 군포시,20260223
R26TB01571413,00,2026-02-23,1,002062281,08,25959485,"증명발급기, 한국에임, HAIM-7000SC, 통합무인발급기/시청각장애인겸용",(주)한국에임,중소기업,43211514,컴퓨터키오스크,4321151401,증명발급기,1,23000000,대,23000000,1,23000000,1,23000000,Y,대표품목,3520000,인천광역시 연수구,인천광역시 연수구,20260223
R26TB01572163,00,2026-02-24,1,002061436,12,24362786,"증명발급기, 에니텍시스, AT-K300E, 무인민원발급기/시청각장애인겸용",(주)에니텍시스,중소기업,43211514,컴퓨터키오스크,4321151401,증명발급기,2,49600000,대,24800000,2,49600000,2,49600000,Y,대표품목,3440000,대구광역시 남구,대구광역시 남구,20260224
R26TB01580065,00,2026-02-25,1,002061437,12,23893188,"증명발급기, 한국타피, TA-2200S(NEW), 통합민원발급기",한국타피(주),중소기업,43211514,컴퓨터키오스크,4321151401,증명발급기,1,7600000,대,7600000,1,7600000,1,7600000,Y,대표품목,4020033,경기도 군포시 군포1동,경기도 군포시,20260225
R26TB01581593,00,2026-02-25,1,002370024,02,24422601,"증명발급기, 한국타피, TAPI-9320B, 무인민원발급기/시청각장애인겸용",한국타피(주),중소기업,43211514,컴퓨터키오스크,4321151401,증명발급기,3,74400000,대,24800000,3,74400000,3,74400000,Y,대표품목,5310000,경상남도 진주시,경상남도 진주시,20260225
R26TB01583964,00,2026-02-25,1,002061437,12,23893188,"증명발급기, 한국타피, TA-2200S(NEW), 통합민원발급기",한국타피(주),중소기업,43211514,컴퓨터키오스크,4321151401,증명발급기,2,15200000,대,7600000,2,15200000,2,15200000,Y,대표품목,4020039,경기도 군포시 재궁동,경기도 군포시,20260225
R26TB01585043,00,2026-02-25,1,002061437,12,23893188,"증명발급기, 한국타피, TA-2200S(NEW), 통합민원발급기",한국타피(주),중소기업,43211514,컴퓨터키오스크,4321151401,증명발급기,1,7600000,대,7600000,1,7600000,1,7600000,Y,대표품목,5340000,경상남도 사천시,경상남도 사천시,20260225
R26TB01587936,00,2026-02-26,1,002470164,02,25233043,"버스및차량정보안내장치, 싸인텔레콤, ST-HS4X12S, 거치형",주식회사 싸인텔레콤,중소기업,43211514,컴퓨터키오스크,4321151403,버스및차량정보안내장치,40,304960000,대,7624000,42,318966000,40,304960000,Y,대표품목,4181000,강원특별자치도 춘천시,강원특별자치도 춘천시,20260226
R26TB01587936,00,2026-02-26,2,002470164,02,25240950,"버스및차량정보안내장치, 싸인텔레콤, ST-BIT-0308, 거치형",주식회사 싸인텔레콤,중소기업,43211514,컴퓨터키오스크,4321151403,버스및차량정보안내장치,2,14006000,대,7003000,42,318966000,2,14006000,Y,대표품목,4181000,강원특별자치도 춘천시,강원특별자치도 춘천시,20260226
R26TB01589902,00,2026-02-26,1,002061436,12,24362785,"증명발급기, 에니텍시스, AT-K300, 무인민원발급기/시청각장애인겸용",(주)에니텍시스,중소기업,43211514,컴퓨터키오스크,4321151401,증명발급기,1,21800000,대,21800000,1,21800000,1,21800000,Y,대표품목,3710000,울산광역시 동구,울산광역시 동구,20260226
R26TB01589947,00,2026-02-26,1,0023C0245,01,25885679,"증명발급기, 본시스, BON-7100S, 통합민원발급기",(주)본시스,중소기업,43211514,컴퓨터키오스크,4321151401,증명발급기,4,31440000,대,7860000,4,31440000,4,31440000,Y,대표품목,5725000,충청북도 청주시 서원구,충청북도 청주시 서원구,20260226
R26TB01592522,00,2026-02-27,1,002061437,12,23893188,"증명발급기, 한국타피, TA-2200S(NEW), 통합민원발급기",한국타피(주),중소기업,43211514,컴퓨터키오스크,4321151401,증명발급기,1,7600000,대,7600000,1,7600000,1,7600000,Y,대표품목,4020043,경기도 군포시 대야동,경기도 군포시,20260227
R26TB01596031,00,2026-03-01,1,002061436,12,25202556,"증명발급기, 에니텍시스, IS-2000L, 통합민원발급기",(주)에니텍시스,중소기업,43211514,컴퓨터키오스크,4321151401,증명발급기,1,7800000,대,7800000,1,7800000,1,7800000,Y,대표품목,3150000,서울특별시 강서구,서울특별시 강서구,20260301
R26TB01597425,00,2026-03-03,1,002061436,12,25202556,"증명발급기, 에니텍시스, IS-2000L, 통합민원발급기",(주)에니텍시스,중소기업,43211514,컴퓨터키오스크,4321151401,증명발급기,2,15600000,대,7800000,2,15600000,2,15600000,Y,대표품목,3230000,서울특별시 송파구,서울특별시 송파구,20260303
R26TB01600106,00,2026-03-03,1,002061436,12,25202555,"증명발급기, 에니텍시스, IS-2000M, 통합민원발급기",(주)에니텍시스,중소기업,43211514,컴퓨터키오스크,4321151401,증명발급기,8,68000000,대,8500000,8,68000000,8,68000000,Y,대표품목,3990000,경기도 남양주시,경기도 남양주시,20260303
R26TB01602005,00,2026-03-03,1,002061436,12,25202556,"증명발급기, 에니텍시스, IS-2000L, 통합민원발급기",(주)에니텍시스,중소기업,43211514,컴퓨터키오스크,4321151401,증명발급기,1,7800000,대,7800000,1,7800000,1,7800000,Y,대표품목,3050000,서울특별시 동대문구,서울특별시 동대문구,20260303
R26TB01602208,00,2026-03-03,1,002061436,12,24362788,"증명발급기, 에니텍시스, AT-K200(NEW), 무인민원발급기/시청각장애인겸용",(주)에니텍시스,중소기업,43211514,컴퓨터키오스크,4321151401,증명발급기,4,79400000,대,19850000,4,79400000,4,79400000,Y,대표품목,5870000,전남광주통합특별시 해남군,전라남도 해남군,20260303
R26TB01602209,00,2026-03-03,1,002061437,12,24292472,"증명발급기, 한국타피, TAPI-9270T, 무인민원발급기/시청각장애인겸용",한국타피(주),중소기업,43211514,컴퓨터키오스크,4321151401,증명발급기,1,19800000,대,19800000,1,19800000,1,19800000,Y,대표품목,5870000,전남광주통합특별시 해남군,전라남도 해남군,20260303
R26TB01602263,00,2026-03-03,1,002061436,12,24362788,"증명발급기, 에니텍시스, AT-K200(NEW), 무인민원발급기/시청각장애인겸용",(주)에니텍시스,중소기업,43211514,컴퓨터키오스크,4321151401,증명발급기,1,19850000,대,19850000,1,19850000,1,19850000,Y,대표품목,3160000,서울특별시 구로구,서울특별시 구로구,20260303
R26TB01602264,00,2026-03-03,1,002062281,08,25959485,"증명발급기, 한국에임, HAIM-7000SC, 통합무인발급기/시청각장애인겸용",(주)한국에임,중소기업,43211514,컴퓨터키오스크,4321151401,증명발급기,1,23000000,대,23000000,1,23000000,1,23000000,Y,대표품목,3160000,서울특별시 구로구,서울특별시 구로구,20260303
R26TB01602688,00,2026-03-03,1,002061437,12,24292472,"증명발급기, 한국타피, TAPI-9270T, 무인민원발급기/시청각장애인겸용",한국타피(주),중소기업,43211514,컴퓨터키오스크,4321151401,증명발급기,1,19800000,대,19800000,1,19800000,1,19800000,Y,대표품목,5670123,경상남도 창원시 의창구,경상남도 창원시 의창구,20260303
R26TB01604491,00,2026-03-04,1,002061437,12,23893188,"증명발급기, 한국타피, TA-2200S(NEW), 통합민원발급기",한국타피(주),중소기업,43211514,컴퓨터키오스크,4321151401,증명발급기,1,7600000,대,7600000,1,7600000,1,7600000,N,대표품목,5340000,경상남도 사천시,경상남도 사천시,20260304
R26TB01604491,01,2026-03-05,1,002061437,12,23893188,"증명발급기, 한국타피, TA-2200S(NEW), 통합민원발급기",한국타피(주),중소기업,43211514,컴퓨터키오스크,4321151401,증명발급기,0,0,대,7600000,0,0,-1,-7600000,Y,대표품목,5340000,경상남도 사천시,경상남도 사천시,20260304
R26TB01606341,00,2026-03-04,1,002061437,12,23893188,"증명발급기, 한국타피, TA-2200S(NEW), 통합민원발급기",한국타피(주),중소기업,43211514,컴퓨터키오스크,4321151401,증명발급기,1,7600000,대,7600000,1,7600000,1,7600000,Y,대표품목,4241068,강원특별자치도 삼척시 성내동,강원특별자치도 삼척시,20260304
R26TB01606430,00,2026-03-04,1,0023C0107,02,23813369,"증명발급기, 광명테크, G7i, 통합민원발급기",주식회사광명테크,중소기업,43211514,컴퓨터키오스크,4321151401,증명발급기,2,15500000,대,7750000,2,15500000,2,15500000,Y,대표품목,5540297,경기도 광주시 광남2동,경기도 광주시,20260304
R26TB01608161,00,2026-03-04,1,002062281,08,25959484,"증명발급기, 한국에임, HAIM-7700SC, 통합무인발급기/시청각장애인겸용/촉각모니터",(주)한국에임,중소기업,43211514,컴퓨터키오스크,4321151401,증명발급기,1,26000000,대,26000000,1,26000000,1,26000000,Y,대표품목,5825000,전남광주통합특별시 광산구,광주광역시 광산구,20260304
R26TB01608171,00,2026-03-04,1,0023C0107,02,23777412,"증명발급기, 광명테크, G7, 통합민원발급기",주식회사광명테크,중소기업,43211514,컴퓨터키오스크,4321151401,증명발급기,1,7700000,대,7700000,1,7700000,1,7700000,Y,대표품목,4000000,경기도 오산시,경기도 오산시,20260304
R26TB01608913,00,2026-03-04,1,002370024,02,24422601,"증명발급기, 한국타피, TAPI-9320B, 무인민원발급기/시청각장애인겸용",한국타피(주),중소기업,43211514,컴퓨터키오스크,4321151401,증명발급기,3,74400000,대,24800000,3,74400000,3,74400000,Y,대표품목,3860000,경기도 부천시,경기도 부천시,20260304
R26TB01609399,00,2026-03-04,1,002061436,12,25202556,"증명발급기, 에니텍시스, IS-2000L, 통합민원발급기",(주)에니텍시스,중소기업,43211514,컴퓨터키오스크,4321151401,증명발급기,1,7800000,대,7800000,1,7800000,1,7800000,Y,대표품목,3290026,부산광역시 부산진구 부전1동,부산광역시 부산진구,20260304
R26TB01611485,00,2026-03-05,1,002061436,12,25202556,"증명발급기, 에니텍시스, IS-2000L, 통합민원발급기",(주)에니텍시스,중소기업,43211514,컴퓨터키오스크,4321151401,증명발급기,1,7800000,대,7800000,1,7800000,1,7800000,Y,대표품목,3290030,부산광역시 부산진구 초읍동,부산광역시 부산진구,20260305
R26TB01614306,00,2026-03-05,1,0023C0245,01,25885679,"증명발급기, 본시스, BON-7100S, 통합민원발급기",(주)본시스,중소기업,43211514,컴퓨터키오스크,4321151401,증명발급기,3,23580000,대,7860000,3,23580000,3,23580000,Y,대표품목,5735000,충청북도 청주시 청원구,충청북도 청주시 청원구,20260305
R26TB01614536,00,2026-03-05,1,002061436,12,26001855,"증명발급기, 에니텍시스, AT-C300, 통합무인발급기/시청각장애인겸용",(주)에니텍시스,중소기업,43211514,컴퓨터키오스크,4321151401,증명발급기,1,23000000,대,23000000,1,23000000,1,23000000,Y,대표품목,3100000,서울특별시 노원구,서울특별시 노원구,20260305
R26TB01616317,00,2026-03-05,1,0023C0107,02,23813369,"증명발급기, 광명테크, G7i, 통합민원발급기",주식회사광명테크,중소기업,43211514,컴퓨터키오스크,4321151401,증명발급기,3,23250000,대,7750000,3,23250000,3,23250000,Y,대표품목,5090000,경상북도 영주시,경상북도 영주시,20260305
R26TB01618520,00,2026-03-06,1,002061436,12,24362786,"증명발급기, 에니텍시스, AT-K300E, 무인민원발급기/시청각장애인겸용",(주)에니텍시스,중소기업,43211514,컴퓨터키오스크,4321151401,증명발급기,1,24800000,대,24800000,1,24800000,1,24800000,Y,대표품목,5790000,전남광주통합특별시 순천시,전라남도 순천시,20260306
R26TB01618570,00,2026-03-06,1,002370024,02,24422601,"증명발급기, 한국타피, TAPI-9320B, 무인민원발급기/시청각장애인겸용",한국타피(주),중소기업,43211514,컴퓨터키오스크,4321151401,증명발급기,2,49600000,대,24800000,2,49600000,2,49600000,Y,대표품목,5790000,전남광주통합특별시 순천시,전라남도 순천시,20260306
R26TB01618590,00,2026-03-06,1,0023C0107,02,25713566,"증명발급기, 광명테크, G10SL, 무인민원발급기/시청각장애인겸용/촉각모니터",주식회사광명테크,중소기업,43211514,컴퓨터키오스크,4321151401,증명발급기,1,24800000,대,24800000,1,24800000,1,24800000,Y,대표품목,5790000,전남광주통합특별시 순천시,전라남도 순천시,20260306
R26TB01619941,00,2026-03-06,1,002370024,02,24422601,"증명발급기, 한국타피, TAPI-9320B, 무인민원발급기/시청각장애인겸용",한국타피(주),중소기업,43211514,컴퓨터키오스크,4321151401,증명발급기,1,24800000,대,24800000,1,24800000,1,24800000,Y,대표품목,4181000,강원특별자치도 춘천시,강원특별자치도 춘천시,20260306
R26TB01621650,00,2026-03-06,1,002061437,12,24292469,"증명발급기, 한국타피, TAPI-9320J, 무인민원발급기/시청각장애인겸용",한국타피(주),중소기업,43211514,컴퓨터키오스크,4321151401,증명발급기,1,24800000,대,24800000,1,24800000,1,24800000,Y,대표품목,5480000,경상남도 합천군,경상남도 합천군,20260306
R26TB01625981,00,2026-03-09,1,002061436,12,25202556,"증명발급기, 에니텍시스, IS-2000L, 통합민원발급기",(주)에니텍시스,중소기업,43211514,컴퓨터키오스크,4321151401,증명발급기,2,15600000,대,7800000,2,15600000,2,15600000,Y,대표품목,3390026,부산광역시 사상구 모라1동,부산광역시 사상구,20260309
R26TB01631706,00,2026-03-09,1,002061436,12,25202556,"증명발급기, 에니텍시스, IS-2000L, 통합민원발급기",(주)에니텍시스,중소기업,43211514,컴퓨터키오스크,4321151401,증명발급기,2,15600000,대,7800000,2,15600000,2,15600000,Y,대표품목,4671000,전북특별자치도 군산시,전북특별자치도 군산시,20260309
R26TB01631707,00,2026-03-09,1,0023C0107,02,23813369,"증명발급기, 광명테크, G7i, 통합민원발급기",주식회사광명테크,중소기업,43211514,컴퓨터키오스크,4321151401,증명발급기,2,15500000,대,7750000,2,15500000,2,15500000,Y,대표품목,4671000,전북특별자치도 군산시,전북특별자치도 군산시,20260309
R26TB01631754,00,2026-03-09,1,002370024,02,24422601,"증명발급기, 한국타피, TAPI-9320B, 무인민원발급기/시청각장애인겸용",한국타피(주),중소기업,43211514,컴퓨터키오스크,4321151401,증명발급기,1,24800000,대,24800000,1,24800000,1,24800000,Y,대표품목,4241000,강원특별자치도 삼척시,강원특별자치도 삼척시,20260309
R26TB01632509,00,2026-03-09,1,002470164,02,25233046,"버스및차량정보안내장치, 싸인텔레콤, ST-64LED-MY, 독립형",주식회사 싸인텔레콤,중소기업,43211514,컴퓨터키오스크,4321151403,버스및차량정보안내장치,14,100338000,대,7167000,14,100338000,14,100338000,Y,대표품목,3180000,서울특별시 영등포구,서울특별시 영등포구,20260309
R26TB01633523,00,2026-03-10,1,002061436,12,25202556,"증명발급기, 에니텍시스, IS-2000L, 통합민원발급기",(주)에니텍시스,중소기업,43211514,컴퓨터키오스크,4321151401,증명발급기,8,62400000,대,7800000,8,62400000,8,62400000,Y,대표품목,3080000,서울특별시 강북구,서울특별시 강북구,20260310
R26TB01633524,00,2026-03-10,1,0023C0107,02,23777412,"증명발급기, 광명테크, G7, 통합민원발급기",주식회사광명테크,중소기업,43211514,컴퓨터키오스크,4321151401,증명발급기,2,15400000,대,7700000,2,15400000,2,15400000,Y,대표품목,3080000,서울특별시 강북구,서울특별시 강북구,20260310
R26TB01635525,00,2026-03-10,1,002061437,12,24297224,"증명발급기, 한국타피, TAPI-9240S, 무인민원발급기/시청각장애인겸용",한국타피(주),중소기업,43211514,컴퓨터키오스크,4321151401,증명발급기,3,72900000,대,24300000,3,72900000,3,72900000,Y,대표품목,5735000,충청북도 청주시 청원구,충청북도 청주시 청원구,20260310
R26TB01638275,00,2026-03-10,1,0023C0107,02,23813369,"증명발급기, 광명테크, G7i, 통합민원발급기",주식회사광명테크,중소기업,43211514,컴퓨터키오스크,4321151401,증명발급기,2,15500000,대,7750000,2,15500000,2,15500000,Y,대표품목,5430000,경상남도 남해군,경상남도 남해군,20260310
R26TB01639885,00,2026-03-10,1,002061436,12,25202556,"증명발급기, 에니텍시스, IS-2000L, 통합민원발급기",(주)에니텍시스,중소기업,43211514,컴퓨터키오스크,4321151401,증명발급기,1,7800000,대,7800000,1,7800000,1,7800000,Y,대표품목,3840017,경기도 안양시 만안구 안양7동,경기도 안양시 만안구,20260310
R26TB01640473,00,2026-03-10,1,002370024,02,24422601,"증명발급기, 한국타피, TAPI-9320B, 무인민원발급기/시청각장애인겸용",한국타피(주),중소기업,43211514,컴퓨터키오스크,4321151401,증명발급기,2,49600000,대,24800000,2,49600000,2,49600000,Y,대표품목,3810000,경기도 성남시 분당구,경기도 성남시 분당구,20260310
R26TB01643602,00,2026-03-11,1,002470164,02,25233046,"버스및차량정보안내장치, 싸인텔레콤, ST-64LED-MY, 독립형",주식회사 싸인텔레콤,중소기업,43211514,컴퓨터키오스크,4321151403,버스및차량정보안내장치,5,35835000,대,7167000,5,35835000,5,35835000,N,대표품목,3160000,서울특별시 구로구,서울특별시 구로구,20260311
R26TB01643602,01,2026-03-13,1,002470164,02,25233046,"버스및차량정보안내장치, 싸인텔레콤, ST-64LED-MY, 독립형",주식회사 싸인텔레콤,중소기업,43211514,컴퓨터키오스크,4321151403,버스및차량정보안내장치,1,7167000,대,7167000,1,7167000,-4,-28668000,Y,대표품목,3160000,서울특별시 구로구,서울특별시 구로구,20260311
R26TB01647088,00,2026-03-11,1,002470164,02,25233043,"버스및차량정보안내장치, 싸인텔레콤, ST-HS4X12S, 거치형",주식회사 싸인텔레콤,중소기업,43211514,컴퓨터키오스크,4321151403,버스및차량정보안내장치,6,45744000,대,7624000,6,45744000,6,45744000,Y,대표품목,3920000,경기도 동두천시,경기도 동두천시,20260311
R26TB01648437,00,2026-03-11,1,002061436,12,24362785,"증명발급기, 에니텍시스, AT-K300, 무인민원발급기/시청각장애인겸용",(주)에니텍시스,중소기업,43211514,컴퓨터키오스크,4321151401,증명발급기,3,65400000,대,21800000,3,65400000,3,65400000,N,대표품목,3380000,부산광역시 수영구,부산광역시 수영구,20260311
R26TB01648437,01,2026-03-12,1,002061436,12,24362785,"증명발급기, 에니텍시스, AT-K300, 무인민원발급기/시청각장애인겸용",(주)에니텍시스,중소기업,43211514,컴퓨터키오스크,4321151401,증명발급기,0,0,대,21800000,0,0,-3,-65400000,Y,대표품목,3380000,부산광역시 수영구,부산광역시 수영구,20260311
R26TB01649729,00,2026-03-12,1,002061436,12,25202556,"증명발급기, 에니텍시스, IS-2000L, 통합민원발급기",(주)에니텍시스,중소기업,43211514,컴퓨터키오스크,4321151401,증명발급기,1,7800000,대,7800000,1,7800000,1,7800000,Y,대표품목,3850045,경기도 안양시 동안구 인덕원동,경기도 안양시 동안구,20260312
R26TB01649796,00,2026-03-12,1,002061436,12,24362786,"증명발급기, 에니텍시스, AT-K300E, 무인민원발급기/시청각장애인겸용",(주)에니텍시스,중소기업,43211514,컴퓨터키오스크,4321151401,증명발급기,4,99200000,대,24800000,4,99200000,4,99200000,Y,대표품목,3900000,경기도 광명시,경기도 광명시,20260312
R26TB01649838,00,2026-03-12,1,002061437,12,24297224,"증명발급기, 한국타피, TAPI-9240S, 무인민원발급기/시청각장애인겸용",한국타피(주),중소기업,43211514,컴퓨터키오스크,4321151401,증명발급기,3,72900000,대,24300000,3,72900000,3,72900000,Y,대표품목,5730000,충청북도 청주시 흥덕구,충청북도 청주시 흥덕구,20260312
R26TB01652179,00,2026-03-12,1,R25TA00404451,01,25300626,"버스및차량정보안내장치, 삼원에프에이, EBIT-1000P-60W, 독립형/단면",삼원에프에이주식회사,중소기업,43211514,컴퓨터키오스크,4321151403,버스및차량정보안내장치,2,12977200,대,6488600,5,31245400,2,12977200,Y,대표품목,3270000,부산광역시 동구,부산광역시 동구,20260312
R26TB01652179,00,2026-03-12,2,R25TA00404451,01,25109706,"버스및차량정보안내장치, 삼원에프에이, EBIT-1000S-60W, 거치형/단면",삼원에프에이주식회사,중소기업,43211514,컴퓨터키오스크,4321151403,버스및차량정보안내장치,3,18268200,대,6089400,5,31245400,3,18268200,Y,대표품목,3270000,부산광역시 동구,부산광역시 동구,20260312
R26TB01654088,00,2026-03-12,1,0023C0107,02,25713564,"증명발급기, 광명테크, G10i, 무인민원발급기/시청각장애인겸용",주식회사광명테크,중소기업,43211514,컴퓨터키오스크,4321151401,증명발급기,1,21800000,대,21800000,1,21800000,1,21800000,Y,대표품목,4271000,강원특별자치도 영월군,강원특별자치도 영월군,20260312
R26TB01655476,00,2026-03-12,1,002061437,12,24292471,"증명발급기, 한국타피, TAPI-9270J, 무인민원발급기/시청각장애인겸용",한국타피(주),중소기업,43211514,컴퓨터키오스크,4321151401,증명발급기,1,23800000,대,23800000,1,23800000,1,23800000,Y,대표품목,4231000,강원특별자치도 속초시,강원특별자치도 속초시,20260312
R26TB01657998,00,2026-03-13,1,002061437,12,24297224,"증명발급기, 한국타피, TAPI-9240S, 무인민원발급기/시청각장애인겸용",한국타피(주),중소기업,43211514,컴퓨터키오스크,4321151401,증명발급기,1,24300000,대,24300000,1,24300000,1,24300000,Y,대표품목,4470000,충청북도 음성군,충청북도 음성군,20260313
R26TB01657999,00,2026-03-13,1,0023C0245,02,22764188,"증명발급기, 본시스, BON-6000K, 통합민원발급기",(주)본시스,중소기업,43211514,컴퓨터키오스크,4321151401,증명발급기,1,6850000,대,6850000,1,6850000,1,6850000,Y,대표품목,4470000,충청북도 음성군,충청북도 음성군,20260313
R26TB01661689,00,2026-03-13,1,0023C0245,02,25885679,"증명발급기, 본시스, BON-7100S, 통합민원발급기",(주)본시스,중소기업,43211514,컴퓨터키오스크,4321151401,증명발급기,2,15720000,대,7860000,2,15720000,2,15720000,Y,대표품목,5800000,전남광주통합특별시 광양시,전라남도 광양시,20260313
R26TB01662637,00,2026-03-13,1,002061436,12,25202556,"증명발급기, 에니텍시스, IS-2000L, 통합민원발급기",(주)에니텍시스,중소기업,43211514,컴퓨터키오스크,4321151401,증명발급기,1,7800000,대,7800000,1,7800000,1,7800000,Y,대표품목,3290035,부산광역시 부산진구 전포1동,부산광역시 부산진구,20260313
R26TB01667870,00,2026-03-16,1,0023C0107,02,25713566,"증명발급기, 광명테크, G10SL, 무인민원발급기/시청각장애인겸용/촉각모니터",주식회사광명테크,중소기업,43211514,컴퓨터키오스크,4321151401,증명발급기,2,49600000,대,24800000,2,49600000,2,49600000,Y,대표품목,5180000,경상북도 영덕군,경상북도 영덕군,20260316
R26TB01667900,00,2026-03-16,1,0023C0107,02,23813369,"증명발급기, 광명테크, G7i, 통합민원발급기",주식회사광명테크,중소기업,43211514,컴퓨터키오스크,4321151401,증명발급기,2,15500000,대,7750000,2,15500000,2,15500000,Y,대표품목,5180000,경상북도 영덕군,경상북도 영덕군,20260316
R26TB01668406,00,2026-03-16,1,002470164,02,25233040,"버스및차량정보안내장치, 싸인텔레콤, ST-BIT-0312, 거치형",주식회사 싸인텔레콤,중소기업,43211514,컴퓨터키오스크,4321151403,버스및차량정보안내장치,13,96343000,대,7411000,13,96343000,13,96343000,Y,대표품목,5600000,경기도 포천시,경기도 포천시,20260316
R26TB01668587,00,2026-03-16,1,002061437,12,26001990,"증명발급기, 한국타피, TAPI-9320D, 통합무인발급기/시청각장애인겸용",한국타피(주),중소기업,43211514,컴퓨터키오스크,4321151401,증명발급기,1,23000000,대,23000000,1,23000000,1,23000000,Y,대표품목,3800000,경기도 성남시 중원구,경기도 성남시 중원구,20260316
R26TB01669362,00,2026-03-16,1,002061437,12,24297224,"증명발급기, 한국타피, TAPI-9240S, 무인민원발급기/시청각장애인겸용",한국타피(주),중소기업,43211514,컴퓨터키오스크,4321151401,증명발급기,4,97200000,대,24300000,4,97200000,4,97200000,Y,대표품목,5720000,충청북도 청주시 상당구,충청북도 청주시 상당구,20260316
R26TB01669798,00,2026-03-16,1,002061436,12,24362788,"증명발급기, 에니텍시스, AT-K200(NEW), 무인민원발급기/시청각장애인겸용",(주)에니텍시스,중소기업,43211514,컴퓨터키오스크,4321151401,증명발급기,2,39700000,대,19850000,2,39700000,2,39700000,Y,대표품목,3290000,부산광역시 부산진구,부산광역시 부산진구,20260316
R26TB01672152,00,2026-03-17,1,R25TA00404451,01,25300626,"버스및차량정보안내장치, 삼원에프에이, EBIT-1000P-60W, 독립형/단면",삼원에프에이주식회사,중소기업,43211514,컴퓨터키오스크,4321151403,버스및차량정보안내장치,7,45420200,대,6488600,11,71274800,7,45420200,Y,대표품목,3350000,부산광역시 금정구,부산광역시 금정구,20260317
R26TB01672152,00,2026-03-17,2,R25TA00404451,01,25109706,"버스및차량정보안내장치, 삼원에프에이, EBIT-1000S-60W, 거치형/단면",삼원에프에이주식회사,중소기업,43211514,컴퓨터키오스크,4321151403,버스및차량정보안내장치,3,18268200,대,6089400,11,71274800,3,18268200,Y,대표품목,3350000,부산광역시 금정구,부산광역시 금정구,20260317
R26TB01672152,00,2026-03-17,3,R25TA00404451,01,25286961,"버스및차량정보안내장치, 삼원에프에이, EBIT-2000S-60W, 거치형/단면",삼원에프에이주식회사,중소기업,43211514,컴퓨터키오스크,4321151403,버스및차량정보안내장치,1,7586400,대,7586400,11,71274800,1,7586400,Y,대표품목,3350000,부산광역시 금정구,부산광역시 금정구,20260317
R26TB01672317,00,2026-03-17,1,002061437,12,24297224,"증명발급기, 한국타피, TAPI-9240S, 무인민원발급기/시청각장애인겸용",한국타피(주),중소기업,43211514,컴퓨터키오스크,4321151401,증명발급기,4,97200000,대,24300000,4,97200000,4,97200000,Y,대표품목,5725000,충청북도 청주시 서원구,충청북도 청주시 서원구,20260317
R26TB01673698,00,2026-03-17,1,002370024,02,24422601,"증명발급기, 한국타피, TAPI-9320B, 무인민원발급기/시청각장애인겸용",한국타피(주),중소기업,43211514,컴퓨터키오스크,4321151401,증명발급기,1,24800000,대,24800000,1,24800000,1,24800000,Y,대표품목,5800000,전남광주통합특별시 광양시,전라남도 광양시,20260317
R26TB01673812,00,2026-03-17,1,002061436,12,24362786,"증명발급기, 에니텍시스, AT-K300E, 무인민원발급기/시청각장애인겸용",(주)에니텍시스,중소기업,43211514,컴퓨터키오스크,4321151401,증명발급기,1,24800000,대,24800000,1,24800000,1,24800000,Y,대표품목,4400000,충청북도 제천시,충청북도 제천시,20260317
R26TB01673813,00,2026-03-17,1,002370024,02,24422601,"증명발급기, 한국타피, TAPI-9320B, 무인민원발급기/시청각장애인겸용",한국타피(주),중소기업,43211514,컴퓨터키오스크,4321151401,증명발급기,1,24800000,대,24800000,1,24800000,1,24800000,Y,대표품목,4400000,충청북도 제천시,충청북도 제천시,20260317
R26TB01675377,00,2026-03-17,1,002370024,02,24422601,"증명발급기, 한국타피, TAPI-9320B, 무인민원발급기/시청각장애인겸용",한국타피(주),중소기업,43211514,컴퓨터키오스크,4321151401,증명발급기,1,24800000,대,24800000,1,24800000,1,24800000,Y,대표품목,5430000,경상남도 남해군,경상남도 남해군,20260317
R26TB01679479,00,2026-03-18,1,002061436,12,24362786,"증명발급기, 에니텍시스, AT-K300E, 무인민원발급기/시청각장애인겸용",(주)에니텍시스,중소기업,43211514,컴퓨터키오스크,4321151401,증명발급기,2,49600000,대,24800000,2,49600000,2,49600000,Y,대표품목,3970000,경기도 과천시,경기도 과천시,20260318
R26TB01680387,00,2026-03-18,1,002061436,12,24362786,"증명발급기, 에니텍시스, AT-K300E, 무인민원발급기/시청각장애인겸용",(주)에니텍시스,중소기업,43211514,컴퓨터키오스크,4321151401,증명발급기,1,24800000,대,24800000,1,24800000,1,24800000,Y,대표품목,3420000,대구광역시 동구,대구광역시 동구,20260318
R26TB01680388,00,2026-03-18,1,002061437,12,24292469,"증명발급기, 한국타피, TAPI-9320J, 무인민원발급기/시청각장애인겸용",한국타피(주),중소기업,43211514,컴퓨터키오스크,4321151401,증명발급기,1,24800000,대,24800000,1,24800000,1,24800000,Y,대표품목,3420000,대구광역시 동구,대구광역시 동구,20260318
R26TB01681797,00,2026-03-18,1,002470164,02,25233040,"버스및차량정보안내장치, 싸인텔레콤, ST-BIT-0312, 거치형",주식회사 싸인텔레콤,중소기업,43211514,컴퓨터키오스크,4321151403,버스및차량정보안내장치,8,59288000,대,7411000,8,59288000,8,59288000,Y,대표품목,5540000,경기도 광주시,경기도 광주시,20260318
R26TB01684704,00,2026-03-18,1,002061436,12,24362786,"증명발급기, 에니텍시스, AT-K300E, 무인민원발급기/시청각장애인겸용",(주)에니텍시스,중소기업,43211514,컴퓨터키오스크,4321151401,증명발급기,1,24800000,대,24800000,1,24800000,1,24800000,Y,대표품목,3470000,대구광역시 달서구,대구광역시 달서구,20260318
R26TB01685032,00,2026-03-18,1,0023C0107,02,24359645,"증명발급기, 광명테크, G10s, 무인민원발급기/시청각장애인겸용/촉각모니터",주식회사광명테크,중소기업,43211514,컴퓨터키오스크,4321151401,증명발급기,2,49600000,대,24800000,2,49600000,2,49600000,Y,대표품목,3470000,대구광역시 달서구,대구광역시 달서구,20260318
R26TB01687268,00,2026-03-19,1,002061436,12,24362786,"증명발급기, 에니텍시스, AT-K300E, 무인민원발급기/시청각장애인겸용",(주)에니텍시스,중소기업,43211514,컴퓨터키오스크,4321151401,증명발급기,1,24800000,대,24800000,1,24800000,1,24800000,Y,대표품목,5080000,경상북도 구미시,경상북도 구미시,20260319
R26TB01687455,00,2026-03-19,1,002370024,02,24422601,"증명발급기, 한국타피, TAPI-9320B, 무인민원발급기/시청각장애인겸용",한국타피(주),중소기업,43211514,컴퓨터키오스크,4321151401,증명발급기,1,24800000,대,24800000,1,24800000,1,24800000,Y,대표품목,5080000,경상북도 구미시,경상북도 구미시,20260319
R26TB01688042,00,2026-03-19,1,002061436,12,25202556,"증명발급기, 에니텍시스, IS-2000L, 통합민원발급기",(주)에니텍시스,중소기업,43211514,컴퓨터키오스크,4321151401,증명발급기,1,7800000,대,7800000,1,7800000,1,7800000,Y,대표품목,5360000,경상남도 밀양시,경상남도 밀양시,20260319
R26TB01688043,00,2026-03-19,1,0023C0107,02,23777412,"증명발급기, 광명테크, G7, 통합민원발급기",주식회사광명테크,중소기업,43211514,컴퓨터키오스크,4321151401,증명발급기,2,15400000,대,7700000,2,15400000,2,15400000,Y,대표품목,5360000,경상남도 밀양시,경상남도 밀양시,20260319
R26TB01689733,00,2026-03-19,1,002061437,12,23893188,"증명발급기, 한국타피, TA-2200S(NEW), 통합민원발급기",한국타피(주),중소기업,43211514,컴퓨터키오스크,4321151401,증명발급기,1,7600000,대,7600000,1,7600000,1,7600000,Y,대표품목,3820038,경기도 의정부시 신곡2동,경기도 의정부시,20260319
R26TB01691108,00,2026-03-19,1,002061437,12,24292469,"증명발급기, 한국타피, TAPI-9320J, 무인민원발급기/시청각장애인겸용",한국타피(주),중소기업,43211514,컴퓨터키오스크,4321151401,증명발급기,1,24800000,대,24800000,1,24800000,1,24800000,Y,대표품목,4450000,충청북도 진천군,충청북도 진천군,20260319
R26TB01692689,00,2026-03-19,1,0023C0107,02,25713566,"증명발급기, 광명테크, G10SL, 무인민원발급기/시청각장애인겸용/촉각모니터",주식회사광명테크,중소기업,43211514,컴퓨터키오스크,4321151401,증명발급기,1,24800000,대,24800000,1,24800000,1,24800000,Y,대표품목,5060000,경상북도 김천시,경상북도 김천시,20260319
R26TB01692695,00,2026-03-19,1,002370024,02,24422601,"증명발급기, 한국타피, TAPI-9320B, 무인민원발급기/시청각장애인겸용",한국타피(주),중소기업,43211514,컴퓨터키오스크,4321151401,증명발급기,1,24800000,대,24800000,1,24800000,1,24800000,Y,대표품목,5060000,경상북도 김천시,경상북도 김천시,20260319
R26TB01696856,00,2026-03-20,1,002061436,12,24362786,"증명발급기, 에니텍시스, AT-K300E, 무인민원발급기/시청각장애인겸용",(주)에니텍시스,중소기업,43211514,컴퓨터키오스크,4321151401,증명발급기,5,104750000,대,20950000,8,124700000,5,104750000,N,대표품목,5530000,경기도 화성시,경기도 화성시,20260320
R26TB01696856,00,2026-03-20,2,002061436,12,25202556,"증명발급기, 에니텍시스, IS-2000L, 통합민원발급기",(주)에니텍시스,중소기업,43211514,컴퓨터키오스크,4321151401,증명발급기,3,19950000,대,6650000,8,124700000,3,19950000,N,대표품목,5530000,경기도 화성시,경기도 화성시,20260320
R26TB01696856,01,2026-04-09,1,002061436,12,24362786,"증명발급기, 에니텍시스, AT-K300E, 무인민원발급기/시청각장애인겸용",(주)에니텍시스,중소기업,43211514,컴퓨터키오스크,4321151401,증명발급기,6,125700000,대,20950000,9,145650000,1,20950000,Y,대표품목,5530000,경기도 화성시,경기도 화성시,20260320
R26TB01696856,01,2026-04-09,2,002061436,12,25202556,"증명발급기, 에니텍시스, IS-2000L, 통합민원발급기",(주)에니텍시스,중소기업,43211514,컴퓨터키오스크,4321151401,증명발급기,3,19950000,대,6650000,9,145650000,0,0,Y,대표품목,5530000,경기도 화성시,경기도 화성시,20260320
R26TB01699700,00,2026-03-22,1,002061436,12,25202556,"증명발급기, 에니텍시스, IS-2000L, 통합민원발급기",(주)에니텍시스,중소기업,43211514,컴퓨터키오스크,4321151401,증명발급기,1,7800000,대,7800000,1,7800000,1,7800000,Y,대표품목,3070000,서울특별시 성북구,서울특별시 성북구,20260322
R26TB01700665,00,2026-03-23,1,002061436,12,24362785,"증명발급기, 에니텍시스, AT-K300, 무인민원발급기/시청각장애인겸용",(주)에니텍시스,중소기업,43211514,컴퓨터키오스크,4321151401,증명발급기,7,130900000,대,18700000,7,130900000,7,130900000,Y,대표품목,3990000,경기도 남양주시,경기도 남양주시,20260323
R26TB01701827,00,2026-03-23,1,002061436,12,24362786,"증명발급기, 에니텍시스, AT-K300E, 무인민원발급기/시청각장애인겸용",(주)에니텍시스,중소기업,43211514,컴퓨터키오스크,4321151401,증명발급기,1,24800000,대,24800000,1,24800000,1,24800000,Y,대표품목,3450000,대구광역시 북구,대구광역시 북구,20260323
R26TB01702268,00,2026-03-23,1,002061437,12,24292472,"증명발급기, 한국타피, TAPI-9270T, 무인민원발급기/시청각장애인겸용",한국타피(주),중소기업,43211514,컴퓨터키오스크,4321151401,증명발급기,1,19800000,대,19800000,1,19800000,1,19800000,Y,대표품목,4711000,전북특별자치도 김제시,전북특별자치도 김제시,20260323
R26TB01703924,00,2026-03-23,1,002061436,12,24362785,"증명발급기, 에니텍시스, AT-K300, 무인민원발급기/시청각장애인겸용",(주)에니텍시스,중소기업,43211514,컴퓨터키오스크,4321151401,증명발급기,1,21800000,대,21800000,1,21800000,1,21800000,Y,대표품목,4191000,강원특별자치도 원주시,강원특별자치도 원주시,20260323
R26TB01704272,00,2026-03-23,1,0023C0107,02,23813369,"증명발급기, 광명테크, G7i, 통합민원발급기",주식회사광명테크,중소기업,43211514,컴퓨터키오스크,4321151401,증명발급기,10,40900000,대,4090000,10,40900000,10,40900000,N,대표품목,5670000,경상남도 창원시,경상남도 창원시 의창구,20260323
R26TB01704272,01,2026-04-03,1,0023C0107,02,23813369,"증명발급기, 광명테크, G7i, 통합민원발급기",주식회사광명테크,중소기업,43211514,컴퓨터키오스크,4321151401,증명발급기,13,53170000,대,4090000,13,53170000,3,12270000,Y,대표품목,5670000,경상남도 창원시,경상남도 창원시 의창구,20260323
R26TB01705348,00,2026-03-23,1,002061437,12,24292472,"증명발급기, 한국타피, TAPI-9270T, 무인민원발급기/시청각장애인겸용",한국타피(주),중소기업,43211514,컴퓨터키오스크,4321151401,증명발급기,1,19800000,대,19800000,1,19800000,1,19800000,Y,대표품목,3020000,서울특별시 용산구,서울특별시 용산구,20260323
R26TB01705906,00,2026-03-23,1,002062281,08,25959485,"증명발급기, 한국에임, HAIM-7000SC, 통합무인발급기/시청각장애인겸용",(주)한국에임,중소기업,43211514,컴퓨터키오스크,4321151401,증명발급기,1,23000000,대,23000000,1,23000000,1,23000000,Y,대표품목,3240000,서울특별시 강동구,서울특별시 강동구,20260323
R26TB01707173,00,2026-03-23,1,002061436,12,25202556,"증명발급기, 에니텍시스, IS-2000L, 통합민원발급기",(주)에니텍시스,중소기업,43211514,컴퓨터키오스크,4321151401,증명발급기,2,15600000,대,7800000,2,15600000,2,15600000,Y,대표품목,3180000,서울특별시 영등포구,서울특별시 영등포구,20260323
R26TB01707174,00,2026-03-23,1,0023C0107,02,23813369,"증명발급기, 광명테크, G7i, 통합민원발급기",주식회사광명테크,중소기업,43211514,컴퓨터키오스크,4321151401,증명발급기,1,7750000,대,7750000,1,7750000,1,7750000,Y,대표품목,3180000,서울특별시 영등포구,서울특별시 영등포구,20260323
R26TB01708490,00,2026-03-24,1,002061436,12,25202556,"증명발급기, 에니텍시스, IS-2000L, 통합민원발급기",(주)에니텍시스,중소기업,43211514,컴퓨터키오스크,4321151401,증명발급기,5,39000000,대,7800000,5,39000000,5,39000000,Y,대표품목,4010000,경기도 시흥시,경기도 시흥시,20260324
R26TB01710106,00,2026-03-24,1,002061437,12,26001990,"증명발급기, 한국타피, TAPI-9320D, 통합무인발급기/시청각장애인겸용",한국타피(주),중소기업,43211514,컴퓨터키오스크,4321151401,증명발급기,1,23000000,대,23000000,1,23000000,1,23000000,Y,대표품목,3860000,경기도 부천시,경기도 부천시,20260324
R26TB01711099,00,2026-03-24,1,002061436,12,25202556,"증명발급기, 에니텍시스, IS-2000L, 통합민원발급기",(주)에니텍시스,중소기업,43211514,컴퓨터키오스크,4321151401,증명발급기,2,15600000,대,7800000,2,15600000,2,15600000,Y,대표품목,3510500,인천광역시 미추홀구,인천광역시 미추홀구,20260324
R26TB01711982,00,2026-03-24,1,002061436,12,24362788,"증명발급기, 에니텍시스, AT-K200(NEW), 무인민원발급기/시청각장애인겸용",(주)에니텍시스,중소기업,43211514,컴퓨터키오스크,4321151401,증명발급기,1,19850000,대,19850000,1,19850000,1,19850000,Y,대표품목,4520000,충청남도 아산시,충청남도 아산시,20260324
R26TB01711983,00,2026-03-24,1,002061437,12,24292472,"증명발급기, 한국타피, TAPI-9270T, 무인민원발급기/시청각장애인겸용",한국타피(주),중소기업,43211514,컴퓨터키오스크,4321151401,증명발급기,1,19800000,대,19800000,1,19800000,1,19800000,Y,대표품목,4520000,충청남도 아산시,충청남도 아산시,20260324
R26TB01711984,00,2026-03-24,1,0023C0107,02,24359644,"증명발급기, 광명테크, G10, 무인민원발급기/시청각장애인겸용",주식회사광명테크,중소기업,43211514,컴퓨터키오스크,4321151401,증명발급기,1,19800000,대,19800000,1,19800000,1,19800000,Y,대표품목,4520000,충청남도 아산시,충청남도 아산시,20260324
R26TB01718104,00,2026-03-25,1,002370024,02,24422601,"증명발급기, 한국타피, TAPI-9320B, 무인민원발급기/시청각장애인겸용",한국타피(주),중소기업,43211514,컴퓨터키오스크,4321151401,증명발급기,1,24800000,대,24800000,1,24800000,1,24800000,Y,대표품목,5590000,경기도 양주시,경기도 양주시,20260325
R26TB01718562,00,2026-03-25,1,R25TA00404451,01,25109706,"버스및차량정보안내장치, 삼원에프에이, EBIT-1000S-60W, 거치형/단면",삼원에프에이주식회사,중소기업,43211514,컴퓨터키오스크,4321151403,버스및차량정보안내장치,6,36536400,대,6089400,6,36536400,6,36536400,Y,대표품목,D257739,한국수자원공사 물관리계획부문 부산에코델타시티사업단,부산광역시 강서구,20260325
R26TB01718890,00,2026-03-25,1,002061436,12,25202556,"증명발급기, 에니텍시스, IS-2000L, 통합민원발급기",(주)에니텍시스,중소기업,43211514,컴퓨터키오스크,4321151401,증명발급기,1,7800000,대,7800000,1,7800000,1,7800000,Y,대표품목,3950068,경기도 고양시 덕양구 삼송1동,경기도 고양시 덕양구,20260325
R26TB01723663,00,2026-03-26,1,0023C0107,02,25713566,"증명발급기, 광명테크, G10SL, 무인민원발급기/시청각장애인겸용/촉각모니터",주식회사광명테크,중소기업,43211514,컴퓨터키오스크,4321151401,증명발급기,2,49600000,대,24800000,2,49600000,2,49600000,Y,대표품목,3420000,대구광역시 동구,대구광역시 동구,20260326
R26TB01724236,00,2026-03-26,1,002061437,12,23893188,"증명발급기, 한국타피, TA-2200S(NEW), 통합민원발급기",한국타피(주),중소기업,43211514,컴퓨터키오스크,4321151401,증명발급기,1,7600000,대,7600000,1,7600000,1,7600000,Y,대표품목,5590030,경기도 양주시 양주1동,경기도 양주시,20260326
R26TB01724629,00,2026-03-26,1,002061437,12,24292472,"증명발급기, 한국타피, TAPI-9270T, 무인민원발급기/시청각장애인겸용",한국타피(주),중소기업,43211514,컴퓨터키오스크,4321151401,증명발급기,1,19800000,대,19800000,1,19800000,1,19800000,Y,대표품목,5050070,경상북도 경주시 황오동,경상북도 경주시,20260326
R26TB01725241,00,2026-03-26,1,002370024,02,24422601,"증명발급기, 한국타피, TAPI-9320B, 무인민원발급기/시청각장애인겸용",한국타피(주),중소기업,43211514,컴퓨터키오스크,4321151401,증명발급기,3,74400000,대,24800000,3,74400000,3,74400000,Y,대표품목,3730000,울산광역시 울주군,울산광역시 울주군,20260326
R26TB01725243,00,2026-03-26,1,0023C0107,02,24359645,"증명발급기, 광명테크, G10s, 무인민원발급기/시청각장애인겸용/촉각모니터",주식회사광명테크,중소기업,43211514,컴퓨터키오스크,4321151401,증명발급기,2,49600000,대,24800000,2,49600000,2,49600000,Y,대표품목,3730000,울산광역시 울주군,울산광역시 울주군,20260326
R26TB01727459,00,2026-03-26,1,R25TA00404451,01,25300626,"버스및차량정보안내장치, 삼원에프에이, EBIT-1000P-60W, 독립형/단면",삼원에프에이주식회사,중소기업,43211514,컴퓨터키오스크,4321151403,버스및차량정보안내장치,9,58397400,대,6488600,15,94933800,9,58397400,Y,대표품목,3280000,부산광역시 영도구,부산광역시 영도구,20260326
R26TB01727459,00,2026-03-26,2,R25TA00404451,01,25109706,"버스및차량정보안내장치, 삼원에프에이, EBIT-1000S-60W, 거치형/단면",삼원에프에이주식회사,중소기업,43211514,컴퓨터키오스크,4321151403,버스및차량정보안내장치,6,36536400,대,6089400,15,94933800,6,36536400,Y,대표품목,3280000,부산광역시 영도구,부산광역시 영도구,20260326
R26TB01727510,00,2026-03-26,1,002370024,02,24422601,"증명발급기, 한국타피, TAPI-9320B, 무인민원발급기/시청각장애인겸용",한국타피(주),중소기업,43211514,컴퓨터키오스크,4321151401,증명발급기,1,24800000,대,24800000,1,24800000,1,24800000,Y,대표품목,5130000,경상북도 경산시,경상북도 경산시,20260326
R26TB01731354,00,2026-03-27,1,002470164,02,25233040,"버스및차량정보안내장치, 싸인텔레콤, ST-BIT-0312, 거치형",주식회사 싸인텔레콤,중소기업,43211514,컴퓨터키오스크,4321151403,버스및차량정보안내장치,25,173400000,대,6936000,25,173400000,25,173400000,Y,대표품목,4520000,충청남도 아산시,충청남도 아산시,20260327
R26TB01732403,00,2026-03-27,1,002061436,12,25202556,"증명발급기, 에니텍시스, IS-2000L, 통합민원발급기",(주)에니텍시스,중소기업,43211514,컴퓨터키오스크,4321151401,증명발급기,1,7800000,대,7800000,1,7800000,1,7800000,Y,대표품목,4100136,경기도 고양시 일산서구 탄현1동,경기도 고양시 일산서구,20260327
R26TB01732404,00,2026-03-27,1,002061436,12,24362785,"증명발급기, 에니텍시스, AT-K300, 무인민원발급기/시청각장애인겸용",(주)에니텍시스,중소기업,43211514,컴퓨터키오스크,4321151401,증명발급기,1,21800000,대,21800000,1,21800000,1,21800000,Y,대표품목,4040000,경기도 하남시,경기도 하남시,20260327
R26TB01737272,00,2026-03-30,1,002061437,12,26001990,"증명발급기, 한국타피, TAPI-9320D, 통합무인발급기/시청각장애인겸용",한국타피(주),중소기업,43211514,컴퓨터키오스크,4321151401,증명발급기,1,23000000,대,23000000,1,23000000,1,23000000,Y,대표품목,5380113,경상남도 양산시 웅상출장소,경상남도 양산시,20260330
R26TB01737961,00,2026-03-30,1,002061437,12,24292469,"증명발급기, 한국타피, TAPI-9320J, 무인민원발급기/시청각장애인겸용",한국타피(주),중소기업,43211514,컴퓨터키오스크,4321151401,증명발급기,5,107880000,대,21576000,5,107880000,5,107880000,Y,대표품목,5780000,전남광주통합특별시 목포시,전라남도 목포시,20260330
R26TB01738474,00,2026-03-30,1,002061436,12,25202556,"증명발급기, 에니텍시스, IS-2000L, 통합민원발급기",(주)에니텍시스,중소기업,43211514,컴퓨터키오스크,4321151401,증명발급기,1,7800000,대,7800000,1,7800000,1,7800000,Y,대표품목,3850044,경기도 안양시 동안구 관양동,경기도 안양시 동안구,20260330
R26TB01748309,00,2026-04-01,1,002061436,12,24362786,"증명발급기, 에니텍시스, AT-K300E, 무인민원발급기/시청각장애인겸용",(주)에니텍시스,중소기업,43211514,컴퓨터키오스크,4321151401,증명발급기,1,24800000,대,24800000,1,24800000,1,24800000,Y,대표품목,4090331,경기도 김포시 장기본동,경기도 김포시,20260401
R26TB01752465,00,2026-04-01,1,002470164,02,24064111,"버스및차량정보안내장치, 싸인텔레콤, SMARTVISION-PLUS-BIS-US64, 거치형",주식회사 싸인텔레콤,중소기업,43211514,컴퓨터키오스크,4321151403,버스및차량정보안내장치,3,26952000,대,8984000,55,392256000,3,26952000,Y,대표품목,4060000,경기도 파주시,경기도 파주시,20260401
R26TB01752465,00,2026-04-01,2,002470164,02,25233046,"버스및차량정보안내장치, 싸인텔레콤, ST-64LED-MY, 독립형",주식회사 싸인텔레콤,중소기업,43211514,컴퓨터키오스크,4321151403,버스및차량정보안내장치,7,50169000,대,7167000,55,392256000,7,50169000,Y,대표품목,4060000,경기도 파주시,경기도 파주시,20260401
R26TB01752465,00,2026-04-01,3,002470164,02,25240950,"버스및차량정보안내장치, 싸인텔레콤, ST-BIT-0308, 거치형",주식회사 싸인텔레콤,중소기업,43211514,컴퓨터키오스크,4321151403,버스및차량정보안내장치,45,315135000,대,7003000,55,392256000,45,315135000,Y,대표품목,4060000,경기도 파주시,경기도 파주시,20260401
R26TB01755101,00,2026-04-02,1,002061436,12,25202556,"증명발급기, 에니텍시스, IS-2000L, 통합민원발급기",(주)에니텍시스,중소기업,43211514,컴퓨터키오스크,4321151401,증명발급기,5,33400000,대,6680000,8,89350000,5,33400000,Y,대표품목,3380000,부산광역시 수영구,부산광역시 수영구,20260402
R26TB01755101,00,2026-04-02,2,002061436,12,24362785,"증명발급기, 에니텍시스, AT-K300, 무인민원발급기/시청각장애인겸용",(주)에니텍시스,중소기업,43211514,컴퓨터키오스크,4321151401,증명발급기,3,55950000,대,18650000,8,89350000,3,55950000,Y,대표품목,3380000,부산광역시 수영구,부산광역시 수영구,20260402
R26TB01755674,00,2026-04-02,1,002061436,12,24362786,"증명발급기, 에니텍시스, AT-K300E, 무인민원발급기/시청각장애인겸용",(주)에니텍시스,중소기업,43211514,컴퓨터키오스크,4321151401,증명발급기,1,24800000,대,24800000,1,24800000,1,24800000,Y,대표품목,4090330,경기도 김포시 김포본동,경기도 김포시,20260402
R26TB01760030,00,2026-04-03,1,R25TA00404451,01,25109706,"버스및차량정보안내장치, 삼원에프에이, EBIT-1000S-60W, 거치형/단면",삼원에프에이주식회사,중소기업,43211514,컴퓨터키오스크,4321151403,버스및차량정보안내장치,1,6089400,대,6089400,1,6089400,1,6089400,Y,대표품목,3260000,부산광역시 서구,부산광역시 서구,20260403
R26TB01762756,00,2026-04-03,1,002061436,12,24362788,"증명발급기, 에니텍시스, AT-K200(NEW), 무인민원발급기/시청각장애인겸용",(주)에니텍시스,중소기업,43211514,컴퓨터키오스크,4321151401,증명발급기,1,19850000,대,19850000,1,19850000,1,19850000,Y,대표품목,3980000,경기도 구리시,경기도 구리시,20260403
R26TB01772119,00,2026-04-07,1,0023C0107,02,23813369,"증명발급기, 광명테크, G7i, 통합민원발급기",주식회사광명테크,중소기업,43211514,컴퓨터키오스크,4321151401,증명발급기,1,7750000,대,7750000,1,7750000,1,7750000,Y,대표품목,5540083,경기도 광주시 초월읍,경기도 광주시,20260407
R26TB01776578,00,2026-04-07,1,002061436,12,24362786,"증명발급기, 에니텍시스, AT-K300E, 무인민원발급기/시청각장애인겸용",(주)에니텍시스,중소기업,43211514,컴퓨터키오스크,4321151401,증명발급기,2,49600000,대,24800000,2,49600000,2,49600000,Y,대표품목,5890000,전남광주통합특별시 영광군,전라남도 영광군,20260407
R26TB01779887,00,2026-04-08,1,002061437,12,24292469,"증명발급기, 한국타피, TAPI-9320J, 무인민원발급기/시청각장애인겸용",한국타피(주),중소기업,43211514,컴퓨터키오스크,4321151401,증명발급기,1,24800000,대,24800000,1,24800000,1,24800000,Y,대표품목,5480000,경상남도 합천군,경상남도 합천군,20260408
R26TB01780492,00,2026-04-08,1,R25TA00404451,01,25109706,"버스및차량정보안내장치, 삼원에프에이, EBIT-1000S-60W, 거치형/단면",삼원에프에이주식회사,중소기업,43211514,컴퓨터키오스크,4321151403,버스및차량정보안내장치,1,6089400,대,6089400,1,6089400,1,6089400,N,대표품목,3360000,부산광역시 강서구,부산광역시 강서구,20260408
R26TB01780492,01,2026-04-10,1,R25TA00404451,01,25109706,"버스및차량정보안내장치, 삼원에프에이, EBIT-1000S-60W, 거치형/단면",삼원에프에이주식회사,중소기업,43211514,컴퓨터키오스크,4321151403,버스및차량정보안내장치,9,54804600,대,6089400,9,54804600,8,48715200,Y,대표품목,3360000,부산광역시 강서구,부산광역시 강서구,20260408
R26TB01786058,00,2026-04-09,1,0023C0107,02,25713564,"증명발급기, 광명테크, G10i, 무인민원발급기/시청각장애인겸용",주식회사광명테크,중소기업,43211514,컴퓨터키오스크,4321151401,증명발급기,4,40200000,대,10050000,4,40200000,4,40200000,N,대표품목,5370000,경상남도 거제시,경상남도 거제시,20260409
R26TB01786058,01,2026-04-20,1,0023C0107,02,25713564,"증명발급기, 광명테크, G10i, 무인민원발급기/시청각장애인겸용",주식회사광명테크,중소기업,43211514,컴퓨터키오스크,4321151401,증명발급기,6,60300000,대,10050000,6,60300000,2,20100000,Y,대표품목,5370000,경상남도 거제시,경상남도 거제시,20260409
R26TB01786233,00,2026-04-09,1,R25TA00404451,01,25109706,"버스및차량정보안내장치, 삼원에프에이, EBIT-1000S-60W, 거치형/단면",삼원에프에이주식회사,중소기업,43211514,컴퓨터키오스크,4321151403,버스및차량정보안내장치,1,6089400,대,6089400,2,13675800,1,6089400,Y,대표품목,4701000,전북특별자치도 남원시,전북특별자치도 남원시,20260409
R26TB01786233,00,2026-04-09,2,R25TA00404451,01,25286961,"버스및차량정보안내장치, 삼원에프에이, EBIT-2000S-60W, 거치형/단면",삼원에프에이주식회사,중소기업,43211514,컴퓨터키오스크,4321151403,버스및차량정보안내장치,1,7586400,대,7586400,2,13675800,1,7586400,Y,대표품목,4701000,전북특별자치도 남원시,전북특별자치도 남원시,20260409
R26TB01786609,00,2026-04-09,1,002061436,12,25202556,"증명발급기, 에니텍시스, IS-2000L, 통합민원발급기",(주)에니텍시스,중소기업,43211514,컴퓨터키오스크,4321151401,증명발급기,2,15600000,대,7800000,2,15600000,2,15600000,Y,대표품목,3480373,대구광역시 달성군 옥포읍,대구광역시 달성군,20260409
R26TB01788745,00,2026-04-10,1,002061436,12,25202556,"증명발급기, 에니텍시스, IS-2000L, 통합민원발급기",(주)에니텍시스,중소기업,43211514,컴퓨터키오스크,4321151401,증명발급기,1,7800000,대,7800000,1,7800000,1,7800000,Y,대표품목,5590025,경기도 양주시 백석읍,경기도 양주시,20260410
R26TB01793782,00,2026-04-10,1,002370024,02,24422601,"증명발급기, 한국타피, TAPI-9320B, 무인민원발급기/시청각장애인겸용",한국타피(주),중소기업,43211514,컴퓨터키오스크,4321151401,증명발급기,3,74400000,대,24800000,3,74400000,3,74400000,Y,대표품목,3570000,인천광역시 강화군,인천광역시 강화군,20260410
R26TB01797717,00,2026-04-13,1,0023C0107,02,23813369,"증명발급기, 광명테크, G7i, 통합민원발급기",주식회사광명테크,중소기업,43211514,컴퓨터키오스크,4321151401,증명발급기,1,7750000,대,7750000,1,7750000,1,7750000,Y,대표품목,5540311,경기도 광주시 오포1동,경기도 광주시,20260413
R26TB01798154,00,2026-04-13,1,002061436,12,24362786,"증명발급기, 에니텍시스, AT-K300E, 무인민원발급기/시청각장애인겸용",(주)에니텍시스,중소기업,43211514,컴퓨터키오스크,4321151401,증명발급기,1,24800000,대,24800000,1,24800000,1,24800000,Y,대표품목,4090284,경기도 김포시 구래동,경기도 김포시,20260413
R26TB01800467,00,2026-04-13,1,002062281,08,25959485,"증명발급기, 한국에임, HAIM-7000SC, 통합무인발급기/시청각장애인겸용",(주)한국에임,중소기업,43211514,컴퓨터키오스크,4321151401,증명발급기,1,23000000,대,23000000,1,23000000,1,23000000,Y,대표품목,3480000,대구광역시 달성군,대구광역시 달성군,20260413
R26TB01802792,00,2026-04-14,1,002061436,12,24362786,"증명발급기, 에니텍시스, AT-K300E, 무인민원발급기/시청각장애인겸용",(주)에니텍시스,중소기업,43211514,컴퓨터키오스크,4321151401,증명발급기,1,24800000,대,24800000,1,24800000,1,24800000,Y,대표품목,4281000,강원특별자치도 평창군,강원특별자치도 평창군,20260414
R26TB01802793,00,2026-04-14,1,002370024,02,24422601,"증명발급기, 한국타피, TAPI-9320B, 무인민원발급기/시청각장애인겸용",한국타피(주),중소기업,43211514,컴퓨터키오스크,4321151401,증명발급기,4,99200000,대,24800000,4,99200000,4,99200000,Y,대표품목,4281000,강원특별자치도 평창군,강원특별자치도 평창군,20260414
R26TB01803581,00,2026-04-14,1,002061436,12,25202556,"증명발급기, 에니텍시스, IS-2000L, 통합민원발급기",(주)에니텍시스,중소기업,43211514,컴퓨터키오스크,4321151401,증명발급기,1,7800000,대,7800000,1,7800000,1,7800000,Y,대표품목,3850026,경기도 안양시 동안구 신촌동,경기도 안양시 동안구,20260414
R26TB01803858,00,2026-04-14,1,002061436,12,24362786,"증명발급기, 에니텍시스, AT-K300E, 무인민원발급기/시청각장애인겸용",(주)에니텍시스,중소기업,43211514,컴퓨터키오스크,4321151401,증명발급기,1,24800000,대,24800000,1,24800000,1,24800000,Y,대표품목,4090000,경기도 김포시,경기도 김포시,20260414
R26TB01805184,00,2026-04-14,1,002061436,12,24362788,"증명발급기, 에니텍시스, AT-K200(NEW), 무인민원발급기/시청각장애인겸용",(주)에니텍시스,중소기업,43211514,컴퓨터키오스크,4321151401,증명발급기,3,59550000,대,19850000,6,82950000,3,59550000,Y,대표품목,4291000,강원특별자치도 정선군,강원특별자치도 정선군,20260414
R26TB01805184,00,2026-04-14,2,002061436,12,25202556,"증명발급기, 에니텍시스, IS-2000L, 통합민원발급기",(주)에니텍시스,중소기업,43211514,컴퓨터키오스크,4321151401,증명발급기,3,23400000,대,7800000,6,82950000,3,23400000,Y,대표품목,4291000,강원특별자치도 정선군,강원특별자치도 정선군,20260414
R26TB01805185,00,2026-04-14,1,002061437,12,23893188,"증명발급기, 한국타피, TA-2200S(NEW), 통합민원발급기",한국타피(주),중소기업,43211514,컴퓨터키오스크,4321151401,증명발급기,1,7600000,대,7600000,3,47200000,1,7600000,Y,대표품목,4291000,강원특별자치도 정선군,강원특별자치도 정선군,20260414
R26TB01805185,00,2026-04-14,2,002061437,12,24292472,"증명발급기, 한국타피, TAPI-9270T, 무인민원발급기/시청각장애인겸용",한국타피(주),중소기업,43211514,컴퓨터키오스크,4321151401,증명발급기,2,39600000,대,19800000,3,47200000,2,39600000,Y,대표품목,4291000,강원특별자치도 정선군,강원특별자치도 정선군,20260414
R26TB01805302,00,2026-04-14,1,002470164,02,25233043,"버스및차량정보안내장치, 싸인텔레콤, ST-HS4X12S, 거치형",주식회사 싸인텔레콤,중소기업,43211514,컴퓨터키오스크,4321151403,버스및차량정보안내장치,15,114360000,대,7624000,15,114360000,15,114360000,Y,대표품목,4090000,경기도 김포시,경기도 김포시,20260414
R26TB01805303,00,2026-04-14,1,R25TA00404451,01,25300626,"버스및차량정보안내장치, 삼원에프에이, EBIT-1000P-60W, 독립형/단면",삼원에프에이주식회사,중소기업,43211514,컴퓨터키오스크,4321151403,버스및차량정보안내장치,1,6488600,대,6488600,8,50611400,1,6488600,Y,대표품목,4090000,경기도 김포시,경기도 김포시,20260414
R26TB01805303,00,2026-04-14,2,R25TA00404451,01,25109706,"버스및차량정보안내장치, 삼원에프에이, EBIT-1000S-60W, 거치형/단면",삼원에프에이주식회사,중소기업,43211514,컴퓨터키오스크,4321151403,버스및차량정보안내장치,6,36536400,대,6089400,8,50611400,6,36536400,Y,대표품목,4090000,경기도 김포시,경기도 김포시,20260414
R26TB01805303,00,2026-04-14,3,R25TA00404451,01,25286961,"버스및차량정보안내장치, 삼원에프에이, EBIT-2000S-60W, 거치형/단면",삼원에프에이주식회사,중소기업,43211514,컴퓨터키오스크,4321151403,버스및차량정보안내장치,1,7586400,대,7586400,8,50611400,1,7586400,Y,대표품목,4090000,경기도 김포시,경기도 김포시,20260414
R26TB01808670,00,2026-04-15,1,0023C0107,02,23813369,"증명발급기, 광명테크, G7i, 통합민원발급기",주식회사광명테크,중소기업,43211514,컴퓨터키오스크,4321151401,증명발급기,1,7750000,대,7750000,1,7750000,1,7750000,Y,대표품목,3200000,서울특별시 관악구,서울특별시 관악구,20260415
R26TB01809601,00,2026-04-15,1,002061437,12,26001990,"증명발급기, 한국타피, TAPI-9320D, 통합무인발급기/시청각장애인겸용",한국타피(주),중소기업,43211514,컴퓨터키오스크,4321151401,증명발급기,1,23000000,대,23000000,1,23000000,1,23000000,Y,대표품목,5640000,경기도 용인시 수지구,경기도 용인시 수지구,20260415
R26TB01818546,00,2026-04-16,1,002061437,12,24292471,"증명발급기, 한국타피, TAPI-9270J, 무인민원발급기/시청각장애인겸용",한국타피(주),중소기업,43211514,컴퓨터키오스크,4321151401,증명발급기,1,23800000,대,23800000,1,23800000,1,23800000,Y,대표품목,4771000,전북특별자치도 순창군,전북특별자치도 순창군,20260416
R26TB01826915,00,2026-04-20,1,002061437,12,23893188,"증명발급기, 한국타피, TA-2200S(NEW), 통합민원발급기",한국타피(주),중소기업,43211514,컴퓨터키오스크,4321151401,증명발급기,2,15200000,대,7600000,2,15200000,2,15200000,Y,대표품목,4020044,경기도 군포시 광정동,경기도 군포시,20260420
R26TB01834904,00,2026-04-21,1,0023C0107,02,24359644,"증명발급기, 광명테크, G10, 무인민원발급기/시청각장애인겸용",주식회사광명테크,중소기업,43211514,컴퓨터키오스크,4321151401,증명발급기,1,19800000,대,19800000,1,19800000,1,19800000,Y,대표품목,4261000,강원특별자치도 횡성군,강원특별자치도 횡성군,20260421
R26TB01834954,00,2026-04-21,1,002061437,12,24292472,"증명발급기, 한국타피, TAPI-9270T, 무인민원발급기/시청각장애인겸용",한국타피(주),중소기업,43211514,컴퓨터키오스크,4321151401,증명발급기,1,19800000,대,19800000,1,19800000,1,19800000,Y,대표품목,4261000,강원특별자치도 횡성군,강원특별자치도 횡성군,20260421
R26TB01838508,00,2026-04-22,1,002061436,12,25202556,"증명발급기, 에니텍시스, IS-2000L, 통합민원발급기",(주)에니텍시스,중소기업,43211514,컴퓨터키오스크,4321151401,증명발급기,1,7800000,대,7800000,1,7800000,1,7800000,Y,대표품목,5020000,경상북도 포항시,경상북도 포항시 남구,20260422
R26TB01838522,00,2026-04-22,1,002061437,12,24292472,"증명발급기, 한국타피, TAPI-9270T, 무인민원발급기/시청각장애인겸용",한국타피(주),중소기업,43211514,컴퓨터키오스크,4321151401,증명발급기,1,19800000,대,19800000,1,19800000,1,19800000,Y,대표품목,5020000,경상북도 포항시,경상북도 포항시 남구,20260422
R26TB01838523,00,2026-04-22,1,0023C0107,02,24359644,"증명발급기, 광명테크, G10, 무인민원발급기/시청각장애인겸용",주식회사광명테크,중소기업,43211514,컴퓨터키오스크,4321151401,증명발급기,1,19800000,대,19800000,1,19800000,1,19800000,Y,대표품목,5020000,경상북도 포항시,경상북도 포항시 남구,20260422
R26TB01839780,00,2026-04-22,1,002470164,02,25233039,"버스및차량정보안내장치, 싸인텔레콤, ST-LED-BIT-01, 거치형",주식회사 싸인텔레콤,중소기업,43211514,컴퓨터키오스크,4321151403,버스및차량정보안내장치,3,28242000,대,9414000,5,42576000,3,28242000,Y,대표품목,3390000,부산광역시 사상구,부산광역시 사상구,20260422
R26TB01839780,00,2026-04-22,2,002470164,02,25233046,"버스및차량정보안내장치, 싸인텔레콤, ST-64LED-MY, 독립형",주식회사 싸인텔레콤,중소기업,43211514,컴퓨터키오스크,4321151403,버스및차량정보안내장치,2,14334000,대,7167000,5,42576000,2,14334000,Y,대표품목,3390000,부산광역시 사상구,부산광역시 사상구,20260422
R26TB01845301,00,2026-04-23,1,002061436,12,24362786,"증명발급기, 에니텍시스, AT-K300E, 무인민원발급기/시청각장애인겸용",(주)에니텍시스,중소기업,43211514,컴퓨터키오스크,4321151401,증명발급기,1,24800000,대,24800000,1,24800000,1,24800000,Y,대표품목,5885000,전남광주통합특별시 함평군,전라남도 함평군,20260423
R26TB01845488,00,2026-04-23,1,002061436,12,25202556,"증명발급기, 에니텍시스, IS-2000L, 통합민원발급기",(주)에니텍시스,중소기업,43211514,컴퓨터키오스크,4321151401,증명발급기,1,7800000,대,7800000,1,7800000,1,7800000,Y,대표품목,5330000,경상남도 통영시,경상남도 통영시,20260423
R26TB01846339,00,2026-04-23,1,002470164,02,25233040,"버스및차량정보안내장치, 싸인텔레콤, ST-BIT-0312, 거치형",주식회사 싸인텔레콤,중소기업,43211514,컴퓨터키오스크,4321151403,버스및차량정보안내장치,5,34680000,대,6936000,12,91786000,5,34680000,Y,대표품목,5020000,경상북도 포항시,경상북도 포항시 남구,20260423
R26TB01846339,00,2026-04-23,2,002470164,02,25233042,"버스및차량정보안내장치, 싸인텔레콤, ST-BIT-0406, 독립형",주식회사 싸인텔레콤,중소기업,43211514,컴퓨터키오스크,4321151403,버스및차량정보안내장치,7,57106000,대,8158000,12,91786000,7,57106000,Y,대표품목,5020000,경상북도 포항시,경상북도 포항시 남구,20260423
R26TB01852246,00,2026-04-24,1,002470164,02,24064111,"버스및차량정보안내장치, 싸인텔레콤, SMARTVISION-PLUS-BIS-US64, 거치형",주식회사 싸인텔레콤,중소기업,43211514,컴퓨터키오스크,4321151403,버스및차량정보안내장치,2,17968000,대,8984000,2,17968000,2,17968000,Y,대표품목,6112262,서울특별시 도시기반시설본부,서울특별시 중구,20260424
R26TB01856115,00,2026-04-27,1,002061436,12,25202556,"증명발급기, 에니텍시스, IS-2000L, 통합민원발급기",(주)에니텍시스,중소기업,43211514,컴퓨터키오스크,4321151401,증명발급기,1,7800000,대,7800000,1,7800000,1,7800000,Y,대표품목,4390080,충청북도 충주시 호암.직동,충청북도 충주시,20260427
R26TB01856346,00,2026-04-27,1,R25TA00404451,01,25109706,"버스및차량정보안내장치, 삼원에프에이, EBIT-1000S-60W, 거치형/단면",삼원에프에이주식회사,중소기업,43211514,컴퓨터키오스크,4321151403,버스및차량정보안내장치,5,30447000,대,6089400,5,30447000,5,30447000,Y,대표품목,3330000,부산광역시 해운대구,부산광역시 해운대구,20260427
R26TB01856899,00,2026-04-27,1,002470164,02,25233040,"버스및차량정보안내장치, 싸인텔레콤, ST-BIT-0312, 거치형",주식회사 싸인텔레콤,중소기업,43211514,컴퓨터키오스크,4321151403,버스및차량정보안내장치,2,14822000,대,7411000,2,14822000,2,14822000,Y,대표품목,Z016612,평택도시공사,경기도 평택시,20260427
R26TB01861811,00,2026-04-28,1,0023C0245,02,25885679,"증명발급기, 본시스, BON-7100S, 통합민원발급기",(주)본시스,중소기업,43211514,컴퓨터키오스크,4321151401,증명발급기,1,7860000,대,7860000,1,7860000,1,7860000,Y,대표품목,4390121,충청북도 충주시 수안보면,충청북도 충주시,20260428
R26TB01863293,00,2026-04-28,1,002061437,12,23893188,"증명발급기, 한국타피, TA-2200S(NEW), 통합민원발급기",한국타피(주),중소기업,43211514,컴퓨터키오스크,4321151401,증명발급기,3,22800000,대,7600000,3,22800000,3,22800000,Y,대표품목,5590000,경기도 양주시,경기도 양주시,20260428
R26TB01867206,00,2026-04-28,1,002061436,12,25202556,"증명발급기, 에니텍시스, IS-2000L, 통합민원발급기",(주)에니텍시스,중소기업,43211514,컴퓨터키오스크,4321151401,증명발급기,3,23400000,대,7800000,3,23400000,3,23400000,Y,대표품목,5060000,경상북도 김천시,경상북도 김천시,20260428
R26TB01867933,00,2026-04-29,1,002470164,02,25233043,"버스및차량정보안내장치, 싸인텔레콤, ST-HS4X12S, 거치형",주식회사 싸인텔레콤,중소기업,43211514,컴퓨터키오스크,4321151403,버스및차량정보안내장치,1,7624000,대,7624000,5,36292000,1,7624000,Y,대표품목,3920000,경기도 동두천시,경기도 동두천시,20260429
R26TB01867933,00,2026-04-29,2,002470164,02,25233046,"버스및차량정보안내장치, 싸인텔레콤, ST-64LED-MY, 독립형",주식회사 싸인텔레콤,중소기업,43211514,컴퓨터키오스크,4321151403,버스및차량정보안내장치,4,28668000,대,7167000,5,36292000,4,28668000,Y,대표품목,3920000,경기도 동두천시,경기도 동두천시,20260429
R26TB01869554,00,2026-04-29,1,002470164,02,24064111,"버스및차량정보안내장치, 싸인텔레콤, SMARTVISION-PLUS-BIS-US64, 거치형",주식회사 싸인텔레콤,중소기업,43211514,컴퓨터키오스크,4321151403,버스및차량정보안내장치,45,404280000,대,8984000,61,530471700,45,404280000,N,대표품목,3990000,경기도 남양주시,경기도 남양주시,20260429
R26TB01869554,00,2026-04-29,2,002470164,02,25233042,"버스및차량정보안내장치, 싸인텔레콤, ST-BIT-0406, 독립형",주식회사 싸인텔레콤,중소기업,43211514,컴퓨터키오스크,4321151403,버스및차량정보안내장치,10,86720000,대,8672000,61,530471700,10,86720000,N,대표품목,3990000,경기도 남양주시,경기도 남양주시,20260429
R26TB01869554,00,2026-04-29,3,002470164,02,25233043,"버스및차량정보안내장치, 싸인텔레콤, ST-HS4X12S, 거치형",주식회사 싸인텔레콤,중소기업,43211514,컴퓨터키오스크,4321151403,버스및차량정보안내장치,4,30496000,대,7624000,61,530471700,4,30496000,N,대표품목,3990000,경기도 남양주시,경기도 남양주시,20260429
R26TB01869554,00,2026-04-29,4,002470164,02,25233046,"버스및차량정보안내장치, 싸인텔레콤, ST-64LED-MY, 독립형",주식회사 싸인텔레콤,중소기업,43211514,컴퓨터키오스크,4321151403,버스및차량정보안내장치,2,14334000,대,7167000,61,530471700,2,14334000,N,대표품목,3990000,경기도 남양주시,경기도 남양주시,20260429
R26TB01869554,01,2026-04-30,1,002470164,02,24064111,"버스및차량정보안내장치, 싸인텔레콤, SMARTVISION-PLUS-BIS-US64, 거치형",주식회사 싸인텔레콤,중소기업,43211514,컴퓨터키오스크,4321151403,버스및차량정보안내장치,0,0,대,8984000,0,0,-45,-404280000,Y,대표품목,3990000,경기도 남양주시,경기도 남양주시,20260429
R26TB01869554,01,2026-04-30,2,002470164,02,25233042,"버스및차량정보안내장치, 싸인텔레콤, ST-BIT-0406, 독립형",주식회사 싸인텔레콤,중소기업,43211514,컴퓨터키오스크,4321151403,버스및차량정보안내장치,0,0,대,8672000,0,0,-10,-86720000,Y,대표품목,3990000,경기도 남양주시,경기도 남양주시,20260429
R26TB01869554,01,2026-04-30,3,002470164,02,25233043,"버스및차량정보안내장치, 싸인텔레콤, ST-HS4X12S, 거치형",주식회사 싸인텔레콤,중소기업,43211514,컴퓨터키오스크,4321151403,버스및차량정보안내장치,0,0,대,7624000,0,0,-4,-30496000,Y,대표품목,3990000,경기도 남양주시,경기도 남양주시,20260429
R26TB01869554,01,2026-04-30,4,002470164,02,25233046,"버스및차량정보안내장치, 싸인텔레콤, ST-64LED-MY, 독립형",주식회사 싸인텔레콤,중소기업,43211514,컴퓨터키오스크,4321151403,버스및차량정보안내장치,0,0,대,7167000,0,0,-2,-14334000,Y,대표품목,3990000,경기도 남양주시,경기도 남양주시,20260429
R26TB01869665,00,2026-04-29,1,002470164,02,24064111,"버스및차량정보안내장치, 싸인텔레콤, SMARTVISION-PLUS-BIS-US64, 거치형",주식회사 싸인텔레콤,중소기업,43211514,컴퓨터키오스크,4321151403,버스및차량정보안내장치,45,404280000,대,8984000,61,530471700,45,404280000,Y,대표품목,3990000,경기도 남양주시,경기도 남양주시,20260429
R26TB01869665,00,2026-04-29,2,002470164,02,25233042,"버스및차량정보안내장치, 싸인텔레콤, ST-BIT-0406, 독립형",주식회사 싸인텔레콤,중소기업,43211514,컴퓨터키오스크,4321151403,버스및차량정보안내장치,10,86720000,대,8672000,61,530471700,10,86720000,Y,대표품목,3990000,경기도 남양주시,경기도 남양주시,20260429
R26TB01869665,00,2026-04-29,3,002470164,02,25233043,"버스및차량정보안내장치, 싸인텔레콤, ST-HS4X12S, 거치형",주식회사 싸인텔레콤,중소기업,43211514,컴퓨터키오스크,4321151403,버스및차량정보안내장치,4,30496000,대,7624000,61,530471700,4,30496000,Y,대표품목,3990000,경기도 남양주시,경기도 남양주시,20260429
R26TB01869665,00,2026-04-29,4,002470164,02,25233046,"버스및차량정보안내장치, 싸인텔레콤, ST-64LED-MY, 독립형",주식회사 싸인텔레콤,중소기업,43211514,컴퓨터키오스크,4321151403,버스및차량정보안내장치,2,14334000,대,7167000,61,530471700,2,14334000,Y,대표품목,3990000,경기도 남양주시,경기도 남양주시,20260429
R26TB01872217,00,2026-04-29,1,0023C0245,02,25885679,"증명발급기, 본시스, BON-7100S, 통합민원발급기",(주)본시스,중소기업,43211514,컴퓨터키오스크,4321151401,증명발급기,1,7860000,대,7860000,1,7860000,1,7860000,Y,대표품목,4390068,충청북도 충주시 연수동,충청북도 충주시,20260429
R26TB01876182,00,2026-04-30,1,R25TA00404451,01,25300626,"버스및차량정보안내장치, 삼원에프에이, EBIT-1000P-60W, 독립형/단면",삼원에프에이주식회사,중소기업,43211514,컴퓨터키오스크,4321151403,버스및차량정보안내장치,1,6488600,대,6488600,1,6488600,1,6488600,Y,대표품목,3270000,부산광역시 동구,부산광역시 동구,20260430
R26TB01876246,00,2026-04-30,1,002470164,02,25233045,"버스및차량정보안내장치, 싸인텔레콤, ST-BIT-480414-01, 거치형",주식회사 싸인텔레콤,중소기업,43211514,컴퓨터키오스크,4321151403,버스및차량정보안내장치,6,57312000,대,9552000,36,320655000,6,57312000,Y,대표품목,3830000,경기도 안양시,경기도 안양시 동안구,20260430
R26TB01876246,00,2026-04-30,2,002470164,02,25233047,"버스및차량정보안내장치, 싸인텔레콤, ST-BIS0412, 거치형",주식회사 싸인텔레콤,중소기업,43211514,컴퓨터키오스크,4321151403,버스및차량정보안내장치,9,70290000,대,7810000,36,320655000,9,70290000,Y,대표품목,3830000,경기도 안양시,경기도 안양시 동안구,20260430
R26TB01876246,00,2026-04-30,3,002470164,02,25233048,"버스및차량정보안내장치, 싸인텔레콤, ST-BIS0412-01, 거치형",주식회사 싸인텔레콤,중소기업,43211514,컴퓨터키오스크,4321151403,버스및차량정보안내장치,21,193053000,대,9193000,36,320655000,21,193053000,Y,대표품목,3830000,경기도 안양시,경기도 안양시 동안구,20260430
R26TB01880089,00,2026-05-04,1,002470164,02,25233041,"버스및차량정보안내장치, 싸인텔레콤, ST-BIT-0312-01, 거치형",주식회사 싸인텔레콤,중소기업,43211514,컴퓨터키오스크,4321151403,버스및차량정보안내장치,5,42780000,대,8556000,10,86140000,5,42780000,Y,대표품목,4500000,충청남도 공주시,충청남도 공주시,20260504
R26TB01880089,00,2026-05-04,2,002470164,02,25233042,"버스및차량정보안내장치, 싸인텔레콤, ST-BIT-0406, 독립형",주식회사 싸인텔레콤,중소기업,43211514,컴퓨터키오스크,4321151403,버스및차량정보안내장치,5,43360000,대,8672000,10,86140000,5,43360000,Y,대표품목,4500000,충청남도 공주시,충청남도 공주시,20260504
R26TB01880906,00,2026-05-04,1,002470164,02,25233040,"버스및차량정보안내장치, 싸인텔레콤, ST-BIT-0312, 거치형",주식회사 싸인텔레콤,중소기업,43211514,컴퓨터키오스크,4321151403,버스및차량정보안내장치,10,74110000,대,7411000,10,74110000,10,74110000,Y,대표품목,5540000,경기도 광주시,경기도 광주시,20260504
R26TB01881062,00,2026-05-04,1,002061436,12,24362786,"증명발급기, 에니텍시스, AT-K300E, 무인민원발급기/시청각장애인겸용",(주)에니텍시스,중소기업,43211514,컴퓨터키오스크,4321151401,증명발급기,1,24800000,대,24800000,1,24800000,1,24800000,Y,대표품목,5070000,경상북도 안동시,경상북도 안동시,20260504
R26TB01891403,00,2026-05-07,1,002061436,12,25202555,"증명발급기, 에니텍시스, IS-2000M, 통합민원발급기",(주)에니텍시스,중소기업,43211514,컴퓨터키오스크,4321151401,증명발급기,1,8500000,대,8500000,1,8500000,1,8500000,Y,대표품목,4271000,강원특별자치도 영월군,강원특별자치도 영월군,20260507
R26TB01894057,00,2026-05-08,1,002061437,12,26001990,"증명발급기, 한국타피, TAPI-9320D, 통합무인발급기/시청각장애인겸용",한국타피(주),중소기업,43211514,컴퓨터키오스크,4321151401,증명발급기,1,23000000,대,23000000,1,23000000,1,23000000,Y,대표품목,3410000,대구광역시 중구,대구광역시 중구,20260508
R26TB01894221,00,2026-05-08,1,002061436,12,25202556,"증명발급기, 에니텍시스, IS-2000L, 통합민원발급기",(주)에니텍시스,중소기업,43211514,컴퓨터키오스크,4321151401,증명발급기,2,15600000,대,7800000,2,15600000,2,15600000,Y,대표품목,4520104,충청남도 아산시 온양5동,충청남도 아산시,20260508
R26TB01897024,00,2026-05-08,1,002470164,02,25233047,"버스및차량정보안내장치, 싸인텔레콤, ST-BIS0412, 거치형",주식회사 싸인텔레콤,중소기업,43211514,컴퓨터키오스크,4321151403,버스및차량정보안내장치,1,7810000,대,7810000,2,17003000,1,7810000,Y,대표품목,3830000,경기도 안양시,경기도 안양시 동안구,20260508
R26TB01897024,00,2026-05-08,2,002470164,02,25233048,"버스및차량정보안내장치, 싸인텔레콤, ST-BIS0412-01, 거치형",주식회사 싸인텔레콤,중소기업,43211514,컴퓨터키오스크,4321151403,버스및차량정보안내장치,1,9193000,대,9193000,2,17003000,1,9193000,Y,대표품목,3830000,경기도 안양시,경기도 안양시 동안구,20260508
R26TB01898075,00,2026-05-10,1,R25TA00404451,01,25300626,"버스및차량정보안내장치, 삼원에프에이, EBIT-1000P-60W, 독립형/단면",삼원에프에이주식회사,중소기업,43211514,컴퓨터키오스크,4321151403,버스및차량정보안내장치,1,5688600,대,5688600,19,100897800,1,5688600,Y,대표품목,4010000,경기도 시흥시,경기도 시흥시,20260510
R26TB01898075,00,2026-05-10,2,R25TA00404451,01,25109706,"버스및차량정보안내장치, 삼원에프에이, EBIT-1000S-60W, 거치형/단면",삼원에프에이주식회사,중소기업,43211514,컴퓨터키오스크,4321151403,버스및차량정보안내장치,18,95209200,대,5289400,19,100897800,18,95209200,Y,대표품목,4010000,경기도 시흥시,경기도 시흥시,20260510
R26TB01899492,00,2026-05-11,1,002370024,02,24422601,"증명발급기, 한국타피, TAPI-9320B, 무인민원발급기/시청각장애인겸용",한국타피(주),중소기업,43211514,컴퓨터키오스크,4321151401,증명발급기,1,24800000,대,24800000,1,24800000,1,24800000,Y,대표품목,3810000,경기도 성남시 분당구,경기도 성남시 분당구,20260511
R26TB01900603,00,2026-05-11,1,R25TA00404451,01,25286961,"버스및차량정보안내장치, 삼원에프에이, EBIT-2000S-60W, 거치형/단면",삼원에프에이주식회사,중소기업,43211514,컴퓨터키오스크,4321151403,버스및차량정보안내장치,1,7586400,대,7586400,1,7586400,1,7586400,Y,대표품목,3300000,부산광역시 동래구,부산광역시 동래구,20260511
R26TB01901009,00,2026-05-11,1,002061437,12,26001990,"증명발급기, 한국타피, TAPI-9320D, 통합무인발급기/시청각장애인겸용",한국타피(주),중소기업,43211514,컴퓨터키오스크,4321151401,증명발급기,1,23000000,대,23000000,1,23000000,1,23000000,Y,대표품목,4390000,충청북도 충주시,충청북도 충주시,20260511
R26TB01901544,00,2026-05-11,1,0023C0107,02,23813369,"증명발급기, 광명테크, G7i, 통합민원발급기",주식회사광명테크,중소기업,43211514,컴퓨터키오스크,4321151401,증명발급기,1,7750000,대,7750000,1,7750000,1,7750000,Y,대표품목,5670000,경상남도 창원시,경상남도 창원시 의창구,20260511
R26TB01903631,00,2026-05-11,1,002470164,02,25233040,"버스및차량정보안내장치, 싸인텔레콤, ST-BIT-0312, 거치형",주식회사 싸인텔레콤,중소기업,43211514,컴퓨터키오스크,4321151403,버스및차량정보안내장치,17,125987000,대,7411000,17,125987000,17,125987000,Y,대표품목,5590000,경기도 양주시,경기도 양주시,20260511
R26TB01905019,00,2026-05-12,1,002061436,12,25202556,"증명발급기, 에니텍시스, IS-2000L, 통합민원발급기",(주)에니텍시스,중소기업,43211514,컴퓨터키오스크,4321151401,증명발급기,3,23400000,대,7800000,3,23400000,3,23400000,Y,대표품목,3561000,인천광역시 서해구,인천광역시 서구,20260512
R26TB01912895,00,2026-05-13,1,002370024,02,24422601,"증명발급기, 한국타피, TAPI-9320B, 무인민원발급기/시청각장애인겸용",한국타피(주),중소기업,43211514,컴퓨터키오스크,4321151401,증명발급기,1,24800000,대,24800000,1,24800000,1,24800000,Y,대표품목,3690000,울산광역시 중구,울산광역시 중구,20260513
R26TB01913038,00,2026-05-13,1,R25TA00404451,01,25300626,"버스및차량정보안내장치, 삼원에프에이, EBIT-1000P-60W, 독립형/단면",삼원에프에이주식회사,중소기업,43211514,컴퓨터키오스크,4321151403,버스및차량정보안내장치,37,240078200,대,6488600,79,498827000,37,240078200,N,대표품목,6310000,울산광역시,울산광역시 남구,20260513
R26TB01913038,00,2026-05-13,2,R25TA00404451,01,25109706,"버스및차량정보안내장치, 삼원에프에이, EBIT-1000S-60W, 거치형/단면",삼원에프에이주식회사,중소기업,43211514,컴퓨터키오스크,4321151403,버스및차량정보안내장치,40,243576000,대,6089400,79,498827000,40,243576000,N,대표품목,6310000,울산광역시,울산광역시 남구,20260513
R26TB01913038,00,2026-05-13,3,R25TA00404451,01,25286961,"버스및차량정보안내장치, 삼원에프에이, EBIT-2000S-60W, 거치형/단면",삼원에프에이주식회사,중소기업,43211514,컴퓨터키오스크,4321151403,버스및차량정보안내장치,2,15172800,대,7586400,79,498827000,2,15172800,N,대표품목,6310000,울산광역시,울산광역시 남구,20260513
R26TB01913038,01,2026-07-21,1,R25TA00404451,01,25300626,"버스및차량정보안내장치, 삼원에프에이, EBIT-1000P-60W, 독립형/단면",삼원에프에이주식회사,중소기업,43211514,컴퓨터키오스크,4321151403,버스및차량정보안내장치,36,233589600,대,6488600,79,498427800,-1,-6488600,Y,대표품목,6310000,울산광역시,울산광역시 남구,20260513
R26TB01913038,01,2026-07-21,2,R25TA00404451,01,25109706,"버스및차량정보안내장치, 삼원에프에이, EBIT-1000S-60W, 거치형/단면",삼원에프에이주식회사,중소기업,43211514,컴퓨터키오스크,4321151403,버스및차량정보안내장치,41,249665400,대,6089400,79,498427800,1,6089400,Y,대표품목,6310000,울산광역시,울산광역시 남구,20260513
R26TB01913038,01,2026-07-21,3,R25TA00404451,01,25286961,"버스및차량정보안내장치, 삼원에프에이, EBIT-2000S-60W, 거치형/단면",삼원에프에이주식회사,중소기업,43211514,컴퓨터키오스크,4321151403,버스및차량정보안내장치,2,15172800,대,7586400,79,498427800,0,0,Y,대표품목,6310000,울산광역시,울산광역시 남구,20260513
R26TB01915032,00,2026-05-14,1,0023C0245,02,25885679,"증명발급기, 본시스, BON-7100S, 통합민원발급기",(주)본시스,중소기업,43211514,컴퓨터키오스크,4321151401,증명발급기,2,15720000,대,7860000,2,15720000,2,15720000,Y,대표품목,5690000,세종특별자치시,세종특별자치시,20260514
R26TB01915095,00,2026-05-14,1,002370024,02,24422601,"증명발급기, 한국타피, TAPI-9320B, 무인민원발급기/시청각장애인겸용",한국타피(주),중소기업,43211514,컴퓨터키오스크,4321151401,증명발급기,13,322400000,대,24800000,13,320788000,13,322400000,Y,대표품목,3790000,경기도 성남시 수정구,경기도 성남시 수정구,20260514
R26TB01926221,00,2026-05-18,1,002061436,12,25202556,"증명발급기, 에니텍시스, IS-2000L, 통합민원발급기",(주)에니텍시스,중소기업,43211514,컴퓨터키오스크,4321151401,증명발급기,1,7800000,대,7800000,1,7800000,1,7800000,Y,대표품목,3150000,서울특별시 강서구,서울특별시 강서구,20260518
R26TB01926362,00,2026-05-18,1,0023C0245,02,25885679,"증명발급기, 본시스, BON-7100S, 통합민원발급기",(주)본시스,중소기업,43211514,컴퓨터키오스크,4321151401,증명발급기,1,7860000,대,7860000,1,7860000,1,7860000,Y,대표품목,4390044,충청북도 충주시 주덕읍,충청북도 충주시,20260518
R26TB01933254,00,2026-05-19,1,002061436,12,24362786,"증명발급기, 에니텍시스, AT-K300E, 무인민원발급기/시청각장애인겸용",(주)에니텍시스,중소기업,43211514,컴퓨터키오스크,4321151401,증명발급기,1,24800000,대,24800000,1,24800000,1,24800000,Y,대표품목,5460000,경상남도 함양군,경상남도 함양군,20260519
R26TB01933255,00,2026-05-19,1,002061437,12,24292471,"증명발급기, 한국타피, TAPI-9270J, 무인민원발급기/시청각장애인겸용",한국타피(주),중소기업,43211514,컴퓨터키오스크,4321151401,증명발급기,1,23800000,대,23800000,1,23800000,1,23800000,Y,대표품목,5460000,경상남도 함양군,경상남도 함양군,20260519
R26TB01935016,00,2026-05-19,1,002061437,12,24292472,"증명발급기, 한국타피, TAPI-9270T, 무인민원발급기/시청각장애인겸용",한국타피(주),중소기업,43211514,컴퓨터키오스크,4321151401,증명발급기,6,103320000,대,17220000,6,103320000,6,103320000,Y,대표품목,5380000,경상남도 양산시,경상남도 양산시,20260519
R26TB01939166,00,2026-05-20,1,R25TA00404451,01,25300626,"버스및차량정보안내장치, 삼원에프에이, EBIT-1000P-60W, 독립형/단면",삼원에프에이주식회사,중소기업,43211514,컴퓨터키오스크,4321151403,버스및차량정보안내장치,2,12977200,대,6488600,15,98526600,2,12977200,Y,대표품목,5050000,경상북도 경주시,경상북도 경주시,20260520
R26TB01939166,00,2026-05-20,2,R25TA00404451,01,25109706,"버스및차량정보안내장치, 삼원에프에이, EBIT-1000S-60W, 거치형/단면",삼원에프에이주식회사,중소기업,43211514,컴퓨터키오스크,4321151403,버스및차량정보안내장치,9,54804600,대,6089400,15,98526600,9,54804600,Y,대표품목,5050000,경상북도 경주시,경상북도 경주시,20260520
R26TB01939166,00,2026-05-20,3,R25TA00404451,01,25300628,"버스및차량정보안내장치, 삼원에프에이, EBIT-2000P-60W, 독립형/단면",삼원에프에이주식회사,중소기업,43211514,컴퓨터키오스크,4321151403,버스및차량정보안내장치,1,7985600,대,7985600,15,98526600,1,7985600,Y,대표품목,5050000,경상북도 경주시,경상북도 경주시,20260520
R26TB01939166,00,2026-05-20,4,R25TA00404451,01,25286961,"버스및차량정보안내장치, 삼원에프에이, EBIT-2000S-60W, 거치형/단면",삼원에프에이주식회사,중소기업,43211514,컴퓨터키오스크,4321151403,버스및차량정보안내장치,3,22759200,대,7586400,15,98526600,3,22759200,Y,대표품목,5050000,경상북도 경주시,경상북도 경주시,20260520
R26TB01940072,00,2026-05-20,1,R26TA01827690,00,25071451,"버스및차량정보안내장치, 이츠, ITS-BITH40310S, 거치형/단면",주식회사 이츠,중소기업,43211514,컴퓨터키오스크,4321151403,버스및차량정보안내장치,24,174312000,대,7263000,24,174312000,24,174312000,Y,대표품목,5050000,경상북도 경주시,경상북도 경주시,20260520
R26TB01940142,00,2026-05-20,1,R26TA01827690,00,25071440,"버스및차량정보안내장치, 이츠, ITS-BITH40312S, 거치형/단면",주식회사 이츠,중소기업,43211514,컴퓨터키오스크,4321151403,버스및차량정보안내장치,2,14800000,대,7400000,2,14800000,2,14800000,N,대표품목,5590000,경기도 양주시,경기도 양주시,20260520
R26TB01940142,01,2026-05-26,1,R26TA01827690,00,25071440,"버스및차량정보안내장치, 이츠, ITS-BITH40312S, 거치형/단면",주식회사 이츠,중소기업,43211514,컴퓨터키오스크,4321151403,버스및차량정보안내장치,0,0,대,7400000,0,0,-2,-14800000,Y,대표품목,5590000,경기도 양주시,경기도 양주시,20260520
R26TB01947725,00,2026-05-22,1,002470164,02,25233040,"버스및차량정보안내장치, 싸인텔레콤, ST-BIT-0312, 거치형",주식회사 싸인텔레콤,중소기업,43211514,컴퓨터키오스크,4321151403,버스및차량정보안내장치,6,44466000,대,7411000,6,44466000,6,44466000,Y,대표품목,3940000,경기도 고양시,경기도 고양시 덕양구,20260522
R26TB01948742,00,2026-05-22,1,002370024,02,24422601,"증명발급기, 한국타피, TAPI-9320B, 무인민원발급기/시청각장애인겸용",한국타피(주),중소기업,43211514,컴퓨터키오스크,4321151401,증명발급기,2,49600000,대,24800000,2,49600000,2,49600000,Y,대표품목,4671000,전북특별자치도 군산시,전북특별자치도 군산시,20260522
R26TB01950068,00,2026-05-22,1,R25TA00404451,01,25109706,"버스및차량정보안내장치, 삼원에프에이, EBIT-1000S-60W, 거치형/단면",삼원에프에이주식회사,중소기업,43211514,컴퓨터키오스크,4321151403,버스및차량정보안내장치,3,18268200,대,6089400,5,34239400,3,18268200,N,대표품목,3320000,부산광역시 북구,부산광역시 북구,20260522
R26TB01950068,00,2026-05-22,2,R25TA00404451,01,25300628,"버스및차량정보안내장치, 삼원에프에이, EBIT-2000P-60W, 독립형/단면",삼원에프에이주식회사,중소기업,43211514,컴퓨터키오스크,4321151403,버스및차량정보안내장치,2,15971200,대,7985600,5,34239400,2,15971200,N,대표품목,3320000,부산광역시 북구,부산광역시 북구,20260522
R26TB01950068,01,2026-06-05,1,R25TA00404451,01,25109706,"버스및차량정보안내장치, 삼원에프에이, EBIT-1000S-60W, 거치형/단면",삼원에프에이주식회사,중소기업,43211514,컴퓨터키오스크,4321151403,버스및차량정보안내장치,3,18268200,대,6089400,5,33441000,0,0,Y,대표품목,3320000,부산광역시 북구,부산광역시 북구,20260522
R26TB01950068,01,2026-06-05,2,R25TA00404451,01,25300628,"버스및차량정보안내장치, 삼원에프에이, EBIT-2000P-60W, 독립형/단면",삼원에프에이주식회사,중소기업,43211514,컴퓨터키오스크,4321151403,버스및차량정보안내장치,0,0,대,7985600,5,33441000,-2,-15971200,Y,대표품목,3320000,부산광역시 북구,부산광역시 북구,20260522
R26TB01950068,01,2026-06-05,3,R25TA00404451,01,25286961,"버스및차량정보안내장치, 삼원에프에이, EBIT-2000S-60W, 거치형/단면",삼원에프에이주식회사,중소기업,43211514,컴퓨터키오스크,4321151403,버스및차량정보안내장치,2,15172800,대,7586400,5,33441000,2,15172800,Y,대표품목,3320000,부산광역시 북구,부산광역시 북구,20260522
R26TB01950452,00,2026-05-24,1,002061436,12,24362785,"증명발급기, 에니텍시스, AT-K300, 무인민원발급기/시청각장애인겸용",(주)에니텍시스,중소기업,43211514,컴퓨터키오스크,4321151401,증명발급기,2,43600000,대,21800000,2,43600000,2,43600000,Y,대표품목,4191000,강원특별자치도 원주시,강원특별자치도 원주시,20260524
R26TB01952909,00,2026-05-26,1,R25TA00404451,01,25300626,"버스및차량정보안내장치, 삼원에프에이, EBIT-1000P-60W, 독립형/단면",삼원에프에이주식회사,중소기업,43211514,컴퓨터키오스크,4321151403,버스및차량정보안내장치,14,90840400,대,6488600,25,157823800,14,90840400,Y,대표품목,3340000,부산광역시 사하구,부산광역시 사하구,20260526
R26TB01952909,00,2026-05-26,2,R25TA00404451,01,25109706,"버스및차량정보안내장치, 삼원에프에이, EBIT-1000S-60W, 거치형/단면",삼원에프에이주식회사,중소기업,43211514,컴퓨터키오스크,4321151403,버스및차량정보안내장치,11,66983400,대,6089400,25,157823800,11,66983400,Y,대표품목,3340000,부산광역시 사하구,부산광역시 사하구,20260526
R26TB01955555,00,2026-05-26,1,002370024,02,24422601,"증명발급기, 한국타피, TAPI-9320B, 무인민원발급기/시청각장애인겸용",한국타피(주),중소기업,43211514,컴퓨터키오스크,4321151401,증명발급기,1,24800000,대,24800000,1,24800000,1,24800000,Y,대표품목,3040000,서울특별시 광진구,서울특별시 광진구,20260526
R26TB01957522,00,2026-05-27,1,R26TA01827690,00,25071440,"버스및차량정보안내장치, 이츠, ITS-BITH40312S, 거치형/단면",주식회사 이츠,중소기업,43211514,컴퓨터키오스크,4321151403,버스및차량정보안내장치,2,14800000,대,7400000,2,14800000,2,14800000,Y,대표품목,5590000,경기도 양주시,경기도 양주시,20260527
R26TB01962395,00,2026-05-27,1,002061437,12,26001990,"증명발급기, 한국타피, TAPI-9320D, 통합무인발급기/시청각장애인겸용",한국타피(주),중소기업,43211514,컴퓨터키오스크,4321151401,증명발급기,7,138782000,대,19826000,7,138782000,7,138782000,Y,대표품목,5530000,경기도 화성시,경기도 화성시,20260527
R26TB01962399,00,2026-05-27,1,002061436,12,24362786,"증명발급기, 에니텍시스, AT-K300E, 무인민원발급기/시청각장애인겸용",(주)에니텍시스,중소기업,43211514,컴퓨터키오스크,4321151401,증명발급기,2,49600000,대,24800000,2,49600000,2,49600000,Y,대표품목,3740000,경기도 수원시,경기도 수원시 팔달구,20260527
R26TB01965017,00,2026-05-28,1,002061436,12,24362785,"증명발급기, 에니텍시스, AT-K300, 무인민원발급기/시청각장애인겸용",(주)에니텍시스,중소기업,43211514,컴퓨터키오스크,4321151401,증명발급기,1,21800000,대,21800000,1,21800000,1,21800000,Y,대표품목,3510500,인천광역시 미추홀구,인천광역시 미추홀구,20260528
R26TB01968825,00,2026-05-29,1,R26TA01827690,00,25071460,"버스및차량정보안내장치, 이츠, BIT-IS-03P0314, 거치형/단면",주식회사 이츠,중소기업,43211514,컴퓨터키오스크,4321151403,버스및차량정보안내장치,2,14082000,대,7041000,2,14082000,2,14082000,Y,대표품목,5540000,경기도 광주시,경기도 광주시,20260529
R26TB01970884,00,2026-05-29,1,R26TA01827690,00,25071453,"버스및차량정보안내장치, 이츠, ITS-BITH40312D, 거치형/양면",주식회사 이츠,중소기업,43211514,컴퓨터키오스크,4321151403,버스및차량정보안내장치,2,18200000,대,9100000,4,32914200,2,18200000,N,대표품목,5590000,경기도 양주시,경기도 양주시,20260529
R26TB01970884,00,2026-05-29,2,R26TA01827690,00,25071463,"버스및차량정보안내장치, 이츠, ITS-BITN30206D, 거치형/양면",주식회사 이츠,중소기업,43211514,컴퓨터키오스크,4321151403,버스및차량정보안내장치,2,14714200,대,7357100,4,32914200,2,14714200,N,대표품목,5590000,경기도 양주시,경기도 양주시,20260529
R26TB01970884,01,2026-06-16,1,R26TA01827690,00,25071453,"버스및차량정보안내장치, 이츠, ITS-BITH40312D, 거치형/양면",주식회사 이츠,중소기업,43211514,컴퓨터키오스크,4321151403,버스및차량정보안내장치,0,0,대,9100000,0,0,-2,-18200000,Y,대표품목,5590000,경기도 양주시,경기도 양주시,20260529
R26TB01970884,01,2026-06-16,2,R26TA01827690,00,25071463,"버스및차량정보안내장치, 이츠, ITS-BITN30206D, 거치형/양면",주식회사 이츠,중소기업,43211514,컴퓨터키오스크,4321151403,버스및차량정보안내장치,0,0,대,7357100,0,0,-2,-14714200,Y,대표품목,5590000,경기도 양주시,경기도 양주시,20260529
R26TB01972776,00,2026-06-01,1,002061436,12,25202556,"증명발급기, 에니텍시스, IS-2000L, 통합민원발급기",(주)에니텍시스,중소기업,43211514,컴퓨터키오스크,4321151401,증명발급기,1,7800000,대,7800000,1,7800000,1,7800000,Y,대표품목,5790000,전남광주통합특별시 순천시,전라남도 순천시,20260601
R26TB01972790,00,2026-06-01,1,002061437,12,23893188,"증명발급기, 한국타피, TA-2200S(NEW), 통합민원발급기",한국타피(주),중소기업,43211514,컴퓨터키오스크,4321151401,증명발급기,2,15200000,대,7600000,2,15200000,2,15200000,Y,대표품목,5790000,전남광주통합특별시 순천시,전라남도 순천시,20260601
R26TB01975154,00,2026-06-01,1,002061436,12,25202556,"증명발급기, 에니텍시스, IS-2000L, 통합민원발급기",(주)에니텍시스,중소기업,43211514,컴퓨터키오스크,4321151401,증명발급기,2,15600000,대,7800000,2,15600000,2,15600000,Y,대표품목,4661000,전북특별자치도 전주시 덕진구,전북특별자치도 전주시 덕진구,20260601
R26TB01975155,00,2026-06-01,1,002061437,12,23893188,"증명발급기, 한국타피, TA-2200S(NEW), 통합민원발급기",한국타피(주),중소기업,43211514,컴퓨터키오스크,4321151401,증명발급기,2,15200000,대,7600000,2,15200000,2,15200000,Y,대표품목,4661000,전북특별자치도 전주시 덕진구,전북특별자치도 전주시 덕진구,20260601
R26TB01982146,00,2026-06-02,1,002061436,12,24362786,"증명발급기, 에니텍시스, AT-K300E, 무인민원발급기/시청각장애인겸용",(주)에니텍시스,중소기업,43211514,컴퓨터키오스크,4321151401,증명발급기,1,24800000,대,24800000,1,24800000,1,24800000,Y,대표품목,3440000,대구광역시 남구,대구광역시 남구,20260602
R26TB01982149,00,2026-06-02,1,002062281,08,25959484,"증명발급기, 한국에임, HAIM-7700SC, 통합무인발급기/시청각장애인겸용/촉각모니터",(주)한국에임,중소기업,43211514,컴퓨터키오스크,4321151401,증명발급기,1,26000000,대,26000000,1,26000000,1,26000000,Y,대표품목,3440000,대구광역시 남구,대구광역시 남구,20260602
R26TB01988918,00,2026-06-05,1,002061436,12,24362785,"증명발급기, 에니텍시스, AT-K300, 무인민원발급기/시청각장애인겸용",(주)에니텍시스,중소기업,43211514,컴퓨터키오스크,4321151401,증명발급기,1,21800000,대,21800000,1,21800000,1,21800000,Y,대표품목,3400000,부산광역시 기장군,부산광역시 기장군,20260605
R26TB01991257,00,2026-06-05,1,002061437,12,26001990,"증명발급기, 한국타피, TAPI-9320D, 통합무인발급기/시청각장애인겸용",한국타피(주),중소기업,43211514,컴퓨터키오스크,4321151401,증명발급기,1,23000000,대,23000000,1,23000000,1,23000000,Y,대표품목,5590000,경기도 양주시,경기도 양주시,20260605
R26TB01992666,00,2026-06-05,1,0023C0107,02,24359645,"증명발급기, 광명테크, G10s, 무인민원발급기/시청각장애인겸용/촉각모니터",주식회사광명테크,중소기업,43211514,컴퓨터키오스크,4321151401,증명발급기,1,24800000,대,24800000,1,24800000,1,24800000,Y,대표품목,3720000,울산광역시 북구,울산광역시 북구,20260605
R26TB01992668,00,2026-06-05,1,002370024,02,24422601,"증명발급기, 한국타피, TAPI-9320B, 무인민원발급기/시청각장애인겸용",한국타피(주),중소기업,43211514,컴퓨터키오스크,4321151401,증명발급기,2,49600000,대,24800000,2,49600000,2,49600000,Y,대표품목,3720000,울산광역시 북구,울산광역시 북구,20260605
R26TB01993393,00,2026-06-06,1,002061436,12,25202556,"증명발급기, 에니텍시스, IS-2000L, 통합민원발급기",(주)에니텍시스,중소기업,43211514,컴퓨터키오스크,4321151401,증명발급기,2,15600000,대,7800000,2,15600000,2,15600000,Y,대표품목,3060000,서울특별시 중랑구,서울특별시 중랑구,20260606
R26TB01998252,00,2026-06-08,1,R25TA00404451,01,25300626,"버스및차량정보안내장치, 삼원에프에이, EBIT-1000P-60W, 독립형/단면",삼원에프에이주식회사,중소기업,43211514,컴퓨터키오스크,4321151403,버스및차량정보안내장치,1,6488600,대,6488600,3,18667400,1,6488600,Y,대표품목,4490000,충청남도 천안시,충청남도 천안시 서북구,20260608
R26TB01998252,00,2026-06-08,2,R25TA00404451,01,25109706,"버스및차량정보안내장치, 삼원에프에이, EBIT-1000S-60W, 거치형/단면",삼원에프에이주식회사,중소기업,43211514,컴퓨터키오스크,4321151403,버스및차량정보안내장치,2,12178800,대,6089400,3,18667400,2,12178800,Y,대표품목,4490000,충청남도 천안시,충청남도 천안시 서북구,20260608
R26TB02003916,00,2026-06-09,1,0023C0245,02,25885679,"증명발급기, 본시스, BON-7100S, 통합민원발급기",(주)본시스,중소기업,43211514,컴퓨터키오스크,4321151401,증명발급기,1,7860000,대,7860000,1,7860000,1,7860000,Y,대표품목,3140000,서울특별시 양천구,서울특별시 양천구,20260609
R26TB02004688,00,2026-06-09,1,002061437,12,26001990,"증명발급기, 한국타피, TAPI-9320D, 통합무인발급기/시청각장애인겸용",한국타피(주),중소기업,43211514,컴퓨터키오스크,4321151401,증명발급기,3,69000000,대,23000000,3,69000000,3,69000000,Y,대표품목,5710000,충청북도 청주시,충청북도 청주시 상당구,20260609
R26TB02008403,00,2026-06-10,1,002470164,02,24064111,"버스및차량정보안내장치, 싸인텔레콤, SMARTVISION-PLUS-BIS-US64, 거치형",주식회사 싸인텔레콤,중소기업,43211514,컴퓨터키오스크,4321151403,버스및차량정보안내장치,17,152728000,대,8984000,42,351712000,17,152728000,Y,대표품목,5530000,경기도 화성시,경기도 화성시,20260610
R26TB02008403,00,2026-06-10,2,002470164,02,25233042,"버스및차량정보안내장치, 싸인텔레콤, ST-BIT-0406, 독립형",주식회사 싸인텔레콤,중소기업,43211514,컴퓨터키오스크,4321151403,버스및차량정보안내장치,8,69376000,대,8672000,42,351712000,8,69376000,Y,대표품목,5530000,경기도 화성시,경기도 화성시,20260610
R26TB02008403,00,2026-06-10,3,002470164,02,25233043,"버스및차량정보안내장치, 싸인텔레콤, ST-HS4X12S, 거치형",주식회사 싸인텔레콤,중소기업,43211514,컴퓨터키오스크,4321151403,버스및차량정보안내장치,17,129608000,대,7624000,42,351712000,17,129608000,Y,대표품목,5530000,경기도 화성시,경기도 화성시,20260610
R26TB02008933,00,2026-06-10,1,002470164,02,25233040,"버스및차량정보안내장치, 싸인텔레콤, ST-BIT-0312, 거치형",주식회사 싸인텔레콤,중소기업,43211514,컴퓨터키오스크,4321151403,버스및차량정보안내장치,8,59288000,대,7411000,8,59288000,8,59288000,Y,대표품목,4500000,충청남도 공주시,충청남도 공주시,20260610
R26TB02009820,00,2026-06-10,1,002061436,12,25202556,"증명발급기, 에니텍시스, IS-2000L, 통합민원발급기",(주)에니텍시스,중소기업,43211514,컴퓨터키오스크,4321151401,증명발급기,2,15600000,대,7800000,2,15600000,2,15600000,Y,대표품목,3500000,인천광역시 동구,인천광역시 동구,20260610
R26TB02018283,00,2026-06-12,1,002061437,12,26001990,"증명발급기, 한국타피, TAPI-9320D, 통합무인발급기/시청각장애인겸용",한국타피(주),중소기업,43211514,컴퓨터키오스크,4321151401,증명발급기,1,23000000,대,23000000,1,23000000,1,23000000,Y,대표품목,4470000,충청북도 음성군,충청북도 음성군,20260612
R26TB02023921,00,2026-06-15,1,R26TA01827690,01,25071453,"버스및차량정보안내장치, 이츠, ITS-BITH40312D, 거치형/양면",주식회사 이츠,중소기업,43211514,컴퓨터키오스크,4321151403,버스및차량정보안내장치,2,17106000,대,8553000,4,31820200,2,17106000,Y,대표품목,5590000,경기도 양주시,경기도 양주시,20260615
R26TB02023921,00,2026-06-15,2,R26TA01827690,01,25071463,"버스및차량정보안내장치, 이츠, ITS-BITN30206D, 거치형/양면",주식회사 이츠,중소기업,43211514,컴퓨터키오스크,4321151403,버스및차량정보안내장치,2,14714200,대,7357100,4,31820200,2,14714200,Y,대표품목,5590000,경기도 양주시,경기도 양주시,20260615
R26TB02028365,00,2026-06-16,1,002061436,12,25202556,"증명발급기, 에니텍시스, IS-2000L, 통합민원발급기",(주)에니텍시스,중소기업,43211514,컴퓨터키오스크,4321151401,증명발급기,1,7800000,대,7800000,1,7800000,1,7800000,Y,대표품목,5805041,전남광주통합특별시 동구 충장동,광주광역시 동구,20260616
R26TB02032004,00,2026-06-17,1,002061436,12,25202556,"증명발급기, 에니텍시스, IS-2000L, 통합민원발급기",(주)에니텍시스,중소기업,43211514,컴퓨터키오스크,4321151401,증명발급기,2,15600000,대,7800000,2,15600000,2,15600000,Y,대표품목,4651000,전북특별자치도 전주시 완산구,전북특별자치도 전주시 완산구,20260617
R26TB02039283,00,2026-06-18,1,0023C0107,02,25713566,"증명발급기, 광명테크, G10SL, 무인민원발급기/시청각장애인겸용/촉각모니터",주식회사광명테크,중소기업,43211514,컴퓨터키오스크,4321151401,증명발급기,1,24800000,대,24800000,1,24800000,1,24800000,Y,대표품목,5080000,경상북도 구미시,경상북도 구미시,20260618
R26TB02039689,00,2026-06-18,1,002061436,12,24362785,"증명발급기, 에니텍시스, AT-K300, 무인민원발급기/시청각장애인겸용",(주)에니텍시스,중소기업,43211514,컴퓨터키오스크,4321151401,증명발급기,1,21800000,대,21800000,5,53000000,1,21800000,Y,대표품목,3910000,경기도 평택시,경기도 평택시,20260618
R26TB02039689,00,2026-06-18,2,002061436,12,25202556,"증명발급기, 에니텍시스, IS-2000L, 통합민원발급기",(주)에니텍시스,중소기업,43211514,컴퓨터키오스크,4321151401,증명발급기,4,31200000,대,7800000,5,53000000,4,31200000,Y,대표품목,3910000,경기도 평택시,경기도 평택시,20260618
R26TB02039690,00,2026-06-18,1,002062281,08,25959485,"증명발급기, 한국에임, HAIM-7000SC, 통합무인발급기/시청각장애인겸용",(주)한국에임,중소기업,43211514,컴퓨터키오스크,4321151401,증명발급기,1,23000000,대,23000000,1,23000000,1,23000000,Y,대표품목,3910000,경기도 평택시,경기도 평택시,20260618
R26TB02043195,00,2026-06-19,1,002061436,12,25202556,"증명발급기, 에니텍시스, IS-2000L, 통합민원발급기",(주)에니텍시스,중소기업,43211514,컴퓨터키오스크,4321151401,증명발급기,1,7800000,대,7800000,1,7800000,1,7800000,Y,대표품목,3840015,경기도 안양시 만안구 안양5동,경기도 안양시 만안구,20260619
R26TB02045398,00,2026-06-19,1,002470164,02,24064111,"버스및차량정보안내장치, 싸인텔레콤, SMARTVISION-PLUS-BIS-US64, 거치형",주식회사 싸인텔레콤,중소기업,43211514,컴퓨터키오스크,4321151403,버스및차량정보안내장치,6,53904000,대,8984000,6,53904000,6,53904000,Y,대표품목,4040000,경기도 하남시,경기도 하남시,20260619
R26TB02047278,00,2026-06-22,1,002061436,12,25202556,"증명발급기, 에니텍시스, IS-2000L, 통합민원발급기",(주)에니텍시스,중소기업,43211514,컴퓨터키오스크,4321151401,증명발급기,1,7800000,대,7800000,1,7800000,1,7800000,Y,대표품목,4661000,전북특별자치도 전주시 덕진구,전북특별자치도 전주시 덕진구,20260622
R26TB02047279,00,2026-06-22,1,002061437,12,23893188,"증명발급기, 한국타피, TA-2200S(NEW), 통합민원발급기",한국타피(주),중소기업,43211514,컴퓨터키오스크,4321151401,증명발급기,2,15200000,대,7600000,2,15200000,2,15200000,Y,대표품목,4661000,전북특별자치도 전주시 덕진구,전북특별자치도 전주시 덕진구,20260622
R26TB02048791,00,2026-06-22,1,002061436,12,25202556,"증명발급기, 에니텍시스, IS-2000L, 통합민원발급기",(주)에니텍시스,중소기업,43211514,컴퓨터키오스크,4321151401,증명발급기,9,70200000,대,7800000,9,70200000,9,70200000,Y,대표품목,3210000,서울특별시 서초구,서울특별시 서초구,20260622
R26TB02049164,00,2026-06-22,1,R26TA01827690,01,25071440,"버스및차량정보안내장치, 이츠, ITS-BITH40312S, 거치형/단면",주식회사 이츠,중소기업,43211514,컴퓨터키오스크,4321151403,버스및차량정보안내장치,27,200016000,대,7408000,27,200016000,27,200016000,Y,대표품목,3940000,경기도 고양시,경기도 고양시 덕양구,20260622
R26TB02051351,00,2026-06-23,1,R26TA01827690,01,25071451,"버스및차량정보안내장치, 이츠, ITS-BITH40310S, 거치형/단면",주식회사 이츠,중소기업,43211514,컴퓨터키오스크,4321151403,버스및차량정보안내장치,1,7262000,대,7262000,1,7262000,1,7262000,Y,대표품목,5050000,경상북도 경주시,경상북도 경주시,20260623
R26TB02059226,00,2026-06-24,1,002061436,12,24362786,"증명발급기, 에니텍시스, AT-K300E, 무인민원발급기/시청각장애인겸용",(주)에니텍시스,중소기업,43211514,컴퓨터키오스크,4321151401,증명발급기,1,24800000,대,24800000,1,24800000,1,24800000,Y,대표품목,3110000,서울특별시 은평구,서울특별시 은평구,20260624
R26TB02060540,00,2026-06-24,1,002061436,12,25202556,"증명발급기, 에니텍시스, IS-2000L, 통합민원발급기",(주)에니텍시스,중소기업,43211514,컴퓨터키오스크,4321151401,증명발급기,1,7800000,대,7800000,1,7800000,1,7800000,Y,대표품목,3850013,경기도 안양시 동안구 비산3동,경기도 안양시 동안구,20260624
R26TB02061113,00,2026-06-24,1,002061437,12,26001990,"증명발급기, 한국타피, TAPI-9320D, 통합무인발급기/시청각장애인겸용",한국타피(주),중소기업,43211514,컴퓨터키오스크,4321151401,증명발급기,1,23000000,대,23000000,1,23000000,1,23000000,Y,대표품목,3210000,서울특별시 서초구,서울특별시 서초구,20260624
R26TB02064960,00,2026-06-25,1,002061436,12,25202556,"증명발급기, 에니텍시스, IS-2000L, 통합민원발급기",(주)에니텍시스,중소기업,43211514,컴퓨터키오스크,4321151401,증명발급기,1,7800000,대,7800000,1,7800000,1,7800000,Y,대표품목,3390025,부산광역시 사상구 삼락동,부산광역시 사상구,20260625
R26TB02073167,00,2026-06-29,1,002470164,02,25233040,"버스및차량정보안내장치, 싸인텔레콤, ST-BIT-0312, 거치형",주식회사 싸인텔레콤,중소기업,43211514,컴퓨터키오스크,4321151403,버스및차량정보안내장치,13,96343000,대,7411000,13,96343000,13,96343000,Y,대표품목,5600000,경기도 포천시,경기도 포천시,20260629
R26TB02075297,00,2026-06-29,1,002061436,12,25202556,"증명발급기, 에니텍시스, IS-2000L, 통합민원발급기",(주)에니텍시스,중소기업,43211514,컴퓨터키오스크,4321151401,증명발급기,1,7800000,대,7800000,1,7800000,1,7800000,Y,대표품목,4661000,전북특별자치도 전주시 덕진구,전북특별자치도 전주시 덕진구,20260629
R26TB02076183,00,2026-06-29,1,002061437,12,23893188,"증명발급기, 한국타피, TA-2200S(NEW), 통합민원발급기",한국타피(주),중소기업,43211514,컴퓨터키오스크,4321151401,증명발급기,1,7600000,대,7600000,1,7600000,1,7600000,Y,대표품목,4651000,전북특별자치도 전주시 완산구,전북특별자치도 전주시 완산구,20260629
R26TB02076887,00,2026-06-29,1,R26TA01827690,01,25071669,"버스및차량정보안내장치, 이츠, ITS-BITN30408S, 거치형/단면",주식회사 이츠,중소기업,43211514,컴퓨터키오스크,4321151403,버스및차량정보안내장치,4,28410400,대,7102600,4,28410400,4,28410400,Y,대표품목,5100000,경상북도 영천시,경상북도 영천시,20260629
R26TB02084581,00,2026-07-01,1,002061436,12,24362788,"증명발급기, 에니텍시스, AT-K200(NEW), 무인민원발급기/시청각장애인겸용",(주)에니텍시스,중소기업,43211514,컴퓨터키오스크,4321151401,증명발급기,2,39700000,대,19850000,2,39700000,2,39700000,Y,대표품목,3240000,서울특별시 강동구,서울특별시 강동구,20260701
R26TB02089783,00,2026-07-02,1,002061436,12,25202556,"증명발급기, 에니텍시스, IS-2000L, 통합민원발급기",(주)에니텍시스,중소기업,43211514,컴퓨터키오스크,4321151401,증명발급기,1,7800000,대,7800000,1,7800000,1,7800000,Y,대표품목,3010000,서울특별시 중구,서울특별시 중구,20260702
R26TB02094858,00,2026-07-04,1,002470164,02,25233043,"버스및차량정보안내장치, 싸인텔레콤, ST-HS4X12S, 거치형",주식회사 싸인텔레콤,중소기업,43211514,컴퓨터키오스크,4321151403,버스및차량정보안내장치,1,7624000,대,7624000,1,7624000,1,7624000,Y,대표품목,4010000,경기도 시흥시,경기도 시흥시,20260704
R26TB02097654,00,2026-07-06,1,R26TA01827690,01,25071460,"버스및차량정보안내장치, 이츠, BIT-IS-03P0314, 거치형/단면",주식회사 이츠,중소기업,43211514,컴퓨터키오스크,4321151403,버스및차량정보안내장치,2,14082000,대,7041000,7,50069600,2,14082000,Y,대표품목,3820000,경기도 의정부시,경기도 의정부시,20260706
R26TB02097654,00,2026-07-06,2,R26TA01827690,01,25071458,"버스및차량정보안내장치, 이츠, ITS-BITN30410S, 거치형/단면",주식회사 이츠,중소기업,43211514,컴퓨터키오스크,4321151403,버스및차량정보안내장치,4,27497600,대,6874400,7,50069600,4,27497600,Y,대표품목,3820000,경기도 의정부시,경기도 의정부시,20260706
R26TB02097654,00,2026-07-06,3,R26TA01827690,01,25071450,"버스및차량정보안내장치, 이츠, ITS-BITN30412D, 거치형/양면",주식회사 이츠,중소기업,43211514,컴퓨터키오스크,4321151403,버스및차량정보안내장치,1,8490000,대,8490000,7,50069600,1,8490000,Y,대표품목,3820000,경기도 의정부시,경기도 의정부시,20260706
R26TB02102226,00,2026-07-07,1,002061437,12,26001990,"증명발급기, 한국타피, TAPI-9320D, 통합무인발급기/시청각장애인겸용",한국타피(주),중소기업,43211514,컴퓨터키오스크,4321151401,증명발급기,1,23000000,대,23000000,1,23000000,1,23000000,Y,대표품목,3450000,대구광역시 북구,대구광역시 북구,20260707
R26TB02136373,00,2026-07-16,1,002061436,13,24362785,"증명발급기, 에니텍시스, AT-K300, 무인민원발급기/시청각장애인겸용",(주)에니텍시스,중소기업,43211514,컴퓨터키오스크,4321151401,증명발급기,1,21800000,대,21800000,1,21800000,1,21800000,Y,대표품목,4040000,경기도 하남시,경기도 하남시,20260716
R26TB02147740,00,2026-07-21,1,R25TA00404451,01,25300626,"버스및차량정보안내장치, 삼원에프에이, EBIT-1000P-60W, 독립형/단면",삼원에프에이주식회사,중소기업,43211514,컴퓨터키오스크,4321151403,버스및차량정보안내장치,3,19465800,대,6488600,20,122985600,3,19465800,N,대표품목,3400000,부산광역시 기장군,부산광역시 기장군,20260721
R26TB02147740,00,2026-07-21,2,R25TA00404451,01,25109706,"버스및차량정보안내장치, 삼원에프에이, EBIT-1000S-60W, 거치형/단면",삼원에프에이주식회사,중소기업,43211514,컴퓨터키오스크,4321151403,버스및차량정보안내장치,17,103519800,대,6089400,20,122985600,17,103519800,N,대표품목,3400000,부산광역시 기장군,부산광역시 기장군,20260721
R26TB02147740,01,2026-07-30,1,R25TA00404451,01,25300626,"버스및차량정보안내장치, 삼원에프에이, EBIT-1000P-60W, 독립형/단면",삼원에프에이주식회사,중소기업,43211514,컴퓨터키오스크,4321151403,버스및차량정보안내장치,1,6488600,대,6488600,20,122187200,-2,-12977200,Y,대표품목,3400000,부산광역시 기장군,부산광역시 기장군,20260721
R26TB02147740,01,2026-07-30,2,R25TA00404451,01,25109706,"버스및차량정보안내장치, 삼원에프에이, EBIT-1000S-60W, 거치형/단면",삼원에프에이주식회사,중소기업,43211514,컴퓨터키오스크,4321151403,버스및차량정보안내장치,19,115698600,대,6089400,20,122187200,2,12178800,Y,대표품목,3400000,부산광역시 기장군,부산광역시 기장군,20260721
R26TB02151518,00,2026-07-21,1,002061436,14,25202556,"증명발급기, 에니텍시스, IS-2000L, 통합민원발급기",(주)에니텍시스,중소기업,43211514,컴퓨터키오스크,4321151401,증명발급기,1,7800000,대,7800000,1,7800000,1,7800000,Y,대표품목,5875000,전남광주통합특별시 영암군,전라남도 영암군,20260721
R26TB02158674,00,2026-07-23,1,R26TA01827690,01,25071460,"버스및차량정보안내장치, 이츠, BIT-IS-03P0314, 거치형/단면",주식회사 이츠,중소기업,43211514,컴퓨터키오스크,4321151403,버스및차량정보안내장치,1,7591000,대,7591000,1,7591000,1,7591000,Y,대표품목,5540000,경기도 광주시,경기도 광주시,20260723
R26TB02159083,00,2026-07-23,1,002061436,14,25202556,"증명발급기, 에니텍시스, IS-2000L, 통합민원발급기",(주)에니텍시스,중소기업,43211514,컴퓨터키오스크,4321151401,증명발급기,1,7800000,대,7800000,1,7800000,1,7800000,Y,대표품목,3010000,서울특별시 중구,서울특별시 중구,20260723
R26TB02165173,00,2026-07-24,1,R26TA01827690,01,25071460,"버스및차량정보안내장치, 이츠, BIT-IS-03P0314, 거치형/단면",주식회사 이츠,중소기업,43211514,컴퓨터키오스크,4321151403,버스및차량정보안내장치,5,37955000,대,7591000,5,37955000,5,37955000,Y,대표품목,5540000,경기도 광주시,경기도 광주시,20260724
R26TB02166026,00,2026-07-24,1,002061437,13,26001990,"증명발급기, 한국타피, TAPI-9320D, 통합무인발급기/시청각장애인겸용",한국타피(주),중소기업,43211514,컴퓨터키오스크,4321151401,증명발급기,1,23000000,대,23000000,1,23000000,1,23000000,Y,대표품목,5710000,충청북도 청주시,충청북도 청주시 상당구,20260724
R26TB02172615,00,2026-07-27,1,002061436,14,24362785,"증명발급기, 에니텍시스, AT-K300, 무인민원발급기/시청각장애인겸용",(주)에니텍시스,중소기업,43211514,컴퓨터키오스크,4321151401,증명발급기,1,21800000,대,21800000,1,21800000,1,21800000,Y,대표품목,3501000,인천광역시 제물포구,인천광역시 동구 송림동,20260727
R26TB02183233,00,2026-07-30,1,002061436,14,25202556,"증명발급기, 에니텍시스, IS-2000L, 통합민원발급기",(주)에니텍시스,중소기업,43211514,컴퓨터키오스크,4321151401,증명발급기,2,15600000,대,7800000,2,15600000,2,15600000,Y,대표품목,4400000,충청북도 제천시,충청북도 제천시,20260730
R26TB02185272,00,2026-07-30,1,R26TA01827690,01,25071450,"버스및차량정보안내장치, 이츠, ITS-BITN30412D, 거치형/양면",주식회사 이츠,중소기업,43211514,컴퓨터키오스크,4321151403,버스및차량정보안내장치,1,8490000,대,8490000,32,230047000,1,8490000,Y,대표품목,3860000,경기도 부천시,경기도 부천시,20260730
R26TB02185272,00,2026-07-30,2,R26TA01827690,01,25071670,"버스및차량정보안내장치, 이츠, ITS-BITN30412S, 거치형/단면",주식회사 이츠,중소기업,43211514,컴퓨터키오스크,4321151403,버스및차량정보안내장치,31,221557000,대,7147000,32,230047000,31,221557000,Y,대표품목,3860000,경기도 부천시,경기도 부천시,20260730
R26TB02188689,00,2026-07-31,1,002061436,14,25202556,"증명발급기, 에니텍시스, IS-2000L, 통합민원발급기",(주)에니텍시스,중소기업,43211514,컴퓨터키오스크,4321151401,증명발급기,1,7800000,대,7800000,1,7800000,1,7800000,Y,대표품목,3180000,서울특별시 영등포구,서울특별시 영등포구,20260731
R26TB02188690,00,2026-07-31,1,0023C0107,02,23813369,"증명발급기, 광명테크, G7i, 통합민원발급기",주식회사광명테크,중소기업,43211514,컴퓨터키오스크,4321151401,증명발급기,1,7750000,대,7750000,1,7750000,1,7750000,Y,대표품목,3180000,서울특별시 영등포구,서울특별시 영등포구,20260731
R26TB02189194,00,2026-07-31,1,R26TA01827690,01,25071670,"버스및차량정보안내장치, 이츠, ITS-BITN30412S, 거치형/단면",주식회사 이츠,중소기업,43211514,컴퓨터키오스크,4321151403,버스및차량정보안내장치,1,7807000,대,7807000,1,7807000,1,7807000,Y,대표품목,3920000,경기도 동두천시,경기도 동두천시,20260731
R26TB02191267,00,2026-08-03,1,002061436,14,24362786,"증명발급기, 에니텍시스, AT-K300E, 무인민원발급기/시청각장애인겸용",(주)에니텍시스,중소기업,43211514,컴퓨터키오스크,4321151401,증명발급기,1,24800000,대,24800000,1,24800000,1,24800000,Y,대표품목,4060000,경기도 파주시,경기도 파주시,20260803
R26TB02193742,00,2026-08-03,1,R25TA00404451,01,25300626,"버스및차량정보안내장치, 삼원에프에이, EBIT-1000P-60W, 독립형/단면",삼원에프에이주식회사,중소기업,43211514,컴퓨터키오스크,4321151403,버스및차량정보안내장치,3,19465800,대,6488600,4,25555200,3,19465800,Y,대표품목,4020000,경기도 군포시,경기도 군포시,20260803
R26TB02193742,00,2026-08-03,2,R25TA00404451,01,25109706,"버스및차량정보안내장치, 삼원에프에이, EBIT-1000S-60W, 거치형/단면",삼원에프에이주식회사,중소기업,43211514,컴퓨터키오스크,4321151403,버스및차량정보안내장치,1,6089400,대,6089400,4,25555200,1,6089400,Y,대표품목,4020000,경기도 군포시,경기도 군포시,20260803
R26TB02194236,00,2026-08-03,1,002061436,14,24362788,"증명발급기, 에니텍시스, AT-K200(NEW), 무인민원발급기/시청각장애인겸용",(주)에니텍시스,중소기업,43211514,컴퓨터키오스크,4321151401,증명발급기,1,19850000,대,19850000,1,19850000,1,19850000,Y,대표품목,4610000,충청남도 예산군,충청남도 예산군,20260803
R26TB02196998,00,2026-08-04,1,002061437,13,24292472,"증명발급기, 한국타피, TAPI-9270T, 무인민원발급기/시청각장애인겸용",한국타피(주),중소기업,43211514,컴퓨터키오스크,4321151401,증명발급기,1,19800000,대,19800000,1,19800000,1,19800000,Y,대표품목,5050000,경상북도 경주시,경상북도 경주시,20260804
R26TB02201235,00,2026-08-05,1,002061436,14,25202556,"증명발급기, 에니텍시스, IS-2000L, 통합민원발급기",(주)에니텍시스,중소기업,43211514,컴퓨터키오스크,4321151401,증명발급기,1,7800000,대,7800000,1,7800000,1,7800000,Y,대표품목,5805047,전남광주통합특별시 동구 지산1동,광주광역시 동구,20260805
R26TB02203267,00,2026-08-06,1,002061436,14,25202556,"증명발급기, 에니텍시스, IS-2000L, 통합민원발급기",(주)에니텍시스,중소기업,43211514,컴퓨터키오스크,4321151401,증명발급기,2,15600000,대,7800000,2,15600000,2,15600000,Y,대표품목,5410000,경상남도 창녕군,경상남도 창녕군,20260806
R26TB02210141,00,2026-08-10,1,002061436,14,25202556,"증명발급기, 에니텍시스, IS-2000L, 통합민원발급기",(주)에니텍시스,중소기업,43211514,컴퓨터키오스크,4321151401,증명발급기,1,7800000,대,7800000,1,7800000,1,7800000,Y,대표품목,5050000,경상북도 경주시,경상북도 경주시,20260810
R26TB02211116,00,2026-08-10,1,R26TA01827690,01,25071460,"버스및차량정보안내장치, 이츠, BIT-IS-03P0314, 거치형/단면",주식회사 이츠,중소기업,43211514,컴퓨터키오스크,4321151403,버스및차량정보안내장치,1,7591000,대,7591000,1,7591000,1,7591000,Y,대표품목,5540000,경기도 광주시,경기도 광주시,20260810
R26TB02212544,00,2026-08-10,1,002061436,14,25202556,"증명발급기, 에니텍시스, IS-2000L, 통합민원발급기",(주)에니텍시스,중소기업,43211514,컴퓨터키오스크,4321151401,증명발급기,1,7800000,대,7800000,1,7800000,1,7800000,Y,대표품목,3290043,부산광역시 부산진구 당감2동,부산광역시 부산진구,20260810
R26TB02215247,00,2026-08-11,1,0023C0107,03,23777412,"증명발급기, 광명테크, G7, 통합민원발급기",주식회사광명테크,중소기업,43211514,컴퓨터키오스크,4321151401,증명발급기,1,7700000,대,7700000,1,7700000,1,7700000,Y,대표품목,5130100,경상북도 경산시 서부1동,경상북도 경산시,20260811
R26TB02216764,00,2026-08-11,1,R25TA00404451,01,25300626,"버스및차량정보안내장치, 삼원에프에이, EBIT-1000P-60W, 독립형/단면",삼원에프에이주식회사,중소기업,43211514,컴퓨터키오스크,4321151403,버스및차량정보안내장치,2,12977200,대,6488600,5,31245400,2,12977200,Y,대표품목,3350000,부산광역시 금정구,부산광역시 금정구,20260811
R26TB02216764,00,2026-08-11,2,R25TA00404451,01,25109706,"버스및차량정보안내장치, 삼원에프에이, EBIT-1000S-60W, 거치형/단면",삼원에프에이주식회사,중소기업,43211514,컴퓨터키오스크,4321151403,버스및차량정보안내장치,3,18268200,대,6089400,5,31245400,3,18268200,Y,대표품목,3350000,부산광역시 금정구,부산광역시 금정구,20260811
R26TB02218159,00,2026-08-11,1,002470164,03,26053047,"버스및차량정보안내장치, 싸인텔레콤, SMARTVISION-PLUS-BIS-LEDLCD-HY, 독립형/단면",주식회사 싸인텔레콤,중소기업,43211514,컴퓨터키오스크,4321151403,버스및차량정보안내장치,22,208340000,대,9470000,22,208340000,22,208340000,Y,대표품목,4160000,경기도 가평군,경기도 가평군,20260811
R26TB02218362,00,2026-08-12,1,002061436,14,24362785,"증명발급기, 에니텍시스, AT-K300, 무인민원발급기/시청각장애인겸용",(주)에니텍시스,중소기업,43211514,컴퓨터키오스크,4321151401,증명발급기,1,21800000,대,21800000,2,46600000,1,21800000,Y,대표품목,3565000,인천광역시 검단구,인천광역시 서구 당하동,20260812
R26TB02218362,00,2026-08-12,2,002061436,14,24362786,"증명발급기, 에니텍시스, AT-K300E, 무인민원발급기/시청각장애인겸용",(주)에니텍시스,중소기업,43211514,컴퓨터키오스크,4321151401,증명발급기,1,24800000,대,24800000,2,46600000,1,24800000,Y,대표품목,3565000,인천광역시 검단구,인천광역시 서구 당하동,20260812
R26TB02221263,00,2026-08-12,1,002061436,14,25202556,"증명발급기, 에니텍시스, IS-2000L, 통합민원발급기",(주)에니텍시스,중소기업,43211514,컴퓨터키오스크,4321151401,증명발급기,1,7800000,대,7800000,1,7800000,1,7800000,Y,대표품목,4520050,충청남도 아산시 염치읍,충청남도 아산시,20260812
R26TB02221352,00,2026-08-12,1,002061436,14,24362785,"증명발급기, 에니텍시스, AT-K300, 무인민원발급기/시청각장애인겸용",(주)에니텍시스,중소기업,43211514,컴퓨터키오스크,4321151401,증명발급기,1,21800000,대,21800000,1,21800000,1,21800000,Y,대표품목,4201047,강원특별자치도 강릉시 중앙동,강원특별자치도 강릉시,20260812
R26TB02221532,00,2026-08-12,1,002061436,14,24362786,"증명발급기, 에니텍시스, AT-K300E, 무인민원발급기/시청각장애인겸용",(주)에니텍시스,중소기업,43211514,컴퓨터키오스크,4321151401,증명발급기,2,49600000,대,24800000,2,49600000,2,49600000,Y,대표품목,3900000,경기도 광명시,경기도 광명시,20260812
R26TB02222633,00,2026-08-13,1,002061437,13,23893188,"증명발급기, 한국타피, TA-2200S(NEW), 통합민원발급기",한국타피(주),중소기업,43211514,컴퓨터키오스크,4321151401,증명발급기,1,7600000,대,7600000,1,7600000,1,7600000,Y,대표품목,5370126,경상남도 거제시 수양동,경상남도 거제시,20260813
R26TB02226802,00,2026-08-14,1,R25TA00404451,01,25300626,"버스및차량정보안내장치, 삼원에프에이, EBIT-1000P-60W, 독립형/단면",삼원에프에이주식회사,중소기업,43211514,컴퓨터키오스크,4321151403,버스및차량정보안내장치,10,64886000,대,6488600,23,144048200,10,64886000,Y,대표품목,3330000,부산광역시 해운대구,부산광역시 해운대구,20260814
R26TB02226802,00,2026-08-14,2,R25TA00404451,01,25109706,"버스및차량정보안내장치, 삼원에프에이, EBIT-1000S-60W, 거치형/단면",삼원에프에이주식회사,중소기업,43211514,컴퓨터키오스크,4321151403,버스및차량정보안내장치,13,79162200,대,6089400,23,144048200,13,79162200,Y,대표품목,3330000,부산광역시 해운대구,부산광역시 해운대구,20260814
R26TB02242554,00,2026-08-20,1,002061437,13,24292472,"증명발급기, 한국타피, TAPI-9270T, 무인민원발급기/시청각장애인겸용",한국타피(주),중소기업,43211514,컴퓨터키오스크,4321151401,증명발급기,2,39600000,대,19800000,2,39600000,2,39600000,Y,대표품목,5905000,전남광주통합특별시 진도군,전라남도 진도군,20260820
R26TB02247345,00,2026-08-24,1,R26TA01827690,01,25071440,"버스및차량정보안내장치, 이츠, ITS-BITH40312S, 거치형/단면",주식회사 이츠,중소기업,43211514,컴퓨터키오스크,4321151403,버스및차량정보안내장치,4,29632000,대,7408000,4,29632000,4,29632000,Y,대표품목,3980000,경기도 구리시,경기도 구리시,20260824
R26TB02248358,00,2026-08-24,1,002061437,13,24292472,"증명발급기, 한국타피, TAPI-9270T, 무인민원발급기/시청각장애인겸용",한국타피(주),중소기업,43211514,컴퓨터키오스크,4321151401,증명발급기,2,39600000,대,19800000,2,39600000,2,39600000,Y,대표품목,5410000,경상남도 창녕군,경상남도 창녕군,20260824
R26TB02248449,00,2026-08-24,1,0023C0245,02,22764188,"증명발급기, 본시스, BON-6000K, 통합민원발급기",(주)본시스,중소기업,43211514,컴퓨터키오스크,4321151401,증명발급기,1,6850000,대,6850000,1,6850000,1,6850000,Y,대표품목,4470000,충청북도 음성군,충청북도 음성군,20260824
R26TB02249361,00,2026-08-24,1,R25TA00404451,01,25109706,"버스및차량정보안내장치, 삼원에프에이, EBIT-1000S-60W, 거치형/단면",삼원에프에이주식회사,중소기업,43211514,컴퓨터키오스크,4321151403,버스및차량정보안내장치,2,12178800,대,6089400,2,12178800,2,12178800,Y,대표품목,4010000,경기도 시흥시,경기도 시흥시,20260824
R26TB02251917,00,2026-08-25,1,R25TA00404451,01,25109706,"버스및차량정보안내장치, 삼원에프에이, EBIT-1000S-60W, 거치형/단면",삼원에프에이주식회사,중소기업,43211514,컴퓨터키오스크,4321151403,버스및차량정보안내장치,1,6089400,대,6089400,1,6089400,1,6089400,Y,대표품목,5800000,전남광주통합특별시 광양시,전라남도 광양시,20260825
R26TB02254619,00,2026-08-25,1,R25TA00404451,01,25286961,"버스및차량정보안내장치, 삼원에프에이, EBIT-2000S-60W, 거치형/단면",삼원에프에이주식회사,중소기업,43211514,컴퓨터키오스크,4321151403,버스및차량정보안내장치,1,7586400,대,7586400,1,7586400,1,7586400,Y,대표품목,5790000,전남광주통합특별시 순천시,전라남도 순천시,20260825
R26TB02259670,00,2026-08-26,1,R26TA01827690,01,25071450,"버스및차량정보안내장치, 이츠, ITS-BITN30412D, 거치형/양면",주식회사 이츠,중소기업,43211514,컴퓨터키오스크,4321151403,버스및차량정보안내장치,3,25470000,대,8490000,7,54058000,3,25470000,Y,대표품목,3820000,경기도 의정부시,경기도 의정부시,20260826
R26TB02259670,00,2026-08-26,2,R26TA01827690,01,25071670,"버스및차량정보안내장치, 이츠, ITS-BITN30412S, 거치형/단면",주식회사 이츠,중소기업,43211514,컴퓨터키오스크,4321151403,버스및차량정보안내장치,4,28588000,대,7147000,7,54058000,4,28588000,Y,대표품목,3820000,경기도 의정부시,경기도 의정부시,20260826
R26TB02259673,00,2026-08-26,1,R26TA01827690,01,25071450,"버스및차량정보안내장치, 이츠, ITS-BITN30412D, 거치형/양면",주식회사 이츠,중소기업,43211514,컴퓨터키오스크,4321151403,버스및차량정보안내장치,2,16980000,대,8490000,3,24127000,2,16980000,Y,대표품목,3820000,경기도 의정부시,경기도 의정부시,20260826
R26TB02259673,00,2026-08-26,2,R26TA01827690,01,25071670,"버스및차량정보안내장치, 이츠, ITS-BITN30412S, 거치형/단면",주식회사 이츠,중소기업,43211514,컴퓨터키오스크,4321151403,버스및차량정보안내장치,1,7147000,대,7147000,3,24127000,1,7147000,Y,대표품목,3820000,경기도 의정부시,경기도 의정부시,20260826
R26TB02263156,00,2026-08-27,1,002061437,13,24292472,"증명발급기, 한국타피, TAPI-9270T, 무인민원발급기/시청각장애인겸용",한국타피(주),중소기업,43211514,컴퓨터키오스크,4321151401,증명발급기,1,19800000,대,19800000,1,19800000,1,19800000,Y,대표품목,5160000,경상북도 청송군,경상북도 청송군,20260827
R26TB02263720,00,2026-08-27,1,002061436,14,25202556,"증명발급기, 에니텍시스, IS-2000L, 통합민원발급기",(주)에니텍시스,중소기업,43211514,컴퓨터키오스크,4321151401,증명발급기,1,7800000,대,7800000,1,7800000,1,7800000,Y,대표품목,3070000,서울특별시 성북구,서울특별시 성북구,20260827
R26TB02268789,00,2026-08-28,1,002061436,14,25202556,"증명발급기, 에니텍시스, IS-2000L, 통합민원발급기",(주)에니텍시스,중소기업,43211514,컴퓨터키오스크,4321151401,증명발급기,1,7800000,대,7800000,1,7800000,1,7800000,Y,대표품목,3110000,서울특별시 은평구,서울특별시 은평구,20260828
R26TB02270676,00,2026-08-31,1,002061436,14,25202556,"증명발급기, 에니텍시스, IS-2000L, 통합민원발급기",(주)에니텍시스,중소기업,43211514,컴퓨터키오스크,4321151401,증명발급기,2,15600000,대,7800000,2,15600000,2,15600000,Y,대표품목,3220000,서울특별시 강남구,서울특별시 강남구,20260831
R26TB02278190,00,2026-09-02,1,002470164,03,25240950,"버스및차량정보안내장치, 싸인텔레콤, ST-BIT-0308, 거치형",주식회사 싸인텔레콤,중소기업,43211514,컴퓨터키오스크,4321151403,버스및차량정보안내장치,19,133057000,대,7003000,19,133057000,19,133057000,Y,대표품목,4060000,경기도 파주시,경기도 파주시,20260902
R26TB02281493,00,2026-09-02,1,002470164,03,24064111,"버스및차량정보안내장치, 싸인텔레콤, SMARTVISION-PLUS-BIS-US64, 거치형",주식회사 싸인텔레콤,중소기업,43211514,컴퓨터키오스크,4321151403,버스및차량정보안내장치,3,26952000,대,8984000,3,26952000,3,26952000,Y,대표품목,4040000,경기도 하남시,경기도 하남시,20260902
R26TB02281495,00,2026-09-02,1,002470164,03,24064111,"버스및차량정보안내장치, 싸인텔레콤, SMARTVISION-PLUS-BIS-US64, 거치형",주식회사 싸인텔레콤,중소기업,43211514,컴퓨터키오스크,4321151403,버스및차량정보안내장치,4,35936000,대,8984000,4,35936000,4,35936000,Y,대표품목,4040000,경기도 하남시,경기도 하남시,20260902
R26TB02286688,00,2026-09-04,1,002470164,03,25233040,"버스및차량정보안내장치, 싸인텔레콤, ST-BIT-0312, 거치형",주식회사 싸인텔레콤,중소기업,43211514,컴퓨터키오스크,4321151403,버스및차량정보안내장치,4,29644000,대,7411000,4,29644000,4,29644000,Y,대표품목,4070000,경기도 이천시,경기도 이천시,20260904
R26TB02288198,00,2026-09-04,1,002061436,14,25202556,"증명발급기, 에니텍시스, IS-2000L, 통합민원발급기",(주)에니텍시스,중소기업,43211514,컴퓨터키오스크,4321151401,증명발급기,1,7800000,대,7800000,1,7800000,1,7800000,Y,대표품목,3840021,경기도 안양시 만안구 석수2동,경기도 안양시 만안구,20260904
R26TB02290306,00,2026-09-04,1,002061436,14,25202556,"증명발급기, 에니텍시스, IS-2000L, 통합민원발급기",(주)에니텍시스,중소기업,43211514,컴퓨터키오스크,4321151401,증명발급기,2,15600000,대,7800000,2,15600000,2,15600000,Y,대표품목,5380000,경상남도 양산시,경상남도 양산시,20260904
R26TB02297640,00,2026-09-08,1,002061437,13,23893188,"증명발급기, 한국타피, TA-2200S(NEW), 통합민원발급기",한국타피(주),중소기업,43211514,컴퓨터키오스크,4321151401,증명발급기,1,7600000,대,7600000,1,7600000,1,7600000,Y,대표품목,4241060,강원특별자치도 삼척시 근덕면,강원특별자치도 삼척시,20260908
R26TB02303003,00,2026-09-09,1,002061436,14,25202556,"증명발급기, 에니텍시스, IS-2000L, 통합민원발급기",(주)에니텍시스,중소기업,43211514,컴퓨터키오스크,4321151401,증명발급기,5,39000000,대,7800000,5,39000000,5,39000000,Y,대표품목,3120000,서울특별시 서대문구,서울특별시 서대문구,20260909
R26TB02303672,00,2026-09-09,1,002370024,02,24422601,"증명발급기, 한국타피, TAPI-9320B, 무인민원발급기/시청각장애인겸용",한국타피(주),중소기업,43211514,컴퓨터키오스크,4321151401,증명발급기,2,49600000,대,24800000,2,49600000,2,49600000,Y,대표품목,3220000,서울특별시 강남구,서울특별시 강남구,20260909
R26TB02306436,00,2026-09-10,1,002061436,14,25202556,"증명발급기, 에니텍시스, IS-2000L, 통합민원발급기",(주)에니텍시스,중소기업,43211514,컴퓨터키오스크,4321151401,증명발급기,1,7800000,대,7800000,1,7800000,1,7800000,Y,대표품목,3070000,서울특별시 성북구,서울특별시 성북구,20260910
R26TB02307646,00,2026-09-10,1,002470164,03,25233040,"버스및차량정보안내장치, 싸인텔레콤, ST-BIT-0312, 거치형",주식회사 싸인텔레콤,중소기업,43211514,컴퓨터키오스크,4321151403,버스및차량정보안내장치,4,29644000,대,7411000,8,58277000,4,29644000,Y,대표품목,4070000,경기도 이천시,경기도 이천시,20260910
R26TB02307646,00,2026-09-10,2,002470164,03,25233043,"버스및차량정보안내장치, 싸인텔레콤, ST-HS4X12S, 거치형",주식회사 싸인텔레콤,중소기업,43211514,컴퓨터키오스크,4321151403,버스및차량정보안내장치,1,7624000,대,7624000,8,58277000,1,7624000,Y,대표품목,4070000,경기도 이천시,경기도 이천시,20260910
R26TB02307646,00,2026-09-10,3,002470164,03,25240950,"버스및차량정보안내장치, 싸인텔레콤, ST-BIT-0308, 거치형",주식회사 싸인텔레콤,중소기업,43211514,컴퓨터키오스크,4321151403,버스및차량정보안내장치,3,21009000,대,7003000,8,58277000,3,21009000,Y,대표품목,4070000,경기도 이천시,경기도 이천시,20260910
R26TB02308932,00,2026-09-11,1,002061436,14,25202556,"증명발급기, 에니텍시스, IS-2000L, 통합민원발급기",(주)에니텍시스,중소기업,43211514,컴퓨터키오스크,4321151401,증명발급기,6,46800000,대,7800000,6,46800000,6,46800000,Y,대표품목,3370000,부산광역시 연제구,부산광역시 연제구,20260911
R26TB02319059,00,2026-09-15,1,R25TA00404451,01,25286961,"버스및차량정보안내장치, 삼원에프에이, EBIT-2000S-60W, 거치형/단면",삼원에프에이주식회사,중소기업,43211514,컴퓨터키오스크,4321151403,버스및차량정보안내장치,3,22759200,대,7586400,3,22759200,3,22759200,Y,대표품목,4090000,경기도 김포시,경기도 김포시,20260915
R26TB02319260,00,2026-09-15,1,R26TA01827690,01,25071670,"버스및차량정보안내장치, 이츠, ITS-BITN30412S, 거치형/단면",주식회사 이츠,중소기업,43211514,컴퓨터키오스크,4321151403,버스및차량정보안내장치,7,54649000,대,7807000,7,54649000,7,54649000,Y,대표품목,4090000,경기도 김포시,경기도 김포시,20260915
R26TB02326390,00,2026-09-16,1,002061437,13,26001990,"증명발급기, 한국타피, TAPI-9320D, 통합무인발급기/시청각장애인겸용",한국타피(주),중소기업,43211514,컴퓨터키오스크,4321151401,증명발급기,1,23000000,대,23000000,1,23000000,1,23000000,Y,대표품목,4470000,충청북도 음성군,충청북도 음성군,20260916
R26TB02331519,00,2026-09-18,1,002470164,03,25526003,"버스및차량정보안내장치, 싸인텔레콤, ST-BIT-0310-01, 거치형/단면",주식회사 싸인텔레콤,중소기업,43211514,컴퓨터키오스크,4321151403,버스및차량정보안내장치,4,27200000,대,6800000,4,27200000,4,27200000,Y,대표품목,5020000,경상북도 포항시,경상북도 포항시 남구,20260918
R26TB02331662,00,2026-09-18,1,002061436,14,25202556,"증명발급기, 에니텍시스, IS-2000L, 통합민원발급기",(주)에니텍시스,중소기업,43211514,컴퓨터키오스크,4321151401,증명발급기,1,7800000,대,7800000,1,7800000,1,7800000,Y,대표품목,3010000,서울특별시 중구,서울특별시 중구,20260918
R26TB02333128,00,2026-09-18,1,002470164,03,25233040,"버스및차량정보안내장치, 싸인텔레콤, ST-BIT-0312, 거치형",주식회사 싸인텔레콤,중소기업,43211514,컴퓨터키오스크,4321151403,버스및차량정보안내장치,9,66699000,대,7411000,21,168719000,9,66699000,Y,대표품목,5370000,경상남도 거제시,경상남도 거제시,20260918
R26TB02333128,00,2026-09-18,2,002470164,03,25233047,"버스및차량정보안내장치, 싸인텔레콤, ST-BIS0412, 거치형",주식회사 싸인텔레콤,중소기업,43211514,컴퓨터키오스크,4321151403,버스및차량정보안내장치,7,54670000,대,7810000,21,168719000,7,54670000,Y,대표품목,5370000,경상남도 거제시,경상남도 거제시,20260918
R26TB02333128,00,2026-09-18,3,002470164,03,26053047,"버스및차량정보안내장치, 싸인텔레콤, SMARTVISION-PLUS-BIS-LEDLCD-HY, 독립형/단면",주식회사 싸인텔레콤,중소기업,43211514,컴퓨터키오스크,4321151403,버스및차량정보안내장치,5,47350000,대,9470000,21,168719000,5,47350000,Y,대표품목,5370000,경상남도 거제시,경상남도 거제시,20260918
R26TB02335696,00,2026-09-21,1,002370024,02,24422601,"증명발급기, 한국타피, TAPI-9320B, 무인민원발급기/시청각장애인겸용",한국타피(주),중소기업,43211514,컴퓨터키오스크,4321151401,증명발급기,1,24800000,대,24800000,1,24800000,1,24800000,Y,대표품목,4390121,충청북도 충주시 수안보면,충청북도 충주시,20260921
R26TB02336733,00,2026-09-21,1,002370024,02,24422601,"증명발급기, 한국타피, TAPI-9320B, 무인민원발급기/시청각장애인겸용",한국타피(주),중소기업,43211514,컴퓨터키오스크,4321151401,증명발급기,1,24800000,대,24800000,1,24800000,1,24800000,Y,대표품목,4390054,충청북도 충주시 산척면,충청북도 충주시,20260921
R26TB02336748,00,2026-09-21,1,002370024,02,24422601,"증명발급기, 한국타피, TAPI-9320B, 무인민원발급기/시청각장애인겸용",한국타피(주),중소기업,43211514,컴퓨터키오스크,4321151401,증명발급기,1,24800000,대,24800000,1,24800000,1,24800000,Y,대표품목,4390048,충청북도 충주시 신니면,충청북도 충주시,20260921
R26TB02338460,00,2026-09-21,1,002370024,02,24422601,"증명발급기, 한국타피, TAPI-9320B, 무인민원발급기/시청각장애인겸용",한국타피(주),중소기업,43211514,컴퓨터키오스크,4321151401,증명발급기,1,24800000,대,24800000,1,24800000,1,24800000,Y,대표품목,4390187,충청북도 충주시 중앙탑면,충청북도 충주시,20260921
R26TB02338637,00,2026-09-21,1,002061436,14,25202556,"증명발급기, 에니텍시스, IS-2000L, 통합민원발급기",(주)에니텍시스,중소기업,43211514,컴퓨터키오스크,4321151401,증명발급기,1,7800000,대,7800000,1,7800000,1,7800000,Y,대표품목,4390000,충청북도 충주시,충청북도 충주시,20260921
R26TB02341141,00,2026-09-22,1,002061436,14,25202556,"증명발급기, 에니텍시스, IS-2000L, 통합민원발급기",(주)에니텍시스,중소기업,43211514,컴퓨터키오스크,4321151401,증명발급기,1,7800000,대,7800000,1,7800000,1,7800000,Y,대표품목,3010000,서울특별시 중구,서울특별시 중구,20260922
R26TB02341405,00,2026-09-22,1,002370024,02,24422601,"증명발급기, 한국타피, TAPI-9320B, 무인민원발급기/시청각장애인겸용",한국타피(주),중소기업,43211514,컴퓨터키오스크,4321151401,증명발급기,1,24800000,대,24800000,1,24800000,1,24800000,Y,대표품목,4390049,충청북도 충주시 노은면,충청북도 충주시,20260922
R26TB02342311,00,2026-09-22,1,002370024,02,24422601,"증명발급기, 한국타피, TAPI-9320B, 무인민원발급기/시청각장애인겸용",한국타피(주),중소기업,43211514,컴퓨터키오스크,4321151401,증명발급기,1,24800000,대,24800000,1,24800000,1,24800000,Y,대표품목,4390056,충청북도 충주시 소태면,충청북도 충주시,20260922
R26TB02349020,00,2026-09-23,1,002370024,02,24422601,"증명발급기, 한국타피, TAPI-9320B, 무인민원발급기/시청각장애인겸용",한국타피(주),중소기업,43211514,컴퓨터키오스크,4321151401,증명발급기,1,24800000,대,24800000,1,24800000,1,24800000,Y,대표품목,4390045,충청북도 충주시 살미면,충청북도 충주시,20260923
R26TB02349200,00,2026-09-23,1,R26TA01827690,01,25071669,"버스및차량정보안내장치, 이츠, ITS-BITN30408S, 거치형/단면",주식회사 이츠,중소기업,43211514,컴퓨터키오스크,4321151403,버스및차량정보안내장치,3,19657800,대,6552600,4,26804800,3,19657800,Y,대표품목,3860000,경기도 부천시,경기도 부천시,20260923
R26TB02349200,00,2026-09-23,2,R26TA01827690,01,25071670,"버스및차량정보안내장치, 이츠, ITS-BITN30412S, 거치형/단면",주식회사 이츠,중소기업,43211514,컴퓨터키오스크,4321151403,버스및차량정보안내장치,1,7147000,대,7147000,4,26804800,1,7147000,Y,대표품목,3860000,경기도 부천시,경기도 부천시,20260923
R26TB02349438,00,2026-09-23,1,002061436,14,25202556,"증명발급기, 에니텍시스, IS-2000L, 통합민원발급기",(주)에니텍시스,중소기업,43211514,컴퓨터키오스크,4321151401,증명발급기,2,15600000,대,7800000,2,15600000,2,15600000,Y,대표품목,3130000,서울특별시 마포구,서울특별시 마포구,20260923
R26TB02350946,00,2026-09-28,1,0023C0107,03,23813369,"증명발급기, 광명테크, G7i, 통합민원발급기",주식회사광명테크,중소기업,43211514,컴퓨터키오스크,4321151401,증명발급기,1,7750000,대,7750000,1,7750000,1,7750000,Y,대표품목,4700063,전라북도 남원시 노암동,전북특별자치도 남원시,20260928
R26TB02354406,00,2026-09-28,1,R25TA00404451,01,25109706,"버스및차량정보안내장치, 삼원에프에이, EBIT-1000S-60W, 거치형/단면",삼원에프에이주식회사,중소기업,43211514,컴퓨터키오스크,4321151403,버스및차량정보안내장치,1,6089400,대,6089400,1,6089400,1,6089400,Y,대표품목,3310000,부산광역시 남구,부산광역시 남구,20260928
R26TB02354443,00,2026-09-28,1,R25TA00404451,01,25300626,"버스및차량정보안내장치, 삼원에프에이, EBIT-1000P-60W, 독립형/단면",삼원에프에이주식회사,중소기업,43211514,컴퓨터키오스크,4321151403,버스및차량정보안내장치,25,162215000,대,6488600,39,247466600,25,162215000,Y,대표품목,6260000,부산광역시,부산광역시 연제구,20260928
R26TB02354443,00,2026-09-28,2,R25TA00404451,01,25109706,"버스및차량정보안내장치, 삼원에프에이, EBIT-1000S-60W, 거치형/단면",삼원에프에이주식회사,중소기업,43211514,컴퓨터키오스크,4321151403,버스및차량정보안내장치,14,85251600,대,6089400,39,247466600,14,85251600,Y,대표품목,6260000,부산광역시,부산광역시 연제구,20260928
R26TB02355685,00,2026-09-29,1,002470164,03,25240950,"버스및차량정보안내장치, 싸인텔레콤, ST-BIT-0308, 거치형",주식회사 싸인텔레콤,중소기업,43211514,컴퓨터키오스크,4321151403,버스및차량정보안내장치,1,7003000,대,7003000,1,7003000,1,7003000,Y,대표품목,5590000,경기도 양주시,경기도 양주시,20260929
R26TB02357476,00,2026-09-29,1,R25TA00404451,01,25109706,"버스및차량정보안내장치, 삼원에프에이, EBIT-1000S-60W, 거치형/단면",삼원에프에이주식회사,중소기업,43211514,컴퓨터키오스크,4321151403,버스및차량정보안내장치,9,47604600,대,5289400,20,120170400,9,47604600,Y,대표품목,4010000,경기도 시흥시,경기도 시흥시,20260929
R26TB02357476,00,2026-09-29,2,R25TA00404451,01,25286961,"버스및차량정보안내장치, 삼원에프에이, EBIT-2000S-60W, 거치형/단면",삼원에프에이주식회사,중소기업,43211514,컴퓨터키오스크,4321151403,버스및차량정보안내장치,4,27145600,대,6786400,20,120170400,4,27145600,Y,대표품목,4010000,경기도 시흥시,경기도 시흥시,20260929
R26TB02357476,00,2026-09-29,3,R25TA00404451,01,25300626,"버스및차량정보안내장치, 삼원에프에이, EBIT-1000P-60W, 독립형/단면",삼원에프에이주식회사,중소기업,43211514,컴퓨터키오스크,4321151403,버스및차량정보안내장치,7,45420200,대,6488600,20,120170400,7,45420200,Y,대표품목,4010000,경기도 시흥시,경기도 시흥시,20260929
R26TB02362207,00,2026-09-30,1,002470164,03,25233040,"버스및차량정보안내장치, 싸인텔레콤, ST-BIT-0312, 거치형",주식회사 싸인텔레콤,중소기업,43211514,컴퓨터키오스크,4321151403,버스및차량정보안내장치,4,29644000,대,7411000,4,29644000,4,29644000,Y,대표품목,5600000,경기도 포천시,경기도 포천시,20260930
R26TB02362229,00,2026-09-30,1,002470164,03,25233040,"버스및차량정보안내장치, 싸인텔레콤, ST-BIT-0312, 거치형",주식회사 싸인텔레콤,중소기업,43211514,컴퓨터키오스크,4321151403,버스및차량정보안내장치,7,51877000,대,7411000,7,51877000,7,51877000,Y,대표품목,5600000,경기도 포천시,경기도 포천시,20260930
R26TB02364670,00,2026-09-30,1,002061436,14,25202556,"증명발급기, 에니텍시스, IS-2000L, 통합민원발급기",(주)에니텍시스,중소기업,43211514,컴퓨터키오스크,4321151401,증명발급기,1,7800000,대,7800000,1,7800000,1,7800000,Y,대표품목,4570000,충청남도 부여군,충청남도 부여군,20260930
R26TB02364675,00,2026-09-30,1,002061437,13,24292470,"증명발급기, 한국타피, TAPI-9320T, 무인민원발급기/시청각장애인겸용",한국타피(주),중소기업,43211514,컴퓨터키오스크,4321151401,증명발급기,1,21800000,대,21800000,1,21800000,1,21800000,Y,대표품목,4570000,충청남도 부여군,충청남도 부여군,20260930
